/*
 Navicat Premium Data Transfer

 Source Server         : localhost_3306
 Source Server Type    : MySQL
 Source Server Version : 80025
 Source Host           : localhost:3306
 Source Schema         : clever_compile

 Target Server Type    : MySQL
 Target Server Version : 80025
 File Encoding         : 65001

 Date: 02/01/2022 23:06:23
*/

SET NAMES utf8mb4;
SET FOREIGN_KEY_CHECKS = 0;

-- ----------------------------
-- Table structure for compile
-- ----------------------------
DROP TABLE IF EXISTS `compile`;
CREATE TABLE `compile` (
  `id` varchar(50) CHARACTER SET utf8 COLLATE utf8_general_ci NOT NULL,
  `compile_time` datetime NOT NULL ON UPDATE CURRENT_TIMESTAMP COMMENT '编译时间',
  `compile_user` varchar(50) CHARACTER SET utf8 COLLATE utf8_general_ci NOT NULL COMMENT '编译用户',
  `compile_result` text CHARACTER SET utf8 COLLATE utf8_general_ci NOT NULL COMMENT '编译结果',
  `project_id` varchar(50) CHARACTER SET utf8 COLLATE utf8_general_ci NOT NULL COMMENT '编译项目id',
  `description` varchar(50) CHARACTER SET utf8 COLLATE utf8_general_ci DEFAULT NULL COMMENT '描述',
  `file` varchar(255) CHARACTER SET utf8 COLLATE utf8_general_ci DEFAULT NULL COMMENT '文件地址',
  `config` text CHARACTER SET utf8 COLLATE utf8_general_ci COMMENT '配置文件',
  PRIMARY KEY (`id`),
  KEY `compile_ibfk_1` (`compile_user`),
  KEY `compile_ibfk_2` (`project_id`),
  CONSTRAINT `compile_ibfk_1` FOREIGN KEY (`compile_user`) REFERENCES `user` (`id`) ON DELETE RESTRICT ON UPDATE RESTRICT,
  CONSTRAINT `compile_ibfk_2` FOREIGN KEY (`project_id`) REFERENCES `project` (`id`) ON DELETE RESTRICT ON UPDATE RESTRICT
) ENGINE=InnoDB DEFAULT CHARSET=utf8mb3;

-- ----------------------------
-- Records of compile
-- ----------------------------
BEGIN;
COMMIT;

-- ----------------------------
-- Table structure for config_type
-- ----------------------------
DROP TABLE IF EXISTS `config_type`;
CREATE TABLE `config_type` (
  `id` int NOT NULL,
  `label` varchar(100) DEFAULT NULL COMMENT '类型描述',
  `key` varchar(10) DEFAULT NULL COMMENT '英文标识',
  PRIMARY KEY (`id`)
) ENGINE=InnoDB DEFAULT CHARSET=utf8mb3 COMMENT='文本、文件替换、json';

-- ----------------------------
-- Records of config_type
-- ----------------------------
BEGIN;
INSERT INTO `config_type` VALUES (0, '文本', 'text');
INSERT INTO `config_type` VALUES (1, '文件替换', 'file');
COMMIT;

-- ----------------------------
-- Table structure for customer
-- ----------------------------
DROP TABLE IF EXISTS `customer`;
CREATE TABLE `customer` (
  `id` varchar(50) CHARACTER SET utf8 COLLATE utf8_general_ci NOT NULL,
  `name` varchar(50) CHARACTER SET utf8 COLLATE utf8_general_ci DEFAULT NULL COMMENT '客户名称',
  `description` varchar(200) CHARACTER SET utf8 COLLATE utf8_general_ci DEFAULT NULL COMMENT '描述',
  `creator_id` varchar(50) CHARACTER SET utf8 COLLATE utf8_general_ci NOT NULL COMMENT '创建者id',
  `tel` varchar(11) DEFAULT NULL COMMENT '联系方式',
  PRIMARY KEY (`id`),
  KEY `customer_ibfk_2` (`creator_id`),
  CONSTRAINT `customer_ibfk_2` FOREIGN KEY (`creator_id`) REFERENCES `user` (`id`) ON DELETE RESTRICT ON UPDATE RESTRICT
) ENGINE=InnoDB DEFAULT CHARSET=utf8mb3 COMMENT='客户表';

-- ----------------------------
-- Records of customer
-- ----------------------------
BEGIN;
INSERT INTO `customer` VALUES ('4623a388-1bc9-4d8b-9f24-1c724c299396', 'hjg', 'hjgj', 'f975eb7e-cea4-4a1d-b515-7e6da94b1899', 'hhj');
COMMIT;

-- ----------------------------
-- Table structure for git_source
-- ----------------------------
DROP TABLE IF EXISTS `git_source`;
CREATE TABLE `git_source` (
  `id` varchar(50) NOT NULL DEFAULT '',
  `name` varchar(50) DEFAULT NULL COMMENT '源名称',
  `description` text COMMENT '库描述信息',
  `git` varchar(100) DEFAULT NULL COMMENT 'git地址',
  `enable` tinyint(1) DEFAULT '1' COMMENT '是否启用为源',
  `git_id` int DEFAULT NULL COMMENT 'git库中的id',
  `creator_id` varchar(50) DEFAULT NULL COMMENT '创建者id',
  PRIMARY KEY (`id`)
) ENGINE=InnoDB DEFAULT CHARSET=utf8mb3 COMMENT='git源\n会将当前git账号有权限的所有git库都导入进来';

-- ----------------------------
-- Records of git_source
-- ----------------------------
BEGIN;
INSERT INTO `git_source` VALUES ('04d51d81-5439-4f4b-ad95-ab0610f933ae', 'zhugesdkv', '', 'git@gl.zhugeio.com:tangxingcai/zhugesdkv.git', 1, 22, 'f975eb7e-cea4-4a1d-b515-7e6da94b1899');
INSERT INTO `git_source` VALUES ('0f0dfcad-40a0-4a99-9bc6-232b4efb22d4', 'webapp', '诸葛网站应用', 'git@gl.zhugeio.com:dongyongqiang/webapp.git', 1, 23, 'f975eb7e-cea4-4a1d-b515-7e6da94b1899');
INSERT INTO `git_source` VALUES ('1e4058bb-b8e6-4ca9-ae31-4065365d51f1', 'zgSee', '视屏服务前端项目', 'git@gl.zhugeio.com:dongyongqiang/zgSee.git', 1, 268, 'f975eb7e-cea4-4a1d-b515-7e6da94b1899');
INSERT INTO `git_source` VALUES ('2f46f470-e0ec-4119-bc84-c4d111475889', 'zhugeio-api', '', 'git@gl.zhugeio.com:server/zhugeio-api.git', 1, 36, 'f975eb7e-cea4-4a1d-b515-7e6da94b1899');
INSERT INTO `git_source` VALUES ('37363fe8-c813-456e-aa3a-63275a8973f9', 'etl-private', '', 'git@gl.zhugeio.com:dengziwu/etl-private.git', 1, 77, 'f975eb7e-cea4-4a1d-b515-7e6da94b1899');
INSERT INTO `git_source` VALUES ('40e643c4-5254-4ae7-a3cb-bc7a31aeeefc', 'clockwork', '营销云正式版工作流', 'git@gl.zhugeio.com:marketing-cloud/clockwork.git', 1, 146, 'f975eb7e-cea4-4a1d-b515-7e6da94b1899');
INSERT INTO `git_source` VALUES ('45a9da44-30ae-4660-a2f8-7729b3036d2e', 'smc-stable-svr', '私有部署静态包', 'git@gl.zhugeio.com:realtime/smc-stable-svr.git', 1, 346, 'f975eb7e-cea4-4a1d-b515-7e6da94b1899');
INSERT INTO `git_source` VALUES ('46c0879d-a25b-4f8b-bc66-610d6ed88ef4', 'wt', '基于微信第三方平台授权模式搭建平台。\r\n对关注、取关、扫码等事件打点，基于公众号/小程序数据进行数据查询处理。\r\n\r\n此项目是zhugeWeixinThird第二版，因模块不一致，每次切换分支时会遗留之前版本目录数据，造成紊乱，所以新建项目。', 'git@gl.zhugeio.com:zoufanqi/wt.git', 1, 291, 'f975eb7e-cea4-4a1d-b515-7e6da94b1899');
INSERT INTO `git_source` VALUES ('51993461-d59f-4f5b-86a6-742db1d3194a', 'js-sdk', '诸葛js-sdk', 'git@gl.zhugeio.com:dongyongqiang/js-sdk.git', 1, 25, 'f975eb7e-cea4-4a1d-b515-7e6da94b1899');
INSERT INTO `git_source` VALUES ('68e078fb-eb3d-4659-9e38-272e35316e38', 'm-webapp', '诸葛移动端网页app', 'git@gl.zhugeio.com:dongyongqiang/m-webapp.git', 1, 199, 'f975eb7e-cea4-4a1d-b515-7e6da94b1899');
INSERT INTO `git_source` VALUES ('71671909-9834-44b3-b2eb-a0789696eeb6', 'dimension_expansion', '维度表扩展', 'git@gl.zhugeio.com:wucheng/dimension_expansion.git', 1, 404, 'f975eb7e-cea4-4a1d-b515-7e6da94b1899');
INSERT INTO `git_source` VALUES ('7c6a4ef0-7af7-40b0-aa69-99bad2d6271d', 'webapp-server', '分析平台node服务', 'git@gl.zhugeio.com:frontEnd/webapp-server.git', 1, 365, 'f975eb7e-cea4-4a1d-b515-7e6da94b1899');
INSERT INTO `git_source` VALUES ('7d341f59-b0ce-4ed2-95b9-bbdfad64ab3c', 'api-extension', 'api扩展。如：用户是否所属用户群', 'git@gl.zhugeio.com:realtime/api-extension.git', 1, 415, 'f975eb7e-cea4-4a1d-b515-7e6da94b1899');
INSERT INTO `git_source` VALUES ('85866bad-811d-44af-952e-bdf1c1f1cd1a', 'zgsee-init', 'zgsee etl', 'git@gl.zhugeio.com:zgsee/zgsee-init.git', 1, 270, 'f975eb7e-cea4-4a1d-b515-7e6da94b1899');
INSERT INTO `git_source` VALUES ('8d3c85d6-4bd3-4936-9e0f-ee44cfe312ca', 'zhugeio-tools', '私有部署相关工具集。如：菜单增删、同步mysql库元数据等', 'git@gl.zhugeio.com:realtime/zhugeio-tools.git', 1, 367, 'f975eb7e-cea4-4a1d-b515-7e6da94b1899');
INSERT INTO `git_source` VALUES ('997e7123-62a2-438a-88cc-122c32965519', 'zhugeio-marketing-cloud', '诸葛营销云api', 'git@gl.zhugeio.com:marketing-cloud/zhugeio-marketing-cloud.git', 1, 221, 'f975eb7e-cea4-4a1d-b515-7e6da94b1899');
INSERT INTO `git_source` VALUES ('b365bc9c-2dfd-4fe1-afba-5b56d58e65a3', 'market-cloud-app', '营销云前端库', 'git@gl.zhugeio.com:dongyongqiang/market-cloud-app.git', 1, 121, 'f975eb7e-cea4-4a1d-b515-7e6da94b1899');
INSERT INTO `git_source` VALUES ('b4779bc3-b64b-4556-8fbf-e1660abc77d7', 'zhugeio-es', '', 'git@gl.zhugeio.com:server/zhugeio-es.git', 1, 124, 'f975eb7e-cea4-4a1d-b515-7e6da94b1899');
INSERT INTO `git_source` VALUES ('c2c43a72-6413-43b6-8cc5-3707945b32f0', 'zgsee-pix', 'zgsee 图片处理', 'git@gl.zhugeio.com:zgsee/zgsee-pix.git', 1, 271, 'f975eb7e-cea4-4a1d-b515-7e6da94b1899');
INSERT INTO `git_source` VALUES ('c901f2f3-ee26-4461-b830-7c47e4f4bd6a', 'etl-virtual-app', '', 'git@gl.zhugeio.com:zhangdongbin/etl-virtual-app.git', 1, 297, 'f975eb7e-cea4-4a1d-b515-7e6da94b1899');
INSERT INTO `git_source` VALUES ('cdac3b88-7578-4a0e-8151-f96627832942', 'playwell', 'Playwell Framework', 'git@gl.zhugeio.com:marketing-cloud/playwell.git', 1, 337, 'f975eb7e-cea4-4a1d-b515-7e6da94b1899');
INSERT INTO `git_source` VALUES ('dae89e64-2932-4bec-b3ae-4ac5be585617', 'zgsee-web', '', 'git@gl.zhugeio.com:zgsee/zgsee-web.git', 1, 275, 'f975eb7e-cea4-4a1d-b515-7e6da94b1899');
COMMIT;

-- ----------------------------
-- Table structure for project
-- ----------------------------
DROP TABLE IF EXISTS `project`;
CREATE TABLE `project` (
  `id` varchar(50) NOT NULL DEFAULT '' COMMENT '工程id',
  `name` varchar(100) DEFAULT NULL COMMENT '配置名称',
  `template_id` varchar(50) CHARACTER SET utf8 COLLATE utf8_general_ci NOT NULL COMMENT '模板id',
  `template_version` varchar(50) CHARACTER SET utf8 COLLATE utf8_general_ci NOT NULL COMMENT '模板版本',
  `compile_type` int DEFAULT NULL COMMENT '编译类型。0：私有部署；1：常规迭代；2：发布测试',
  `public_type` int DEFAULT NULL COMMENT '发布方式。0：发布到git；1：下载；2：自动',
  `description` varchar(200) CHARACTER SET utf8 COLLATE utf8_general_ci DEFAULT NULL COMMENT '描述',
  `create_time` datetime DEFAULT NULL COMMENT '创建时间',
  `customer` varchar(50) DEFAULT NULL COMMENT '客户id',
  `receive_user_id` text COMMENT '被分享的成员id',
  `creator_id` varchar(50) DEFAULT NULL COMMENT '创建者id',
  PRIMARY KEY (`id`),
  KEY `project_ibfk_1` (`template_id`),
  KEY `project_ibfk_2` (`template_version`),
  KEY `project_ibfk_3` (`customer`),
  CONSTRAINT `project_ibfk_1` FOREIGN KEY (`template_id`) REFERENCES `template` (`id`) ON DELETE RESTRICT ON UPDATE RESTRICT,
  CONSTRAINT `project_ibfk_2` FOREIGN KEY (`template_version`) REFERENCES `template_version` (`id`) ON DELETE RESTRICT ON UPDATE RESTRICT,
  CONSTRAINT `project_ibfk_3` FOREIGN KEY (`customer`) REFERENCES `customer` (`id`) ON DELETE RESTRICT ON UPDATE RESTRICT
) ENGINE=InnoDB DEFAULT CHARSET=utf8mb3 COMMENT='项目表。';

-- ----------------------------
-- Records of project
-- ----------------------------
BEGIN;
COMMIT;

-- ----------------------------
-- Table structure for project_config
-- ----------------------------
DROP TABLE IF EXISTS `project_config`;
CREATE TABLE `project_config` (
  `id` varchar(50) CHARACTER SET utf8 COLLATE utf8_general_ci NOT NULL,
  `target_value` varchar(200) CHARACTER SET utf8 COLLATE utf8_general_ci DEFAULT NULL COMMENT '默认值',
  `global_config_id` varchar(50) DEFAULT NULL COMMENT '全局配置id',
  `project_git_id` varchar(50) DEFAULT NULL COMMENT '项目git',
  `template_config_id` varchar(50) DEFAULT NULL COMMENT '配置局部id',
  `is_hidden` int DEFAULT NULL COMMENT '是否隐藏',
  `visable` int DEFAULT NULL COMMENT '配置可见',
  PRIMARY KEY (`id`),
  KEY `project_config_ibfk_3` (`global_config_id`),
  KEY `proejct_config_ibfk_4` (`project_git_id`),
  KEY `project_config_ibfk_4` (`template_config_id`),
  CONSTRAINT `proejct_config_ibfk_4` FOREIGN KEY (`project_git_id`) REFERENCES `project_git` (`id`) ON DELETE RESTRICT ON UPDATE RESTRICT,
  CONSTRAINT `project_config_ibfk_3` FOREIGN KEY (`global_config_id`) REFERENCES `project_global_config` (`id`) ON DELETE RESTRICT ON UPDATE RESTRICT,
  CONSTRAINT `project_config_ibfk_4` FOREIGN KEY (`template_config_id`) REFERENCES `template_config` (`id`) ON DELETE RESTRICT ON UPDATE RESTRICT
) ENGINE=InnoDB DEFAULT CHARSET=utf8mb3 COMMENT='编译项目配置';

-- ----------------------------
-- Records of project_config
-- ----------------------------
BEGIN;
COMMIT;

-- ----------------------------
-- Table structure for project_git
-- ----------------------------
DROP TABLE IF EXISTS `project_git`;
CREATE TABLE `project_git` (
  `id` varchar(50) NOT NULL,
  `name` varchar(255) DEFAULT NULL,
  `project_id` varchar(50) DEFAULT NULL COMMENT '项目id',
  `template_git_id` varchar(50) DEFAULT NULL,
  PRIMARY KEY (`id`),
  KEY `project_git_ibfk_3` (`project_id`),
  KEY `project_git_ibfk_1` (`template_git_id`),
  CONSTRAINT `project_git_ibfk_1` FOREIGN KEY (`template_git_id`) REFERENCES `template_version_git` (`id`) ON DELETE RESTRICT ON UPDATE RESTRICT,
  CONSTRAINT `project_git_ibfk_3` FOREIGN KEY (`project_id`) REFERENCES `project` (`id`) ON DELETE RESTRICT ON UPDATE RESTRICT
) ENGINE=InnoDB DEFAULT CHARSET=utf8mb3;

-- ----------------------------
-- Records of project_git
-- ----------------------------
BEGIN;
COMMIT;

-- ----------------------------
-- Table structure for project_global_config
-- ----------------------------
DROP TABLE IF EXISTS `project_global_config`;
CREATE TABLE `project_global_config` (
  `id` varchar(50) NOT NULL DEFAULT '' COMMENT '配置项id',
  `project_id` varchar(50) CHARACTER SET utf8 COLLATE utf8_general_ci NOT NULL COMMENT '工程id',
  `target_value` varchar(200) CHARACTER SET utf8 COLLATE utf8_general_ci DEFAULT NULL,
  `template_global_config_id` varchar(50) DEFAULT NULL COMMENT '模版全局配置id',
  `is_hidden` int DEFAULT NULL COMMENT '是否隐藏',
  `visable` int DEFAULT NULL COMMENT '配置是否可见',
  PRIMARY KEY (`id`),
  KEY `project_global_config_ibfk_2` (`project_id`),
  KEY `project_global_config_ibfk_3` (`template_global_config_id`),
  CONSTRAINT `project_global_config_ibfk_2` FOREIGN KEY (`project_id`) REFERENCES `project` (`id`) ON DELETE RESTRICT ON UPDATE RESTRICT,
  CONSTRAINT `project_global_config_ibfk_3` FOREIGN KEY (`template_global_config_id`) REFERENCES `template_global_config` (`id`) ON DELETE RESTRICT ON UPDATE RESTRICT
) ENGINE=InnoDB DEFAULT CHARSET=utf8mb3;

-- ----------------------------
-- Records of project_global_config
-- ----------------------------
BEGIN;
COMMIT;

-- ----------------------------
-- Table structure for role
-- ----------------------------
DROP TABLE IF EXISTS `role`;
CREATE TABLE `role` (
  `id` int NOT NULL,
  `name` varchar(100) DEFAULT NULL COMMENT '角色名称',
  PRIMARY KEY (`id`)
) ENGINE=InnoDB DEFAULT CHARSET=utf8mb3;

-- ----------------------------
-- Records of role
-- ----------------------------
BEGIN;
INSERT INTO `role` VALUES (0, '运维');
INSERT INTO `role` VALUES (1, '技术支持');
INSERT INTO `role` VALUES (2, '研发');
INSERT INTO `role` VALUES (3, '测试');
COMMIT;

-- ----------------------------
-- Table structure for source_branch
-- ----------------------------
DROP TABLE IF EXISTS `source_branch`;
CREATE TABLE `source_branch` (
  `id` varchar(50) NOT NULL,
  `name` varchar(255) DEFAULT NULL,
  `description` varchar(255) DEFAULT NULL,
  `create_time` datetime DEFAULT NULL,
  `source_id` varchar(50) DEFAULT NULL COMMENT 'git_source id',
  `creator` varchar(50) DEFAULT NULL COMMENT '创建者id',
  PRIMARY KEY (`id`)
) ENGINE=InnoDB DEFAULT CHARSET=utf8mb3;

-- ----------------------------
-- Records of source_branch
-- ----------------------------
BEGIN;
INSERT INTO `source_branch` VALUES ('0579e662-f44b-4177-b216-0654ac59d198', '初始分支', '迁移数据初始化', '2021-12-29 13:18:40', '04d51d81-5439-4f4b-ad95-ab0610f933ae', 'f975eb7e-cea4-4a1d-b515-7e6da94b1899');
INSERT INTO `source_branch` VALUES ('062c1e84-d6f4-47a8-8b4e-07afdd265b1d', '初始分支', '迁移数据初始化', '2021-12-29 13:18:40', '2f46f470-e0ec-4119-bc84-c4d111475889', 'f975eb7e-cea4-4a1d-b515-7e6da94b1899');
INSERT INTO `source_branch` VALUES ('16681dcb-9b1d-4a01-b7b4-49642a8c597d', '初始分支', '迁移数据初始化', '2021-12-29 13:18:51', '51993461-d59f-4f5b-86a6-742db1d3194a', 'f975eb7e-cea4-4a1d-b515-7e6da94b1899');
INSERT INTO `source_branch` VALUES ('1a7dbda6-64d8-4762-957e-3e0fc685b2bc', '初始分支', '迁移数据初始化', '2021-12-29 13:18:44', '85866bad-811d-44af-952e-bdf1c1f1cd1a', 'f975eb7e-cea4-4a1d-b515-7e6da94b1899');
INSERT INTO `source_branch` VALUES ('2adb04c3-4559-4239-bddc-1910ec83039a', '初始分支', '迁移数据初始化', '2021-12-29 13:18:45', '37363fe8-c813-456e-aa3a-63275a8973f9', 'f975eb7e-cea4-4a1d-b515-7e6da94b1899');
INSERT INTO `source_branch` VALUES ('330d1d81-aa72-4724-8aa8-521b5c821f3a', '初始分支', '迁移数据初始化', '2021-12-29 13:18:52', '71671909-9834-44b3-b2eb-a0789696eeb6', 'f975eb7e-cea4-4a1d-b515-7e6da94b1899');
INSERT INTO `source_branch` VALUES ('40b595a4-d4d1-4cb7-9226-9776e7a56725', '初始分支', '迁移数据初始化', '2021-12-29 13:18:49', '7c6a4ef0-7af7-40b0-aa69-99bad2d6271d', 'f975eb7e-cea4-4a1d-b515-7e6da94b1899');
INSERT INTO `source_branch` VALUES ('487f444a-c8e0-4278-a17c-e9f8850b9312', '初始分支', '迁移数据初始化', '2021-12-29 13:18:48', 'c901f2f3-ee26-4461-b830-7c47e4f4bd6a', 'f975eb7e-cea4-4a1d-b515-7e6da94b1899');
INSERT INTO `source_branch` VALUES ('50270704-f720-48a8-8777-737fdbd004ed', '初始分支', '迁移数据初始化', '2021-12-29 13:18:42', 'cdac3b88-7578-4a0e-8151-f96627832942', 'f975eb7e-cea4-4a1d-b515-7e6da94b1899');
INSERT INTO `source_branch` VALUES ('57f13728-d1cd-4d6a-abd7-a3796c344491', '初始分支', '迁移数据初始化', '2021-12-29 13:18:38', 'b4779bc3-b64b-4556-8fbf-e1660abc77d7', 'f975eb7e-cea4-4a1d-b515-7e6da94b1899');
INSERT INTO `source_branch` VALUES ('6d14a0df-ace5-48c0-857b-11fb62964329', '初始分支', '迁移数据初始化', '2021-12-29 13:18:41', '40e643c4-5254-4ae7-a3cb-bc7a31aeeefc', 'f975eb7e-cea4-4a1d-b515-7e6da94b1899');
INSERT INTO `source_branch` VALUES ('79431cd1-1f56-49e2-a3ba-4f337f2160d5', '初始分支', '迁移数据初始化', '2021-12-29 13:18:52', '7d341f59-b0ce-4ed2-95b9-bbdfad64ab3c', 'f975eb7e-cea4-4a1d-b515-7e6da94b1899');
INSERT INTO `source_branch` VALUES ('7afe8898-2700-47ae-94e2-3d1fbf805519', '初始分支', '迁移数据初始化', '2021-12-29 13:18:51', '68e078fb-eb3d-4659-9e38-272e35316e38', 'f975eb7e-cea4-4a1d-b515-7e6da94b1899');
INSERT INTO `source_branch` VALUES ('7b541f87-00c4-455c-bf7c-23168fa9eca4', '初始分支', '迁移数据初始化', '2021-12-29 13:18:48', '0f0dfcad-40a0-4a99-9bc6-232b4efb22d4', 'f975eb7e-cea4-4a1d-b515-7e6da94b1899');
INSERT INTO `source_branch` VALUES ('a6effe1d-131f-4cd9-b766-e75f5f8dd09f', '初始分支', '迁移数据初始化', '2021-12-29 13:18:49', '1e4058bb-b8e6-4ca9-ae31-4065365d51f1', 'f975eb7e-cea4-4a1d-b515-7e6da94b1899');
INSERT INTO `source_branch` VALUES ('b19955a6-a909-4b56-811f-f481d1f0a3ad', '初始分支', '迁移数据初始化', '2021-12-29 13:18:43', 'dae89e64-2932-4bec-b3ae-4ac5be585617', 'f975eb7e-cea4-4a1d-b515-7e6da94b1899');
INSERT INTO `source_branch` VALUES ('ca325f3d-8ffb-481b-a643-1ccf2560ed37', '初始分支', '迁移数据初始化', '2021-12-29 13:18:51', '8d3c85d6-4bd3-4936-9e0f-ee44cfe312ca', 'f975eb7e-cea4-4a1d-b515-7e6da94b1899');
INSERT INTO `source_branch` VALUES ('d9b48323-f1c5-4b0a-88b5-8a0f5f73ca64', '初始分支', '迁移数据初始化', '2021-12-29 13:18:50', 'b365bc9c-2dfd-4fe1-afba-5b56d58e65a3', 'f975eb7e-cea4-4a1d-b515-7e6da94b1899');
INSERT INTO `source_branch` VALUES ('dfb8370a-5903-4ede-bdaa-3069b274e5b9', '初始分支', '迁移数据初始化', '2021-12-29 13:18:39', '46c0879d-a25b-4f8b-bc66-610d6ed88ef4', 'f975eb7e-cea4-4a1d-b515-7e6da94b1899');
INSERT INTO `source_branch` VALUES ('e3a73360-a439-4f08-bf12-201e1f3f5951', '初始分支', '迁移数据初始化', '2021-12-29 13:18:41', '997e7123-62a2-438a-88cc-122c32965519', 'f975eb7e-cea4-4a1d-b515-7e6da94b1899');
INSERT INTO `source_branch` VALUES ('f23ef329-8be8-4b90-9013-de0f93840496', '初始分支', '迁移数据初始化', '2021-12-29 13:18:37', '45a9da44-30ae-4660-a2f8-7729b3036d2e', 'f975eb7e-cea4-4a1d-b515-7e6da94b1899');
INSERT INTO `source_branch` VALUES ('f856880f-e535-4c05-a929-82520752f49b', '初始分支', '迁移数据初始化', '2021-12-29 13:18:44', 'c2c43a72-6413-43b6-8cc5-3707945b32f0', 'f975eb7e-cea4-4a1d-b515-7e6da94b1899');
COMMIT;

-- ----------------------------
-- Table structure for source_config
-- ----------------------------
DROP TABLE IF EXISTS `source_config`;
CREATE TABLE `source_config` (
  `id` varchar(50) NOT NULL DEFAULT '',
  `source_id` varchar(50) DEFAULT NULL COMMENT '源id',
  `version_id` varchar(50) DEFAULT NULL COMMENT '版本id',
  `description` text CHARACTER SET utf8 COLLATE utf8_general_ci COMMENT '配置项描述',
  `reg` varchar(200) DEFAULT NULL COMMENT '配置项正则',
  `type_id` int DEFAULT NULL COMMENT '配置项类型id',
  `file_path` varchar(1000) DEFAULT NULL COMMENT '原始文件路径',
  `target_value` text COMMENT '目标值。类型是文件类型时，该值是文件存放地址',
  `branch_id` varchar(50) DEFAULT NULL COMMENT '分支id',
  PRIMARY KEY (`id`),
  KEY `source_id` (`source_id`),
  KEY `version_id` (`version_id`),
  KEY `type_id` (`type_id`),
  CONSTRAINT `source_config_ibfk_1` FOREIGN KEY (`source_id`) REFERENCES `git_source` (`id`),
  CONSTRAINT `source_config_ibfk_2` FOREIGN KEY (`version_id`) REFERENCES `source_version` (`id`),
  CONSTRAINT `source_config_ibfk_3` FOREIGN KEY (`type_id`) REFERENCES `config_type` (`id`)
) ENGINE=InnoDB DEFAULT CHARSET=utf8mb3;

-- ----------------------------
-- Records of source_config
-- ----------------------------
BEGIN;
INSERT INTO `source_config` VALUES ('01075019-03d0-4b72-87e5-14ddda0a842e', '7c6a4ef0-7af7-40b0-aa69-99bad2d6271d', '41f4d639-5aba-4888-838a-f25459698ddb', 'redis 26555端口', '{\"source\":\"#{redis_26555,3}\",\"global\":false,\"ignoreCase\":true,\"matchIndex\":0}', 0, 'src/config.ts.tpl', 'Sun_unix*1101', NULL);
INSERT INTO `source_config` VALUES ('015caa11-eac0-49a9-a4ad-554695ce6f88', '0f0dfcad-40a0-4a99-9bc6-232b4efb22d4', '8d1ab3f3-5a5c-4442-81a9-336cc455ef02', '分析session/cookie存储域名(填网站的)(不需要加端口)', '{\"source\":\"#{analysis.zhuge_session_domain}\",\"global\":false,\"ignoreCase\":false,\"matchIndex\":0}', 0, 'spa/config/prod.env.js.tpl', 'uba.it.pkpm.cn', NULL);
INSERT INTO `source_config` VALUES ('01dc30a0-8817-45e4-a393-3cd7dd25a76d', 'dae89e64-2932-4bec-b3ae-4ac5be585617', '7a5c3982-1c5c-43c5-b4fa-15d9bd89fcdb', '合并端口外网访问地址(需要加协议http(s))(填网站的)', '{\"source\":\"#{svr.domain.extranet}\",\"global\":false,\"ignoreCase\":false,\"matchIndex\":0}', 0, 'docs/config/tpl/application.properties', 'https://uba.it.pkpm.cn', NULL);
INSERT INTO `source_config` VALUES ('028cb395-e6fd-47c2-b499-1fb4cc31e0b5', '37363fe8-c813-456e-aa3a-63275a8973f9', '07fcd766-9451-4287-9e4b-f27de4e3df14', '前端mysql库连接配置（host,登录名,登录密码,端口）', '{\"source\":\"#{mysql,2}\",\"global\":false,\"ignoreCase\":false,\"matchIndex\":0}', 0, 'etl-dw-kudu/config/tpl/config/front_db.properties', 'web', NULL);
INSERT INTO `source_config` VALUES ('02ab2d7a-05a1-4813-a8dd-f032c44602a1', '2f46f470-e0ec-4119-bc84-c4d111475889', 'f099031a-7bcd-4d77-af00-8290675eb858', 'redis 26380端口', '{\"source\":\"#{redis_26380,1}\",\"global\":false,\"ignoreCase\":false,\"matchIndex\":0}', 0, 'docs/config/tpl/', 'realtime-1', NULL);
INSERT INTO `source_config` VALUES ('02e8972c-f2ca-4455-9183-c3d2fba233e7', 'cdac3b88-7578-4a0e-8151-f96627832942', '40ce7785-d4d6-41bf-9d58-ed7ec7e9767c', 'impala连接配置（host,登录名,登录密码,端口,仓库名）', '{\"source\":\"#{impala,3}\",\"global\":false,\"ignoreCase\":false,\"matchIndex\":0}', 0, 'docs/tpl/mkt-user', 'admin', NULL);
INSERT INTO `source_config` VALUES ('03859191-6d93-407c-a9e3-157f64547c92', '37363fe8-c813-456e-aa3a-63275a8973f9', '07fcd766-9451-4287-9e4b-f27de4e3df14', 'redis 8893端口', '{\"source\":\"#{redis_8893,3}\",\"global\":false,\"ignoreCase\":false,\"matchIndex\":0}', 0, 'etl-id-kudu/config/tpl/config/id_redis.properties', NULL, NULL);
INSERT INTO `source_config` VALUES ('0490ec62-d60f-43ab-b596-e858e9abf0ed', '45a9da44-30ae-4660-a2f8-7729b3036d2e', '44e0bfcc-edfd-4d5c-a84d-615d444cee77', 'redis 6379端口', '{\"source\":\"#{redis_6379,2}\",\"global\":false,\"ignoreCase\":false,\"matchIndex\":0}', 0, 'userbehaviorpath_usergroup/ubpa/bin/tpl/worker.py', '6379', NULL);
INSERT INTO `source_config` VALUES ('04a387e2-633a-4c98-990c-e7e252a4cc2f', 'c2c43a72-6413-43b6-8cc5-3707945b32f0', '2a259bdd-cbb7-4317-b1da-a1c27ffd583d', 'zookeeper服务集群', '{\"source\":\"#{zookeepr_servers}\",\"global\":false,\"ignoreCase\":false,\"matchIndex\":0}', 0, 'docs/config/tpl/config-kpt.properties', 'realtime-1:2182,realtime-2:2182,realtime-3:2182', NULL);
INSERT INTO `source_config` VALUES ('04db4aa7-2cba-40e3-a7e0-cb0f31cf3d53', '37363fe8-c813-456e-aa3a-63275a8973f9', '07fcd766-9451-4287-9e4b-f27de4e3df14', '前端mysql库连接配置（host,登录名,登录密码,端口）', '{\"source\":\"#{mysql,3}\",\"global\":false,\"ignoreCase\":false,\"matchIndex\":0}', 0, 'etl-paopi/config/tpl/config/front_db.properties', 'zanalytics', NULL);
INSERT INTO `source_config` VALUES ('060cb5ca-c1ca-4e2a-b724-d4b1342af43e', '04d51d81-5439-4f4b-ad95-ab0610f933ae', 'c816bbd9-99c7-4020-9292-f238da577092', '合并端口内网访问地址', '{\"source\":\"#{svr.domain.intranet}\",\"global\":false,\"ignoreCase\":true,\"matchIndex\":0}', 0, 'docs/config/tpl/', 'realtime-1:80', '0579e662-f44b-4177-b216-0654ac59d198');
INSERT INTO `source_config` VALUES ('0682bdcb-e149-4f33-8a17-92a1fb4f1838', '0f0dfcad-40a0-4a99-9bc6-232b4efb22d4', '8d1ab3f3-5a5c-4442-81a9-336cc455ef02', 'zhugeio链接', '{\"source\":\"#{webapp.word.zg_link}\",\"global\":false,\"ignoreCase\":false,\"matchIndex\":0}', 0, 'spa/config/prod.env.js.tpl', 'zhugeio', NULL);
INSERT INTO `source_config` VALUES ('0699d2bd-dce1-4315-825d-554aa412e94a', '45a9da44-30ae-4660-a2f8-7729b3036d2e', '44e0bfcc-edfd-4d5c-a84d-615d444cee77', 'zgsee内网服务部署地址', '{\"source\":\"#{svr.domain.intranet.zgsee.www}\",\"global\":false,\"ignoreCase\":false,\"matchIndex\":0}', 0, 'nginx-single/nginx/conf/nginx.conf-upload', 'realtime-1:18080', NULL);
INSERT INTO `source_config` VALUES ('06b4a613-e80f-44ad-8f2a-2a210e4e6b74', 'cdac3b88-7578-4a0e-8151-f96627832942', '40ce7785-d4d6-41bf-9d58-ed7ec7e9767c', '触达2.0相关配置', '{\"source\":\"#{mktv2.config->server.activity}\",\"global\":false,\"ignoreCase\":true,\"matchIndex\":0}', 0, 'docs/tpl/README.md', 'realtime-mkt:1922', NULL);
INSERT INTO `source_config` VALUES ('06ce3b7c-4e7a-4903-9b46-3be0ede3eba2', '2f46f470-e0ec-4119-bc84-c4d111475889', 'f099031a-7bcd-4d77-af00-8290675eb858', 'redis 26555端口', '{\"source\":\"#{redis_26555,1}\",\"global\":false,\"ignoreCase\":false,\"matchIndex\":0}', 0, 'docs/config/tpl/', 'realtime-1', NULL);
INSERT INTO `source_config` VALUES ('06d86f8c-1d96-4b99-9c21-7e7f8d63dc37', '1e4058bb-b8e6-4ca9-ae31-4065365d51f1', 'e7f7a127-f4c4-4338-8e84-9b7fc73dd4a7', '诸葛字样标识', '{\"source\":\"#{webapp.word.zg_text}\",\"global\":false,\"ignoreCase\":false,\"matchIndex\":0}', 0, 'config/buildConfig.js.tpl', '数据分析', NULL);
INSERT INTO `source_config` VALUES ('0750e375-424a-4ef4-860c-6d84331bc637', 'cdac3b88-7578-4a0e-8151-f96627832942', '40ce7785-d4d6-41bf-9d58-ed7ec7e9767c', 'impala连接配置（host,登录名,登录密码,端口,仓库名）', '{\"source\":\"#{impala,5}\",\"global\":false,\"ignoreCase\":false,\"matchIndex\":0}', 0, 'docs/tpl/mkt-postman', 'zanalytics', NULL);
INSERT INTO `source_config` VALUES ('07aba48b-2e88-44a7-a385-1fa3edc7e656', '37363fe8-c813-456e-aa3a-63275a8973f9', '07fcd766-9451-4287-9e4b-f27de4e3df14', 'ssdb 8888端口', '{\"source\":\"#{ssdb_8888,2}\",\"global\":false,\"ignoreCase\":false,\"matchIndex\":0}', 0, 'etl-paopi/config/tpl/config/redis.properties', '8888', NULL);
INSERT INTO `source_config` VALUES ('08513143-85c6-40c4-b1a3-432e96260000', 'cdac3b88-7578-4a0e-8151-f96627832942', '40ce7785-d4d6-41bf-9d58-ed7ec7e9767c', '触达2.0相关配置', '{\"source\":\"#{mktv2.config->server.postman}\",\"global\":false,\"ignoreCase\":true,\"matchIndex\":0}', 0, 'docs/tpl/README.md', 'realtime-mkt:1924', NULL);
INSERT INTO `source_config` VALUES ('0923bfc0-c125-4087-ba76-37b19a395365', '40e643c4-5254-4ae7-a3cb-bc7a31aeeefc', '43df9041-08b4-4179-a7d5-303f15485253', 'ssdb 1217端口', '{\"source\":\"#{ssdb_1217,2}\",\"global\":false,\"ignoreCase\":false,\"matchIndex\":0}', 0, 'config/tpl/clockwork.config', '1217', NULL);
INSERT INTO `source_config` VALUES ('0a3af30a-8189-469b-8d51-0f52bfaf1ed3', '40e643c4-5254-4ae7-a3cb-bc7a31aeeefc', '43df9041-08b4-4179-a7d5-303f15485253', '合并端口内网访问地址', '{\"source\":\"#{svr.domain.intranet}\",\"global\":false,\"ignoreCase\":true,\"matchIndex\":0}', 0, 'config/tpl/clockwork.config', 'realtime-1:80', NULL);
INSERT INTO `source_config` VALUES ('0a4c4e0e-f52b-4808-b10d-4e8581d11988', '37363fe8-c813-456e-aa3a-63275a8973f9', '07fcd766-9451-4287-9e4b-f27de4e3df14', '触达flow-api服务启动端口【/data/clockwork_api/clockwork.config->flow_api->port】', '{\"source\":\"#{clockwork.flow_api_port}\",\"global\":false,\"ignoreCase\":false,\"matchIndex\":0}', 0, 'etl-single/config/tpl/config/market_config.properties', '8888', NULL);
INSERT INTO `source_config` VALUES ('0aeb8679-1ae1-4e6d-a84a-1a3f69764f66', 'c901f2f3-ee26-4461-b830-7c47e4f4bd6a', '2da9b5de-74d0-4533-860f-8915766b270a', 'zookeeper服务集群', '{\"source\":\"#{zookeepr_servers,1}\",\"global\":false,\"ignoreCase\":false,\"matchIndex\":0}', 0, 'tpl/config/consumer-virtual-app.properties', 'realtime-1:2182', NULL);
INSERT INTO `source_config` VALUES ('0c028a34-619c-427c-958d-46376ffe10ed', '37363fe8-c813-456e-aa3a-63275a8973f9', '07fcd766-9451-4287-9e4b-f27de4e3df14', 'impala连接配置（host,登录名,登录密码,端口,仓库名）', '{\"source\":\"#{impala,2}\",\"global\":false,\"ignoreCase\":false,\"matchIndex\":0}', 0, 'etl-paopi/config/tpl/config/impala_db.properties', 'admin', NULL);
INSERT INTO `source_config` VALUES ('0cb70a7c-1dd1-439b-9915-1fac7d0429e6', '37363fe8-c813-456e-aa3a-63275a8973f9', '07fcd766-9451-4287-9e4b-f27de4e3df14', 'impala/hive元数据库连接配置（host,登录名,登录密码）', '{\"source\":\"#{mysql_hive,3}\",\"global\":false,\"ignoreCase\":false,\"matchIndex\":0}', 0, 'etl-paopi/config/tpl/config/hive_db.properties', 'zhugeio', NULL);
INSERT INTO `source_config` VALUES ('0cd59d82-901d-49a9-a86c-1ce116a62de3', '45a9da44-30ae-4660-a2f8-7729b3036d2e', '44e0bfcc-edfd-4d5c-a84d-615d444cee77', 'zabbix-web-api', '{\"source\":\"#{svr.domain.intranet.zabbix.www}\",\"global\":false,\"ignoreCase\":false,\"matchIndex\":0}', 0, 'nginx/nginx/conf/nginx.conf', 'realtime-1:8081', NULL);
INSERT INTO `source_config` VALUES ('0da516e6-4eda-456e-99b7-9e87ceafff5f', '04d51d81-5439-4f4b-ad95-ab0610f933ae', 'c816bbd9-99c7-4020-9292-f238da577092', 'sdkv-tomcat目录,api-tomcat目录', '{\"source\":\"#{tomcat-analysis.path,1}\",\"global\":false,\"ignoreCase\":true,\"matchIndex\":0}', 0, 'docs/config/tpl/', '/data/localization/web/tomcat', '0579e662-f44b-4177-b216-0654ac59d198');
INSERT INTO `source_config` VALUES ('0dabea1d-6f14-4a7e-86fd-d0f5bccb035e', '85866bad-811d-44af-952e-bdf1c1f1cd1a', '4a826f66-9c1d-42f7-a328-b1d84ead507f', '前端mysql库连接配置（host,登录名,登录密码,端口）', '{\"source\":\"#{mysql,4/3306}\",\"global\":false,\"ignoreCase\":false,\"matchIndex\":0}', 0, 'config/private/tpl/config.properties', '3306', NULL);
INSERT INTO `source_config` VALUES ('0dfa8736-4d3c-466e-b38a-698de7e163dd', '45a9da44-30ae-4660-a2f8-7729b3036d2e', '44e0bfcc-edfd-4d5c-a84d-615d444cee77', '触达内网（www）服务部署地址（默认两个）【/data/marketing/www/config】', '{\"source\":\"#{svr.domain.intranet.mkt.www,2}\",\"global\":false,\"ignoreCase\":false,\"matchIndex\":0}', 0, 'nginx-single/nginx/conf/nginx.conf-upload', 'realtime-3:18001', NULL);
INSERT INTO `source_config` VALUES ('0e4e5f12-71d1-4bcd-b799-97197de7df4e', '51993461-d59f-4f5b-86a6-742db1d3194a', '7ff4386b-7102-411c-931e-f7e371e33dfa', '合并端口外网访问地址(需要加协议http(s))(填网站的)', '{\"source\":\"#{svr.domain.extranet}\",\"global\":false,\"ignoreCase\":false,\"matchIndex\":0}', 0, 'config/prod.env.js.tpl', 'https://uba.it.pkpm.cn', NULL);
INSERT INTO `source_config` VALUES ('0e51a5b0-fcef-48f2-a6b4-6ce50b7087fd', '7c6a4ef0-7af7-40b0-aa69-99bad2d6271d', '41f4d639-5aba-4888-838a-f25459698ddb', '前端mysql库连接配置（host,登录名,登录密码,端口）', '{\"source\":\"#{mysql,4/3306}\",\"global\":false,\"ignoreCase\":false,\"matchIndex\":0}', 0, 'src/config.ts.tpl', '3306', NULL);
INSERT INTO `source_config` VALUES ('0e9081a4-788e-4b8a-aac7-86971e27796c', '37363fe8-c813-456e-aa3a-63275a8973f9', '07fcd766-9451-4287-9e4b-f27de4e3df14', 'redis 6379端口', '{\"source\":\"#{redis_6379,2}\",\"global\":false,\"ignoreCase\":false,\"matchIndex\":0}', 0, 'etl-single/config/tpl/config/redis.properties', '6379', NULL);
INSERT INTO `source_config` VALUES ('0f4e7ef9-244b-44b9-a27b-1d1a1388047a', '7c6a4ef0-7af7-40b0-aa69-99bad2d6271d', '41f4d639-5aba-4888-838a-f25459698ddb', 'redis 26555端口', '{\"source\":\"#{redis_26555,2}\",\"global\":false,\"ignoreCase\":true,\"matchIndex\":0}', 0, 'src/config.ts.tpl', '26555', NULL);
INSERT INTO `source_config` VALUES ('1091fc2d-1b17-48f6-bb2d-ac83acfb40cb', 'c2c43a72-6413-43b6-8cc5-3707945b32f0', '2a259bdd-cbb7-4317-b1da-a1c27ffd583d', 'zgsee-pix服务kafka-topic', '{\"source\":\"#{zgsee.pix.kafka_topic}\",\"global\":false,\"ignoreCase\":false,\"matchIndex\":0}', 0, 'docs/config/tpl/config-kpt.properties', 'zg_see_pix', NULL);
INSERT INTO `source_config` VALUES ('111d6c23-a955-40e5-a3f9-f28a8107266e', '45a9da44-30ae-4660-a2f8-7729b3036d2e', '44e0bfcc-edfd-4d5c-a84d-615d444cee77', '微信内网（www）服务部署地址（默认1个）【/data/wt/www/config】', '{\"source\":\"#{svr.domain.intranet.weixin.www}\",\"global\":false,\"ignoreCase\":false,\"matchIndex\":0}', 0, 'nginx-single/nginx/conf/nginx.conf', 'realtime-1:7715', NULL);
INSERT INTO `source_config` VALUES ('11f7dd6b-642b-45fb-9407-e9f110c25403', '37363fe8-c813-456e-aa3a-63275a8973f9', '07fcd766-9451-4287-9e4b-f27de4e3df14', 'impala/hive元数据库连接配置（host,登录名,登录密码）', '{\"source\":\"#{mysql_hive,1}\",\"global\":false,\"ignoreCase\":false,\"matchIndex\":0}', 0, 'etl-paopi/config/tpl/config/hive_db.properties', 'realtime-1', NULL);
INSERT INTO `source_config` VALUES ('122b21d4-3df3-407d-b54e-cf585ca7696a', '0f0dfcad-40a0-4a99-9bc6-232b4efb22d4', '8d1ab3f3-5a5c-4442-81a9-336cc455ef02', '是否启用分析平台的视屏功能', '{\"source\":\"#{webapp.use_zgsee}\",\"global\":false,\"ignoreCase\":false,\"matchIndex\":0}', 0, 'spa/config/prod.env.js.tpl', 'false', NULL);
INSERT INTO `source_config` VALUES ('1232ca3d-5683-4fdd-9ac2-5bf74153e3e8', '8d3c85d6-4bd3-4936-9e0f-ee44cfe312ca', '9d976e67-07e7-4463-8712-8a6de26e8a38', '前端mysql库连接配置（host,登录名,登录密码,端口）', '{\"source\":\"#{mysql,2}\",\"global\":false,\"ignoreCase\":true,\"matchIndex\":0}', 0, 'docs/tpl', 'web', NULL);
INSERT INTO `source_config` VALUES ('1235ea44-17c5-46c3-aa33-b2a161ab5922', '997e7123-62a2-438a-88cc-122c32965519', 'b27b0e60-a9a0-469e-a5a6-d59d3235a5ea', '触达2.0相关配置', '{\"source\":\"#{mktv2.config->server.batch}\",\"global\":false,\"ignoreCase\":false,\"matchIndex\":0}', 0, 'config/tpl', 'realtime-mkt:1927', NULL);
INSERT INTO `source_config` VALUES ('12ee589d-a96f-43eb-8af4-b0d9a7c2bf20', '37363fe8-c813-456e-aa3a-63275a8973f9', '07fcd766-9451-4287-9e4b-f27de4e3df14', '前端mysql库连接配置（host,登录名,登录密码,端口）', '{\"source\":\"#{mysql,1}\",\"global\":false,\"ignoreCase\":false,\"matchIndex\":0}', 0, 'etl-load-cdh/config/tpl/config/front_db.properties', 'realtime-1', NULL);
INSERT INTO `source_config` VALUES ('1346d217-8238-4ff1-8f95-a0393ccb2e74', 'dae89e64-2932-4bec-b3ae-4ac5be585617', '7a5c3982-1c5c-43c5-b4fa-15d9bd89fcdb', '前端mysql库连接配置（host,登录名,登录密码,端口）', '{\"source\":\"#{mysql,3}\",\"global\":false,\"ignoreCase\":false,\"matchIndex\":0}', 0, 'docs/config/tpl/copyAppKey.sh', 'zanalytics', NULL);
INSERT INTO `source_config` VALUES ('13d6dce7-8f74-4832-884e-74f8b099c4c2', '0f0dfcad-40a0-4a99-9bc6-232b4efb22d4', '8d1ab3f3-5a5c-4442-81a9-336cc455ef02', '诸葛字样标识', '{\"source\":\"#{webapp.word.zg_text}\",\"global\":false,\"ignoreCase\":false,\"matchIndex\":0}', 0, 'spa/config/prod.env.js.tpl', '数据分析', NULL);
INSERT INTO `source_config` VALUES ('1445d66f-c437-49c9-acf2-f165826ccc88', '37363fe8-c813-456e-aa3a-63275a8973f9', '07fcd766-9451-4287-9e4b-f27de4e3df14', 'impala连接配置（host,登录名,登录密码,端口,仓库名）', '{\"source\":\"#{impala,1}\",\"global\":false,\"ignoreCase\":false,\"matchIndex\":0}', 0, 'etl-load-cdh/config/tpl/config_single/impala_db.properties', 'realtime-1', NULL);
INSERT INTO `source_config` VALUES ('145f8d95-248a-4d3c-aa8b-c3bb078d938b', '37363fe8-c813-456e-aa3a-63275a8973f9', '07fcd766-9451-4287-9e4b-f27de4e3df14', 'impala连接配置（host,登录名,登录密码,端口,仓库名）', '{\"source\":\"#{impala,5/zhugeio}\",\"global\":false,\"ignoreCase\":false,\"matchIndex\":0}', 0, 'etl-load-cdh/config/tpl/config_single/impala_db.properties', 'zanalytics', NULL);
INSERT INTO `source_config` VALUES ('14f4ab3a-91cf-4f52-af3b-fc010c0d574f', '40e643c4-5254-4ae7-a3cb-bc7a31aeeefc', '43df9041-08b4-4179-a7d5-303f15485253', 'redis 6372端口（触达）', '{\"source\":\"#{redis_6372,2}\",\"global\":false,\"ignoreCase\":false,\"matchIndex\":0}', 0, 'config/tpl/clockwork.config', '6380', NULL);
INSERT INTO `source_config` VALUES ('15381ad7-64cb-4ffc-8fcf-e5e89546ec98', '0f0dfcad-40a0-4a99-9bc6-232b4efb22d4', '8d1ab3f3-5a5c-4442-81a9-336cc455ef02', '合并端口内网访问地址', '{\"source\":\"#{svr.domain.intranet}\",\"global\":false,\"ignoreCase\":true,\"matchIndex\":0}', 0, 'spa/config/prod.env.js.tpl', 'realtime-1:80', NULL);
INSERT INTO `source_config` VALUES ('157feb30-d72c-41c8-8d5d-4f64a9cc558a', 'cdac3b88-7578-4a0e-8151-f96627832942', '40ce7785-d4d6-41bf-9d58-ed7ec7e9767c', '触达2.0相关配置', '{\"source\":\"#{mktv2.config->server.statistics}\",\"global\":false,\"ignoreCase\":true,\"matchIndex\":0}', 0, 'docs/tpl/README.md', 'realtime-mkt:1926', NULL);
INSERT INTO `source_config` VALUES ('160d351c-b829-4264-a693-9352eadda14e', '0f0dfcad-40a0-4a99-9bc6-232b4efb22d4', '8d1ab3f3-5a5c-4442-81a9-336cc455ef02', 'js-sdk名称', '{\"source\":\"#{webapp.word.js_sdk}\",\"global\":false,\"ignoreCase\":false,\"matchIndex\":0}', 0, 'spa/config/prod.env.js.tpl', 'zhuge', NULL);
INSERT INTO `source_config` VALUES ('16378944-6c2d-4da7-8eb3-15b5c52abca5', 'cdac3b88-7578-4a0e-8151-f96627832942', '40ce7785-d4d6-41bf-9d58-ed7ec7e9767c', 'impala连接配置（host,登录名,登录密码,端口,仓库名）', '{\"source\":\"#{impala,3}\",\"global\":false,\"ignoreCase\":false,\"matchIndex\":0}', 0, 'docs/tpl/mkt-statistics', 'admin', NULL);
INSERT INTO `source_config` VALUES ('166b73f7-a86c-4c63-91fe-bd8699375a2e', '37363fe8-c813-456e-aa3a-63275a8973f9', '07fcd766-9451-4287-9e4b-f27de4e3df14', '前端mysql库连接配置（host,登录名,登录密码,端口）', '{\"source\":\"#{mysql,3}\",\"global\":false,\"ignoreCase\":false,\"matchIndex\":0}', 0, 'etl-single/config/tpl/config/front_db.properties', 'zanalytics', NULL);
INSERT INTO `source_config` VALUES ('16dd51fa-13db-449a-9dbe-8c57d3e25f00', '37363fe8-c813-456e-aa3a-63275a8973f9', '07fcd766-9451-4287-9e4b-f27de4e3df14', 'impala连接配置（host,登录名,登录密码,端口,仓库名）', '{\"source\":\"#{impala,5/zhugeio}\",\"global\":false,\"ignoreCase\":false,\"matchIndex\":0}', 0, 'etl-paopi/config/tpl/config/impala_db.properties', 'zanalytics', NULL);
INSERT INTO `source_config` VALUES ('16e28ec7-782c-4347-99a2-38db114af2ec', 'cdac3b88-7578-4a0e-8151-f96627832942', '40ce7785-d4d6-41bf-9d58-ed7ec7e9767c', '触达2.0相关配置', '{\"source\":\"#{mktv2.config->base_path}\",\"global\":false,\"ignoreCase\":true,\"matchIndex\":0}', 0, 'docs/tpl/mkt-user', '/data/mkt', NULL);
INSERT INTO `source_config` VALUES ('1709d1bb-c74c-4c42-99fe-e94c7eed7990', 'cdac3b88-7578-4a0e-8151-f96627832942', '40ce7785-d4d6-41bf-9d58-ed7ec7e9767c', '前端mysql库连接配置（host,登录名,登录密码,端口）', '{\"source\":\"#{mysql,3}\",\"global\":false,\"ignoreCase\":false,\"matchIndex\":0}', 0, 'docs/tpl/mkt-activity', 'zanalytics', NULL);
INSERT INTO `source_config` VALUES ('170bbcf8-bf30-43fb-ac0c-9b079de86b67', '37363fe8-c813-456e-aa3a-63275a8973f9', '07fcd766-9451-4287-9e4b-f27de4e3df14', '前端mysql库连接配置（host,登录名,登录密码,端口）', '{\"source\":\"#{mysql,3}\",\"global\":false,\"ignoreCase\":false,\"matchIndex\":0}', 0, 'etl-gate/config/tpl/config/front_db.properties', 'zanalytics', NULL);
INSERT INTO `source_config` VALUES ('170cb05a-91b0-469b-ae6e-f6af32624165', '0f0dfcad-40a0-4a99-9bc6-232b4efb22d4', '8d1ab3f3-5a5c-4442-81a9-336cc455ef02', '是否启动密码强校验功能', '{\"source\":\"#{webapp.use_pwd_rules}\",\"global\":false,\"ignoreCase\":false,\"matchIndex\":0}', 0, 'spa/config/prod.env.js.tpl', 'true', NULL);
INSERT INTO `source_config` VALUES ('17384177-1d61-4791-ae22-bbdb843fbe1a', '0f0dfcad-40a0-4a99-9bc6-232b4efb22d4', '8d1ab3f3-5a5c-4442-81a9-336cc455ef02', 'deepShare开关', '{\"source\":\"#{webapp.show_deep_share}\",\"global\":false,\"ignoreCase\":false,\"matchIndex\":0}', 0, 'spa/config/prod.env.js.tpl', 'true', NULL);
INSERT INTO `source_config` VALUES ('17c701bd-7a51-42ed-8f50-977d8d568833', '04d51d81-5439-4f4b-ad95-ab0610f933ae', 'c816bbd9-99c7-4020-9292-f238da577092', '前端mysql库连接配置（host,登录名,登录密码,端口）', '{\"source\":\"#{mysql,1}\",\"global\":false,\"ignoreCase\":true,\"matchIndex\":0}', 0, 'docs/config/tpl/', 'realtime-1', '0579e662-f44b-4177-b216-0654ac59d198');
INSERT INTO `source_config` VALUES ('184da187-c727-4276-b5fa-b9f3e8746343', '7c6a4ef0-7af7-40b0-aa69-99bad2d6271d', '41f4d639-5aba-4888-838a-f25459698ddb', 'node服务socket接口前缀', '{\"source\":\"#{node.api.socket.prefix}\",\"global\":false,\"ignoreCase\":false,\"matchIndex\":0}', 0, 'src/config.ts.tpl', '/analysis/socket', NULL);
INSERT INTO `source_config` VALUES ('18b113db-c556-4adb-b62f-e7c2f8f74ba1', '45a9da44-30ae-4660-a2f8-7729b3036d2e', '44e0bfcc-edfd-4d5c-a84d-615d444cee77', 'zabbix-web-api', '{\"source\":\"#{svr.domain.intranet.zabbix.www}\",\"global\":false,\"ignoreCase\":false,\"matchIndex\":0}', 0, 'nginx/nginx/conf/nginx.conf-upload', 'realtime-1:8081', NULL);
INSERT INTO `source_config` VALUES ('1b09b5d3-feb7-4184-889f-9551da2c959d', '37363fe8-c813-456e-aa3a-63275a8973f9', '07fcd766-9451-4287-9e4b-f27de4e3df14', '前端mysql库连接配置（host,登录名,登录密码,端口）', '{\"source\":\"#{mysql,1}\",\"global\":false,\"ignoreCase\":false,\"matchIndex\":0}', 0, 'etl-gate/config/tpl/config/front_db.properties', 'realtime-1', NULL);
INSERT INTO `source_config` VALUES ('1b4fdc2d-715b-461a-898e-d0684526234a', 'cdac3b88-7578-4a0e-8151-f96627832942', '40ce7785-d4d6-41bf-9d58-ed7ec7e9767c', '前端mysql库连接配置（host,登录名,登录密码,端口）', '{\"source\":\"#{mysql,2}\",\"global\":false,\"ignoreCase\":true,\"matchIndex\":0}', 0, 'docs/tpl/mkt-adapter', 'web', NULL);
INSERT INTO `source_config` VALUES ('1ba89e6c-e68c-48d0-b0c4-946a31a28e77', '37363fe8-c813-456e-aa3a-63275a8973f9', '07fcd766-9451-4287-9e4b-f27de4e3df14', 'redis 8895端口', '{\"source\":\"#{redis_8895,2}\",\"global\":false,\"ignoreCase\":false,\"matchIndex\":0}', 0, 'etl-dw-kudu/config/tpl/config/redis.properties', '8895', NULL);
INSERT INTO `source_config` VALUES ('1bc193b2-2dab-4bbf-b9c0-60af654629e7', '2f46f470-e0ec-4119-bc84-c4d111475889', 'f099031a-7bcd-4d77-af00-8290675eb858', 'ssdb 8888端口', '{\"source\":\"#{ssdb_8888,2}\",\"global\":false,\"ignoreCase\":false,\"matchIndex\":0}', 0, 'docs/config/tpl/', '8888', NULL);
INSERT INTO `source_config` VALUES ('1bd02305-d207-4020-b307-6c98a1ec73dd', '37363fe8-c813-456e-aa3a-63275a8973f9', '07fcd766-9451-4287-9e4b-f27de4e3df14', 'redis 8893端口', '{\"source\":\"#{redis_8893,2}\",\"global\":false,\"ignoreCase\":false,\"matchIndex\":0}', 0, 'etl-id-kudu/config/tpl/config/id_redis.properties', '8893', NULL);
INSERT INTO `source_config` VALUES ('1d278bc2-071c-435b-b622-3934f20d197a', '0f0dfcad-40a0-4a99-9bc6-232b4efb22d4', '8d1ab3f3-5a5c-4442-81a9-336cc455ef02', 'node服务socket接口前缀', '{\"source\":\"#{node.api.socket.prefix}\",\"global\":false,\"ignoreCase\":false,\"matchIndex\":0}', 0, 'spa/config/prod.env.js.tpl', '/analysis/socket', NULL);
INSERT INTO `source_config` VALUES ('1e1a85f0-5d6a-4630-9650-a97e1cbae8b5', '40e643c4-5254-4ae7-a3cb-bc7a31aeeefc', '43df9041-08b4-4179-a7d5-303f15485253', '合并端口外网访问地址(需要加协议http(s))(填网关的)', '{\"source\":\"#{svr.domain.nginx.extranet}\",\"global\":false,\"ignoreCase\":true,\"matchIndex\":0}', 0, 'config/tpl/clockwork.config', 'https://uba.it.pkpm.cn', NULL);
INSERT INTO `source_config` VALUES ('1e38c313-9148-4bf2-a51c-2cbb4c937246', 'dae89e64-2932-4bec-b3ae-4ac5be585617', '7a5c3982-1c5c-43c5-b4fa-15d9bd89fcdb', 'ssdb 8888端口', '{\"source\":\"#{ssdb_8888,2}\",\"global\":false,\"ignoreCase\":false,\"matchIndex\":0}', 0, 'docs/config/tpl/application.properties', '8888', NULL);
INSERT INTO `source_config` VALUES ('1ea46c12-e93d-41df-b380-263074c479c6', '2f46f470-e0ec-4119-bc84-c4d111475889', 'f099031a-7bcd-4d77-af00-8290675eb858', 'es集群2的ip', '{\"source\":\"#{elasticsearch2,1}\",\"global\":false,\"ignoreCase\":false,\"matchIndex\":0}', 0, 'docs/config/tpl/', 'realtime-2', NULL);
INSERT INTO `source_config` VALUES ('1ebade8a-c23d-41d0-ae24-87ab4a38d9ad', '40e643c4-5254-4ae7-a3cb-bc7a31aeeefc', '43df9041-08b4-4179-a7d5-303f15485253', 'redis 6372端口（触达）', '{\"source\":\"#{redis_6372,1}\",\"global\":false,\"ignoreCase\":false,\"matchIndex\":0}', 0, 'config/tpl/clockwork.config', 'realtime-3', NULL);
INSERT INTO `source_config` VALUES ('1f45be06-7c0a-45c6-86f5-7c02fc9d5003', '37363fe8-c813-456e-aa3a-63275a8973f9', '07fcd766-9451-4287-9e4b-f27de4e3df14', '前端mysql库连接配置（host,登录名,登录密码,端口）', '{\"source\":\"#{mysql,1}\",\"global\":false,\"ignoreCase\":false,\"matchIndex\":0}', 0, 'etl-load-cdh/config/tpl/config_single/front_db.properties', 'realtime-1', NULL);
INSERT INTO `source_config` VALUES ('1f543094-469c-48b7-8eee-7b4c4141290f', '45a9da44-30ae-4660-a2f8-7729b3036d2e', '44e0bfcc-edfd-4d5c-a84d-615d444cee77', 'ssdb 8888端口', '{\"source\":\"#{ssdb_8888,1}\",\"global\":false,\"ignoreCase\":false,\"matchIndex\":0}', 0, 'es-index/zanalytics-index-db/tpl/2-db1.conf', 'realtime-1', NULL);
INSERT INTO `source_config` VALUES ('2018672a-65ec-430a-997e-10ccb329d075', '37363fe8-c813-456e-aa3a-63275a8973f9', '07fcd766-9451-4287-9e4b-f27de4e3df14', 'ssdb 8888端口', '{\"source\":\"#{ssdb_8888,3}\",\"global\":false,\"ignoreCase\":false,\"matchIndex\":0}', 0, 'etl-paopi/config/tpl/config/redis.properties', NULL, NULL);
INSERT INTO `source_config` VALUES ('2071fb45-3f3f-48a2-be75-b32fc730d6e3', '46c0879d-a25b-4f8b-bc66-610d6ed88ef4', 'd96de692-4e70-4d52-89f9-3d1deceeee78', '前端mysql库连接配置（host,登录名,登录密码,端口）', '{\"source\":\"#{mysql,3}\",\"global\":false,\"ignoreCase\":false,\"matchIndex\":0}', 0, 'doc/部署准备资料/client-realtime-tpl/worker/config.properties', 'zanalytics', NULL);
INSERT INTO `source_config` VALUES ('208331e0-4552-42e8-99e4-1f625ba6f0b4', '40e643c4-5254-4ae7-a3cb-bc7a31aeeefc', '43df9041-08b4-4179-a7d5-303f15485253', 'redis 6372端口（触达）', '{\"source\":\"#{redis_6372,3}\",\"global\":false,\"ignoreCase\":false,\"matchIndex\":0}', 0, 'config/tpl/clockwork.config', 'Sun_unix*1101', NULL);
INSERT INTO `source_config` VALUES ('208ca478-217a-40c1-beda-ae442ad0673d', '7c6a4ef0-7af7-40b0-aa69-99bad2d6271d', '41f4d639-5aba-4888-838a-f25459698ddb', '前端mysql库连接配置（host,登录名,登录密码,端口）', '{\"source\":\"#{mysql,2}\",\"global\":false,\"ignoreCase\":false,\"matchIndex\":0}', 0, 'src/config.ts.tpl', 'web', NULL);
INSERT INTO `source_config` VALUES ('21407f24-8a11-464b-adef-43715245d872', '37363fe8-c813-456e-aa3a-63275a8973f9', '07fcd766-9451-4287-9e4b-f27de4e3df14', 'redis 8898端口', '{\"source\":\"#{redis_8898,2}\",\"global\":false,\"ignoreCase\":false,\"matchIndex\":0}', 0, 'etl-count/config/tpl/config/redis.properties', '8898', NULL);
INSERT INTO `source_config` VALUES ('2180c57c-3379-43c9-8e85-bbc595e70795', '45a9da44-30ae-4660-a2f8-7729b3036d2e', '44e0bfcc-edfd-4d5c-a84d-615d444cee77', '前端mysql库连接配置（host,登录名,登录密码,端口）', '{\"source\":\"#{mysql,2}\",\"global\":false,\"ignoreCase\":false,\"matchIndex\":0}', 0, 'userbehaviorpath_usergroup/getdbdata-tpl.sh', 'web', NULL);
INSERT INTO `source_config` VALUES ('21a2e350-ec6a-4f67-9c69-48bdcf736160', '45a9da44-30ae-4660-a2f8-7729b3036d2e', '44e0bfcc-edfd-4d5c-a84d-615d444cee77', 'zabbix-web-api', '{\"source\":\"#{svr.domain.intranet.zabbix.www}\",\"global\":false,\"ignoreCase\":false,\"matchIndex\":0}', 0, 'nginx-single/nginx/conf/nginx.conf', 'realtime-1:8081', NULL);
INSERT INTO `source_config` VALUES ('21f22548-ab7a-4332-87fb-80727cea037f', '04d51d81-5439-4f4b-ad95-ab0610f933ae', 'c816bbd9-99c7-4020-9292-f238da577092', 'redis 26480端口', '{\"source\":\"#{redis_26480,3}\",\"global\":false,\"ignoreCase\":true,\"matchIndex\":0}', 0, 'docs/config/tpl/', 'Sun_unix*1101', '0579e662-f44b-4177-b216-0654ac59d198');
INSERT INTO `source_config` VALUES ('22229caf-d927-494c-b6dc-ad71292f0287', '1e4058bb-b8e6-4ca9-ae31-4065365d51f1', 'e7f7a127-f4c4-4338-8e84-9b7fc73dd4a7', '视屏根路由', '{\"source\":\"#{shiping.base_path}\",\"global\":false,\"ignoreCase\":false,\"matchIndex\":0}', 0, 'config/buildConfig.js.tpl', 'shiping', NULL);
INSERT INTO `source_config` VALUES ('22cb74b2-ac8d-4183-bc93-9dc5585485e6', '45a9da44-30ae-4660-a2f8-7729b3036d2e', '44e0bfcc-edfd-4d5c-a84d-615d444cee77', 'node服务（来源映射、sdk、实时概览、数据接入等）', '{\"source\":\"#{svr.domain.intranet.node}\",\"global\":false,\"ignoreCase\":false,\"matchIndex\":0}', 0, 'nginx/nginx/conf/nginx.conf-upload', 'realtime-3:9004', NULL);
INSERT INTO `source_config` VALUES ('23296ae4-f1a0-4d02-a261-6b6c1cc7f735', '46c0879d-a25b-4f8b-bc66-610d6ed88ef4', 'd96de692-4e70-4d52-89f9-3d1deceeee78', '微信客户端kafka-topic', '{\"source\":\"#{wt.client.kafka_topic}\",\"global\":false,\"ignoreCase\":false,\"matchIndex\":0}', 0, 'doc/部署准备资料/client-realtime-tpl/receiver/config.properties', 'wt-weixin-topic', NULL);
INSERT INTO `source_config` VALUES ('238d7722-78e7-4b93-bf72-7f464aec8fa3', 'cdac3b88-7578-4a0e-8151-f96627832942', '40ce7785-d4d6-41bf-9d58-ed7ec7e9767c', '触达2.0相关配置', '{\"source\":\"#{mktv2.config->server.batch}\",\"global\":false,\"ignoreCase\":false,\"matchIndex\":0}', 0, 'docs/tpl/scripts/package/playwell-client/README.md', 'realtime-mkt:1927', NULL);
INSERT INTO `source_config` VALUES ('246b67a2-92f6-4c93-8539-e94609ecdf62', '37363fe8-c813-456e-aa3a-63275a8973f9', '07fcd766-9451-4287-9e4b-f27de4e3df14', 'redis 8892端口', '{\"source\":\"#{redis_8892,2}\",\"global\":false,\"ignoreCase\":false,\"matchIndex\":0}', 0, 'etl-single/config/tpl/config/redis.properties', '8892', NULL);
INSERT INTO `source_config` VALUES ('24ce76e1-49c1-4d78-bf2b-3142de562b2c', '04d51d81-5439-4f4b-ad95-ab0610f933ae', '2129aeea-f59f-47e6-af4b-48ab8e3bc374', 'impala连接配置（host,登录名,登录密码,端口,仓库名）', '{\"source\":\"#{impala,5/zhugeio}\",\"global\":false,\"ignoreCase\":true,\"matchIndex\":0}', 0, 'docs/config/tpl/', 'zanalytics', NULL);
INSERT INTO `source_config` VALUES ('24fc7938-1843-4011-ab18-a662750054f9', 'cdac3b88-7578-4a0e-8151-f96627832942', '40ce7785-d4d6-41bf-9d58-ed7ec7e9767c', '触达2.0相关配置', '{\"source\":\"#{mktv2.config->base_path}\",\"global\":false,\"ignoreCase\":true,\"matchIndex\":0}', 0, 'docs/tpl/mkt-batch', '/data/mkt', NULL);
INSERT INTO `source_config` VALUES ('25482487-7a63-4f6a-ab32-d9c1a0934384', '04d51d81-5439-4f4b-ad95-ab0610f933ae', '2129aeea-f59f-47e6-af4b-48ab8e3bc374', '分析session/cookie存储域名(填网站的)(不需要加端口)', '{\"source\":\"#{analysis.zhuge_session_domain}\",\"global\":false,\"ignoreCase\":true,\"matchIndex\":0}', 0, 'docs/config/tpl/', 'uba.it.pkpm.cn', NULL);
INSERT INTO `source_config` VALUES ('257bc243-e138-40df-86e0-92780c5df8f2', '45a9da44-30ae-4660-a2f8-7729b3036d2e', '44e0bfcc-edfd-4d5c-a84d-615d444cee77', 'redis 6379端口', '{\"source\":\"#{redis_6379,1}\",\"global\":false,\"ignoreCase\":false,\"matchIndex\":0}', 0, 'zanalytics_online_debug/online_debug_config.py-tpl', 'realtime-1', NULL);
INSERT INTO `source_config` VALUES ('260111f3-c8af-468d-ae90-a7a182f5a5a5', '04d51d81-5439-4f4b-ad95-ab0610f933ae', '2129aeea-f59f-47e6-af4b-48ab8e3bc374', '合并端口外网访问地址(需要加协议http(s))(填网站的)', '{\"source\":\"#{svr.domain.extranet}\",\"global\":false,\"ignoreCase\":true,\"matchIndex\":0}', 0, 'docs/config/tpl/', 'https://uba.it.pkpm.cn', NULL);
INSERT INTO `source_config` VALUES ('26026103-9cf5-4780-9485-281528c848a1', '8d3c85d6-4bd3-4936-9e0f-ee44cfe312ca', '9d976e67-07e7-4463-8712-8a6de26e8a38', '前端mysql库连接配置（host,登录名,登录密码,端口）', '{\"source\":\"#{mysql,3}\",\"global\":false,\"ignoreCase\":true,\"matchIndex\":0}', 0, 'docs/tpl', 'zanalytics', NULL);
INSERT INTO `source_config` VALUES ('260e6745-92d7-46d3-a2da-275211663c7b', 'cdac3b88-7578-4a0e-8151-f96627832942', '40ce7785-d4d6-41bf-9d58-ed7ec7e9767c', 'impala连接配置（host,登录名,登录密码,端口,仓库名）', '{\"source\":\"#{impala,2}\",\"global\":false,\"ignoreCase\":false,\"matchIndex\":0}', 0, 'docs/tpl/mkt-batch', 'admin', NULL);
INSERT INTO `source_config` VALUES ('261936a3-1524-4166-a204-0723e2984eeb', '45a9da44-30ae-4660-a2f8-7729b3036d2e', '44e0bfcc-edfd-4d5c-a84d-615d444cee77', 'redis 6379端口', '{\"source\":\"#{redis_6379,3}\",\"global\":false,\"ignoreCase\":false,\"matchIndex\":0}', 0, 'userbehaviorpath_usergroup/ubpa/bin/tpl/worker.py', 'Sun_unix*1101', NULL);
INSERT INTO `source_config` VALUES ('275a9fda-eed3-4ec8-be6b-7c83210cb8a6', '45a9da44-30ae-4660-a2f8-7729b3036d2e', '44e0bfcc-edfd-4d5c-a84d-615d444cee77', '前端mysql库连接配置（host,登录名,登录密码,端口）', '{\"source\":\"#{mysql,1}\",\"global\":false,\"ignoreCase\":false,\"matchIndex\":0}', 0, 'userbehaviorpath_usergroup/behavior_path_hadoop/tpl/behavior_config.yml', 'realtime-1', NULL);
INSERT INTO `source_config` VALUES ('27ad4e31-5af8-4b40-a223-3480d4783e1d', 'cdac3b88-7578-4a0e-8151-f96627832942', '40ce7785-d4d6-41bf-9d58-ed7ec7e9767c', '前端mysql库连接配置（host,登录名,登录密码,端口）', '{\"source\":\"#{mysql,2}\",\"global\":false,\"ignoreCase\":true,\"matchIndex\":0}', 0, 'docs/tpl/mkt-user', 'web', NULL);
INSERT INTO `source_config` VALUES ('286d7fdc-2711-425a-9044-e6ad9868061a', '46c0879d-a25b-4f8b-bc66-610d6ed88ef4', 'd96de692-4e70-4d52-89f9-3d1deceeee78', 'redis 26480端口', '{\"source\":\"#{redis_26480,3}\",\"global\":false,\"ignoreCase\":false,\"matchIndex\":0}', 0, 'doc/部署准备资料/client-realtime-tpl/www/config.properties', 'Sun_unix*1101', NULL);
INSERT INTO `source_config` VALUES ('28ccef6f-ca06-40ad-bbde-953cb639e2fc', '37363fe8-c813-456e-aa3a-63275a8973f9', '07fcd766-9451-4287-9e4b-f27de4e3df14', '前端mysql库连接配置（host,登录名,登录密码,端口）', '{\"source\":\"#{mysql,2}\",\"global\":false,\"ignoreCase\":false,\"matchIndex\":0}', 0, 'etl-paopi/config/tpl/config/front_db.properties', 'web', NULL);
INSERT INTO `source_config` VALUES ('28d6052a-c091-43af-93ec-a6348bc4cb49', '40e643c4-5254-4ae7-a3cb-bc7a31aeeefc', '43df9041-08b4-4179-a7d5-303f15485253', 'ssdb 1217端口', '{\"source\":\"#{ssdb_1217,1}\",\"global\":false,\"ignoreCase\":false,\"matchIndex\":0}', 0, 'config/tpl/clockwork.config', 'realtime-2', NULL);
INSERT INTO `source_config` VALUES ('293538f1-e79e-4ac4-ae71-01b406333ec3', '45a9da44-30ae-4660-a2f8-7729b3036d2e', '44e0bfcc-edfd-4d5c-a84d-615d444cee77', '微信内网（receiver）服务部署地址（默认两个）【/data/wt/receiver/config】', '{\"source\":\"#{svr.domain.intranet.weixin.receiver,2}\",\"global\":false,\"ignoreCase\":false,\"matchIndex\":0}', 0, 'nginx-single/nginx/conf/nginx.conf-upload', 'realtime-2:7713', NULL);
INSERT INTO `source_config` VALUES ('298eaae4-3818-4070-aaf2-36ca46a053c9', '37363fe8-c813-456e-aa3a-63275a8973f9', '07fcd766-9451-4287-9e4b-f27de4e3df14', 'kafka服务集群', '{\"source\":\"#{kafka_bootstrap_servers}\",\"global\":false,\"ignoreCase\":false,\"matchIndex\":0}', 0, 'etl-single/config/tpl/config/config.properties', 'realtime-1:9092,realtime-2:9092,realtime-3:9092', NULL);
INSERT INTO `source_config` VALUES ('29d57615-143a-4a79-a8bd-d5a41a124f82', '997e7123-62a2-438a-88cc-122c32965519', 'b27b0e60-a9a0-469e-a5a6-d59d3235a5ea', '触达2.0相关配置', '{\"source\":\"#{mktv2.config->server.statistics}\",\"global\":false,\"ignoreCase\":false,\"matchIndex\":0}', 0, 'config/tpl', 'realtime-mkt:1926', NULL);
INSERT INTO `source_config` VALUES ('2a27ce79-dc71-44c9-85e1-76488fd3e74c', '46c0879d-a25b-4f8b-bc66-610d6ed88ef4', 'd96de692-4e70-4d52-89f9-3d1deceeee78', 'redis 26480端口', '{\"source\":\"#{redis_26480,1}\",\"global\":false,\"ignoreCase\":false,\"matchIndex\":0}', 0, 'doc/部署准备资料/client-realtime-tpl/consumer/config.properties', 'realtime-1', NULL);
INSERT INTO `source_config` VALUES ('2a5f70cc-fd16-45cb-b2db-2d477fc9570c', '7c6a4ef0-7af7-40b0-aa69-99bad2d6271d', '41f4d639-5aba-4888-838a-f25459698ddb', '前端mysql库连接配置（host,登录名,登录密码,端口）', '{\"source\":\"#{mysql,3}\",\"global\":false,\"ignoreCase\":false,\"matchIndex\":0}', 0, 'src/config.ts.tpl', 'zanalytics', NULL);
INSERT INTO `source_config` VALUES ('2a620aa7-7171-46d0-9449-300ea0785888', '37363fe8-c813-456e-aa3a-63275a8973f9', '07fcd766-9451-4287-9e4b-f27de4e3df14', 'redis 6379端口', '{\"source\":\"#{redis_6379,3}\",\"global\":false,\"ignoreCase\":false,\"matchIndex\":0}', 0, 'etl-single/config/tpl/config/redis.properties', 'Sun_unix*1101', NULL);
INSERT INTO `source_config` VALUES ('2a7bd8c6-9d01-4d1a-afd3-baad0c27704f', '37363fe8-c813-456e-aa3a-63275a8973f9', '07fcd766-9451-4287-9e4b-f27de4e3df14', '前端mysql库连接配置（host,登录名,登录密码,端口）', '{\"source\":\"#{mysql,3}\",\"global\":false,\"ignoreCase\":false,\"matchIndex\":0}', 0, 'etl-dw-kudu/config/tpl/config/front_db.properties', 'zanalytics', NULL);
INSERT INTO `source_config` VALUES ('2b6f1e0c-43eb-4e80-9831-322009693528', '45a9da44-30ae-4660-a2f8-7729b3036d2e', '44e0bfcc-edfd-4d5c-a84d-615d444cee77', 'node服务（来源映射、sdk、实时概览、数据接入等）', '{\"source\":\"#{svr.domain.intranet.node}\",\"global\":false,\"ignoreCase\":false,\"matchIndex\":0}', 0, 'nginx-single/nginx/conf/nginx.conf-upload', 'realtime-3:9004', NULL);
INSERT INTO `source_config` VALUES ('2c002d2c-8696-4a19-9ae6-2102faa23cfc', '37363fe8-c813-456e-aa3a-63275a8973f9', '07fcd766-9451-4287-9e4b-f27de4e3df14', 'kafka服务集群', '{\"source\":\"#{kafka_bootstrap_servers}\",\"global\":false,\"ignoreCase\":false,\"matchIndex\":0}', 0, 'etl-id-kudu/config/tpl/config/config.properties', 'realtime-1:9092,realtime-2:9092,realtime-3:9092', NULL);
INSERT INTO `source_config` VALUES ('2c67233a-6d25-44cf-82db-696009b3563d', 'dae89e64-2932-4bec-b3ae-4ac5be585617', '7a5c3982-1c5c-43c5-b4fa-15d9bd89fcdb', '前端mysql库连接配置（host,登录名,登录密码,端口）', '{\"source\":\"#{mysql,3}\",\"global\":false,\"ignoreCase\":false,\"matchIndex\":0}', 0, 'docs/config/tpl/application-kpt.yml', 'zanalytics', NULL);
INSERT INTO `source_config` VALUES ('2cacbe5f-12f0-44c5-a985-7e4bc04532a9', '04d51d81-5439-4f4b-ad95-ab0610f933ae', 'c816bbd9-99c7-4020-9292-f238da577092', '前端mysql库连接配置（host,登录名,登录密码,端口）', '{\"source\":\"#{mysql,3}\",\"global\":false,\"ignoreCase\":true,\"matchIndex\":0}', 0, 'docs/config/tpl/', 'zanalytics', '0579e662-f44b-4177-b216-0654ac59d198');
INSERT INTO `source_config` VALUES ('2cc86ac2-0784-40e8-a361-a1eb87c5bf7a', '04d51d81-5439-4f4b-ad95-ab0610f933ae', 'c816bbd9-99c7-4020-9292-f238da577092', 'es集群名称', '{\"source\":\"#{elasticsearch_cluster_name}\",\"global\":false,\"ignoreCase\":true,\"matchIndex\":0}', 0, 'docs/config/tpl/', 'elasticsearch', '0579e662-f44b-4177-b216-0654ac59d198');
INSERT INTO `source_config` VALUES ('2e00de96-f979-4662-9ee5-482033947e4e', 'dae89e64-2932-4bec-b3ae-4ac5be585617', '7a5c3982-1c5c-43c5-b4fa-15d9bd89fcdb', 'impala连接配置（host,登录名,登录密码,端口,仓库名）', '{\"source\":\"#{impala,4}\",\"global\":false,\"ignoreCase\":false,\"matchIndex\":0}', 0, 'docs/config/tpl/application-kpt.yml', '21050', NULL);
INSERT INTO `source_config` VALUES ('2e42ad20-7908-434b-9392-b26aaba1b033', '04d51d81-5439-4f4b-ad95-ab0610f933ae', '2129aeea-f59f-47e6-af4b-48ab8e3bc374', 'impala连接配置（host,登录名,登录密码,端口,仓库名）', '{\"source\":\"#{impala,4}\",\"global\":false,\"ignoreCase\":true,\"matchIndex\":0}', 0, 'docs/config/tpl/', '21050', NULL);
INSERT INTO `source_config` VALUES ('2efc5d5e-4e6d-4a18-8c3c-cfc137d1fb15', '45a9da44-30ae-4660-a2f8-7729b3036d2e', '44e0bfcc-edfd-4d5c-a84d-615d444cee77', 'node服务（来源映射、sdk、实时概览、数据接入等）', '{\"source\":\"#{svr.domain.intranet.node}\",\"global\":false,\"ignoreCase\":false,\"matchIndex\":0}', 0, 'nginx-single/nginx/conf/nginx.conf', 'realtime-3:9004', NULL);
INSERT INTO `source_config` VALUES ('2f892482-c84d-4e23-9b74-a808e2cd5c2d', '46c0879d-a25b-4f8b-bc66-610d6ed88ef4', 'd96de692-4e70-4d52-89f9-3d1deceeee78', 'redis 26480端口', '{\"source\":\"#{redis_26480,1}\",\"global\":false,\"ignoreCase\":false,\"matchIndex\":0}', 0, 'doc/部署准备资料/client-realtime-tpl/worker/config.properties', 'realtime-1', NULL);
INSERT INTO `source_config` VALUES ('30372284-2062-4ac9-b150-ad6ade4bd7a7', '04d51d81-5439-4f4b-ad95-ab0610f933ae', '2129aeea-f59f-47e6-af4b-48ab8e3bc374', '触达api访问地址（内网）【触达clockwork对应的nginx地址】', '{\"source\":\"#{clockwork.flow_api.domain.intranet}\",\"global\":false,\"ignoreCase\":true,\"matchIndex\":0}', 0, 'docs/config/tpl/', 'http://realtime-1:8008', NULL);
INSERT INTO `source_config` VALUES ('31cbb550-16a6-477b-b9f2-e3b1fc400111', '37363fe8-c813-456e-aa3a-63275a8973f9', '07fcd766-9451-4287-9e4b-f27de4e3df14', 'redis 8893端口', '{\"source\":\"#{redis_8893,1}\",\"global\":false,\"ignoreCase\":false,\"matchIndex\":0}', 0, 'etl-id-kudu/config/tpl/config/id_redis.properties', 'realtime-2', NULL);
INSERT INTO `source_config` VALUES ('31d364f1-8701-4e4a-b769-ccc801881885', '71671909-9834-44b3-b2eb-a0789696eeb6', '47bee3c6-4754-4bda-b3da-b6215fee96e1', 'impala连接配置（host,登录名,登录密码,端口,仓库名）', '{\"source\":\"#{impala,5}\",\"global\":false,\"ignoreCase\":true,\"matchIndex\":0}', 0, 'bin/tpl/config.yml', 'zanalytics', NULL);
INSERT INTO `source_config` VALUES ('330a6d42-6909-429d-907b-22121bc7513f', 'c2c43a72-6413-43b6-8cc5-3707945b32f0', '2a259bdd-cbb7-4317-b1da-a1c27ffd583d', 'zgsee图片存放目录（物理机目录,docker容器映射目录）', '{\"source\":\"#{zgsee.pix.path,1}\",\"global\":false,\"ignoreCase\":false,\"matchIndex\":0}', 0, 'docs/config/tpl/config-kpt.properties', '/data/localization/nginx/certs/shiping/pix/', NULL);
INSERT INTO `source_config` VALUES ('3376af67-c01f-4e3b-aad7-50fda629be70', 'b365bc9c-2dfd-4fe1-afba-5b56d58e65a3', 'ef3e253f-ffe6-4196-8e1e-382f28f6c9d1', 'API的base地址', '{\"source\":\"#{market.request_base_url}\",\"global\":false,\"ignoreCase\":false,\"matchIndex\":0}', 0, 'config/constants.js.tpl', '', NULL);
INSERT INTO `source_config` VALUES ('33b9f480-4eb6-4dde-afbe-874fe811581c', '37363fe8-c813-456e-aa3a-63275a8973f9', '07fcd766-9451-4287-9e4b-f27de4e3df14', 'kafka服务集群', '{\"source\":\"#{kafka_bootstrap_servers}\",\"global\":false,\"ignoreCase\":false,\"matchIndex\":0}', 0, 'etl-adv-count/config/tpl/config/config.properties', 'realtime-1:9092,realtime-2:9092,realtime-3:9092', NULL);
INSERT INTO `source_config` VALUES ('3419b3f2-4f9a-4617-b355-2feaab4629ac', 'cdac3b88-7578-4a0e-8151-f96627832942', '40ce7785-d4d6-41bf-9d58-ed7ec7e9767c', '触达2.0相关配置', '{\"source\":\"#{mktv2.config->base_path}\",\"global\":false,\"ignoreCase\":true,\"matchIndex\":0}', 0, 'docs/tpl/mkt-statistics', '/data/mkt', NULL);
INSERT INTO `source_config` VALUES ('35225c40-a00d-4103-95e7-cddaf8f3456d', '37363fe8-c813-456e-aa3a-63275a8973f9', '07fcd766-9451-4287-9e4b-f27de4e3df14', 'redis 8897端口', '{\"source\":\"#{redis_8897,1}\",\"global\":false,\"ignoreCase\":false,\"matchIndex\":0}', 0, 'etl-adv-count/config/tpl/config/redis.properties', 'realtime-2', NULL);
INSERT INTO `source_config` VALUES ('36d654d1-7aaa-4912-b05a-fa527a92d9b0', '37363fe8-c813-456e-aa3a-63275a8973f9', '07fcd766-9451-4287-9e4b-f27de4e3df14', 'redis 8894端口', '{\"source\":\"#{redis_8894,1}\",\"global\":false,\"ignoreCase\":false,\"matchIndex\":0}', 0, 'etl-id-kudu/config/tpl/config/id_redis.properties', 'realtime-2', NULL);
INSERT INTO `source_config` VALUES ('36ef53b4-0087-42f9-bf47-179d5150b79e', '46c0879d-a25b-4f8b-bc66-610d6ed88ef4', 'd96de692-4e70-4d52-89f9-3d1deceeee78', 'redis 26480端口', '{\"source\":\"#{redis_26480,3}\",\"global\":false,\"ignoreCase\":false,\"matchIndex\":0}', 0, 'doc/部署准备资料/client-realtime-tpl/worker/config.properties', 'Sun_unix*1101', NULL);
INSERT INTO `source_config` VALUES ('373a32bb-abce-4e16-b1e5-3060dbc99e1a', 'b4779bc3-b64b-4556-8fbf-e1660abc77d7', 'fd6a925b-de4d-440a-84a5-9e6f42c63845', 'es集群1的ip', '{\"source\":\"#{elasticsearch1,2}\",\"global\":false,\"ignoreCase\":false,\"matchIndex\":0}', 0, 'docs/config/tpl/application.properties', '9200', NULL);
INSERT INTO `source_config` VALUES ('37b2aaa5-2669-41b0-a245-60e1e50be971', '37363fe8-c813-456e-aa3a-63275a8973f9', '07fcd766-9451-4287-9e4b-f27de4e3df14', 'impala连接配置（host,登录名,登录密码,端口,仓库名）', '{\"source\":\"#{impala,1}\",\"global\":false,\"ignoreCase\":false,\"matchIndex\":0}', 0, 'etl-single/config/tpl/config/impala_db.properties', 'realtime-1', NULL);
INSERT INTO `source_config` VALUES ('38e253fd-bb3f-4ecf-b96e-2ec834197f71', 'cdac3b88-7578-4a0e-8151-f96627832942', '40ce7785-d4d6-41bf-9d58-ed7ec7e9767c', 'impala连接配置（host,登录名,登录密码,端口,仓库名）', '{\"source\":\"#{impala,2}\",\"global\":false,\"ignoreCase\":false,\"matchIndex\":0}', 0, 'docs/tpl/mkt-postman', 'admin', NULL);
INSERT INTO `source_config` VALUES ('38e8752a-e806-4e9b-9662-e3a3a7386c6e', '37363fe8-c813-456e-aa3a-63275a8973f9', '07fcd766-9451-4287-9e4b-f27de4e3df14', '前端mysql库连接配置（host,登录名,登录密码,端口）', '{\"source\":\"#{mysql,3}\",\"global\":false,\"ignoreCase\":false,\"matchIndex\":0}', 0, 'etl-load-cdh/config/tpl/config_single/front_db.properties', 'zanalytics', NULL);
INSERT INTO `source_config` VALUES ('39895c66-7788-46cd-8367-afe40c6f66c6', '46c0879d-a25b-4f8b-bc66-610d6ed88ef4', 'd96de692-4e70-4d52-89f9-3d1deceeee78', '合并端口外网访问地址(需要加协议http(s))(填网站的)', '{\"source\":\"#{svr.domain.extranet}\",\"global\":false,\"ignoreCase\":false,\"matchIndex\":0}', 0, 'doc/部署准备资料/client-realtime-tpl/receiver/config.properties', 'https://uba.it.pkpm.cn', NULL);
INSERT INTO `source_config` VALUES ('3b43a522-f0c3-4dab-8df4-273e73af73e4', '46c0879d-a25b-4f8b-bc66-610d6ed88ef4', 'd96de692-4e70-4d52-89f9-3d1deceeee78', '微信服务端www访问地址', '{\"source\":\"#{wt.server.domain.extranet}\",\"global\":false,\"ignoreCase\":false,\"matchIndex\":0}', 0, 'doc/部署准备资料/client-realtime-tpl/www/config.properties', 'https://weixin.zhugeio.com', NULL);
INSERT INTO `source_config` VALUES ('3b8a42b4-bec3-45d3-9138-57402b8ed575', '0f0dfcad-40a0-4a99-9bc6-232b4efb22d4', '8d1ab3f3-5a5c-4442-81a9-336cc455ef02', '页面的title信息', '{\"source\":\"#{webapp.word.title}\",\"global\":false,\"ignoreCase\":false,\"matchIndex\":0}', 0, 'spa/config/prod.env.js.tpl', '数据分析', NULL);
INSERT INTO `source_config` VALUES ('3bd47878-e344-41e7-8c42-cae8279bf858', '40e643c4-5254-4ae7-a3cb-bc7a31aeeefc', '43df9041-08b4-4179-a7d5-303f15485253', '触达flow-api服务启动端口【/data/clockwork_api/clockwork.config->flow_api->port】', '{\"source\":\"#{clockwork.flow_api_port}\",\"global\":false,\"ignoreCase\":false,\"matchIndex\":0}', 0, 'config/tpl/clockwork.config', '8888', NULL);
INSERT INTO `source_config` VALUES ('3bdfca89-0505-49d8-8e73-a2bcad7ae187', '0f0dfcad-40a0-4a99-9bc6-232b4efb22d4', '8d1ab3f3-5a5c-4442-81a9-336cc455ef02', 'app扫码下载', '{\"source\":\"#{webapp.show_app_download}\",\"global\":false,\"ignoreCase\":false,\"matchIndex\":0}', 0, 'spa/config/prod.env.js.tpl', 'false', NULL);
INSERT INTO `source_config` VALUES ('3c48b39d-9785-4153-9478-22a7f540d055', '71671909-9834-44b3-b2eb-a0789696eeb6', '47bee3c6-4754-4bda-b3da-b6215fee96e1', 'impala连接配置（host,登录名,登录密码,端口,仓库名）', '{\"source\":\"#{impala,4}\",\"global\":false,\"ignoreCase\":false,\"matchIndex\":0}', 0, 'bin/tpl/config.yml', '21050', NULL);
INSERT INTO `source_config` VALUES ('3c9d7a57-1893-49e4-bfee-50c0c94f1dab', 'cdac3b88-7578-4a0e-8151-f96627832942', '40ce7785-d4d6-41bf-9d58-ed7ec7e9767c', '前端mysql库连接配置（host,登录名,登录密码,端口）', '{\"source\":\"#{mysql,1}\",\"global\":false,\"ignoreCase\":true,\"matchIndex\":0}', 0, 'docs/tpl/mkt-statistics', 'realtime-1', NULL);
INSERT INTO `source_config` VALUES ('3cb165d3-739e-4eb5-938d-99970eddd124', '46c0879d-a25b-4f8b-bc66-610d6ed88ef4', 'd96de692-4e70-4d52-89f9-3d1deceeee78', '前端mysql库连接配置（host,登录名,登录密码,端口）', '{\"source\":\"#{mysql,3}\",\"global\":false,\"ignoreCase\":false,\"matchIndex\":0}', 0, 'doc/部署准备资料/client-realtime-tpl/www/config.properties', 'zanalytics', NULL);
INSERT INTO `source_config` VALUES ('3d43f4fd-1e0b-41b1-8d01-8204b503af7d', '45a9da44-30ae-4660-a2f8-7729b3036d2e', '44e0bfcc-edfd-4d5c-a84d-615d444cee77', 'redis 6379端口', '{\"source\":\"#{redis_6379,1}\",\"global\":false,\"ignoreCase\":false,\"matchIndex\":0}', 0, 'userbehaviorpath_usergroup/ubpa/bin/tpl/redis_subscribe_task.py', 'realtime-1', NULL);
INSERT INTO `source_config` VALUES ('3e01ad44-f8f4-4452-b3ce-6126f0310bad', '04d51d81-5439-4f4b-ad95-ab0610f933ae', '2129aeea-f59f-47e6-af4b-48ab8e3bc374', 'redis 6379端口', '{\"source\":\"#{redis_6379,2}\",\"global\":false,\"ignoreCase\":true,\"matchIndex\":0}', 0, 'docs/config/tpl/', '6379', NULL);
INSERT INTO `source_config` VALUES ('3e878973-abd1-47e4-86e5-4d5dc8e56d67', '45a9da44-30ae-4660-a2f8-7729b3036d2e', '44e0bfcc-edfd-4d5c-a84d-615d444cee77', 'sql查询平台内网服务部署地址', '{\"source\":\"#{svr.domain.intranet.sql.www}\",\"global\":false,\"ignoreCase\":false,\"matchIndex\":0}', 0, 'nginx-single/nginx/conf/nginx.conf-upload', 'realtime-1:9003', NULL);
INSERT INTO `source_config` VALUES ('3ec9dd47-0c7d-415f-b065-b152e7add56e', '37363fe8-c813-456e-aa3a-63275a8973f9', '07fcd766-9451-4287-9e4b-f27de4e3df14', 'redis 8892端口', '{\"source\":\"#{redis_8892,3}\",\"global\":false,\"ignoreCase\":false,\"matchIndex\":0}', 0, 'etl-single/config/tpl/config/redis.properties', NULL, NULL);
INSERT INTO `source_config` VALUES ('3f72dba3-3c0f-4ac0-b1a2-55293294ea68', 'dae89e64-2932-4bec-b3ae-4ac5be585617', '7a5c3982-1c5c-43c5-b4fa-15d9bd89fcdb', 'impala连接配置（host,登录名,登录密码,端口,仓库名）', '{\"source\":\"#{impala,1}\",\"global\":false,\"ignoreCase\":false,\"matchIndex\":0}', 0, 'docs/config/tpl/application-kpt.yml', 'realtime-1', NULL);
INSERT INTO `source_config` VALUES ('3f86d3aa-69dd-4eaa-b50a-8045180a4eac', 'cdac3b88-7578-4a0e-8151-f96627832942', '40ce7785-d4d6-41bf-9d58-ed7ec7e9767c', '前端mysql库连接配置（host,登录名,登录密码,端口）', '{\"source\":\"#{mysql,4}\",\"global\":false,\"ignoreCase\":true,\"matchIndex\":0}', 0, 'docs/tpl/mkt-statistics', '3306', NULL);
INSERT INTO `source_config` VALUES ('3fa504fe-ad41-44b5-b5fa-15536b9df7d5', '37363fe8-c813-456e-aa3a-63275a8973f9', '07fcd766-9451-4287-9e4b-f27de4e3df14', 'redis 6379端口', '{\"source\":\"#{redis_6379,1}\",\"global\":false,\"ignoreCase\":false,\"matchIndex\":0}', 0, 'etl-debug/config/tpl/config/debug_redis.properties', 'realtime-1', NULL);
INSERT INTO `source_config` VALUES ('3fba68e3-f3d4-4ac6-8b02-1d82cb21d956', 'cdac3b88-7578-4a0e-8151-f96627832942', '40ce7785-d4d6-41bf-9d58-ed7ec7e9767c', '前端mysql库连接配置（host,登录名,登录密码,端口）', '{\"source\":\"#{mysql,4}\",\"global\":false,\"ignoreCase\":true,\"matchIndex\":0}', 0, 'docs/tpl/mkt-adapter', '3306', NULL);
INSERT INTO `source_config` VALUES ('401c76b3-990e-4ec2-b91c-d8a9ce913441', '37363fe8-c813-456e-aa3a-63275a8973f9', '07fcd766-9451-4287-9e4b-f27de4e3df14', 'redis 8892端口', '{\"source\":\"#{redis_8892,2}\",\"global\":false,\"ignoreCase\":false,\"matchIndex\":0}', 0, 'etl-id-kudu/config/tpl/config/id_redis.properties', '8892', NULL);
INSERT INTO `source_config` VALUES ('40485710-2bd3-49a8-88ad-58f3ff74acae', '45a9da44-30ae-4660-a2f8-7729b3036d2e', '44e0bfcc-edfd-4d5c-a84d-615d444cee77', '分析api内网服务部署地址（默认1个）', '{\"source\":\"#{svr.domain.intranet.api.www}\",\"global\":false,\"ignoreCase\":false,\"matchIndex\":0}', 0, 'nginx/nginx/conf/nginx.conf', 'realtime-1:8800', NULL);
INSERT INTO `source_config` VALUES ('40c062ef-100d-446a-9ba2-01d5de861adc', '37363fe8-c813-456e-aa3a-63275a8973f9', '07fcd766-9451-4287-9e4b-f27de4e3df14', '前端mysql库连接配置（host,登录名,登录密码,端口）', '{\"source\":\"#{mysql,2}\",\"global\":false,\"ignoreCase\":false,\"matchIndex\":0}', 0, 'etl-id-kudu/config/tpl/config/front_db.properties', 'web', NULL);
INSERT INTO `source_config` VALUES ('40c1629b-8c4b-4ebd-8f73-81c982afd0b6', '37363fe8-c813-456e-aa3a-63275a8973f9', '07fcd766-9451-4287-9e4b-f27de4e3df14', 'impala连接配置（host,登录名,登录密码,端口,仓库名）', '{\"source\":\"#{impala,5/zhugeio}\",\"global\":false,\"ignoreCase\":false,\"matchIndex\":0}', 0, 'etl-paopi/config/tpl/config/config.properties', 'zanalytics', NULL);
INSERT INTO `source_config` VALUES ('4150b42f-65a6-48f3-90dc-d6ba65c04b40', '68e078fb-eb3d-4659-9e38-272e35316e38', 'd2ec6358-ecfc-4afd-a19f-d82f67284927', '资源所在目录&根路由名称', '{\"source\":\"#{m_webapp.assets_public_path}\",\"global\":false,\"ignoreCase\":true,\"matchIndex\":0}', 0, '.env.production.tpl', '/wx-h5', NULL);
INSERT INTO `source_config` VALUES ('41ba3a96-65fd-4b48-b24b-e9e14b9e9a33', '71671909-9834-44b3-b2eb-a0789696eeb6', '47bee3c6-4754-4bda-b3da-b6215fee96e1', 'kudu集群', '{\"source\":\"#{kudu_clusters}\",\"global\":false,\"ignoreCase\":false,\"matchIndex\":0}', 0, 'bin/tpl/config.yml', 'realtime-1:7051,realtime-2:7051,realtime-3:7051', NULL);
INSERT INTO `source_config` VALUES ('41c094bd-df48-400b-8e39-07a5e2c4df45', '37363fe8-c813-456e-aa3a-63275a8973f9', '07fcd766-9451-4287-9e4b-f27de4e3df14', '前端mysql库连接配置（host,登录名,登录密码,端口）', '{\"source\":\"#{mysql,1}\",\"global\":false,\"ignoreCase\":false,\"matchIndex\":0}', 0, 'etl-id-kudu/config/tpl/config/front_db.properties', 'realtime-1', NULL);
INSERT INTO `source_config` VALUES ('41df23ee-de70-40c5-bf09-d6489cbf37ff', '04d51d81-5439-4f4b-ad95-ab0610f933ae', '2129aeea-f59f-47e6-af4b-48ab8e3bc374', '前端mysql库连接配置（host,登录名,登录密码,端口）', '{\"source\":\"#{mysql,2}\",\"global\":false,\"ignoreCase\":true,\"matchIndex\":0}', 0, 'docs/config/tpl/', 'web', NULL);
INSERT INTO `source_config` VALUES ('42a5d0de-2d31-4121-8e0f-1b6d2418faa2', '37363fe8-c813-456e-aa3a-63275a8973f9', '07fcd766-9451-4287-9e4b-f27de4e3df14', 'redis 26480端口', '{\"source\":\"#{redis_26480,3}\",\"global\":false,\"ignoreCase\":false,\"matchIndex\":0}', 0, 'etl-count-et/config/tpl/config/redis.properties', 'Sun_unix*1101', NULL);
INSERT INTO `source_config` VALUES ('43ae231d-9635-4fbe-a34b-5b52f60d03e8', '46c0879d-a25b-4f8b-bc66-610d6ed88ef4', 'd96de692-4e70-4d52-89f9-3d1deceeee78', '合并端口内网访问地址', '{\"source\":\"#{svr.domain.intranet}\",\"global\":false,\"ignoreCase\":true,\"matchIndex\":0}', 0, 'doc/部署准备资料/client-realtime-tpl/www/config.properties', 'realtime-1:80', NULL);
INSERT INTO `source_config` VALUES ('442afbf3-d5c0-4da7-8c2e-8bd4f055d2f8', '0f0dfcad-40a0-4a99-9bc6-232b4efb22d4', '8d1ab3f3-5a5c-4442-81a9-336cc455ef02', '合并端口外网访问地址(需要加协议http(s))(填网站的)', '{\"source\":\"#{svr.domain.extranet}\",\"global\":false,\"ignoreCase\":false,\"matchIndex\":0}', 0, 'spa/config/prod.env.js.tpl', 'https://uba.it.pkpm.cn', NULL);
INSERT INTO `source_config` VALUES ('44524587-aeaf-4c9f-b50c-afde8a706f64', '04d51d81-5439-4f4b-ad95-ab0610f933ae', 'c816bbd9-99c7-4020-9292-f238da577092', 'redis 6379端口', '{\"source\":\"#{redis_6379,3}\",\"global\":false,\"ignoreCase\":true,\"matchIndex\":0}', 0, 'docs/config/tpl/', 'Sun_unix*1101', '0579e662-f44b-4177-b216-0654ac59d198');
INSERT INTO `source_config` VALUES ('44da0a45-48c3-4b0c-be14-805b28bb4984', '997e7123-62a2-438a-88cc-122c32965519', 'b27b0e60-a9a0-469e-a5a6-d59d3235a5ea', '触达2.0相关配置', '{\"source\":\"#{mktv2.config->server.postman}\",\"global\":false,\"ignoreCase\":false,\"matchIndex\":0}', 0, 'config/tpl', 'realtime-mkt:1924', NULL);
INSERT INTO `source_config` VALUES ('44fda192-ea2b-4d24-aa63-10f8df764f5f', 'c901f2f3-ee26-4461-b830-7c47e4f4bd6a', '2da9b5de-74d0-4533-860f-8915766b270a', 'kafka服务集群', '{\"source\":\"#{kafka_bootstrap_servers}\",\"global\":false,\"ignoreCase\":false,\"matchIndex\":0}', 0, 'tpl/config/application.yml', 'realtime-1:9092,realtime-2:9092,realtime-3:9092', NULL);
INSERT INTO `source_config` VALUES ('45477ddd-514a-4537-8723-c04af69e0587', '04d51d81-5439-4f4b-ad95-ab0610f933ae', 'c816bbd9-99c7-4020-9292-f238da577092', 'redis 26480端口', '{\"source\":\"#{redis_26480,2}\",\"global\":false,\"ignoreCase\":true,\"matchIndex\":0}', 0, 'docs/config/tpl/', '26480', '0579e662-f44b-4177-b216-0654ac59d198');
INSERT INTO `source_config` VALUES ('457b01c1-dd9a-4c81-b109-21054e2404b6', '45a9da44-30ae-4660-a2f8-7729b3036d2e', '44e0bfcc-edfd-4d5c-a84d-615d444cee77', 'redis 6379端口', '{\"source\":\"#{redis_6379,2}\",\"global\":false,\"ignoreCase\":false,\"matchIndex\":0}', 0, 'userbehaviorpath_usergroup/behavior_path_hadoop/tpl/behavior_config.yml', '6379', NULL);
INSERT INTO `source_config` VALUES ('45c4d847-c7e3-408f-b957-c986c9f38ade', '04d51d81-5439-4f4b-ad95-ab0610f933ae', '2129aeea-f59f-47e6-af4b-48ab8e3bc374', 'kudu集群', '{\"source\":\"#{kudu_clusters}\",\"global\":false,\"ignoreCase\":true,\"matchIndex\":0}', 0, 'docs/config/tpl/', 'realtime-1:7051,realtime-2:7051,realtime-3:7051', NULL);
INSERT INTO `source_config` VALUES ('4647e1d8-2ca6-4e1b-8df4-1586946fcfeb', '04d51d81-5439-4f4b-ad95-ab0610f933ae', '2129aeea-f59f-47e6-af4b-48ab8e3bc374', 'impala连接配置（host,登录名,登录密码,端口,仓库名）', '{\"source\":\"#{impala,3}\",\"global\":false,\"ignoreCase\":true,\"matchIndex\":0}', 0, 'docs/config/tpl/', 'admin', NULL);
INSERT INTO `source_config` VALUES ('46ac6839-0e74-4b44-9b45-30c0333dd8e4', '45a9da44-30ae-4660-a2f8-7729b3036d2e', '44e0bfcc-edfd-4d5c-a84d-615d444cee77', 'impala连接配置（host,登录名,登录密码,端口,仓库名）', '{\"source\":\"#{impala,5/zhugeio}\",\"global\":false,\"ignoreCase\":false,\"matchIndex\":0}', 0, 'userbehaviorpath_usergroup/getdbdata-tpl.sh', 'zanalytics', NULL);
INSERT INTO `source_config` VALUES ('46cff09b-704d-4078-bf83-04ca5e1d665f', '45a9da44-30ae-4660-a2f8-7729b3036d2e', '44e0bfcc-edfd-4d5c-a84d-615d444cee77', '前端mysql库连接配置（host,登录名,登录密码,端口）', '{\"source\":\"#{mysql,1}\",\"global\":false,\"ignoreCase\":false,\"matchIndex\":0}', 0, 'es-index/zanalytics-index-db/tpl/impala-shell.sh', 'realtime-1', NULL);
INSERT INTO `source_config` VALUES ('470ed907-77c8-422a-9eb1-ffbcbc1454e9', '45a9da44-30ae-4660-a2f8-7729b3036d2e', '44e0bfcc-edfd-4d5c-a84d-615d444cee77', 'sql查询平台内网服务部署地址', '{\"source\":\"#{svr.domain.intranet.sql.www}\",\"global\":false,\"ignoreCase\":false,\"matchIndex\":0}', 0, 'nginx-single/nginx/conf/nginx.conf', 'realtime-1:9003', NULL);
INSERT INTO `source_config` VALUES ('478f8840-6936-46dd-92b8-1da90adfdab5', '46c0879d-a25b-4f8b-bc66-610d6ed88ef4', 'd96de692-4e70-4d52-89f9-3d1deceeee78', '微信客户端clientId，可访问该地址生成：https://weixin.zhugeio.com/s/v1/newClientId', '{\"source\":\"#{wt.client.client_id}\",\"global\":false,\"ignoreCase\":false,\"matchIndex\":0}', 0, 'doc/部署准备资料/client-realtime-tpl/worker/config.properties', '9d3266fd556a4db7b9616d385f8bdf8f', NULL);
INSERT INTO `source_config` VALUES ('4856ac0e-8a66-4f9c-8966-f3e6e0ab3ec5', '40e643c4-5254-4ae7-a3cb-bc7a31aeeefc', '43df9041-08b4-4179-a7d5-303f15485253', 'impala连接配置（host,登录名,登录密码,端口,仓库名）', '{\"source\":\"#{impala,5/zhugeio}\",\"global\":false,\"ignoreCase\":false,\"matchIndex\":0}', 0, 'config/tpl/clockwork.config', 'zanalytics', NULL);
INSERT INTO `source_config` VALUES ('4a2bc3dc-9b43-4799-b5b1-344895fea773', '37363fe8-c813-456e-aa3a-63275a8973f9', '07fcd766-9451-4287-9e4b-f27de4e3df14', 'redis 26480端口', '{\"source\":\"#{redis_26480,3}\",\"global\":false,\"ignoreCase\":false,\"matchIndex\":0}', 0, 'etl-adv-count/config/tpl/config/redis.properties', 'Sun_unix*1101', NULL);
INSERT INTO `source_config` VALUES ('4a533c8f-dace-4a5e-ad7c-a14d8e079f86', '46c0879d-a25b-4f8b-bc66-610d6ed88ef4', 'd96de692-4e70-4d52-89f9-3d1deceeee78', '微信服务端www访问地址', '{\"source\":\"#{wt.server.domain.extranet}\",\"global\":false,\"ignoreCase\":false,\"matchIndex\":0}', 0, 'doc/部署准备资料/client-realtime-tpl/receiver/config.properties', 'https://weixin.zhugeio.com', NULL);
INSERT INTO `source_config` VALUES ('4a9bbf79-a34c-452a-9c3f-00ae336f5082', '0f0dfcad-40a0-4a99-9bc6-232b4efb22d4', '8d1ab3f3-5a5c-4442-81a9-336cc455ef02', '用户信息下载控制开关，true显示下载/false隐藏下载', '{\"source\":\"#{webapp.show_download_button}\",\"global\":false,\"ignoreCase\":false,\"matchIndex\":0}', 0, 'spa/config/prod.env.js.tpl', 'true', NULL);
INSERT INTO `source_config` VALUES ('4ab830e8-7c2f-4da4-bab2-7e3a1b90fdf4', '37363fe8-c813-456e-aa3a-63275a8973f9', '07fcd766-9451-4287-9e4b-f27de4e3df14', 'impala连接配置（host,登录名,登录密码,端口,仓库名）', '{\"source\":\"#{impala,2}\",\"global\":false,\"ignoreCase\":false,\"matchIndex\":0}', 0, 'etl-load-cdh/config/tpl/config/impala_db.properties', 'admin', NULL);
INSERT INTO `source_config` VALUES ('4ac0ab23-8197-437f-8722-d35f63fd0003', '37363fe8-c813-456e-aa3a-63275a8973f9', '07fcd766-9451-4287-9e4b-f27de4e3df14', 'kudu集群', '{\"source\":\"#{kudu_clusters}\",\"global\":false,\"ignoreCase\":false,\"matchIndex\":0}', 0, 'etl-load-cdh/config/tpl/config/config.properties', 'realtime-1:7051,realtime-2:7051,realtime-3:7051', NULL);
INSERT INTO `source_config` VALUES ('4b1f74b6-6365-4932-a1c4-5406af268c2d', '37363fe8-c813-456e-aa3a-63275a8973f9', '07fcd766-9451-4287-9e4b-f27de4e3df14', 'impala连接配置（host,登录名,登录密码,端口,仓库名）', '{\"source\":\"#{impala,5/zhugeio}\",\"global\":false,\"ignoreCase\":false,\"matchIndex\":0}', 0, 'etl-paopi/install/1_init_flush_tables.sql', 'zanalytics', NULL);
INSERT INTO `source_config` VALUES ('4b87cccc-0574-45cd-9f4e-f46178111edf', '04d51d81-5439-4f4b-ad95-ab0610f933ae', 'c816bbd9-99c7-4020-9292-f238da577092', 'impala连接配置（host,登录名,登录密码,端口,仓库名）', '{\"source\":\"#{impala,2}\",\"global\":false,\"ignoreCase\":true,\"matchIndex\":0}', 0, 'docs/config/tpl/', 'admin', '0579e662-f44b-4177-b216-0654ac59d198');
INSERT INTO `source_config` VALUES ('4bc2a154-4032-4ab8-b6fd-4224b9bd6b88', '37363fe8-c813-456e-aa3a-63275a8973f9', '07fcd766-9451-4287-9e4b-f27de4e3df14', 'redis 8892端口', '{\"source\":\"#{redis_8892,1}\",\"global\":false,\"ignoreCase\":false,\"matchIndex\":0}', 0, 'etl-single/config/tpl/config/redis.properties', 'realtime-2', NULL);
INSERT INTO `source_config` VALUES ('4c31fb50-065e-4edd-836a-3bd6da5ea4c0', 'b4779bc3-b64b-4556-8fbf-e1660abc77d7', 'fd6a925b-de4d-440a-84a5-9e6f42c63845', '前端mysql库连接配置（host,登录名,登录密码,端口）', '{\"source\":\"#{mysql,1}\",\"global\":false,\"ignoreCase\":false,\"matchIndex\":0}', 0, 'docs/config/tpl/application.properties', 'realtime-1', NULL);
INSERT INTO `source_config` VALUES ('4c6f50ed-3011-4260-8efc-86f975857bd3', '0f0dfcad-40a0-4a99-9bc6-232b4efb22d4', '8d1ab3f3-5a5c-4442-81a9-336cc455ef02', 'webapp相关配置', '{\"source\":\"#{webapp->is_ultralimit}\",\"global\":false,\"ignoreCase\":false,\"matchIndex\":0}', 0, 'spa/config/prod.env.js.tpl', 'false', NULL);
INSERT INTO `source_config` VALUES ('4d326667-7f27-4f18-8e53-a735e09db4ac', 'cdac3b88-7578-4a0e-8151-f96627832942', '40ce7785-d4d6-41bf-9d58-ed7ec7e9767c', 'kudu集群', '{\"source\":\"#{kudu_clusters}\",\"global\":false,\"ignoreCase\":false,\"matchIndex\":0}', 0, 'docs/tpl/mkt-statistics', 'realtime-1:7051,realtime-2:7051,realtime-3:7051', NULL);
INSERT INTO `source_config` VALUES ('4eb8936c-c702-4a52-a175-9cf33a0761ea', 'dae89e64-2932-4bec-b3ae-4ac5be585617', '7a5c3982-1c5c-43c5-b4fa-15d9bd89fcdb', '前端mysql库连接配置（host,登录名,登录密码,端口）', '{\"source\":\"#{mysql,1}\",\"global\":false,\"ignoreCase\":false,\"matchIndex\":0}', 0, 'docs/config/tpl/application-kpt.yml', 'realtime-1', NULL);
INSERT INTO `source_config` VALUES ('4f0d76b1-44f1-4b92-8a2e-c73120f93d4d', '85866bad-811d-44af-952e-bdf1c1f1cd1a', '4a826f66-9c1d-42f7-a328-b1d84ead507f', 'zgsee-pix服务kafka-topic', '{\"source\":\"#{zgsee.pix.kafka_topic}\",\"global\":false,\"ignoreCase\":false,\"matchIndex\":0}', 0, 'config/private/tpl/config.properties', 'zg_see_pix', NULL);
INSERT INTO `source_config` VALUES ('4f22fe98-005e-4658-a38d-a444d8c7c026', 'cdac3b88-7578-4a0e-8151-f96627832942', '40ce7785-d4d6-41bf-9d58-ed7ec7e9767c', '前端mysql库连接配置（host,登录名,登录密码,端口）', '{\"source\":\"#{mysql,2}\",\"global\":false,\"ignoreCase\":true,\"matchIndex\":0}', 0, 'docs/tpl/mkt-statistics', 'web', NULL);
INSERT INTO `source_config` VALUES ('4f7315bf-d37c-46cb-a5a0-74db624b02d7', 'b4779bc3-b64b-4556-8fbf-e1660abc77d7', 'fd6a925b-de4d-440a-84a5-9e6f42c63845', 'es集群1的ip', '{\"source\":\"#{elasticsearch1,1}\",\"global\":false,\"ignoreCase\":false,\"matchIndex\":0}', 0, 'docs/config/tpl/application.properties', 'realtime-2', NULL);
INSERT INTO `source_config` VALUES ('5005348e-ad63-434e-8ba3-a6a991b9ca26', 'c901f2f3-ee26-4461-b830-7c47e4f4bd6a', '2da9b5de-74d0-4533-860f-8915766b270a', '前端mysql库连接配置（host,登录名,登录密码,端口）', '{\"source\":\"#{mysql,3}\",\"global\":false,\"ignoreCase\":false,\"matchIndex\":0}', 0, 'tpl/config/application.yml', 'zanalytics', NULL);
INSERT INTO `source_config` VALUES ('5076b1ea-e56a-4a32-b571-1b58beda238a', 'cdac3b88-7578-4a0e-8151-f96627832942', '40ce7785-d4d6-41bf-9d58-ed7ec7e9767c', '前端mysql库连接配置（host,登录名,登录密码,端口）', '{\"source\":\"#{mysql,4}\",\"global\":false,\"ignoreCase\":true,\"matchIndex\":0}', 0, 'docs/tpl/mkt-batch', '3306', NULL);
INSERT INTO `source_config` VALUES ('508192fc-0266-4f88-bf89-8fbc3df71fc4', '45a9da44-30ae-4660-a2f8-7729b3036d2e', '44e0bfcc-edfd-4d5c-a84d-615d444cee77', 'redis 6379端口', '{\"source\":\"#{redis_6379,3}\",\"global\":false,\"ignoreCase\":false,\"matchIndex\":0}', 0, 'userbehaviorpath_usergroup/ubpa/bin/tpl/ubpa-spark-app.sh', 'Sun_unix*1101', NULL);
INSERT INTO `source_config` VALUES ('50c8e44c-1b30-49b5-99e8-6f052332e2a9', '37363fe8-c813-456e-aa3a-63275a8973f9', '07fcd766-9451-4287-9e4b-f27de4e3df14', 'impala连接配置（host,登录名,登录密码,端口,仓库名）', '{\"source\":\"#{impala,3}\",\"global\":false,\"ignoreCase\":false,\"matchIndex\":0}', 0, 'etl-load-cdh/config/tpl/config/impala_db.properties', 'admin', NULL);
INSERT INTO `source_config` VALUES ('5102d6a3-ed12-4756-be8c-209a966729b7', '04d51d81-5439-4f4b-ad95-ab0610f933ae', 'c816bbd9-99c7-4020-9292-f238da577092', 'ssdb 8888端口', '{\"source\":\"#{ssdb_8888,3}\",\"global\":false,\"ignoreCase\":true,\"matchIndex\":0}', 0, 'docs/config/tpl/', NULL, '0579e662-f44b-4177-b216-0654ac59d198');
INSERT INTO `source_config` VALUES ('513b53c5-81be-46b4-95e9-12f93d8f79fe', '37363fe8-c813-456e-aa3a-63275a8973f9', '07fcd766-9451-4287-9e4b-f27de4e3df14', '前端mysql库连接配置（host,登录名,登录密码,端口）', '{\"source\":\"#{mysql,2}\",\"global\":false,\"ignoreCase\":false,\"matchIndex\":0}', 0, 'etl-single/config/tpl/config/front_db.properties', 'web', NULL);
INSERT INTO `source_config` VALUES ('51b6e202-2564-4f92-abd5-6a83fadb5486', '45a9da44-30ae-4660-a2f8-7729b3036d2e', '44e0bfcc-edfd-4d5c-a84d-615d444cee77', 'sql查询平台内网服务部署地址', '{\"source\":\"#{svr.domain.intranet.sql.www}\",\"global\":false,\"ignoreCase\":false,\"matchIndex\":0}', 0, 'nginx/nginx/conf/nginx.conf-upload', 'realtime-1:9003', NULL);
INSERT INTO `source_config` VALUES ('51cecec0-6ecb-4fdb-9a47-d03501741aad', '45a9da44-30ae-4660-a2f8-7729b3036d2e', '44e0bfcc-edfd-4d5c-a84d-615d444cee77', 'sql查询平台内网服务部署地址', '{\"source\":\"#{svr.domain.intranet.sql.www}\",\"global\":false,\"ignoreCase\":false,\"matchIndex\":0}', 0, 'nginx/nginx/conf/nginx.conf', 'realtime-1:9003', NULL);
INSERT INTO `source_config` VALUES ('51dfab55-e065-4f28-aaf4-7fbe588f56b2', '37363fe8-c813-456e-aa3a-63275a8973f9', '07fcd766-9451-4287-9e4b-f27de4e3df14', 'impala连接配置（host,登录名,登录密码,端口,仓库名）', '{\"source\":\"#{impala,3}\",\"global\":false,\"ignoreCase\":false,\"matchIndex\":0}', 0, 'etl-paopi/config/tpl/config/impala_db.properties', 'admin', NULL);
INSERT INTO `source_config` VALUES ('52221964-9163-4ec6-9ef5-56cc99220839', '46c0879d-a25b-4f8b-bc66-610d6ed88ef4', 'd96de692-4e70-4d52-89f9-3d1deceeee78', 'redis 26480端口', '{\"source\":\"#{redis_26480,2}\",\"global\":false,\"ignoreCase\":false,\"matchIndex\":0}', 0, 'doc/部署准备资料/client-realtime-tpl/www/config.properties', '26480', NULL);
INSERT INTO `source_config` VALUES ('52d59a8a-5a7f-4711-beb1-8c40db9f434f', '85866bad-811d-44af-952e-bdf1c1f1cd1a', '4a826f66-9c1d-42f7-a328-b1d84ead507f', 'kafka服务集群', '{\"source\":\"#{kafka_bootstrap_servers}\",\"global\":false,\"ignoreCase\":false,\"matchIndex\":0}', 0, 'config/private/tpl/config.properties', 'realtime-1:9092,realtime-2:9092,realtime-3:9092', NULL);
INSERT INTO `source_config` VALUES ('536cba14-e415-4f22-912e-7f3b88c58d4a', 'cdac3b88-7578-4a0e-8151-f96627832942', '40ce7785-d4d6-41bf-9d58-ed7ec7e9767c', 'impala连接配置（host,登录名,登录密码,端口,仓库名）', '{\"source\":\"#{impala,1}\",\"global\":false,\"ignoreCase\":false,\"matchIndex\":0}', 0, 'docs/tpl/mkt-statistics', 'realtime-1', NULL);
INSERT INTO `source_config` VALUES ('541bdc60-4da6-4174-a1a2-348d3950234d', 'cdac3b88-7578-4a0e-8151-f96627832942', '40ce7785-d4d6-41bf-9d58-ed7ec7e9767c', '触达2.0相关配置', '{\"source\":\"#{mktv2.config->kafka_bootstrap_servers}\",\"global\":false,\"ignoreCase\":false,\"matchIndex\":0}', 0, 'docs/tpl/mkt-threshold', 'realtime-1:9092,realtime-2:9092,realtime-3:9092', NULL);
INSERT INTO `source_config` VALUES ('549cefe1-8a5d-4816-913c-b2d39a401d0a', '46c0879d-a25b-4f8b-bc66-610d6ed88ef4', 'd96de692-4e70-4d52-89f9-3d1deceeee78', 'zookeeper服务集群', '{\"source\":\"#{zookeepr_servers}\",\"global\":false,\"ignoreCase\":false,\"matchIndex\":0}', 0, 'doc/部署准备资料/client-realtime-tpl/consumer/config.properties', 'realtime-1:2182,realtime-2:2182,realtime-3:2182', NULL);
INSERT INTO `source_config` VALUES ('555f256c-189e-4e13-80d3-8024f9aa2ee5', '85866bad-811d-44af-952e-bdf1c1f1cd1a', '4a826f66-9c1d-42f7-a328-b1d84ead507f', '前端mysql库连接配置（host,登录名,登录密码,端口）', '{\"source\":\"#{mysql,2}\",\"global\":false,\"ignoreCase\":false,\"matchIndex\":0}', 0, 'config/private/tpl/config.properties', 'web', NULL);
INSERT INTO `source_config` VALUES ('55707a6a-f5bd-4344-b5fa-866902a7c014', 'cdac3b88-7578-4a0e-8151-f96627832942', '40ce7785-d4d6-41bf-9d58-ed7ec7e9767c', '触达2.0相关配置', '{\"source\":\"#{mktv2.config->base_path}\",\"global\":false,\"ignoreCase\":true,\"matchIndex\":0}', 0, 'docs/tpl/mkt-activity', '/data/mkt', NULL);
INSERT INTO `source_config` VALUES ('55ccfe5b-8ce9-449b-9672-e6e03e4f15a6', '37363fe8-c813-456e-aa3a-63275a8973f9', '07fcd766-9451-4287-9e4b-f27de4e3df14', 'redis 8897端口', '{\"source\":\"#{redis_8897,1}\",\"global\":false,\"ignoreCase\":false,\"matchIndex\":0}', 0, 'etl-count-et/config/tpl/config/redis.properties', 'realtime-2', NULL);
INSERT INTO `source_config` VALUES ('55efdc52-17a8-48d2-bc42-be756a45adbf', 'dae89e64-2932-4bec-b3ae-4ac5be585617', '7a5c3982-1c5c-43c5-b4fa-15d9bd89fcdb', 'impala连接配置（host,登录名,登录密码,端口,仓库名）', '{\"source\":\"#{impala,2}\",\"global\":false,\"ignoreCase\":false,\"matchIndex\":0}', 0, 'docs/config/tpl/application-kpt.yml', 'admin', NULL);
INSERT INTO `source_config` VALUES ('55ff1d04-0453-48b7-bf80-5d6e2d933103', '04d51d81-5439-4f4b-ad95-ab0610f933ae', 'c816bbd9-99c7-4020-9292-f238da577092', 'kudu集群', '{\"source\":\"#{kudu_clusters}\",\"global\":false,\"ignoreCase\":true,\"matchIndex\":0}', 0, 'docs/config/tpl/', 'realtime-1:7051,realtime-2:7051,realtime-3:7051', '0579e662-f44b-4177-b216-0654ac59d198');
INSERT INTO `source_config` VALUES ('5614dfd2-c694-4e8e-bbce-d8b7af6c9246', '85866bad-811d-44af-952e-bdf1c1f1cd1a', '4a826f66-9c1d-42f7-a328-b1d84ead507f', '前端mysql库连接配置（host,登录名,登录密码,端口）', '{\"source\":\"#{mysql,1}\",\"global\":false,\"ignoreCase\":false,\"matchIndex\":0}', 0, 'config/private/tpl/kudu-to-parquet.sh', 'realtime-1', NULL);
INSERT INTO `source_config` VALUES ('56261503-5f69-48d8-b3f1-01aace4fbb59', 'cdac3b88-7578-4a0e-8151-f96627832942', '40ce7785-d4d6-41bf-9d58-ed7ec7e9767c', '前端mysql库连接配置（host,登录名,登录密码,端口）', '{\"source\":\"#{mysql,2}\",\"global\":false,\"ignoreCase\":true,\"matchIndex\":0}', 0, 'docs/tpl/mkt-postman', 'web', NULL);
INSERT INTO `source_config` VALUES ('56464aa9-30b5-4bc3-a8b2-6cff5687aad2', 'b4779bc3-b64b-4556-8fbf-e1660abc77d7', 'fd6a925b-de4d-440a-84a5-9e6f42c63845', '前端mysql库连接配置（host,登录名,登录密码,端口）', '{\"source\":\"#{mysql,2}\",\"global\":false,\"ignoreCase\":false,\"matchIndex\":0}', 0, 'docs/config/tpl/application.properties', 'web', NULL);
INSERT INTO `source_config` VALUES ('56aaee78-efee-4d1f-aef3-1916c8c1e175', '37363fe8-c813-456e-aa3a-63275a8973f9', '07fcd766-9451-4287-9e4b-f27de4e3df14', 'redis 8897端口', '{\"source\":\"#{redis_8897,2}\",\"global\":false,\"ignoreCase\":false,\"matchIndex\":0}', 0, 'etl-count-et/config/tpl/config/redis.properties', '8897', NULL);
INSERT INTO `source_config` VALUES ('56c9e382-48c8-408b-b064-53f3cb8ba758', '37363fe8-c813-456e-aa3a-63275a8973f9', '07fcd766-9451-4287-9e4b-f27de4e3df14', 'redis 8898端口', '{\"source\":\"#{redis_8898,1}\",\"global\":false,\"ignoreCase\":false,\"matchIndex\":0}', 0, 'etl-count/config/tpl/config/redis.properties', 'realtime-2', NULL);
INSERT INTO `source_config` VALUES ('56ca5465-6339-476c-80f8-539151e2c5b5', 'b365bc9c-2dfd-4fe1-afba-5b56d58e65a3', 'ef3e253f-ffe6-4196-8e1e-382f28f6c9d1', '是否在触达内部显示诸葛信息', '{\"source\":\"#{market.show_zg}\",\"global\":false,\"ignoreCase\":false,\"matchIndex\":0}', 0, 'config/constants.js.tpl', 'true', NULL);
INSERT INTO `source_config` VALUES ('57a0cffe-770a-4feb-96f1-016b0f0ee405', '37363fe8-c813-456e-aa3a-63275a8973f9', '07fcd766-9451-4287-9e4b-f27de4e3df14', '前端mysql库连接配置（host,登录名,登录密码,端口）', '{\"source\":\"#{mysql,2}\",\"global\":false,\"ignoreCase\":false,\"matchIndex\":0}', 0, 'etl-gate/config/tpl/config/front_db.properties', 'web', NULL);
INSERT INTO `source_config` VALUES ('57b57dab-deef-4986-acf4-e100b6570f5c', '04d51d81-5439-4f4b-ad95-ab0610f933ae', 'c816bbd9-99c7-4020-9292-f238da577092', '触达api访问地址（内网）【触达clockwork对应的nginx地址】', '{\"source\":\"#{clockwork.flow_api.domain.intranet}\",\"global\":false,\"ignoreCase\":true,\"matchIndex\":0}', 0, 'docs/config/tpl/', 'http://realtime-1:8008', '0579e662-f44b-4177-b216-0654ac59d198');
INSERT INTO `source_config` VALUES ('5815c24e-a624-49e1-863b-744780d27ae7', 'cdac3b88-7578-4a0e-8151-f96627832942', '40ce7785-d4d6-41bf-9d58-ed7ec7e9767c', '前端mysql库连接配置（host,登录名,登录密码,端口）', '{\"source\":\"#{mysql,1}\",\"global\":false,\"ignoreCase\":false,\"matchIndex\":0}', 0, 'docs/tpl/mkt-activity', 'realtime-1', NULL);
INSERT INTO `source_config` VALUES ('584da473-9e05-46ec-92d5-9cd468e93de7', '04d51d81-5439-4f4b-ad95-ab0610f933ae', '2129aeea-f59f-47e6-af4b-48ab8e3bc374', 'sdkv-tomcat目录,api-tomcat目录', '{\"source\":\"#{tomcat-analysis.path,1}\",\"global\":false,\"ignoreCase\":true,\"matchIndex\":0}', 0, 'docs/config/tpl-service/log4j2.xml', '/data/localization/web/tomcat', NULL);
INSERT INTO `source_config` VALUES ('589ed977-d344-43ea-b5f1-78a181c04d63', '37363fe8-c813-456e-aa3a-63275a8973f9', '07fcd766-9451-4287-9e4b-f27de4e3df14', 'redis 8897端口', '{\"source\":\"#{redis_8897,2}\",\"global\":false,\"ignoreCase\":false,\"matchIndex\":0}', 0, 'etl-single/config/tpl/config/redis.properties', '8897', NULL);
INSERT INTO `source_config` VALUES ('5a491d39-8aba-40f6-84f1-7f975959b729', 'cdac3b88-7578-4a0e-8151-f96627832942', '40ce7785-d4d6-41bf-9d58-ed7ec7e9767c', 'impala连接配置（host,登录名,登录密码,端口,仓库名）', '{\"source\":\"#{impala,3}\",\"global\":false,\"ignoreCase\":false,\"matchIndex\":0}', 0, 'docs/tpl/mkt-postman', 'admin', NULL);
INSERT INTO `source_config` VALUES ('5a7fa2b9-9a26-404c-83d9-1cac52078783', '7c6a4ef0-7af7-40b0-aa69-99bad2d6271d', '41f4d639-5aba-4888-838a-f25459698ddb', '前端mysql库连接配置（host,登录名,登录密码,端口）', '{\"source\":\"#{mysql,1}\",\"global\":false,\"ignoreCase\":false,\"matchIndex\":0}', 0, 'src/config.ts.tpl', 'realtime-1', NULL);
INSERT INTO `source_config` VALUES ('5af4059d-d478-4fb4-89eb-cacea698f82b', '2f46f470-e0ec-4119-bc84-c4d111475889', 'f099031a-7bcd-4d77-af00-8290675eb858', 'ssdb 8888端口', '{\"source\":\"#{ssdb_8888,1}\",\"global\":false,\"ignoreCase\":false,\"matchIndex\":0}', 0, 'docs/config/tpl/', 'realtime-1', NULL);
INSERT INTO `source_config` VALUES ('5ba5773f-afe1-489b-8210-83be6a52ef4b', '37363fe8-c813-456e-aa3a-63275a8973f9', '07fcd766-9451-4287-9e4b-f27de4e3df14', 'impala连接配置（host,登录名,登录密码,端口,仓库名）', '{\"source\":\"#{impala,4}\",\"global\":false,\"ignoreCase\":false,\"matchIndex\":0}', 0, 'etl-paopi/config/tpl/config/impala_db.properties', '21050', NULL);
INSERT INTO `source_config` VALUES ('5bb19dce-92af-4639-b366-9d3b3dd3d6e8', 'dae89e64-2932-4bec-b3ae-4ac5be585617', '7a5c3982-1c5c-43c5-b4fa-15d9bd89fcdb', '前端mysql库连接配置（host,登录名,登录密码,端口）', '{\"source\":\"#{mysql,2}\",\"global\":false,\"ignoreCase\":false,\"matchIndex\":0}', 0, 'docs/config/tpl/application-kpt.yml', 'web', NULL);
INSERT INTO `source_config` VALUES ('5c35810e-11cc-4232-b9b8-8287d9a8fcb7', '37363fe8-c813-456e-aa3a-63275a8973f9', '07fcd766-9451-4287-9e4b-f27de4e3df14', 'redis 8897端口', '{\"source\":\"#{redis_8897,3}\",\"global\":false,\"ignoreCase\":false,\"matchIndex\":0}', 0, 'etl-adv-count/config/tpl/config/redis.properties', NULL, NULL);
INSERT INTO `source_config` VALUES ('5cf631d6-eee8-4bd3-87dd-9a2a504aa40a', 'cdac3b88-7578-4a0e-8151-f96627832942', '40ce7785-d4d6-41bf-9d58-ed7ec7e9767c', 'impala连接配置（host,登录名,登录密码,端口,仓库名）', '{\"source\":\"#{impala,5}\",\"global\":false,\"ignoreCase\":false,\"matchIndex\":0}', 0, 'docs/tpl/mkt-user', 'zanalytics', NULL);
INSERT INTO `source_config` VALUES ('5d7abaf1-979e-45b5-8f6a-18900f7521a9', '40e643c4-5254-4ae7-a3cb-bc7a31aeeefc', '43df9041-08b4-4179-a7d5-303f15485253', 'ssdb 1217端口', '{\"source\":\"#{ssdb_1217,3}\",\"global\":false,\"ignoreCase\":false,\"matchIndex\":0}', 0, 'config/tpl/clockwork.config', NULL, NULL);
INSERT INTO `source_config` VALUES ('5dc58e05-98ff-4496-9542-38dc7950d3c0', '0f0dfcad-40a0-4a99-9bc6-232b4efb22d4', '8d1ab3f3-5a5c-4442-81a9-336cc455ef02', '数据日报开关(有日报必须有微信菜单，有微信菜单可以不用日报)', '{\"source\":\"#{webapp.show_data_daily}\",\"global\":false,\"ignoreCase\":false,\"matchIndex\":0}', 0, 'spa/config/prod.env.js.tpl', 'true', NULL);
INSERT INTO `source_config` VALUES ('5e3b43ff-809c-4b86-9186-80032a7139eb', '85866bad-811d-44af-952e-bdf1c1f1cd1a', '4a826f66-9c1d-42f7-a328-b1d84ead507f', 'impala连接配置（host,登录名,登录密码,端口,仓库名）', '{\"source\":\"#{impala,3}\",\"global\":false,\"ignoreCase\":false,\"matchIndex\":0}', 0, 'config/private/tpl/config.properties', 'admin', NULL);
INSERT INTO `source_config` VALUES ('5ec57c7f-2c4a-4623-b11c-9ee755f5b74b', '04d51d81-5439-4f4b-ad95-ab0610f933ae', 'c816bbd9-99c7-4020-9292-f238da577092', 'es集群2的ip', '{\"source\":\"#{elasticsearch2,2}\",\"global\":false,\"ignoreCase\":true,\"matchIndex\":0}', 0, 'docs/config/tpl/', '9200', '0579e662-f44b-4177-b216-0654ac59d198');
INSERT INTO `source_config` VALUES ('5f8c8fdb-4834-441c-b1e9-491587650219', '45a9da44-30ae-4660-a2f8-7729b3036d2e', '44e0bfcc-edfd-4d5c-a84d-615d444cee77', '分析api内网服务部署地址（默认1个）', '{\"source\":\"#{svr.domain.intranet.api.www}\",\"global\":false,\"ignoreCase\":false,\"matchIndex\":0}', 0, 'nginx-single/nginx/conf/nginx.conf-upload', 'realtime-1:8800', NULL);
INSERT INTO `source_config` VALUES ('5f9cebc4-dc95-48d8-bf9d-77dc6276d905', '45a9da44-30ae-4660-a2f8-7729b3036d2e', '44e0bfcc-edfd-4d5c-a84d-615d444cee77', 'redis 6379端口', '{\"source\":\"#{redis_6379,3}\",\"global\":false,\"ignoreCase\":false,\"matchIndex\":0}', 0, 'zanalytics_online_debug/online_debug_config.py-tpl', 'Sun_unix*1101', NULL);
INSERT INTO `source_config` VALUES ('606f64ec-2977-4683-a7a8-50878a0e5bee', 'cdac3b88-7578-4a0e-8151-f96627832942', '40ce7785-d4d6-41bf-9d58-ed7ec7e9767c', '触达2.0相关配置', '{\"source\":\"#{mktv2.config->kafka_bootstrap_servers}\",\"global\":false,\"ignoreCase\":false,\"matchIndex\":0}', 0, 'docs/tpl/mkt-batch', 'realtime-1:9092,realtime-2:9092,realtime-3:9092', NULL);
INSERT INTO `source_config` VALUES ('607fa5e8-3d8c-4985-abf4-4a1785ca4077', '04d51d81-5439-4f4b-ad95-ab0610f933ae', 'c816bbd9-99c7-4020-9292-f238da577092', 'impala连接配置（host,登录名,登录密码,端口,仓库名）', '{\"source\":\"#{impala,1}\",\"global\":false,\"ignoreCase\":true,\"matchIndex\":0}', 0, 'docs/config/tpl/', 'realtime-1', '0579e662-f44b-4177-b216-0654ac59d198');
INSERT INTO `source_config` VALUES ('60846166-9a73-4707-88b4-0b7f82e70207', '37363fe8-c813-456e-aa3a-63275a8973f9', '07fcd766-9451-4287-9e4b-f27de4e3df14', 'impala连接配置（host,登录名,登录密码,端口,仓库名）', '{\"source\":\"#{impala,5/zhugeio}\",\"global\":false,\"ignoreCase\":false,\"matchIndex\":0}', 0, 'etl-load-cdh/config/tpl/config/impala_db.properties', 'zanalytics', NULL);
INSERT INTO `source_config` VALUES ('60ecb951-16ed-4cf4-9d95-fd8cfa74364f', '85866bad-811d-44af-952e-bdf1c1f1cd1a', '4a826f66-9c1d-42f7-a328-b1d84ead507f', 'kudu集群', '{\"source\":\"#{kudu_clusters}\",\"global\":false,\"ignoreCase\":false,\"matchIndex\":0}', 0, 'config/private/tpl/config.properties', 'realtime-1:7051,realtime-2:7051,realtime-3:7051', NULL);
INSERT INTO `source_config` VALUES ('61ca5970-079f-4c73-a6f3-3a860cd220bf', '46c0879d-a25b-4f8b-bc66-610d6ed88ef4', 'd96de692-4e70-4d52-89f9-3d1deceeee78', '触达clockwork接收微信回调消息地址【/data/clockwork_api/bin/WeiXinCallbackHook.groovy->port(端口)】', '{\"source\":\"#{clockwork.weixin_callback_url}\",\"global\":false,\"ignoreCase\":false,\"matchIndex\":0}', 0, 'doc/部署准备资料/client-realtime-tpl/consumer/config.properties', 'http://realtime-2:8882', NULL);
INSERT INTO `source_config` VALUES ('625264d7-d01d-4509-82e2-627bf3403272', '45a9da44-30ae-4660-a2f8-7729b3036d2e', '44e0bfcc-edfd-4d5c-a84d-615d444cee77', '分析session/cookie存储域名(填网站的)(不需要加端口)', '{\"source\":\"#{analysis.zhuge_session_domain}\",\"global\":false,\"ignoreCase\":false,\"matchIndex\":0}', 0, 'sql-zeppelin/zeppelin/conf-tpl/args.properties', 'uba.it.pkpm.cn', NULL);
INSERT INTO `source_config` VALUES ('62f834b1-66da-49eb-ad8d-d45ee0c8c751', '46c0879d-a25b-4f8b-bc66-610d6ed88ef4', 'd96de692-4e70-4d52-89f9-3d1deceeee78', '微信客户端clientId，可访问该地址生成：https://weixin.zhugeio.com/s/v1/newClientId', '{\"source\":\"#{wt.client.client_id}\",\"global\":false,\"ignoreCase\":false,\"matchIndex\":0}', 0, 'doc/部署准备资料/client-realtime-tpl/receiver/config.properties', '9d3266fd556a4db7b9616d385f8bdf8f', NULL);
INSERT INTO `source_config` VALUES ('631ea33c-9dd9-4e53-b10e-0fc5d088e518', '40e643c4-5254-4ae7-a3cb-bc7a31aeeefc', '43df9041-08b4-4179-a7d5-303f15485253', 'redis 6371端口（触达）', '{\"source\":\"#{redis_6371,1}\",\"global\":false,\"ignoreCase\":false,\"matchIndex\":0}', 0, 'config/tpl/clockwork.config', 'realtime-2', NULL);
INSERT INTO `source_config` VALUES ('640135bb-b38e-400f-95a7-e5d0e4be1074', '37363fe8-c813-456e-aa3a-63275a8973f9', '07fcd766-9451-4287-9e4b-f27de4e3df14', 'redis 26480端口', '{\"source\":\"#{redis_26480,1}\",\"global\":false,\"ignoreCase\":false,\"matchIndex\":0}', 0, 'etl-count/config/tpl/config/redis.properties', 'realtime-1', NULL);
INSERT INTO `source_config` VALUES ('65b26f8b-62aa-42ae-88fa-72b1af5e4e97', '45a9da44-30ae-4660-a2f8-7729b3036d2e', '44e0bfcc-edfd-4d5c-a84d-615d444cee77', 'debug内网服务部署地址', '{\"source\":\"#{svr.domain.intranet.debug.www}\",\"global\":false,\"ignoreCase\":false,\"matchIndex\":0}', 0, 'nginx/nginx/conf/nginx.conf', 'realtime-1:16688', NULL);
INSERT INTO `source_config` VALUES ('6679a43a-c1f6-491a-a20b-a1385c3e6e2e', 'dae89e64-2932-4bec-b3ae-4ac5be585617', '7a5c3982-1c5c-43c5-b4fa-15d9bd89fcdb', 'ssdb 8888端口', '{\"source\":\"#{ssdb_8888,3}\",\"global\":false,\"ignoreCase\":false,\"matchIndex\":0}', 0, 'docs/config/tpl/application.properties', NULL, NULL);
INSERT INTO `source_config` VALUES ('670222e1-03cb-48e3-8182-0ee4146e5150', 'b4779bc3-b64b-4556-8fbf-e1660abc77d7', 'fd6a925b-de4d-440a-84a5-9e6f42c63845', '前端mysql库连接配置（host,登录名,登录密码,端口）', '{\"source\":\"#{mysql,3}\",\"global\":false,\"ignoreCase\":false,\"matchIndex\":0}', 0, 'docs/config/tpl/application.properties', 'zanalytics', NULL);
INSERT INTO `source_config` VALUES ('6720b539-137b-473b-9190-6fe1e0bb1d28', 'cdac3b88-7578-4a0e-8151-f96627832942', '40ce7785-d4d6-41bf-9d58-ed7ec7e9767c', '前端mysql库连接配置（host,登录名,登录密码,端口）', '{\"source\":\"#{mysql,2}\",\"global\":false,\"ignoreCase\":false,\"matchIndex\":0}', 0, 'docs/tpl/mkt-threshold', 'web', NULL);
INSERT INTO `source_config` VALUES ('686bbf81-79f7-4808-a2b6-a9b5f1d07a04', '46c0879d-a25b-4f8b-bc66-610d6ed88ef4', 'd96de692-4e70-4d52-89f9-3d1deceeee78', 'kafka服务集群', '{\"source\":\"#{kafka_bootstrap_servers}\",\"global\":false,\"ignoreCase\":false,\"matchIndex\":0}', 0, 'doc/部署准备资料/client-realtime-tpl/receiver/config.properties', 'realtime-1:9092,realtime-2:9092,realtime-3:9092', NULL);
INSERT INTO `source_config` VALUES ('6882a7fd-6e6e-40f3-8267-23c2571588ec', '37363fe8-c813-456e-aa3a-63275a8973f9', '07fcd766-9451-4287-9e4b-f27de4e3df14', 'redis 8895端口', '{\"source\":\"#{redis_8895,3}\",\"global\":false,\"ignoreCase\":false,\"matchIndex\":0}', 0, 'etl-dw-kudu/config/tpl/config/redis.properties', NULL, NULL);
INSERT INTO `source_config` VALUES ('68ce53d5-bd0a-49e7-bb57-16850ea3b47d', '46c0879d-a25b-4f8b-bc66-610d6ed88ef4', 'd96de692-4e70-4d52-89f9-3d1deceeee78', '前端mysql库连接配置（host,登录名,登录密码,端口）', '{\"source\":\"#{mysql,2}\",\"global\":false,\"ignoreCase\":false,\"matchIndex\":0}', 0, 'doc/部署准备资料/client-realtime-tpl/consumer/config.properties', 'web', NULL);
INSERT INTO `source_config` VALUES ('68f42382-8aec-449e-8c5d-f9038a272e8d', '45a9da44-30ae-4660-a2f8-7729b3036d2e', '44e0bfcc-edfd-4d5c-a84d-615d444cee77', '前端mysql库连接配置（host,登录名,登录密码,端口）', '{\"source\":\"#{mysql,1}\",\"global\":false,\"ignoreCase\":false,\"matchIndex\":0}', 0, 'es-index/zanalytics-index-db/tpl/2-db1.conf', 'realtime-1', NULL);
INSERT INTO `source_config` VALUES ('69383633-2f87-47f2-8063-4467fe2cde73', '37363fe8-c813-456e-aa3a-63275a8973f9', '07fcd766-9451-4287-9e4b-f27de4e3df14', 'kafka服务集群', '{\"source\":\"#{kafka_bootstrap_servers}\",\"global\":false,\"ignoreCase\":false,\"matchIndex\":0}', 0, 'etl-count/config/tpl/config/config.properties', 'realtime-1:9092,realtime-2:9092,realtime-3:9092', NULL);
INSERT INTO `source_config` VALUES ('69f021f6-1a9c-4796-9cf7-ccae3991ea41', '46c0879d-a25b-4f8b-bc66-610d6ed88ef4', 'd96de692-4e70-4d52-89f9-3d1deceeee78', '微信服务端www访问地址', '{\"source\":\"#{wt.server.domain.extranet}\",\"global\":false,\"ignoreCase\":false,\"matchIndex\":0}', 0, 'doc/部署准备资料/client-realtime-tpl/consumer/config.properties', 'https://weixin.zhugeio.com', NULL);
INSERT INTO `source_config` VALUES ('6a94fb53-a0f1-453b-9255-9bdfdc85af71', '37363fe8-c813-456e-aa3a-63275a8973f9', '07fcd766-9451-4287-9e4b-f27de4e3df14', '前端mysql库连接配置（host,登录名,登录密码,端口）', '{\"source\":\"#{mysql,1}\",\"global\":false,\"ignoreCase\":false,\"matchIndex\":0}', 0, 'etl-single/config/tpl/config/front_db.properties', 'realtime-1', NULL);
INSERT INTO `source_config` VALUES ('6ab3b7d4-7cf6-4aec-ac93-f9df2e836890', '37363fe8-c813-456e-aa3a-63275a8973f9', '07fcd766-9451-4287-9e4b-f27de4e3df14', 'kudu集群', '{\"source\":\"#{kudu_clusters}\",\"global\":false,\"ignoreCase\":false,\"matchIndex\":0}', 0, 'etl-dw-kudu/config/tpl/config/config.properties', 'realtime-1:7051,realtime-2:7051,realtime-3:7051', NULL);
INSERT INTO `source_config` VALUES ('6ac80e67-aa69-4584-adc0-869ee733de8e', '04d51d81-5439-4f4b-ad95-ab0610f933ae', 'c816bbd9-99c7-4020-9292-f238da577092', '前端mysql库连接配置（host,登录名,登录密码,端口）', '{\"source\":\"#{mysql,2}\",\"global\":false,\"ignoreCase\":true,\"matchIndex\":0}', 0, 'docs/config/tpl/', 'web', '0579e662-f44b-4177-b216-0654ac59d198');
INSERT INTO `source_config` VALUES ('6b2015bd-a878-4049-bce5-315fce86dc94', '37363fe8-c813-456e-aa3a-63275a8973f9', '07fcd766-9451-4287-9e4b-f27de4e3df14', 'redis 6379端口', '{\"source\":\"#{redis_6379,2}\",\"global\":false,\"ignoreCase\":false,\"matchIndex\":0}', 0, 'etl-debug/config/tpl/config/debug_redis.properties', '6379', NULL);
INSERT INTO `source_config` VALUES ('6b921c94-7e32-4e05-ae31-a5a2211be887', '45a9da44-30ae-4660-a2f8-7729b3036d2e', '44e0bfcc-edfd-4d5c-a84d-615d444cee77', '微信内网（receiver）服务部署地址（默认两个）【/data/wt/receiver/config】', '{\"source\":\"#{svr.domain.intranet.weixin.receiver,2}\",\"global\":false,\"ignoreCase\":false,\"matchIndex\":0}', 0, 'nginx/nginx/conf/nginx.conf-upload', 'realtime-2:7713', NULL);
INSERT INTO `source_config` VALUES ('6bb0ba1d-027a-41c7-a8cd-1df999fc90d8', '37363fe8-c813-456e-aa3a-63275a8973f9', '07fcd766-9451-4287-9e4b-f27de4e3df14', 'redis 8897端口', '{\"source\":\"#{redis_8897,3}\",\"global\":false,\"ignoreCase\":false,\"matchIndex\":0}', 0, 'etl-count-et/config/tpl/config/redis.properties', NULL, NULL);
INSERT INTO `source_config` VALUES ('6be62c07-778f-471b-8dc3-eff771edb60f', '37363fe8-c813-456e-aa3a-63275a8973f9', '07fcd766-9451-4287-9e4b-f27de4e3df14', '前端mysql库连接配置（host,登录名,登录密码,端口）', '{\"source\":\"#{mysql,3}\",\"global\":false,\"ignoreCase\":false,\"matchIndex\":0}', 0, 'etl-load-cdh/config/tpl/config/front_db.properties', 'zanalytics', NULL);
INSERT INTO `source_config` VALUES ('6d4f6d64-b781-4bff-846d-2f84e2fff61c', '37363fe8-c813-456e-aa3a-63275a8973f9', '07fcd766-9451-4287-9e4b-f27de4e3df14', 'redis 8897端口', '{\"source\":\"#{redis_8897,1}\",\"global\":false,\"ignoreCase\":false,\"matchIndex\":0}', 0, 'etl-single/config/tpl/config/redis.properties', 'realtime-2', NULL);
INSERT INTO `source_config` VALUES ('6df14de4-da5a-4cbf-953a-62547325df4e', '04d51d81-5439-4f4b-ad95-ab0610f933ae', '2129aeea-f59f-47e6-af4b-48ab8e3bc374', '分析平台版本(7标准版,8MARS版)', '{\"source\":\"#{analysis.menu_version}\",\"global\":false,\"ignoreCase\":true,\"matchIndex\":0}', 0, 'docs/config/tpl/', '7', NULL);
INSERT INTO `source_config` VALUES ('6e227dcb-7e84-43da-8ce7-fbc590874399', 'b4779bc3-b64b-4556-8fbf-e1660abc77d7', 'fd6a925b-de4d-440a-84a5-9e6f42c63845', 'ssdb 8888端口', '{\"source\":\"#{ssdb_8888,1}\",\"global\":false,\"ignoreCase\":false,\"matchIndex\":0}', 0, 'docs/config/tpl/application.properties', 'realtime-1', NULL);
INSERT INTO `source_config` VALUES ('6e73600e-161b-4368-aec8-21b42fff1f69', '45a9da44-30ae-4660-a2f8-7729b3036d2e', '44e0bfcc-edfd-4d5c-a84d-615d444cee77', '微信内网（receiver）服务部署地址（默认两个）【/data/wt/receiver/config】', '{\"source\":\"#{svr.domain.intranet.weixin.receiver,1}\",\"global\":false,\"ignoreCase\":false,\"matchIndex\":0}', 0, 'nginx/nginx/conf/nginx.conf', 'realtime-1:7713', NULL);
INSERT INTO `source_config` VALUES ('6f0d7494-e7e0-42fd-9397-dbcf8740e404', 'cdac3b88-7578-4a0e-8151-f96627832942', '40ce7785-d4d6-41bf-9d58-ed7ec7e9767c', '前端mysql库连接配置（host,登录名,登录密码,端口）', '{\"source\":\"#{mysql,3}\",\"global\":false,\"ignoreCase\":true,\"matchIndex\":0}', 0, 'docs/tpl/mkt-statistics', 'zanalytics', NULL);
INSERT INTO `source_config` VALUES ('6f5dce21-3de4-4eac-aa81-b38409cbc1e9', '37363fe8-c813-456e-aa3a-63275a8973f9', '07fcd766-9451-4287-9e4b-f27de4e3df14', '前端mysql库连接配置（host,登录名,登录密码,端口）', '{\"source\":\"#{mysql,4/3306}\",\"global\":false,\"ignoreCase\":false,\"matchIndex\":0}', 0, 'etl-dw-kudu/config/tpl/config/front_db.properties', '3306', NULL);
INSERT INTO `source_config` VALUES ('6fac6a71-b1c4-474f-8826-527f0cd3f5b6', '45a9da44-30ae-4660-a2f8-7729b3036d2e', '44e0bfcc-edfd-4d5c-a84d-615d444cee77', '分析sdkv内网服务部署地址（默认1个）', '{\"source\":\"#{svr.domain.intranet.sdkv.www}\",\"global\":false,\"ignoreCase\":false,\"matchIndex\":0}', 0, 'nginx-single/nginx/conf/nginx.conf-upload', 'realtime-1:8080', NULL);
INSERT INTO `source_config` VALUES ('6fc91cdc-46a2-4bb6-ba4f-76a7f451ad95', '46c0879d-a25b-4f8b-bc66-610d6ed88ef4', 'd96de692-4e70-4d52-89f9-3d1deceeee78', '合并端口内网访问地址', '{\"source\":\"#{svr.domain.intranet}\",\"global\":false,\"ignoreCase\":true,\"matchIndex\":0}', 0, 'doc/部署准备资料/client-realtime-tpl/worker/config.properties', 'realtime-1:80', NULL);
INSERT INTO `source_config` VALUES ('705f31d5-c468-4ed4-87e0-fdff2e97b361', '0f0dfcad-40a0-4a99-9bc6-232b4efb22d4', '8d1ab3f3-5a5c-4442-81a9-336cc455ef02', 'spa模块静态文件访问目录', '{\"source\":\"#{webapp.assets_public_path}\",\"global\":false,\"ignoreCase\":false,\"matchIndex\":0}', 0, 'spa/config/prod.env.js.tpl', '/webapp/spa/', NULL);
INSERT INTO `source_config` VALUES ('7092f2f0-69ad-4677-9512-630cb301bace', '1e4058bb-b8e6-4ca9-ae31-4065365d51f1', 'e7f7a127-f4c4-4338-8e84-9b7fc73dd4a7', '视屏里的诸葛关键字', '{\"source\":\"#{shiping.show_zg}\",\"global\":false,\"ignoreCase\":false,\"matchIndex\":0}', 0, 'config/buildConfig.js.tpl', 'true', NULL);
INSERT INTO `source_config` VALUES ('70d403c5-474d-4a18-95b1-1868b3ef7c06', '2f46f470-e0ec-4119-bc84-c4d111475889', 'f099031a-7bcd-4d77-af00-8290675eb858', 'ssdb 8888端口', '{\"source\":\"#{ssdb_8888,3}\",\"global\":false,\"ignoreCase\":false,\"matchIndex\":0}', 0, 'docs/config/tpl/', NULL, NULL);
INSERT INTO `source_config` VALUES ('70d7c944-5c3e-4921-90a5-5bea520e1abc', '46c0879d-a25b-4f8b-bc66-610d6ed88ef4', 'd96de692-4e70-4d52-89f9-3d1deceeee78', 'redis 26480端口', '{\"source\":\"#{redis_26480,3}\",\"global\":false,\"ignoreCase\":false,\"matchIndex\":0}', 0, 'doc/部署准备资料/client-realtime-tpl/consumer/config.properties', 'Sun_unix*1101', NULL);
INSERT INTO `source_config` VALUES ('7109bb3d-79e7-423b-b10d-44a5f95b89a3', '45a9da44-30ae-4660-a2f8-7729b3036d2e', '44e0bfcc-edfd-4d5c-a84d-615d444cee77', 'impala连接配置（host,登录名,登录密码,端口,仓库名）', '{\"source\":\"#{impala,1}\",\"global\":false,\"ignoreCase\":false,\"matchIndex\":0}', 0, 'sql-zeppelin/zeppelin/conf-tpl/interpreter.json', 'realtime-1', NULL);
INSERT INTO `source_config` VALUES ('711f56a0-3402-4ffc-a223-00e42788977e', 'cdac3b88-7578-4a0e-8151-f96627832942', '40ce7785-d4d6-41bf-9d58-ed7ec7e9767c', 'impala连接配置（host,登录名,登录密码,端口,仓库名）', '{\"source\":\"#{impala,4}\",\"global\":false,\"ignoreCase\":false,\"matchIndex\":0}', 0, 'docs/tpl/mkt-statistics', '21050', NULL);
INSERT INTO `source_config` VALUES ('721e4a91-6aae-432d-8a7d-2f77cc1a058d', '37363fe8-c813-456e-aa3a-63275a8973f9', '07fcd766-9451-4287-9e4b-f27de4e3df14', 'redis 8897端口', '{\"source\":\"#{redis_8897,3}\",\"global\":false,\"ignoreCase\":false,\"matchIndex\":0}', 0, 'etl-single/config/tpl/config/redis.properties', NULL, NULL);
INSERT INTO `source_config` VALUES ('72723d12-318f-44c2-b433-fb670733be64', '40e643c4-5254-4ae7-a3cb-bc7a31aeeefc', '43df9041-08b4-4179-a7d5-303f15485253', 'ssdb 1218端口', '{\"source\":\"#{ssdb_1218,3}\",\"global\":false,\"ignoreCase\":false,\"matchIndex\":0}', 0, 'config/tpl/clockwork.config', NULL, NULL);
INSERT INTO `source_config` VALUES ('7304c176-e687-4fde-933c-4adc36127a95', 'cdac3b88-7578-4a0e-8151-f96627832942', '40ce7785-d4d6-41bf-9d58-ed7ec7e9767c', 'kafka服务集群', '{\"source\":\"#{kafka_bootstrap_servers}\",\"global\":false,\"ignoreCase\":false,\"matchIndex\":0}', 0, 'docs/tpl/mkt-adapter', 'realtime-1:9092,realtime-2:9092,realtime-3:9092', NULL);
INSERT INTO `source_config` VALUES ('7400aa9b-bd7a-440c-ab43-3b8225c2904f', 'cdac3b88-7578-4a0e-8151-f96627832942', '40ce7785-d4d6-41bf-9d58-ed7ec7e9767c', 'impala连接配置（host,登录名,登录密码,端口,仓库名）', '{\"source\":\"#{impala,1}\",\"global\":false,\"ignoreCase\":false,\"matchIndex\":0}', 0, 'docs/tpl/mkt-postman', 'realtime-1', NULL);
INSERT INTO `source_config` VALUES ('74a6f722-f3b9-48eb-9d3d-aaa15a48773e', '85866bad-811d-44af-952e-bdf1c1f1cd1a', '4a826f66-9c1d-42f7-a328-b1d84ead507f', 'impala连接配置（host,登录名,登录密码,端口,仓库名）', '{\"source\":\"#{impala,1}\",\"global\":false,\"ignoreCase\":false,\"matchIndex\":0}', 0, 'config/private/tpl/config.properties', 'realtime-1', NULL);
INSERT INTO `source_config` VALUES ('74c3e623-c5e3-4ef4-a320-afc05c37623b', '45a9da44-30ae-4660-a2f8-7729b3036d2e', '44e0bfcc-edfd-4d5c-a84d-615d444cee77', '微信内网（receiver）服务部署地址（默认两个）【/data/wt/receiver/config】', '{\"source\":\"#{svr.domain.intranet.weixin.receiver,1}\",\"global\":false,\"ignoreCase\":false,\"matchIndex\":0}', 0, 'nginx-single/nginx/conf/nginx.conf', 'realtime-1:7713', NULL);
INSERT INTO `source_config` VALUES ('74d4b548-9f8b-4a5c-94d5-fd2fa58a1e5a', '0f0dfcad-40a0-4a99-9bc6-232b4efb22d4', '8d1ab3f3-5a5c-4442-81a9-336cc455ef02', '虚拟应用开关', '{\"source\":\"#{webapp.show_virtual_app}\",\"global\":false,\"ignoreCase\":false,\"matchIndex\":0}', 0, 'spa/config/prod.env.js.tpl', 'false', NULL);
INSERT INTO `source_config` VALUES ('7516f1c7-7ad0-402e-ab00-6ebb5b7d6032', '04d51d81-5439-4f4b-ad95-ab0610f933ae', '2129aeea-f59f-47e6-af4b-48ab8e3bc374', 'impala连接配置（host,登录名,登录密码,端口,仓库名）', '{\"source\":\"#{impala,2}\",\"global\":false,\"ignoreCase\":true,\"matchIndex\":0}', 0, 'docs/config/tpl/', 'admin', NULL);
INSERT INTO `source_config` VALUES ('751d1ce2-0868-4f3a-9797-a5966133f664', 'cdac3b88-7578-4a0e-8151-f96627832942', '40ce7785-d4d6-41bf-9d58-ed7ec7e9767c', '前端mysql库连接配置（host,登录名,登录密码,端口）', '{\"source\":\"#{mysql,4}\",\"global\":false,\"ignoreCase\":false,\"matchIndex\":0}', 0, 'docs/tpl/mkt-activity', '3306', NULL);
INSERT INTO `source_config` VALUES ('754ea171-b89f-4b73-aa4b-2a9a56029bbc', 'dae89e64-2932-4bec-b3ae-4ac5be585617', '7a5c3982-1c5c-43c5-b4fa-15d9bd89fcdb', 'impala连接配置（host,登录名,登录密码,端口,仓库名）', '{\"source\":\"#{impala,3}\",\"global\":false,\"ignoreCase\":false,\"matchIndex\":0}', 0, 'docs/config/tpl/application-kpt.yml', 'admin', NULL);
INSERT INTO `source_config` VALUES ('75b37cf2-3f8b-4b6a-b867-d7b852ef582a', '40e643c4-5254-4ae7-a3cb-bc7a31aeeefc', '43df9041-08b4-4179-a7d5-303f15485253', 'ssdb 1218端口', '{\"source\":\"#{ssdb_1218,2}\",\"global\":false,\"ignoreCase\":false,\"matchIndex\":0}', 0, 'config/tpl/clockwork.config', '1218', NULL);
INSERT INTO `source_config` VALUES ('75d1b21e-7b5d-4f3d-81dc-2483ec4df797', 'b4779bc3-b64b-4556-8fbf-e1660abc77d7', 'fd6a925b-de4d-440a-84a5-9e6f42c63845', 'es集群2的ip', '{\"source\":\"#{elasticsearch2,2}\",\"global\":false,\"ignoreCase\":false,\"matchIndex\":0}', 0, 'docs/config/tpl/application.properties', '9200', NULL);
INSERT INTO `source_config` VALUES ('76222b19-b42d-4757-aab8-6699219827a3', '0f0dfcad-40a0-4a99-9bc6-232b4efb22d4', '8d1ab3f3-5a5c-4442-81a9-336cc455ef02', '老模块静态文件访问目录', '{\"source\":\"#{webapp.old_assets_path}\",\"global\":false,\"ignoreCase\":false,\"matchIndex\":0}', 0, 'spa/config/prod.env.js.tpl', '/webapp/', NULL);
INSERT INTO `source_config` VALUES ('7645aa2a-e247-40d5-ab26-608a61ef85ac', '85866bad-811d-44af-952e-bdf1c1f1cd1a', '4a826f66-9c1d-42f7-a328-b1d84ead507f', 'impala连接配置（host,登录名,登录密码,端口,仓库名）', '{\"source\":\"#{impala,5/zhugeio}\",\"global\":false,\"ignoreCase\":false,\"matchIndex\":0}', 0, 'config/private/tpl/config.properties', 'zanalytics', NULL);
INSERT INTO `source_config` VALUES ('76a33f18-1f41-4222-b70d-881998a2cef4', '37363fe8-c813-456e-aa3a-63275a8973f9', '07fcd766-9451-4287-9e4b-f27de4e3df14', 'redis 8892端口', '{\"source\":\"#{redis_8892,1}\",\"global\":false,\"ignoreCase\":false,\"matchIndex\":0}', 0, 'etl-id-kudu/config/tpl/config/id_redis.properties', 'realtime-2', NULL);
INSERT INTO `source_config` VALUES ('77f684be-0ee2-483c-af38-7e7e76972c48', '37363fe8-c813-456e-aa3a-63275a8973f9', '07fcd766-9451-4287-9e4b-f27de4e3df14', 'redis 6379端口', '{\"source\":\"#{redis_6379,1}\",\"global\":false,\"ignoreCase\":false,\"matchIndex\":0}', 0, 'etl-single/config/tpl/config/redis.properties', 'realtime-1', NULL);
INSERT INTO `source_config` VALUES ('7818873e-4d78-4ff1-971a-a008e3dfa5ca', '0f0dfcad-40a0-4a99-9bc6-232b4efb22d4', '8d1ab3f3-5a5c-4442-81a9-336cc455ef02', '是否开启应用备注功能', '{\"source\":\"#{webapp.show_app_account}\",\"global\":false,\"ignoreCase\":false,\"matchIndex\":0}', 0, 'spa/config/prod.env.js.tpl', 'false', NULL);
INSERT INTO `source_config` VALUES ('78286238-e5a9-491c-9084-2629b1ac42da', '7c6a4ef0-7af7-40b0-aa69-99bad2d6271d', '41f4d639-5aba-4888-838a-f25459698ddb', 'node服务socket接口前缀', '{\"source\":\"#{node.api.prefix}\",\"global\":false,\"ignoreCase\":false,\"matchIndex\":0}', 0, 'src/config.ts.tpl', '/analysis/api', NULL);
INSERT INTO `source_config` VALUES ('78775e5a-dbf5-46a5-bf0f-a290954a38ee', '46c0879d-a25b-4f8b-bc66-610d6ed88ef4', 'd96de692-4e70-4d52-89f9-3d1deceeee78', '前端mysql库连接配置（host,登录名,登录密码,端口）', '{\"source\":\"#{mysql,4/3306}\",\"global\":false,\"ignoreCase\":false,\"matchIndex\":0}', 0, 'doc/部署准备资料/client-realtime-tpl/www/config.properties', '3306', NULL);
INSERT INTO `source_config` VALUES ('78c7feaa-c02b-41a0-8397-f1e01171bc58', '04d51d81-5439-4f4b-ad95-ab0610f933ae', 'c816bbd9-99c7-4020-9292-f238da577092', '分析session/cookie存储域名(填网站的)(不需要加端口)', '{\"source\":\"#{analysis.zhuge_session_domain}\",\"global\":false,\"ignoreCase\":true,\"matchIndex\":0}', 0, 'docs/config/tpl/', 'uba.it.pkpm.cn', '0579e662-f44b-4177-b216-0654ac59d198');
INSERT INTO `source_config` VALUES ('78ddd37f-2fb0-47c8-8ca0-8c34664ac603', '71671909-9834-44b3-b2eb-a0789696eeb6', '47bee3c6-4754-4bda-b3da-b6215fee96e1', 'redis 6379端口', '{\"source\":\"#{redis_6379,2}\",\"global\":false,\"ignoreCase\":false,\"matchIndex\":0}', 0, 'bin/tpl/config.yml', '6379', NULL);
INSERT INTO `source_config` VALUES ('7931d272-5b9d-49bf-8cc0-329f93b52996', 'cdac3b88-7578-4a0e-8151-f96627832942', '40ce7785-d4d6-41bf-9d58-ed7ec7e9767c', '触达2.0相关配置', '{\"source\":\"#{mktv2.config->server.adapter}\",\"global\":false,\"ignoreCase\":true,\"matchIndex\":0}', 0, 'docs/tpl/README.md', 'realtime-mkt:1920', NULL);
INSERT INTO `source_config` VALUES ('7a17fe2e-9d1a-4746-ba22-b1539bc05552', '45a9da44-30ae-4660-a2f8-7729b3036d2e', '44e0bfcc-edfd-4d5c-a84d-615d444cee77', 'zgsee内网服务部署地址', '{\"source\":\"#{svr.domain.intranet.zgsee.www}\",\"global\":false,\"ignoreCase\":false,\"matchIndex\":0}', 0, 'nginx-single/nginx/conf/nginx.conf', 'realtime-1:18080', NULL);
INSERT INTO `source_config` VALUES ('7a794497-01f2-45a2-9add-5f1a107d148f', '2f46f470-e0ec-4119-bc84-c4d111475889', 'f099031a-7bcd-4d77-af00-8290675eb858', 'redis 26380端口', '{\"source\":\"#{redis_26380,2}\",\"global\":false,\"ignoreCase\":false,\"matchIndex\":0}', 0, 'docs/config/tpl/', '26380', NULL);
INSERT INTO `source_config` VALUES ('7ac394f0-e36d-48a0-862f-aba307be8838', '04d51d81-5439-4f4b-ad95-ab0610f933ae', '2129aeea-f59f-47e6-af4b-48ab8e3bc374', '前端mysql库连接配置（host,登录名,登录密码,端口）', '{\"source\":\"#{mysql,3}\",\"global\":false,\"ignoreCase\":true,\"matchIndex\":0}', 0, 'docs/config/tpl/', 'zanalytics', NULL);
INSERT INTO `source_config` VALUES ('7afd98bc-1290-4fe6-b535-4a0c089bc7d5', '37363fe8-c813-456e-aa3a-63275a8973f9', '07fcd766-9451-4287-9e4b-f27de4e3df14', 'redis 8895端口', '{\"source\":\"#{redis_8895,1}\",\"global\":false,\"ignoreCase\":false,\"matchIndex\":0}', 0, 'etl-dw-kudu/config/tpl/config/redis.properties', 'realtime-2', NULL);
INSERT INTO `source_config` VALUES ('7bb37f4c-d90e-4e51-9b9b-d6562f88ef32', 'cdac3b88-7578-4a0e-8151-f96627832942', '40ce7785-d4d6-41bf-9d58-ed7ec7e9767c', '前端mysql库连接配置（host,登录名,登录密码,端口）', '{\"source\":\"#{mysql,4}\",\"global\":false,\"ignoreCase\":true,\"matchIndex\":0}', 0, 'docs/tpl/mkt-postman', '3306', NULL);
INSERT INTO `source_config` VALUES ('7c8c26b0-4133-4e22-b40c-ece4ccfb0ead', '46c0879d-a25b-4f8b-bc66-610d6ed88ef4', 'd96de692-4e70-4d52-89f9-3d1deceeee78', '微信客户端kafka消费者数量', '{\"source\":\"#{wt.client.consumer_kafka_consumer_num}\",\"global\":false,\"ignoreCase\":false,\"matchIndex\":0}', 0, 'doc/部署准备资料/client-realtime-tpl/consumer/config.properties', '5', NULL);
INSERT INTO `source_config` VALUES ('7cafb698-679b-482c-bc72-1e293dbe3ce8', '45a9da44-30ae-4660-a2f8-7729b3036d2e', '44e0bfcc-edfd-4d5c-a84d-615d444cee77', 'redis 6379端口', '{\"source\":\"#{redis_6379,3}\",\"global\":false,\"ignoreCase\":false,\"matchIndex\":0}', 0, 'userbehaviorpath_usergroup/ubpa/bin/tpl/redis_subscribe_task.py', 'Sun_unix*1101', NULL);
INSERT INTO `source_config` VALUES ('7d2ab474-3e1c-4451-b707-164532a295c6', '37363fe8-c813-456e-aa3a-63275a8973f9', '07fcd766-9451-4287-9e4b-f27de4e3df14', 'redis 8897端口', '{\"source\":\"#{redis_8897,1}\",\"global\":false,\"ignoreCase\":false,\"matchIndex\":0}', 0, 'etl-count/config/tpl/config/redis.properties', 'realtime-2', NULL);
INSERT INTO `source_config` VALUES ('7d68e27c-01b4-4bfc-beb6-32b2c362eb41', '37363fe8-c813-456e-aa3a-63275a8973f9', '07fcd766-9451-4287-9e4b-f27de4e3df14', '前端mysql库连接配置（host,登录名,登录密码,端口）', '{\"source\":\"#{mysql,1}\",\"global\":false,\"ignoreCase\":false,\"matchIndex\":0}', 0, 'etl-dw-kudu/config/tpl/config/front_db.properties', 'realtime-1', NULL);
INSERT INTO `source_config` VALUES ('7d8875c0-14d2-41f8-9137-8c173344e2eb', '04d51d81-5439-4f4b-ad95-ab0610f933ae', '2129aeea-f59f-47e6-af4b-48ab8e3bc374', 'es集群2的ip', '{\"source\":\"#{elasticsearch2,2}\",\"global\":false,\"ignoreCase\":true,\"matchIndex\":0}', 0, 'docs/config/tpl/', '9200', NULL);
INSERT INTO `source_config` VALUES ('7e5b6dd2-811f-40e4-a86c-7d9f45179e6d', 'dae89e64-2932-4bec-b3ae-4ac5be585617', '7a5c3982-1c5c-43c5-b4fa-15d9bd89fcdb', '前端mysql库连接配置（host,登录名,登录密码,端口）', '{\"source\":\"#{mysql,4/3306}\",\"global\":false,\"ignoreCase\":false,\"matchIndex\":0}', 0, 'docs/config/tpl/application-kpt.yml', '3306', NULL);
INSERT INTO `source_config` VALUES ('7f4cc623-d183-46d9-836d-fe6af4804b6c', '2f46f470-e0ec-4119-bc84-c4d111475889', 'f099031a-7bcd-4d77-af00-8290675eb858', 'ssdb 8884端口', '{\"source\":\"#{ssdb_8884,2}\",\"global\":false,\"ignoreCase\":false,\"matchIndex\":0}', 0, 'docs/config/tpl/', '8884', NULL);
INSERT INTO `source_config` VALUES ('803df1fe-7e1d-4617-922b-d130e09b3b29', 'cdac3b88-7578-4a0e-8151-f96627832942', '40ce7785-d4d6-41bf-9d58-ed7ec7e9767c', '前端mysql库连接配置（host,登录名,登录密码,端口）', '{\"source\":\"#{mysql,4}\",\"global\":false,\"ignoreCase\":true,\"matchIndex\":0}', 0, 'docs/tpl/mkt-user', '3306', NULL);
INSERT INTO `source_config` VALUES ('809e4e3d-17b0-4a3e-ab09-32dd1ad53cba', '45a9da44-30ae-4660-a2f8-7729b3036d2e', '44e0bfcc-edfd-4d5c-a84d-615d444cee77', '触达内网（www）服务部署地址（默认两个）【/data/marketing/www/config】', '{\"source\":\"#{svr.domain.intranet.mkt.www,2}\",\"global\":false,\"ignoreCase\":false,\"matchIndex\":0}', 0, 'nginx/nginx/conf/nginx.conf-upload', 'realtime-3:18001', NULL);
INSERT INTO `source_config` VALUES ('817d5dd9-1fa3-45b6-9711-cace02090791', 'dae89e64-2932-4bec-b3ae-4ac5be585617', '7a5c3982-1c5c-43c5-b4fa-15d9bd89fcdb', 'nginx路径', '{\"source\":\"#{nginx.path}\",\"global\":false,\"ignoreCase\":false,\"matchIndex\":0}', 0, 'docs/config/tpl/copyAppKey.sh', '/data/localization/nginx', NULL);
INSERT INTO `source_config` VALUES ('818459f3-9c87-4049-9a25-2284cff7cafe', '68e078fb-eb3d-4659-9e38-272e35316e38', 'd2ec6358-ecfc-4afd-a19f-d82f67284927', '分析平台内部打点上传应用app_key', '{\"source\":\"#{webapp.appkey_zg}\",\"global\":false,\"ignoreCase\":false,\"matchIndex\":0}', 0, '.env.production.tpl', '5f8a935cd15a47419df0e07d0547551b', NULL);
INSERT INTO `source_config` VALUES ('81a16bd2-cbc8-4c2e-81bc-a3d589e216e8', 'cdac3b88-7578-4a0e-8151-f96627832942', '40ce7785-d4d6-41bf-9d58-ed7ec7e9767c', 'impala连接配置（host,登录名,登录密码,端口,仓库名）', '{\"source\":\"#{impala,2}\",\"global\":false,\"ignoreCase\":false,\"matchIndex\":0}', 0, 'docs/tpl/mkt-statistics', 'admin', NULL);
INSERT INTO `source_config` VALUES ('81ae561f-0669-4181-9abf-2fa080ef9b14', '45a9da44-30ae-4660-a2f8-7729b3036d2e', '44e0bfcc-edfd-4d5c-a84d-615d444cee77', 'ssdb 8888端口', '{\"source\":\"#{ssdb_8888,2}\",\"global\":false,\"ignoreCase\":false,\"matchIndex\":0}', 0, 'es-index/zanalytics-index-db/tpl/2-db1.conf', '8888', NULL);
INSERT INTO `source_config` VALUES ('81f02037-5124-41bf-a728-74cd6db555cb', '997e7123-62a2-438a-88cc-122c32965519', 'b27b0e60-a9a0-469e-a5a6-d59d3235a5ea', '触达2.0相关配置', '{\"source\":\"#{mktv2.config->server.activity}\",\"global\":false,\"ignoreCase\":false,\"matchIndex\":0}', 0, 'config/tpl', 'realtime-mkt:1922', NULL);
INSERT INTO `source_config` VALUES ('826bf70a-0d7f-4294-af98-0c77616212a6', '45a9da44-30ae-4660-a2f8-7729b3036d2e', '44e0bfcc-edfd-4d5c-a84d-615d444cee77', '前端mysql库连接配置（host,登录名,登录密码,端口）', '{\"source\":\"#{mysql,2}\",\"global\":false,\"ignoreCase\":false,\"matchIndex\":0}', 0, 'es-index/zanalytics-index-db/tpl/2-db1.conf', 'web', NULL);
INSERT INTO `source_config` VALUES ('826f0635-4b85-4497-b432-ea9a77052696', '8d3c85d6-4bd3-4936-9e0f-ee44cfe312ca', '9d976e67-07e7-4463-8712-8a6de26e8a38', '前端mysql库连接配置（host,登录名,登录密码,端口）', '{\"source\":\"#{mysql,4/3306}\",\"global\":false,\"ignoreCase\":true,\"matchIndex\":0}', 0, 'docs/tpl', '3306', NULL);
INSERT INTO `source_config` VALUES ('82a59bbc-707d-455f-888e-3be98c023f0d', '04d51d81-5439-4f4b-ad95-ab0610f933ae', 'c816bbd9-99c7-4020-9292-f238da577092', 'impala连接配置（host,登录名,登录密码,端口,仓库名）', '{\"source\":\"#{impala,4}\",\"global\":false,\"ignoreCase\":true,\"matchIndex\":0}', 0, 'docs/config/tpl/', '21050', '0579e662-f44b-4177-b216-0654ac59d198');
INSERT INTO `source_config` VALUES ('82c917c6-8538-4a18-b4b5-1b65d06264ec', '45a9da44-30ae-4660-a2f8-7729b3036d2e', '44e0bfcc-edfd-4d5c-a84d-615d444cee77', 'redis 6379端口', '{\"source\":\"#{redis_6379,2}\",\"global\":false,\"ignoreCase\":false,\"matchIndex\":0}', 0, 'userbehaviorpath_usergroup/ubpa/bin/tpl/redis_subscribe_task.py', '6379', NULL);
INSERT INTO `source_config` VALUES ('8385d670-a9fc-420b-8772-960f9f3c5b2c', 'dae89e64-2932-4bec-b3ae-4ac5be585617', '7a5c3982-1c5c-43c5-b4fa-15d9bd89fcdb', '前端mysql库连接配置（host,登录名,登录密码,端口）', '{\"source\":\"#{mysql,1}\",\"global\":false,\"ignoreCase\":false,\"matchIndex\":0}', 0, 'docs/config/tpl/copyAppKey.sh', 'realtime-1', NULL);
INSERT INTO `source_config` VALUES ('8386fbd8-ef98-4866-a3a2-739303ba6d07', '45a9da44-30ae-4660-a2f8-7729b3036d2e', '44e0bfcc-edfd-4d5c-a84d-615d444cee77', 'zabbix-web-api', '{\"source\":\"#{svr.domain.intranet.zabbix.www}\",\"global\":false,\"ignoreCase\":false,\"matchIndex\":0}', 0, 'nginx-single/nginx/conf/nginx.conf-upload', 'realtime-1:8081', NULL);
INSERT INTO `source_config` VALUES ('8395e154-fdf1-4cfa-8fd8-9a2a8a967c91', '40e643c4-5254-4ae7-a3cb-bc7a31aeeefc', '43df9041-08b4-4179-a7d5-303f15485253', 'redis 6371端口（触达）', '{\"source\":\"#{redis_6371,3}\",\"global\":false,\"ignoreCase\":false,\"matchIndex\":0}', 0, 'config/tpl/clockwork.config', 'Sun_unix*1101', NULL);
INSERT INTO `source_config` VALUES ('83faaca6-ba8b-44d0-861d-f16edb01a315', '45a9da44-30ae-4660-a2f8-7729b3036d2e', '44e0bfcc-edfd-4d5c-a84d-615d444cee77', '微信内网（www）服务部署地址（默认1个）【/data/wt/www/config】', '{\"source\":\"#{svr.domain.intranet.weixin.www}\",\"global\":false,\"ignoreCase\":false,\"matchIndex\":0}', 0, 'nginx-single/nginx/conf/nginx.conf-upload', 'realtime-1:7715', NULL);
INSERT INTO `source_config` VALUES ('8447f2bc-d786-4588-9ef7-7f8dc4c0b687', '45a9da44-30ae-4660-a2f8-7729b3036d2e', '44e0bfcc-edfd-4d5c-a84d-615d444cee77', 'redis 6379端口', '{\"source\":\"#{redis_6379,2}\",\"global\":false,\"ignoreCase\":false,\"matchIndex\":0}', 0, 'userbehaviorpath_usergroup/ubpa/bin/tpl/ubpa-spark-app.sh', '6379', NULL);
INSERT INTO `source_config` VALUES ('845adb35-13b8-404b-ada6-23c6506891ec', '37363fe8-c813-456e-aa3a-63275a8973f9', '07fcd766-9451-4287-9e4b-f27de4e3df14', 'redis 26480端口', '{\"source\":\"#{redis_26480,2}\",\"global\":false,\"ignoreCase\":false,\"matchIndex\":0}', 0, 'etl-adv-count/config/tpl/config/redis.properties', '26480', NULL);
INSERT INTO `source_config` VALUES ('84cde9df-3449-45db-9c6d-e256504a8009', 'cdac3b88-7578-4a0e-8151-f96627832942', '40ce7785-d4d6-41bf-9d58-ed7ec7e9767c', 'impala连接配置（host,登录名,登录密码,端口,仓库名）', '{\"source\":\"#{impala,4}\",\"global\":false,\"ignoreCase\":false,\"matchIndex\":0}', 0, 'docs/tpl/mkt-postman', '21050', NULL);
INSERT INTO `source_config` VALUES ('8583b98b-1b9d-4d5b-b160-6eb2737ffebf', 'cdac3b88-7578-4a0e-8151-f96627832942', '40ce7785-d4d6-41bf-9d58-ed7ec7e9767c', '触达2.0相关配置', '{\"source\":\"#{mktv2.config->server.user}\",\"global\":false,\"ignoreCase\":false,\"matchIndex\":0}', 0, 'docs/tpl/scripts/package/playwell-client/README.md', 'realtime-mkt:1925', NULL);
INSERT INTO `source_config` VALUES ('85885939-3893-4709-bd0e-aaf55232ba63', 'cdac3b88-7578-4a0e-8151-f96627832942', '40ce7785-d4d6-41bf-9d58-ed7ec7e9767c', 'impala连接配置（host,登录名,登录密码,端口,仓库名）', '{\"source\":\"#{impala,4}\",\"global\":false,\"ignoreCase\":false,\"matchIndex\":0}', 0, 'docs/tpl/mkt-user', '21050', NULL);
INSERT INTO `source_config` VALUES ('8840e575-f051-46a4-93c4-b5c37ebea845', '45a9da44-30ae-4660-a2f8-7729b3036d2e', '44e0bfcc-edfd-4d5c-a84d-615d444cee77', '前端mysql库连接配置（host,登录名,登录密码,端口）', '{\"source\":\"#{mysql,3}\",\"global\":false,\"ignoreCase\":false,\"matchIndex\":0}', 0, 'userbehaviorpath_usergroup/getdbdata-tpl.sh', 'zanalytics', NULL);
INSERT INTO `source_config` VALUES ('896af7f9-864a-4bfd-966b-029273355f75', '68e078fb-eb3d-4659-9e38-272e35316e38', 'd2ec6358-ecfc-4afd-a19f-d82f67284927', '微信appid', '{\"source\":\"#{m_webapp.wechart_appid}\",\"global\":false,\"ignoreCase\":false,\"matchIndex\":0}', 0, '.env.production.tpl', 'wx0560f4a03bb55172', NULL);
INSERT INTO `source_config` VALUES ('8995a7b7-7c23-40a1-b7bd-b6f268572ae0', '04d51d81-5439-4f4b-ad95-ab0610f933ae', '2129aeea-f59f-47e6-af4b-48ab8e3bc374', 'impala连接配置（host,登录名,登录密码,端口,仓库名）', '{\"source\":\"#{impala,1}\",\"global\":false,\"ignoreCase\":true,\"matchIndex\":0}', 0, 'docs/config/tpl/', 'realtime-1', NULL);
INSERT INTO `source_config` VALUES ('8a07b167-4cfa-42dc-bd6b-366768e129aa', '37363fe8-c813-456e-aa3a-63275a8973f9', '07fcd766-9451-4287-9e4b-f27de4e3df14', 'impala连接配置（host,登录名,登录密码,端口,仓库名）', '{\"source\":\"#{impala,1}\",\"global\":false,\"ignoreCase\":false,\"matchIndex\":0}', 0, 'etl-load-cdh/config/tpl/config/impala_db.properties', 'realtime-1', NULL);
INSERT INTO `source_config` VALUES ('8a574fe1-f716-4b25-aecd-73f2b707d784', '37363fe8-c813-456e-aa3a-63275a8973f9', '07fcd766-9451-4287-9e4b-f27de4e3df14', 'redis 8897端口', '{\"source\":\"#{redis_8897,2}\",\"global\":false,\"ignoreCase\":false,\"matchIndex\":0}', 0, 'etl-adv-count/config/tpl/config/redis.properties', '8897', NULL);
INSERT INTO `source_config` VALUES ('8bb42bf5-0435-479b-8811-d449c1b40cbe', '46c0879d-a25b-4f8b-bc66-610d6ed88ef4', 'd96de692-4e70-4d52-89f9-3d1deceeee78', '前端mysql库连接配置（host,登录名,登录密码,端口）', '{\"source\":\"#{mysql,4/3306}\",\"global\":false,\"ignoreCase\":false,\"matchIndex\":0}', 0, 'doc/部署准备资料/client-realtime-tpl/consumer/config.properties', '3306', NULL);
INSERT INTO `source_config` VALUES ('8c52f8a2-fd2a-4745-bdf1-8d966168d027', '40e643c4-5254-4ae7-a3cb-bc7a31aeeefc', '43df9041-08b4-4179-a7d5-303f15485253', 'redis 6371端口（触达）', '{\"source\":\"#{redis_6371,2}\",\"global\":false,\"ignoreCase\":false,\"matchIndex\":0}', 0, 'config/tpl/clockwork.config', '6379', NULL);
INSERT INTO `source_config` VALUES ('8ca01cdb-4aed-449d-8e15-ce5f7e1521e4', '45a9da44-30ae-4660-a2f8-7729b3036d2e', '44e0bfcc-edfd-4d5c-a84d-615d444cee77', 'redis 6379端口', '{\"source\":\"#{redis_6379,1}\",\"global\":false,\"ignoreCase\":false,\"matchIndex\":0}', 0, 'userbehaviorpath_usergroup/behavior_path_hadoop/tpl/behavior_config.yml', 'realtime-1', NULL);
INSERT INTO `source_config` VALUES ('8d0d09ba-249b-44a0-b735-8768d4b906c4', 'cdac3b88-7578-4a0e-8151-f96627832942', '40ce7785-d4d6-41bf-9d58-ed7ec7e9767c', '触达2.0相关配置', '{\"source\":\"#{mktv2.config->base_path}\",\"global\":false,\"ignoreCase\":true,\"matchIndex\":0}', 0, 'docs/tpl/mkt-postman', '/data/mkt', NULL);
INSERT INTO `source_config` VALUES ('8d296007-b16e-4efe-a5df-546ba4f6e79d', '45a9da44-30ae-4660-a2f8-7729b3036d2e', '44e0bfcc-edfd-4d5c-a84d-615d444cee77', '前端mysql库连接配置（host,登录名,登录密码,端口）', '{\"source\":\"#{mysql,4/3306}\",\"global\":false,\"ignoreCase\":false,\"matchIndex\":0}', 0, 'userbehaviorpath_usergroup/getdbdata-tpl.sh', '3306', NULL);
INSERT INTO `source_config` VALUES ('8d4ef768-6e69-4224-98fd-0db275b20ace', '45a9da44-30ae-4660-a2f8-7729b3036d2e', '44e0bfcc-edfd-4d5c-a84d-615d444cee77', '触达2.0相关配置', '{\"source\":\"#{mktv2.config->server.www}\",\"global\":false,\"ignoreCase\":false,\"matchIndex\":0}', 0, 'nginx-single/nginx/conf/nginx.conf', 'realtime-mkt:18001', NULL);
INSERT INTO `source_config` VALUES ('8d7ba6c6-e8a7-4dbb-abc6-05c1def5cde9', '45a9da44-30ae-4660-a2f8-7729b3036d2e', '44e0bfcc-edfd-4d5c-a84d-615d444cee77', '合并端口内网访问地址', '{\"source\":\"#{svr.domain.intranet}\",\"global\":false,\"ignoreCase\":false,\"matchIndex\":0}', 0, 'sql-zeppelin/zeppelin/conf-tpl/args.properties', 'realtime-1:80', NULL);
INSERT INTO `source_config` VALUES ('8e9556bb-5012-445b-9798-e9bcb5c2a589', '2f46f470-e0ec-4119-bc84-c4d111475889', 'f099031a-7bcd-4d77-af00-8290675eb858', 'ssdb 8884端口', '{\"source\":\"#{ssdb_8884,1}\",\"global\":false,\"ignoreCase\":false,\"matchIndex\":0}', 0, 'docs/config/tpl/', 'realtime-1', NULL);
INSERT INTO `source_config` VALUES ('8f01474d-4494-447a-847a-f0b0a34a2cb2', '37363fe8-c813-456e-aa3a-63275a8973f9', '07fcd766-9451-4287-9e4b-f27de4e3df14', '前端mysql库连接配置（host,登录名,登录密码,端口）', '{\"source\":\"#{mysql,3}\",\"global\":false,\"ignoreCase\":false,\"matchIndex\":0}', 0, 'etl-id-kudu/config/tpl/config/front_db.properties', 'zanalytics', NULL);
INSERT INTO `source_config` VALUES ('8f6fd8e5-4fe3-48a2-b6a5-e2465360c56a', '04d51d81-5439-4f4b-ad95-ab0610f933ae', '2129aeea-f59f-47e6-af4b-48ab8e3bc374', '合并端口内网访问地址', '{\"source\":\"#{svr.domain.intranet}\",\"global\":false,\"ignoreCase\":true,\"matchIndex\":0}', 0, 'docs/config/tpl/', 'realtime-1:80', NULL);
INSERT INTO `source_config` VALUES ('8fb91fea-0bff-402a-beb8-fbc886fc9e82', '04d51d81-5439-4f4b-ad95-ab0610f933ae', '2129aeea-f59f-47e6-af4b-48ab8e3bc374', 'sdkv-tomcat目录,api-tomcat目录', '{\"source\":\"#{tomcat-analysis.path,1}\",\"global\":false,\"ignoreCase\":true,\"matchIndex\":0}', 0, 'docs/config/tpl/', '/data/localization/web/tomcat', NULL);
INSERT INTO `source_config` VALUES ('8fef4f7d-9a8b-4ce4-92e8-1370e0b3d4d3', '45a9da44-30ae-4660-a2f8-7729b3036d2e', '44e0bfcc-edfd-4d5c-a84d-615d444cee77', '前端mysql库连接配置（host,登录名,登录密码,端口）', '{\"source\":\"#{mysql,3}\",\"global\":false,\"ignoreCase\":false,\"matchIndex\":0}', 0, 'es-index/zanalytics-index-db/tpl/impala-shell.sh', 'zanalytics', NULL);
INSERT INTO `source_config` VALUES ('90010a50-32ac-40c6-9429-ff5d9e394654', 'cdac3b88-7578-4a0e-8151-f96627832942', '40ce7785-d4d6-41bf-9d58-ed7ec7e9767c', '触达2.0相关配置', '{\"source\":\"#{mktv2.config->server.statistics}\",\"global\":false,\"ignoreCase\":false,\"matchIndex\":0}', 0, 'docs/tpl/scripts/package/playwell-client/README.md', 'realtime-mkt:1926', NULL);
INSERT INTO `source_config` VALUES ('923398d4-380b-41ee-bb45-666287698cd1', '46c0879d-a25b-4f8b-bc66-610d6ed88ef4', 'd96de692-4e70-4d52-89f9-3d1deceeee78', '前端mysql库连接配置（host,登录名,登录密码,端口）', '{\"source\":\"#{mysql,4/3306}\",\"global\":false,\"ignoreCase\":false,\"matchIndex\":0}', 0, 'doc/部署准备资料/client-realtime-tpl/worker/config.properties', '3306', NULL);
INSERT INTO `source_config` VALUES ('927bc13c-ef6b-4370-af4c-115b3cd67daa', '0f0dfcad-40a0-4a99-9bc6-232b4efb22d4', '8d1ab3f3-5a5c-4442-81a9-336cc455ef02', '分析平台内部打点上传应用app_key', '{\"source\":\"#{webapp.appkey_zg}\",\"global\":false,\"ignoreCase\":false,\"matchIndex\":0}', 0, 'spa/config/prod.env.js.tpl', '5f8a935cd15a47419df0e07d0547551b', NULL);
INSERT INTO `source_config` VALUES ('92c6fbdd-d373-45f6-a808-90e3560ce4fc', '45a9da44-30ae-4660-a2f8-7729b3036d2e', '44e0bfcc-edfd-4d5c-a84d-615d444cee77', '微信内网（receiver）服务部署地址（默认两个）【/data/wt/receiver/config】', '{\"source\":\"#{svr.domain.intranet.weixin.receiver,2}\",\"global\":false,\"ignoreCase\":false,\"matchIndex\":0}', 0, 'nginx/nginx/conf/nginx.conf', 'realtime-2:7713', NULL);
INSERT INTO `source_config` VALUES ('93531290-f808-4afa-896d-e68ecab20733', '37363fe8-c813-456e-aa3a-63275a8973f9', '07fcd766-9451-4287-9e4b-f27de4e3df14', 'impala连接配置（host,登录名,登录密码,端口,仓库名）', '{\"source\":\"#{impala,5/zhugeio}\",\"global\":false,\"ignoreCase\":true,\"matchIndex\":0}', 0, 'etl-load-cdh/config/tpl/config_single/config.properties', 'zanalytics', NULL);
INSERT INTO `source_config` VALUES ('937384cb-13ad-48d4-8194-b174e0e2cd81', '46c0879d-a25b-4f8b-bc66-610d6ed88ef4', 'd96de692-4e70-4d52-89f9-3d1deceeee78', '前端mysql库连接配置（host,登录名,登录密码,端口）', '{\"source\":\"#{mysql,2}\",\"global\":false,\"ignoreCase\":false,\"matchIndex\":0}', 0, 'doc/部署准备资料/client-realtime-tpl/worker/config.properties', 'web', NULL);
INSERT INTO `source_config` VALUES ('93eb44be-c41e-42e3-b6cb-1a8005dcbaa6', '71671909-9834-44b3-b2eb-a0789696eeb6', '47bee3c6-4754-4bda-b3da-b6215fee96e1', 'kafka服务集群', '{\"source\":\"#{kafka_bootstrap_servers}\",\"global\":false,\"ignoreCase\":false,\"matchIndex\":0}', 0, 'bin/tpl/config.yml', 'realtime-1:9092,realtime-2:9092,realtime-3:9092', NULL);
INSERT INTO `source_config` VALUES ('9418a1f2-73c2-40d9-91d8-14749c1f7a1b', '37363fe8-c813-456e-aa3a-63275a8973f9', '07fcd766-9451-4287-9e4b-f27de4e3df14', 'redis 26480端口', '{\"source\":\"#{redis_26480,1}\",\"global\":false,\"ignoreCase\":false,\"matchIndex\":0}', 0, 'etl-adv-count/config/tpl/config/redis.properties', 'realtime-1', NULL);
INSERT INTO `source_config` VALUES ('95997a24-f973-481d-8ae2-79b0a46902b2', '45a9da44-30ae-4660-a2f8-7729b3036d2e', '44e0bfcc-edfd-4d5c-a84d-615d444cee77', 'ssdb 8888端口', '{\"source\":\"#{ssdb_8888,3}\",\"global\":false,\"ignoreCase\":false,\"matchIndex\":0}', 0, 'sql-zeppelin/zeppelin/conf-tpl/interpreter.json', NULL, NULL);
INSERT INTO `source_config` VALUES ('9619cf27-e760-443e-967f-a8c304910546', 'b4779bc3-b64b-4556-8fbf-e1660abc77d7', 'fd6a925b-de4d-440a-84a5-9e6f42c63845', 'ssdb 8888端口', '{\"source\":\"#{ssdb_8888,3}\",\"global\":false,\"ignoreCase\":false,\"matchIndex\":0}', 0, 'docs/config/tpl/application.properties', NULL, NULL);
INSERT INTO `source_config` VALUES ('966de486-99e4-4d3a-bf3d-fc33e8267fb6', '37363fe8-c813-456e-aa3a-63275a8973f9', '07fcd766-9451-4287-9e4b-f27de4e3df14', 'ssdb 1217端口', '{\"source\":\"#{ssdb_1217,1}\",\"global\":false,\"ignoreCase\":false,\"matchIndex\":0}', 0, 'etl-market-cloud/config/tpl/config/redis.properties', 'realtime-2', NULL);
INSERT INTO `source_config` VALUES ('9803b9e3-897d-4422-aafd-a6308cd4f8c2', 'cdac3b88-7578-4a0e-8151-f96627832942', '40ce7785-d4d6-41bf-9d58-ed7ec7e9767c', '触达2.0相关配置', '{\"source\":\"#{mktv2.config->kafka_bootstrap_servers}\",\"global\":false,\"ignoreCase\":true,\"matchIndex\":0}', 0, 'docs/tpl/mkt-activity', 'realtime-1:9092,realtime-2:9092,realtime-3:9092', NULL);
INSERT INTO `source_config` VALUES ('99615835-9767-402b-aed7-32f4af4f366e', '0f0dfcad-40a0-4a99-9bc6-232b4efb22d4', '8d1ab3f3-5a5c-4442-81a9-336cc455ef02', '根路由', '{\"source\":\"#{webapp.route_base_path}\",\"global\":false,\"ignoreCase\":false,\"matchIndex\":0}', 0, 'spa/config/prod.env.js.tpl', '/webapp/', NULL);
INSERT INTO `source_config` VALUES ('996231de-95be-43ca-887b-4b0b97bd3c17', '37363fe8-c813-456e-aa3a-63275a8973f9', '07fcd766-9451-4287-9e4b-f27de4e3df14', 'impala连接配置（host,登录名,登录密码,端口,仓库名）', '{\"source\":\"#{impala,4}\",\"global\":false,\"ignoreCase\":false,\"matchIndex\":0}', 0, 'etl-dw-kudu/config/tpl/config/impala_db.properties', '21050', NULL);
INSERT INTO `source_config` VALUES ('9a2ea085-9c15-4ed2-a24c-fbd33c358651', 'cdac3b88-7578-4a0e-8151-f96627832942', '40ce7785-d4d6-41bf-9d58-ed7ec7e9767c', 'impala连接配置（host,登录名,登录密码,端口,仓库名）', '{\"source\":\"#{impala,5}\",\"global\":false,\"ignoreCase\":false,\"matchIndex\":0}', 0, 'docs/tpl/mkt-statistics', 'zanalytics', NULL);
INSERT INTO `source_config` VALUES ('9a47131a-3566-47bf-8e74-1f06b6c89e47', '8d3c85d6-4bd3-4936-9e0f-ee44cfe312ca', '9d976e67-07e7-4463-8712-8a6de26e8a38', '前端mysql库连接配置（host,登录名,登录密码,端口）', '{\"source\":\"#{mysql,1}\",\"global\":false,\"ignoreCase\":true,\"matchIndex\":0}', 0, 'docs/tpl', 'realtime-1', NULL);
INSERT INTO `source_config` VALUES ('9a4efd2c-cca4-49ce-961c-a235750960e5', 'cdac3b88-7578-4a0e-8151-f96627832942', '40ce7785-d4d6-41bf-9d58-ed7ec7e9767c', '前端mysql库连接配置（host,登录名,登录密码,端口）', '{\"source\":\"#{mysql,1}\",\"global\":false,\"ignoreCase\":true,\"matchIndex\":0}', 0, 'docs/tpl/mkt-adapter', 'realtime-1', NULL);
INSERT INTO `source_config` VALUES ('9a56b4b5-785e-413e-892f-dad28e71f57a', '37363fe8-c813-456e-aa3a-63275a8973f9', '07fcd766-9451-4287-9e4b-f27de4e3df14', 'impala连接配置（host,登录名,登录密码,端口,仓库名）', '{\"source\":\"#{impala,1}\",\"global\":false,\"ignoreCase\":false,\"matchIndex\":0}', 0, 'etl-dw-kudu/config/tpl/config/impala_db.properties', 'realtime-1', NULL);
INSERT INTO `source_config` VALUES ('9a730feb-48ee-42ba-9b1d-2e866c925252', '40e643c4-5254-4ae7-a3cb-bc7a31aeeefc', '43df9041-08b4-4179-a7d5-303f15485253', '前端mysql库连接配置（host,登录名,登录密码,端口）', '{\"source\":\"#{mysql,2}\",\"global\":false,\"ignoreCase\":true,\"matchIndex\":0}', 0, 'config/tpl/clockwork.config', 'web', NULL);
INSERT INTO `source_config` VALUES ('9a91dd5a-cc2e-4148-b87b-a691b9552e19', '46c0879d-a25b-4f8b-bc66-610d6ed88ef4', 'd96de692-4e70-4d52-89f9-3d1deceeee78', 'redis 26480端口', '{\"source\":\"#{redis_26480,1}\",\"global\":false,\"ignoreCase\":false,\"matchIndex\":0}', 0, 'doc/部署准备资料/client-realtime-tpl/www/config.properties', 'realtime-1', NULL);
INSERT INTO `source_config` VALUES ('9b02b865-2f4c-4021-b526-f2a6bb25ea40', '04d51d81-5439-4f4b-ad95-ab0610f933ae', '2129aeea-f59f-47e6-af4b-48ab8e3bc374', 'redis 26480端口', '{\"source\":\"#{redis_26480,3}\",\"global\":false,\"ignoreCase\":true,\"matchIndex\":0}', 0, 'docs/config/tpl/', 'Sun_unix*1101', NULL);
INSERT INTO `source_config` VALUES ('9b1045e8-15c5-42b2-be54-760d7065c65d', '04d51d81-5439-4f4b-ad95-ab0610f933ae', 'c816bbd9-99c7-4020-9292-f238da577092', '合并端口外网访问地址(需要加协议http(s))(填网站的)', '{\"source\":\"#{svr.domain.extranet}\",\"global\":false,\"ignoreCase\":true,\"matchIndex\":0}', 0, 'docs/config/tpl/', 'https://uba.it.pkpm.cn', '0579e662-f44b-4177-b216-0654ac59d198');
INSERT INTO `source_config` VALUES ('9bd80cfb-039c-4083-9081-35a06f643e88', '45a9da44-30ae-4660-a2f8-7729b3036d2e', '44e0bfcc-edfd-4d5c-a84d-615d444cee77', '前端mysql库连接配置（host,登录名,登录密码,端口）', '{\"source\":\"#{mysql,3}\",\"global\":false,\"ignoreCase\":false,\"matchIndex\":0}', 0, 'es-index/zanalytics-index-db/tpl/2-db1.conf', 'zanalytics', NULL);
INSERT INTO `source_config` VALUES ('9c79883a-3f6d-4066-af09-418543db0b46', '37363fe8-c813-456e-aa3a-63275a8973f9', '07fcd766-9451-4287-9e4b-f27de4e3df14', 'impala连接配置（host,登录名,登录密码,端口,仓库名）', '{\"source\":\"#{impala,5/zhugeio}\",\"global\":false,\"ignoreCase\":true,\"matchIndex\":0}', 0, 'etl-load-cdh/config/tpl/config/config.properties', 'zanalytics', NULL);
INSERT INTO `source_config` VALUES ('9d01f9f5-3a2d-4d6b-8c00-8170e87734c0', 'b4779bc3-b64b-4556-8fbf-e1660abc77d7', 'fd6a925b-de4d-440a-84a5-9e6f42c63845', 'es集群2的ip', '{\"source\":\"#{elasticsearch2,1}\",\"global\":false,\"ignoreCase\":false,\"matchIndex\":0}', 0, 'docs/config/tpl/application.properties', 'realtime-2', NULL);
INSERT INTO `source_config` VALUES ('9d3b3359-0396-40f5-a3f4-0ee3b73605b8', '0f0dfcad-40a0-4a99-9bc6-232b4efb22d4', '8d1ab3f3-5a5c-4442-81a9-336cc455ef02', '诸葛打点，0关闭，1上传至saas，2上传至私有部署', '{\"source\":\"#{webapp.use_track}\",\"global\":false,\"ignoreCase\":false,\"matchIndex\":0}', 0, 'spa/config/prod.env.js.tpl', '0', NULL);
INSERT INTO `source_config` VALUES ('9d8a8a4f-60ce-4f7c-b7ec-530e733919e7', '45a9da44-30ae-4660-a2f8-7729b3036d2e', '44e0bfcc-edfd-4d5c-a84d-615d444cee77', 'impala连接配置（host,登录名,登录密码,端口,仓库名）', '{\"source\":\"#{impala,5/zhugeio}\",\"global\":false,\"ignoreCase\":false,\"matchIndex\":0}', 0, 'sql-zeppelin/zeppelin/conf-tpl/interpreter.json', 'zanalytics', NULL);
INSERT INTO `source_config` VALUES ('9da83880-891e-48d5-991d-e6b81e064b67', 'cdac3b88-7578-4a0e-8151-f96627832942', '40ce7785-d4d6-41bf-9d58-ed7ec7e9767c', '前端mysql库连接配置（host,登录名,登录密码,端口）', '{\"source\":\"#{mysql,3}\",\"global\":false,\"ignoreCase\":true,\"matchIndex\":0}', 0, 'docs/tpl/mkt-postman', 'zanalytics', NULL);
INSERT INTO `source_config` VALUES ('9dc7c1db-3c89-44d4-8dc2-93cc8f184ee2', '45a9da44-30ae-4660-a2f8-7729b3036d2e', '44e0bfcc-edfd-4d5c-a84d-615d444cee77', '分析sdkv内网服务部署地址（默认1个）', '{\"source\":\"#{svr.domain.intranet.sdkv.www}\",\"global\":false,\"ignoreCase\":false,\"matchIndex\":0}', 0, 'nginx/nginx/conf/nginx.conf-upload', 'realtime-1:8080', NULL);
INSERT INTO `source_config` VALUES ('9dd766a2-1ad0-49e8-a6ed-7f2edc3f8a72', '46c0879d-a25b-4f8b-bc66-610d6ed88ef4', 'd96de692-4e70-4d52-89f9-3d1deceeee78', '微信服务端www访问地址', '{\"source\":\"#{wt.server.domain.extranet}\",\"global\":false,\"ignoreCase\":false,\"matchIndex\":0}', 0, 'doc/部署准备资料/client-realtime-tpl/worker/config.properties', 'https://weixin.zhugeio.com', NULL);
INSERT INTO `source_config` VALUES ('9e1588d6-2362-4147-97db-ce8297ecb6fc', '46c0879d-a25b-4f8b-bc66-610d6ed88ef4', 'd96de692-4e70-4d52-89f9-3d1deceeee78', '微信客户端clientId，可访问该地址生成：https://weixin.zhugeio.com/s/v1/newClientId', '{\"source\":\"#{wt.client.client_id}\",\"global\":false,\"ignoreCase\":false,\"matchIndex\":0}', 0, 'doc/部署准备资料/client-realtime-tpl/consumer/config.properties', '9d3266fd556a4db7b9616d385f8bdf8f', NULL);
INSERT INTO `source_config` VALUES ('9e218a3b-05f6-43d4-95c5-c51c2cf88825', '45a9da44-30ae-4660-a2f8-7729b3036d2e', '44e0bfcc-edfd-4d5c-a84d-615d444cee77', 'zgsee内网服务部署地址', '{\"source\":\"#{svr.domain.intranet.zgsee.www}\",\"global\":false,\"ignoreCase\":false,\"matchIndex\":0}', 0, 'nginx/nginx/conf/nginx.conf', 'realtime-1:18080', NULL);
INSERT INTO `source_config` VALUES ('9fef9f8b-3233-48cb-abc0-7a98c180689b', '45a9da44-30ae-4660-a2f8-7729b3036d2e', '44e0bfcc-edfd-4d5c-a84d-615d444cee77', '分析api内网服务部署地址（默认1个）', '{\"source\":\"#{svr.domain.intranet.api.www}\",\"global\":false,\"ignoreCase\":false,\"matchIndex\":0}', 0, 'nginx-single/nginx/conf/nginx.conf', 'realtime-1:8800', NULL);
INSERT INTO `source_config` VALUES ('a06df176-e169-433b-97af-68a0360b48cb', '37363fe8-c813-456e-aa3a-63275a8973f9', '07fcd766-9451-4287-9e4b-f27de4e3df14', 'redis 26480端口', '{\"source\":\"#{redis_26480,3}\",\"global\":false,\"ignoreCase\":false,\"matchIndex\":0}', 0, 'etl-count/config/tpl/config/redis.properties', 'Sun_unix*1101', NULL);
INSERT INTO `source_config` VALUES ('a120a5c5-63e7-4b45-a691-41bf3617c81d', '45a9da44-30ae-4660-a2f8-7729b3036d2e', '44e0bfcc-edfd-4d5c-a84d-615d444cee77', 'node服务（来源映射、sdk、实时概览、数据接入等）', '{\"source\":\"#{svr.domain.intranet.node}\",\"global\":false,\"ignoreCase\":false,\"matchIndex\":0}', 0, 'nginx/nginx/conf/nginx.conf', 'realtime-3:9004', NULL);
INSERT INTO `source_config` VALUES ('a125268f-42dc-4fce-a1ca-fc64f0ad403d', 'cdac3b88-7578-4a0e-8151-f96627832942', '40ce7785-d4d6-41bf-9d58-ed7ec7e9767c', '触达2.0相关配置', '{\"source\":\"#{mktv2.config->kafka_bootstrap_servers}\",\"global\":false,\"ignoreCase\":false,\"matchIndex\":0}', 0, 'docs/tpl/mkt-postman', 'realtime-1:9092,realtime-2:9092,realtime-3:9092', NULL);
INSERT INTO `source_config` VALUES ('a1ca0a35-ba0e-4915-a897-d195a7a10d04', '37363fe8-c813-456e-aa3a-63275a8973f9', '07fcd766-9451-4287-9e4b-f27de4e3df14', 'impala连接配置（host,登录名,登录密码,端口,仓库名）', '{\"source\":\"#{impala,4}\",\"global\":false,\"ignoreCase\":false,\"matchIndex\":0}', 0, 'etl-load-cdh/config/tpl/config/impala_db.properties', '21050', NULL);
INSERT INTO `source_config` VALUES ('a34ebad9-e0b7-40ba-921d-4023473de834', 'dae89e64-2932-4bec-b3ae-4ac5be585617', '7a5c3982-1c5c-43c5-b4fa-15d9bd89fcdb', 'ssdb 8888端口', '{\"source\":\"#{ssdb_8888,1}\",\"global\":false,\"ignoreCase\":false,\"matchIndex\":0}', 0, 'docs/config/tpl/application.properties', 'realtime-1', NULL);
INSERT INTO `source_config` VALUES ('a377d658-da28-48be-ba19-767bdc741983', 'b4779bc3-b64b-4556-8fbf-e1660abc77d7', 'fd6a925b-de4d-440a-84a5-9e6f42c63845', 'elasticsearch用户名、密码', '{\"source\":\"#{elasticsearch.auth,1}\",\"global\":false,\"ignoreCase\":false,\"matchIndex\":0}', 0, 'docs/config/tpl/application.properties', 'elastic', NULL);
INSERT INTO `source_config` VALUES ('a391fa98-afc7-4acd-90c3-d62723d40edb', 'dae89e64-2932-4bec-b3ae-4ac5be585617', '7a5c3982-1c5c-43c5-b4fa-15d9bd89fcdb', '前端mysql库连接配置（host,登录名,登录密码,端口）', '{\"source\":\"#{mysql,2}\",\"global\":false,\"ignoreCase\":false,\"matchIndex\":0}', 0, 'docs/config/tpl/copyAppKey.sh', 'web', NULL);
INSERT INTO `source_config` VALUES ('a40473f5-6266-4bda-82f0-d766de82e5f1', 'cdac3b88-7578-4a0e-8151-f96627832942', '40ce7785-d4d6-41bf-9d58-ed7ec7e9767c', '前端mysql库连接配置（host,登录名,登录密码,端口）', '{\"source\":\"#{mysql,4}\",\"global\":false,\"ignoreCase\":false,\"matchIndex\":0}', 0, 'docs/tpl/mkt-threshold', '3306', NULL);
INSERT INTO `source_config` VALUES ('a4b0fc43-23e1-46b5-8755-dbf976581005', '45a9da44-30ae-4660-a2f8-7729b3036d2e', '44e0bfcc-edfd-4d5c-a84d-615d444cee77', '微信内网（receiver）服务部署地址（默认两个）【/data/wt/receiver/config】', '{\"source\":\"#{svr.domain.intranet.weixin.receiver,1}\",\"global\":false,\"ignoreCase\":false,\"matchIndex\":0}', 0, 'nginx/nginx/conf/nginx.conf-upload', 'realtime-1:7713', NULL);
INSERT INTO `source_config` VALUES ('a5d8d7c9-043c-4dd1-b012-1a4522e87bc0', '37363fe8-c813-456e-aa3a-63275a8973f9', '07fcd766-9451-4287-9e4b-f27de4e3df14', 'impala连接配置（host,登录名,登录密码,端口,仓库名）', '{\"source\":\"#{impala,5/zhugeio}\",\"global\":false,\"ignoreCase\":false,\"matchIndex\":0}', 0, 'etl-dw-kudu/config/tpl/config/config.properties', 'zanalytics', NULL);
INSERT INTO `source_config` VALUES ('a6a55d84-3853-4a4c-8c3f-829ed2cc822a', '2f46f470-e0ec-4119-bc84-c4d111475889', 'f099031a-7bcd-4d77-af00-8290675eb858', 'es集群1的ip', '{\"source\":\"#{elasticsearch1,2}\",\"global\":false,\"ignoreCase\":false,\"matchIndex\":0}', 0, 'docs/config/tpl/', '9200', NULL);
INSERT INTO `source_config` VALUES ('a805a4ff-0d7b-489b-8efd-8add74ea588d', 'cdac3b88-7578-4a0e-8151-f96627832942', '40ce7785-d4d6-41bf-9d58-ed7ec7e9767c', '触达2.0相关配置', '{\"source\":\"#{mktv2.config->server.adapter}\",\"global\":false,\"ignoreCase\":false,\"matchIndex\":0}', 0, 'docs/tpl/scripts/package/playwell-client/README.md', 'realtime-mkt:1920', NULL);
INSERT INTO `source_config` VALUES ('a960d552-2e1b-49fa-9c12-d4039bd14996', '37363fe8-c813-456e-aa3a-63275a8973f9', '07fcd766-9451-4287-9e4b-f27de4e3df14', 'kudu集群', '{\"source\":\"#{kudu_clusters}\",\"global\":false,\"ignoreCase\":false,\"matchIndex\":0}', 0, 'etl-load-cdh/config/tpl/config_single/config.properties', 'realtime-1:7051,realtime-2:7051,realtime-3:7051', NULL);
INSERT INTO `source_config` VALUES ('a999e4ec-14e1-435c-a1bb-0de26e1a8f74', '85866bad-811d-44af-952e-bdf1c1f1cd1a', '4a826f66-9c1d-42f7-a328-b1d84ead507f', '前端mysql库连接配置（host,登录名,登录密码,端口）', '{\"source\":\"#{mysql,1}\",\"global\":false,\"ignoreCase\":false,\"matchIndex\":0}', 0, 'config/private/tpl/config.properties', 'realtime-1', NULL);
INSERT INTO `source_config` VALUES ('aa03a5aa-f0af-43f1-9d46-ef57a29c3de2', '85866bad-811d-44af-952e-bdf1c1f1cd1a', '4a826f66-9c1d-42f7-a328-b1d84ead507f', 'impala连接配置（host,登录名,登录密码,端口,仓库名）', '{\"source\":\"#{impala,4}\",\"global\":false,\"ignoreCase\":false,\"matchIndex\":0}', 0, 'config/private/tpl/config.properties', '21050', NULL);
INSERT INTO `source_config` VALUES ('aa6c27b7-c91f-4651-a346-1ad5cfcbfc71', '51993461-d59f-4f5b-86a6-742db1d3194a', '7ff4386b-7102-411c-931e-f7e371e33dfa', 'node服务socket接口前缀', '{\"source\":\"#{node.api.socket.prefix}\",\"global\":false,\"ignoreCase\":false,\"matchIndex\":0}', 0, 'config/prod.env.js.tpl', '/analysis/socket', NULL);
INSERT INTO `source_config` VALUES ('ab338e22-4eda-404b-b838-1ae3e06a2274', '51993461-d59f-4f5b-86a6-742db1d3194a', '7ff4386b-7102-411c-931e-f7e371e33dfa', '合并端口外网访问地址(需要加协议http(s))(填网关的)', '{\"source\":\"#{svr.domain.nginx.extranet}\",\"global\":false,\"ignoreCase\":true,\"matchIndex\":0}', 0, 'config/prod.env.js.tpl', 'https://uba.it.pkpm.cn', NULL);
INSERT INTO `source_config` VALUES ('ab53bdc5-8152-4936-bc50-a365ff080753', '37363fe8-c813-456e-aa3a-63275a8973f9', '07fcd766-9451-4287-9e4b-f27de4e3df14', 'redis 8897端口', '{\"source\":\"#{redis_8897,3}\",\"global\":false,\"ignoreCase\":false,\"matchIndex\":0}', 0, 'etl-count/config/tpl/config/redis.properties', NULL, NULL);
INSERT INTO `source_config` VALUES ('ab981397-7222-479f-9f2e-66def896aa14', '37363fe8-c813-456e-aa3a-63275a8973f9', '07fcd766-9451-4287-9e4b-f27de4e3df14', 'impala连接配置（host,登录名,登录密码,端口,仓库名）', '{\"source\":\"#{impala,3}\",\"global\":false,\"ignoreCase\":false,\"matchIndex\":0}', 0, 'etl-single/config/tpl/config/impala_db.properties', 'admin', NULL);
INSERT INTO `source_config` VALUES ('abc966b5-a943-4f32-90b8-9fadad1db5f4', 'cdac3b88-7578-4a0e-8151-f96627832942', '40ce7785-d4d6-41bf-9d58-ed7ec7e9767c', '触达2.0相关配置', '{\"source\":\"#{mktv2.config->server.postman}\",\"global\":false,\"ignoreCase\":false,\"matchIndex\":0}', 0, 'docs/tpl/scripts/package/playwell-client/README.md', 'realtime-mkt:1924', NULL);
INSERT INTO `source_config` VALUES ('abddfe16-6ad1-4b63-8a08-55fe81025503', '04d51d81-5439-4f4b-ad95-ab0610f933ae', '2129aeea-f59f-47e6-af4b-48ab8e3bc374', 'es集群名称', '{\"source\":\"#{elasticsearch_cluster_name}\",\"global\":false,\"ignoreCase\":true,\"matchIndex\":0}', 0, 'docs/config/tpl/', 'elasticsearch', NULL);
INSERT INTO `source_config` VALUES ('acc29a9d-7f54-47cb-ad18-47be94d678d7', '04d51d81-5439-4f4b-ad95-ab0610f933ae', 'c816bbd9-99c7-4020-9292-f238da577092', 'redis 6379端口', '{\"source\":\"#{redis_6379,2}\",\"global\":false,\"ignoreCase\":true,\"matchIndex\":0}', 0, 'docs/config/tpl/', '6379', '0579e662-f44b-4177-b216-0654ac59d198');
INSERT INTO `source_config` VALUES ('accb16a7-1720-4bd6-815c-90fcb4c26f91', '37363fe8-c813-456e-aa3a-63275a8973f9', '07fcd766-9451-4287-9e4b-f27de4e3df14', '前端mysql库连接配置（host,登录名,登录密码,端口）', '{\"source\":\"#{mysql,4/3306}\",\"global\":false,\"ignoreCase\":false,\"matchIndex\":0}', 0, 'etl-paopi/config/tpl/config/front_db.properties', '3306', NULL);
INSERT INTO `source_config` VALUES ('acf573ba-7f3d-4929-8b4d-b84ce7e6b0d3', '45a9da44-30ae-4660-a2f8-7729b3036d2e', '44e0bfcc-edfd-4d5c-a84d-615d444cee77', '前端mysql库连接配置（host,登录名,登录密码,端口）', '{\"source\":\"#{mysql,2}\",\"global\":false,\"ignoreCase\":false,\"matchIndex\":0}', 0, 'es-index/zanalytics-index-db/tpl/impala-shell.sh', 'web', NULL);
INSERT INTO `source_config` VALUES ('adc4d512-7fc7-405f-b21e-a697e1312c2f', '04d51d81-5439-4f4b-ad95-ab0610f933ae', 'c816bbd9-99c7-4020-9292-f238da577092', 'redis 26480端口', '{\"source\":\"#{redis_26480,1}\",\"global\":false,\"ignoreCase\":true,\"matchIndex\":0}', 0, 'docs/config/tpl/', 'realtime-1', '0579e662-f44b-4177-b216-0654ac59d198');
INSERT INTO `source_config` VALUES ('add70631-5d9e-4b97-b018-7226ce517e72', '0f0dfcad-40a0-4a99-9bc6-232b4efb22d4', '8d1ab3f3-5a5c-4442-81a9-336cc455ef02', '显示logo', '{\"source\":\"#{webapp.show_logo}\",\"global\":false,\"ignoreCase\":false,\"matchIndex\":0}', 0, 'spa/config/prod.env.js.tpl', 'true', NULL);
INSERT INTO `source_config` VALUES ('ae3fa332-574d-43c6-a8e0-5cd62eb5552f', '04d51d81-5439-4f4b-ad95-ab0610f933ae', 'c816bbd9-99c7-4020-9292-f238da577092', 'ssdb 8888端口', '{\"source\":\"#{ssdb_8888,1}\",\"global\":false,\"ignoreCase\":true,\"matchIndex\":0}', 0, 'docs/config/tpl/', 'realtime-1', '0579e662-f44b-4177-b216-0654ac59d198');
INSERT INTO `source_config` VALUES ('ae8971b0-b0e7-4a17-ad35-acf350df8535', 'cdac3b88-7578-4a0e-8151-f96627832942', '40ce7785-d4d6-41bf-9d58-ed7ec7e9767c', '触达2.0相关配置', '{\"source\":\"#{mktv2.config->server.threshold}\",\"global\":false,\"ignoreCase\":false,\"matchIndex\":0}', 0, 'docs/tpl/scripts/package/playwell-client/README.md', 'realtime-mkt:1923', NULL);
INSERT INTO `source_config` VALUES ('af24d748-2bd2-4ec7-89b9-e100a42bce32', '37363fe8-c813-456e-aa3a-63275a8973f9', '07fcd766-9451-4287-9e4b-f27de4e3df14', '前端mysql库连接配置（host,登录名,登录密码,端口）', '{\"source\":\"#{mysql,4/3306}\",\"global\":false,\"ignoreCase\":false,\"matchIndex\":0}', 0, 'etl-paopi/config/tpl/config/hive_db.properties', '3306', NULL);
INSERT INTO `source_config` VALUES ('afedf39f-dd8f-45d6-b457-aa108b9defda', '37363fe8-c813-456e-aa3a-63275a8973f9', '07fcd766-9451-4287-9e4b-f27de4e3df14', 'ssdb 1217端口', '{\"source\":\"#{ssdb_1217,3}\",\"global\":false,\"ignoreCase\":false,\"matchIndex\":0}', 0, 'etl-market-cloud/config/tpl/config/redis.properties', NULL, NULL);
INSERT INTO `source_config` VALUES ('b097f960-7e40-4ec6-9106-1433342dd093', 'cdac3b88-7578-4a0e-8151-f96627832942', '40ce7785-d4d6-41bf-9d58-ed7ec7e9767c', '前端mysql库连接配置（host,登录名,登录密码,端口）', '{\"source\":\"#{mysql,1}\",\"global\":false,\"ignoreCase\":false,\"matchIndex\":0}', 0, 'docs/tpl/mkt-threshold', 'realtime-1', NULL);
INSERT INTO `source_config` VALUES ('b0b5ab55-1fa8-4cf3-8591-151560d9d60d', 'cdac3b88-7578-4a0e-8151-f96627832942', '40ce7785-d4d6-41bf-9d58-ed7ec7e9767c', '触达2.0相关配置', '{\"source\":\"#{mktv2.config->base_path}\",\"global\":false,\"ignoreCase\":true,\"matchIndex\":0}', 0, 'docs/tpl/mkt-threshold', '/data/mkt', NULL);
INSERT INTO `source_config` VALUES ('b107b59f-1a95-422c-9196-086974a50e99', '45a9da44-30ae-4660-a2f8-7729b3036d2e', '44e0bfcc-edfd-4d5c-a84d-615d444cee77', 'redis 6379端口', '{\"source\":\"#{redis_6379,3}\",\"global\":false,\"ignoreCase\":false,\"matchIndex\":0}', 0, 'userbehaviorpath_usergroup/behavior_path_hadoop/tpl/behavior_config.yml', 'Sun_unix*1101', NULL);
INSERT INTO `source_config` VALUES ('b1390639-11d4-4ede-828b-3a75fae527b0', '45a9da44-30ae-4660-a2f8-7729b3036d2e', '44e0bfcc-edfd-4d5c-a84d-615d444cee77', '微信内网（www）服务部署地址（默认1个）【/data/wt/www/config】', '{\"source\":\"#{svr.domain.intranet.weixin.www}\",\"global\":false,\"ignoreCase\":false,\"matchIndex\":0}', 0, 'nginx/nginx/conf/nginx.conf', 'realtime-1:7715', NULL);
INSERT INTO `source_config` VALUES ('b2d6a465-37a6-47e5-9483-2c326cc3d844', '45a9da44-30ae-4660-a2f8-7729b3036d2e', '44e0bfcc-edfd-4d5c-a84d-615d444cee77', 'zgsee内网服务部署地址', '{\"source\":\"#{svr.domain.intranet.zgsee.www}\",\"global\":false,\"ignoreCase\":false,\"matchIndex\":0}', 0, 'nginx/nginx/conf/nginx.conf-upload', 'realtime-1:18080', NULL);
INSERT INTO `source_config` VALUES ('b3b54103-1185-441f-892d-a0ccc6c0e6b1', 'cdac3b88-7578-4a0e-8151-f96627832942', '40ce7785-d4d6-41bf-9d58-ed7ec7e9767c', '前端mysql库连接配置（host,登录名,登录密码,端口）', '{\"source\":\"#{mysql,1}\",\"global\":false,\"ignoreCase\":true,\"matchIndex\":0}', 0, 'docs/tpl/mkt-user', 'realtime-1', NULL);
INSERT INTO `source_config` VALUES ('b3e10cd8-d8ec-4394-8871-3e283c10b422', '46c0879d-a25b-4f8b-bc66-610d6ed88ef4', 'd96de692-4e70-4d52-89f9-3d1deceeee78', '触达clockwork接收微信回调消息地址【/data/clockwork_api/bin/WeiXinCallbackHook.groovy->port(端口)】', '{\"source\":\"#{clockwork.weixin_callback_url}\",\"global\":false,\"ignoreCase\":false,\"matchIndex\":0}', 0, 'doc/部署准备资料/client-realtime-tpl/worker/config.properties', 'http://realtime-2:8882', NULL);
INSERT INTO `source_config` VALUES ('b3e5cda6-38b1-41a0-8642-7a58ade9d372', 'cdac3b88-7578-4a0e-8151-f96627832942', '40ce7785-d4d6-41bf-9d58-ed7ec7e9767c', 'impala连接配置（host,登录名,登录密码,端口,仓库名）', '{\"source\":\"#{impala,1}\",\"global\":false,\"ignoreCase\":false,\"matchIndex\":0}', 0, 'docs/tpl/mkt-batch', 'realtime-1', NULL);
INSERT INTO `source_config` VALUES ('b3f3f8fb-b03e-4787-acaf-8cc1b5fab936', '37363fe8-c813-456e-aa3a-63275a8973f9', '07fcd766-9451-4287-9e4b-f27de4e3df14', 'impala连接配置（host,登录名,登录密码,端口,仓库名）', '{\"source\":\"#{impala,5}\",\"global\":false,\"ignoreCase\":false,\"matchIndex\":0}', 0, 'etl-single/config/tpl/config/impala_db.properties', 'zanalytics', NULL);
INSERT INTO `source_config` VALUES ('b4205866-8558-4c3a-90b8-5a85f918c6ec', 'cdac3b88-7578-4a0e-8151-f96627832942', '40ce7785-d4d6-41bf-9d58-ed7ec7e9767c', 'impala连接配置（host,登录名,登录密码,端口,仓库名）', '{\"source\":\"#{impala,1}\",\"global\":false,\"ignoreCase\":false,\"matchIndex\":0}', 0, 'docs/tpl/mkt-user', 'realtime-1', NULL);
INSERT INTO `source_config` VALUES ('b45d1d0b-79c0-4676-912b-ec8e17f3e2a0', '40e643c4-5254-4ae7-a3cb-bc7a31aeeefc', '43df9041-08b4-4179-a7d5-303f15485253', 'impala连接配置（host,登录名,登录密码,端口,仓库名）', '{\"source\":\"#{impala,4}\",\"global\":false,\"ignoreCase\":false,\"matchIndex\":0}', 0, 'config/tpl/clockwork.config', '21050', NULL);
INSERT INTO `source_config` VALUES ('b5059660-e736-46ad-b20a-2e4f4b2fd745', '04d51d81-5439-4f4b-ad95-ab0610f933ae', '2129aeea-f59f-47e6-af4b-48ab8e3bc374', '前端mysql库连接配置（host,登录名,登录密码,端口）', '{\"source\":\"#{mysql,1}\",\"global\":false,\"ignoreCase\":true,\"matchIndex\":0}', 0, 'docs/config/tpl/', 'realtime-1', NULL);
INSERT INTO `source_config` VALUES ('b5c3f404-26c9-4e79-9ab2-b13f33c01e1c', '37363fe8-c813-456e-aa3a-63275a8973f9', '07fcd766-9451-4287-9e4b-f27de4e3df14', 'ssdb 1218端口', '{\"source\":\"#{ssdb_1218,2}\",\"global\":false,\"ignoreCase\":false,\"matchIndex\":0}', 0, 'etl-market-cloud/config/tpl/config/redis.properties', '1218', NULL);
INSERT INTO `source_config` VALUES ('b5d573f9-f422-46ea-abe5-83ea1abf65b6', '40e643c4-5254-4ae7-a3cb-bc7a31aeeefc', '43df9041-08b4-4179-a7d5-303f15485253', '前端mysql库连接配置（host,登录名,登录密码,端口）', '{\"source\":\"#{mysql,4/3306}\",\"global\":false,\"ignoreCase\":true,\"matchIndex\":0}', 0, 'config/tpl/clockwork.config', '3306', NULL);
INSERT INTO `source_config` VALUES ('b6accd32-e717-4fbc-bd75-0b34e94e8936', '46c0879d-a25b-4f8b-bc66-610d6ed88ef4', 'd96de692-4e70-4d52-89f9-3d1deceeee78', 'kafka服务集群', '{\"source\":\"#{kafka_bootstrap_servers}\",\"global\":false,\"ignoreCase\":false,\"matchIndex\":0}', 0, 'doc/部署准备资料/client-realtime-tpl/consumer/config.properties', 'realtime-1:9092,realtime-2:9092,realtime-3:9092', NULL);
INSERT INTO `source_config` VALUES ('b7367c04-c036-4db4-8758-7513de88fb42', '45a9da44-30ae-4660-a2f8-7729b3036d2e', '44e0bfcc-edfd-4d5c-a84d-615d444cee77', '触达内网（www）服务部署地址（默认两个）【/data/marketing/www/config】', '{\"source\":\"#{svr.domain.intranet.mkt.www,1}\",\"global\":false,\"ignoreCase\":false,\"matchIndex\":0}', 0, 'nginx/nginx/conf/nginx.conf-upload', 'realtime-2:18001', NULL);
INSERT INTO `source_config` VALUES ('b7cf9e82-3834-49fa-8e68-0df432aed7ff', '45a9da44-30ae-4660-a2f8-7729b3036d2e', '44e0bfcc-edfd-4d5c-a84d-615d444cee77', 'redis 6379端口', '{\"source\":\"#{redis_6379,1}\",\"global\":false,\"ignoreCase\":false,\"matchIndex\":0}', 0, 'userbehaviorpath_usergroup/ubpa/bin/tpl/worker.py', 'realtime-1', NULL);
INSERT INTO `source_config` VALUES ('b84fd564-7103-4501-8eb3-b340e330a2e2', '04d51d81-5439-4f4b-ad95-ab0610f933ae', '2129aeea-f59f-47e6-af4b-48ab8e3bc374', 'redis 26480端口', '{\"source\":\"#{redis_26480,2}\",\"global\":false,\"ignoreCase\":true,\"matchIndex\":0}', 0, 'docs/config/tpl/', '26480', NULL);
INSERT INTO `source_config` VALUES ('b8e111b4-2232-4523-a067-480298c6d453', '37363fe8-c813-456e-aa3a-63275a8973f9', '07fcd766-9451-4287-9e4b-f27de4e3df14', 'impala连接配置（host,登录名,登录密码,端口,仓库名）', '{\"source\":\"#{impala,1}\",\"global\":false,\"ignoreCase\":false,\"matchIndex\":0}', 0, 'etl-paopi/config/tpl/config/impala_db.properties', 'realtime-1', NULL);
INSERT INTO `source_config` VALUES ('b8f6bf73-23b2-4443-8f96-c62b38b1dad9', '37363fe8-c813-456e-aa3a-63275a8973f9', '07fcd766-9451-4287-9e4b-f27de4e3df14', 'impala连接配置（host,登录名,登录密码,端口,仓库名）', '{\"source\":\"#{impala,4}\",\"global\":false,\"ignoreCase\":false,\"matchIndex\":0}', 0, 'etl-single/config/tpl/config/impala_db.properties', '21050', NULL);
INSERT INTO `source_config` VALUES ('b995bb5a-f94d-4478-b5cd-58284dfa1ad8', '04d51d81-5439-4f4b-ad95-ab0610f933ae', 'c816bbd9-99c7-4020-9292-f238da577092', 'sdkv-tomcat目录,api-tomcat目录', '{\"source\":\"#{tomcat-analysis.path,1}\",\"global\":false,\"ignoreCase\":true,\"matchIndex\":0}', 0, 'docs/config/tpl-service/log4j2.xml', '/data/localization/web/tomcat', '0579e662-f44b-4177-b216-0654ac59d198');
INSERT INTO `source_config` VALUES ('b9faf5dd-57fd-4320-8694-e28166b397cd', 'b365bc9c-2dfd-4fe1-afba-5b56d58e65a3', 'ef3e253f-ffe6-4196-8e1e-382f28f6c9d1', 'node服务socket接口前缀', '{\"source\":\"#{node.api.prefix}\",\"global\":false,\"ignoreCase\":false,\"matchIndex\":0}', 0, 'config/constants.js.tpl', '/analysis/api', NULL);
INSERT INTO `source_config` VALUES ('bd32a0c6-b06e-41da-8a7f-21899ed1c6ea', '85866bad-811d-44af-952e-bdf1c1f1cd1a', '4a826f66-9c1d-42f7-a328-b1d84ead507f', 'zgsee-kafka-topic', '{\"source\":\"#{zgsee.kafka_source_topic}\",\"global\":false,\"ignoreCase\":false,\"matchIndex\":0}', 0, 'config/private/tpl/config.properties', 'zg_see', NULL);
INSERT INTO `source_config` VALUES ('bd59b14d-591f-442f-a1c6-7fb00cf897b8', '45a9da44-30ae-4660-a2f8-7729b3036d2e', '44e0bfcc-edfd-4d5c-a84d-615d444cee77', 'redis 6379端口', '{\"source\":\"#{redis_6379,1}\",\"global\":false,\"ignoreCase\":false,\"matchIndex\":0}', 0, 'userbehaviorpath_usergroup/ubpa/bin/tpl/ubpa-spark-app.sh', 'realtime-1', NULL);
INSERT INTO `source_config` VALUES ('bdcc9d9d-3fda-4e3e-a647-9a85bcc298da', '46c0879d-a25b-4f8b-bc66-610d6ed88ef4', 'd96de692-4e70-4d52-89f9-3d1deceeee78', '前端mysql库连接配置（host,登录名,登录密码,端口）', '{\"source\":\"#{mysql,1}\",\"global\":false,\"ignoreCase\":false,\"matchIndex\":0}', 0, 'doc/部署准备资料/client-realtime-tpl/www/config.properties', 'realtime-1', NULL);
INSERT INTO `source_config` VALUES ('be735284-1183-4c3c-9b55-6f6d5373c446', '37363fe8-c813-456e-aa3a-63275a8973f9', '07fcd766-9451-4287-9e4b-f27de4e3df14', 'impala连接配置（host,登录名,登录密码,端口,仓库名）', '{\"source\":\"#{impala,2}\",\"global\":false,\"ignoreCase\":false,\"matchIndex\":0}', 0, 'etl-dw-kudu/config/tpl/config/impala_db.properties', 'admin', NULL);
INSERT INTO `source_config` VALUES ('bea3deb7-e26a-478f-a8a2-0b53edd10e95', 'cdac3b88-7578-4a0e-8151-f96627832942', '40ce7785-d4d6-41bf-9d58-ed7ec7e9767c', '前端mysql库连接配置（host,登录名,登录密码,端口）', '{\"source\":\"#{mysql,3}\",\"global\":false,\"ignoreCase\":true,\"matchIndex\":0}', 0, 'docs/tpl/mkt-user', 'zanalytics', NULL);
INSERT INTO `source_config` VALUES ('bea6512d-f49e-4f4b-a635-6ff49020b446', '0f0dfcad-40a0-4a99-9bc6-232b4efb22d4', '8d1ab3f3-5a5c-4442-81a9-336cc455ef02', '获取模块日期默认值', '{\"source\":\"#{webapp.channel_date_config}\",\"global\":false,\"ignoreCase\":false,\"matchIndex\":0}', 0, 'spa/config/prod.env.js.tpl', '0', NULL);
INSERT INTO `source_config` VALUES ('bfc744d6-d63b-4ec4-8d9f-8d79e8bbca06', 'b365bc9c-2dfd-4fe1-afba-5b56d58e65a3', 'ef3e253f-ffe6-4196-8e1e-382f28f6c9d1', '资源所在目录', '{\"source\":\"#{market.assets_public_path}\",\"global\":false,\"ignoreCase\":true,\"matchIndex\":0}', 0, 'config/constants.js.tpl', '/market/', NULL);
INSERT INTO `source_config` VALUES ('c0206d0c-b195-4a40-b3c4-8d9634744e32', '37363fe8-c813-456e-aa3a-63275a8973f9', '07fcd766-9451-4287-9e4b-f27de4e3df14', '前端mysql库连接配置（host,登录名,登录密码,端口）', '{\"source\":\"#{mysql,4/3306}\",\"global\":false,\"ignoreCase\":false,\"matchIndex\":0}', 0, 'etl-load-cdh/config/tpl/config/front_db.properties', '3306', NULL);
INSERT INTO `source_config` VALUES ('c069bec4-39d8-4461-a87b-f8ff777b6f46', '45a9da44-30ae-4660-a2f8-7729b3036d2e', '44e0bfcc-edfd-4d5c-a84d-615d444cee77', 'impala连接配置（host,登录名,登录密码,端口,仓库名）', '{\"source\":\"#{impala,4}\",\"global\":false,\"ignoreCase\":false,\"matchIndex\":0}', 0, 'sql-zeppelin/zeppelin/conf-tpl/interpreter.json', '21050', NULL);
INSERT INTO `source_config` VALUES ('c16167cc-0a77-46b9-bcbf-467e4b784cf9', '45a9da44-30ae-4660-a2f8-7729b3036d2e', '44e0bfcc-edfd-4d5c-a84d-615d444cee77', 'impala连接配置（host,登录名,登录密码,端口,仓库名）', '{\"source\":\"#{impala,5/zhugeio}\",\"global\":false,\"ignoreCase\":false,\"matchIndex\":0}', 0, 'es-index/zanalytics-index-db/tpl/impala-shell.sh', 'zanalytics', NULL);
INSERT INTO `source_config` VALUES ('c167adf3-f7bf-44c2-a68d-841aba8fdb90', '1e4058bb-b8e6-4ca9-ae31-4065365d51f1', 'e7f7a127-f4c4-4338-8e84-9b7fc73dd4a7', '分析session/cookie存储域名(填网站的)(不需要加端口)', '{\"source\":\"#{analysis.zhuge_session_domain}\",\"global\":false,\"ignoreCase\":true,\"matchIndex\":0}', 0, 'config/buildConfig.js.tpl', 'uba.it.pkpm.cn', NULL);
INSERT INTO `source_config` VALUES ('c17c7d34-a1b1-44c1-bd4b-ec976234e464', '0f0dfcad-40a0-4a99-9bc6-232b4efb22d4', '8d1ab3f3-5a5c-4442-81a9-336cc455ef02', 'node服务socket接口前缀', '{\"source\":\"#{node.api.prefix}\",\"global\":false,\"ignoreCase\":false,\"matchIndex\":0}', 0, 'spa/config/prod.env.js.tpl', '/analysis/api', NULL);
INSERT INTO `source_config` VALUES ('c1a57307-25af-436d-bda7-8331592afaa5', '37363fe8-c813-456e-aa3a-63275a8973f9', '07fcd766-9451-4287-9e4b-f27de4e3df14', 'redis 8894端口', '{\"source\":\"#{redis_8894,2}\",\"global\":false,\"ignoreCase\":false,\"matchIndex\":0}', 0, 'etl-id-kudu/config/tpl/config/id_redis.properties', '8894', NULL);
INSERT INTO `source_config` VALUES ('c1e46366-47f7-45f1-ba7b-bb086ae476ef', '0f0dfcad-40a0-4a99-9bc6-232b4efb22d4', '8d1ab3f3-5a5c-4442-81a9-336cc455ef02', 'webapp相关配置', '{\"source\":\"#{webapp->is_mars_ui}\",\"global\":false,\"ignoreCase\":false,\"matchIndex\":0}', 0, 'spa/config/prod.env.js.tpl', 'false', NULL);
INSERT INTO `source_config` VALUES ('c232fe5b-d86c-4442-8028-d949068fa3aa', '37363fe8-c813-456e-aa3a-63275a8973f9', '07fcd766-9451-4287-9e4b-f27de4e3df14', 'kafka服务集群', '{\"source\":\"#{kafka_bootstrap_servers}\",\"global\":false,\"ignoreCase\":false,\"matchIndex\":0}', 0, 'etl-debug/config/tpl/config/config.properties', 'realtime-1:9092,realtime-2:9092,realtime-3:9092', NULL);
INSERT INTO `source_config` VALUES ('c23f3858-d393-4d74-9755-44f1bb491c49', '04d51d81-5439-4f4b-ad95-ab0610f933ae', 'c816bbd9-99c7-4020-9292-f238da577092', 'ssdb 8888端口', '{\"source\":\"#{ssdb_8888,2}\",\"global\":false,\"ignoreCase\":true,\"matchIndex\":0}', 0, 'docs/config/tpl/', '8888', '0579e662-f44b-4177-b216-0654ac59d198');
INSERT INTO `source_config` VALUES ('c24755e6-7ff9-47f8-8706-bd1c8f96f2f8', '85866bad-811d-44af-952e-bdf1c1f1cd1a', '4a826f66-9c1d-42f7-a328-b1d84ead507f', 'impala连接配置（host,登录名,登录密码,端口,仓库名）', '{\"source\":\"#{impala,5/zhugeio}\",\"global\":false,\"ignoreCase\":false,\"matchIndex\":0}', 0, 'config/private/tpl/kudu-to-parquet.sh', 'zanalytics', NULL);
INSERT INTO `source_config` VALUES ('c2829233-9651-4f04-b81c-8fe4f32cd9a8', 'b4779bc3-b64b-4556-8fbf-e1660abc77d7', 'fd6a925b-de4d-440a-84a5-9e6f42c63845', 'es集群名称', '{\"source\":\"#{elasticsearch_cluster_name}\",\"global\":false,\"ignoreCase\":false,\"matchIndex\":0}', 0, 'docs/config/tpl/application.properties', 'elasticsearch', NULL);
INSERT INTO `source_config` VALUES ('c291bc52-40c8-4e95-935f-c5a8a96ed737', '46c0879d-a25b-4f8b-bc66-610d6ed88ef4', 'd96de692-4e70-4d52-89f9-3d1deceeee78', '前端mysql库连接配置（host,登录名,登录密码,端口）', '{\"source\":\"#{mysql,1}\",\"global\":false,\"ignoreCase\":false,\"matchIndex\":0}', 0, 'doc/部署准备资料/client-realtime-tpl/consumer/config.properties', 'realtime-1', NULL);
INSERT INTO `source_config` VALUES ('c2b93147-d81a-4a58-8bc9-877598e5811b', '7c6a4ef0-7af7-40b0-aa69-99bad2d6271d', '41f4d639-5aba-4888-838a-f25459698ddb', '', '{\"source\":\"#{node->ssoApi}\",\"global\":false,\"ignoreCase\":false,\"matchIndex\":0}', 0, 'src/config.ts.tpl', NULL, NULL);
INSERT INTO `source_config` VALUES ('c2f7e5be-15cd-4b87-89a9-6873219cb3dd', '04d51d81-5439-4f4b-ad95-ab0610f933ae', '2129aeea-f59f-47e6-af4b-48ab8e3bc374', 'redis 6379端口', '{\"source\":\"#{redis_6379,3}\",\"global\":false,\"ignoreCase\":true,\"matchIndex\":0}', 0, 'docs/config/tpl/', 'Sun_unix*1101', NULL);
INSERT INTO `source_config` VALUES ('c3447b08-d967-4820-95ed-571546c42cb6', 'cdac3b88-7578-4a0e-8151-f96627832942', '40ce7785-d4d6-41bf-9d58-ed7ec7e9767c', 'impala连接配置（host,登录名,登录密码,端口,仓库名）', '{\"source\":\"#{impala,4}\",\"global\":false,\"ignoreCase\":false,\"matchIndex\":0}', 0, 'docs/tpl/mkt-batch', '21050', NULL);
INSERT INTO `source_config` VALUES ('c37b9369-f9b9-4fcf-8366-90c3fff0e5a1', '04d51d81-5439-4f4b-ad95-ab0610f933ae', 'c816bbd9-99c7-4020-9292-f238da577092', '前端mysql库连接配置（host,登录名,登录密码,端口）', '{\"source\":\"#{mysql,4/3306}\",\"global\":false,\"ignoreCase\":true,\"matchIndex\":0}', 0, 'docs/config/tpl/', '3306', '0579e662-f44b-4177-b216-0654ac59d198');
INSERT INTO `source_config` VALUES ('c3d6a58a-b7de-4108-912b-69b89af0c66a', '2f46f470-e0ec-4119-bc84-c4d111475889', 'f099031a-7bcd-4d77-af00-8290675eb858', 'redis 26380端口', '{\"source\":\"#{redis_26380,3}\",\"global\":false,\"ignoreCase\":false,\"matchIndex\":0}', 0, 'docs/config/tpl/', 'Sun_unix*1101', NULL);
INSERT INTO `source_config` VALUES ('c416ee7f-bfe6-4dbe-9576-b4a383b9de7a', '45a9da44-30ae-4660-a2f8-7729b3036d2e', '44e0bfcc-edfd-4d5c-a84d-615d444cee77', '微信内网（receiver）服务部署地址（默认两个）【/data/wt/receiver/config】', '{\"source\":\"#{svr.domain.intranet.weixin.receiver,1}\",\"global\":false,\"ignoreCase\":false,\"matchIndex\":0}', 0, 'nginx-single/nginx/conf/nginx.conf-upload', 'realtime-1:7713', NULL);
INSERT INTO `source_config` VALUES ('c44ed41d-dfdd-42f9-94ed-beb967231ac4', '37363fe8-c813-456e-aa3a-63275a8973f9', '07fcd766-9451-4287-9e4b-f27de4e3df14', 'redis 8892端口', '{\"source\":\"#{redis_8892,3}\",\"global\":false,\"ignoreCase\":false,\"matchIndex\":0}', 0, 'etl-id-kudu/config/tpl/config/id_redis.properties', NULL, NULL);
INSERT INTO `source_config` VALUES ('c4b3a2d9-ec1a-451e-a636-575bd035472a', 'cdac3b88-7578-4a0e-8151-f96627832942', '40ce7785-d4d6-41bf-9d58-ed7ec7e9767c', '前端mysql库连接配置（host,登录名,登录密码,端口）', '{\"source\":\"#{mysql,1}\",\"global\":false,\"ignoreCase\":true,\"matchIndex\":0}', 0, 'docs/tpl/mkt-batch', 'realtime-1', NULL);
INSERT INTO `source_config` VALUES ('c4cce0a9-6a36-4ac6-ae8f-b28ff31c13b0', '2f46f470-e0ec-4119-bc84-c4d111475889', 'f099031a-7bcd-4d77-af00-8290675eb858', 'es集群1的ip', '{\"source\":\"#{elasticsearch1,1}\",\"global\":false,\"ignoreCase\":false,\"matchIndex\":0}', 0, 'docs/config/tpl/', 'realtime-2', NULL);
INSERT INTO `source_config` VALUES ('c4e1f2e2-9bad-4538-8077-9ac89f28a89d', 'cdac3b88-7578-4a0e-8151-f96627832942', '40ce7785-d4d6-41bf-9d58-ed7ec7e9767c', '触达2.0相关配置', '{\"source\":\"#{mktv2.config->server.threshold}\",\"global\":false,\"ignoreCase\":true,\"matchIndex\":0}', 0, 'docs/tpl/README.md', 'realtime-mkt:1923', NULL);
INSERT INTO `source_config` VALUES ('c4f5b365-6ba1-4ad2-a61b-31748523b15d', '37363fe8-c813-456e-aa3a-63275a8973f9', '07fcd766-9451-4287-9e4b-f27de4e3df14', 'redis 6379端口', '{\"source\":\"#{redis_6379,3}\",\"global\":false,\"ignoreCase\":false,\"matchIndex\":0}', 0, 'etl-debug/config/tpl/config/debug_redis.properties', 'Sun_unix*1101', NULL);
INSERT INTO `source_config` VALUES ('c52ed261-07d8-4c46-8e90-81bea703f17a', '46c0879d-a25b-4f8b-bc66-610d6ed88ef4', 'd96de692-4e70-4d52-89f9-3d1deceeee78', '前端mysql库连接配置（host,登录名,登录密码,端口）', '{\"source\":\"#{mysql,3}\",\"global\":false,\"ignoreCase\":false,\"matchIndex\":0}', 0, 'doc/部署准备资料/client-realtime-tpl/consumer/config.properties', 'zanalytics', NULL);
INSERT INTO `source_config` VALUES ('c5bf64ea-68a3-46ef-96c6-c5353e6dad9e', '7c6a4ef0-7af7-40b0-aa69-99bad2d6271d', '41f4d639-5aba-4888-838a-f25459698ddb', '', '{\"source\":\"#{node->ssoLoginUrl}\",\"global\":false,\"ignoreCase\":false,\"matchIndex\":0}', 0, 'src/config.ts.tpl', NULL, NULL);
INSERT INTO `source_config` VALUES ('c5e5d38e-9e5d-4f16-aa77-34d0292e92ef', '45a9da44-30ae-4660-a2f8-7729b3036d2e', '44e0bfcc-edfd-4d5c-a84d-615d444cee77', '分析api内网服务部署地址（默认1个）', '{\"source\":\"#{svr.domain.intranet.api.www}\",\"global\":false,\"ignoreCase\":false,\"matchIndex\":0}', 0, 'nginx/nginx/conf/nginx.conf-upload', 'realtime-1:8800', NULL);
INSERT INTO `source_config` VALUES ('c5f7c12a-8580-4e36-a965-a893c0e4723a', '37363fe8-c813-456e-aa3a-63275a8973f9', '07fcd766-9451-4287-9e4b-f27de4e3df14', '前端mysql库连接配置（host,登录名,登录密码,端口）', '{\"source\":\"#{mysql,4/3306}\",\"global\":false,\"ignoreCase\":false,\"matchIndex\":0}', 0, 'etl-id-kudu/config/tpl/config/front_db.properties', '3306', NULL);
INSERT INTO `source_config` VALUES ('c7a15df0-7677-46a2-ad68-64831eb0aff9', '68e078fb-eb3d-4659-9e38-272e35316e38', 'd2ec6358-ecfc-4afd-a19f-d82f67284927', '固定日报发送周期', '{\"source\":\"#{m_webapp.send_period}\",\"global\":false,\"ignoreCase\":false,\"matchIndex\":0}', 0, '.env.production.tpl', '', NULL);
INSERT INTO `source_config` VALUES ('c7becb9f-82a6-4020-b10c-5497bdac7c52', '45a9da44-30ae-4660-a2f8-7729b3036d2e', '44e0bfcc-edfd-4d5c-a84d-615d444cee77', 'es查询服务', '{\"source\":\"#{svr.domain.intranet.es.www}\",\"global\":false,\"ignoreCase\":false,\"matchIndex\":0}', 0, 'nginx/nginx/conf/nginx.conf-upload', 'realtime-2:7808', NULL);
INSERT INTO `source_config` VALUES ('ca0ffe08-e5e4-4666-9e12-3adeefa14e90', '37363fe8-c813-456e-aa3a-63275a8973f9', '07fcd766-9451-4287-9e4b-f27de4e3df14', 'redis 8897端口', '{\"source\":\"#{redis_8897,2}\",\"global\":false,\"ignoreCase\":false,\"matchIndex\":0}', 0, 'etl-count/config/tpl/config/redis.properties', '8897', NULL);
INSERT INTO `source_config` VALUES ('cab1ee7f-7855-4610-b230-b5b7c8020415', '45a9da44-30ae-4660-a2f8-7729b3036d2e', '44e0bfcc-edfd-4d5c-a84d-615d444cee77', '分析sdkv内网服务部署地址（默认1个）', '{\"source\":\"#{svr.domain.intranet.sdkv.www}\",\"global\":false,\"ignoreCase\":false,\"matchIndex\":0}', 0, 'nginx/nginx/conf/nginx.conf', 'realtime-1:8080', NULL);
INSERT INTO `source_config` VALUES ('cad495ee-616c-4f2a-b5ee-59de4b5a1cb4', '45a9da44-30ae-4660-a2f8-7729b3036d2e', '44e0bfcc-edfd-4d5c-a84d-615d444cee77', 'ssdb 8888端口', '{\"source\":\"#{ssdb_8888,1}\",\"global\":false,\"ignoreCase\":false,\"matchIndex\":0}', 0, 'sql-zeppelin/zeppelin/conf-tpl/interpreter.json', 'realtime-1', NULL);
INSERT INTO `source_config` VALUES ('cb00e395-8343-4ebd-b966-b986f42e3dce', '2f46f470-e0ec-4119-bc84-c4d111475889', 'f099031a-7bcd-4d77-af00-8290675eb858', 'redis 26555端口', '{\"source\":\"#{redis_26555,2}\",\"global\":false,\"ignoreCase\":false,\"matchIndex\":0}', 0, 'docs/config/tpl/', '26555', NULL);
INSERT INTO `source_config` VALUES ('cbe1bb0a-a8dd-46f0-8350-e12f6ceae9bd', '45a9da44-30ae-4660-a2f8-7729b3036d2e', '44e0bfcc-edfd-4d5c-a84d-615d444cee77', '微信内网（www）服务部署地址（默认1个）【/data/wt/www/config】', '{\"source\":\"#{svr.domain.intranet.weixin.www}\",\"global\":false,\"ignoreCase\":false,\"matchIndex\":0}', 0, 'nginx/nginx/conf/nginx.conf-upload', 'realtime-1:7715', NULL);
INSERT INTO `source_config` VALUES ('cc6882ce-26fa-4546-a618-4abcd0390ef3', '46c0879d-a25b-4f8b-bc66-610d6ed88ef4', 'd96de692-4e70-4d52-89f9-3d1deceeee78', 'redis 26480端口', '{\"source\":\"#{redis_26480,2}\",\"global\":false,\"ignoreCase\":false,\"matchIndex\":0}', 0, 'doc/部署准备资料/client-realtime-tpl/worker/config.properties', '26480', NULL);
INSERT INTO `source_config` VALUES ('cdaf95cd-58b2-4f1d-8cfb-34eb4704b2a6', 'cdac3b88-7578-4a0e-8151-f96627832942', '40ce7785-d4d6-41bf-9d58-ed7ec7e9767c', '前端mysql库连接配置（host,登录名,登录密码,端口）', '{\"source\":\"#{mysql,3}\",\"global\":false,\"ignoreCase\":false,\"matchIndex\":0}', 0, 'docs/tpl/mkt-threshold', 'zanalytics', NULL);
INSERT INTO `source_config` VALUES ('cdb2a789-41f2-40ff-b884-6148e40a4c60', '2f46f470-e0ec-4119-bc84-c4d111475889', 'f099031a-7bcd-4d77-af00-8290675eb858', 'ssdb 8884端口', '{\"source\":\"#{ssdb_8884,3}\",\"global\":false,\"ignoreCase\":false,\"matchIndex\":0}', 0, 'docs/config/tpl/', NULL, NULL);
INSERT INTO `source_config` VALUES ('cdbe8089-607a-4644-befc-2f78808b0707', '45a9da44-30ae-4660-a2f8-7729b3036d2e', '44e0bfcc-edfd-4d5c-a84d-615d444cee77', '触达内网（www）服务部署地址（默认两个）【/data/marketing/www/config】', '{\"source\":\"#{svr.domain.intranet.mkt.www,1}\",\"global\":false,\"ignoreCase\":false,\"matchIndex\":0}', 0, 'nginx-single/nginx/conf/nginx.conf-upload', 'realtime-2:18001', NULL);
INSERT INTO `source_config` VALUES ('ce032ccd-762a-4ec8-b80a-51fadaa0b83a', '45a9da44-30ae-4660-a2f8-7729b3036d2e', '44e0bfcc-edfd-4d5c-a84d-615d444cee77', '分析sdkv内网服务部署地址（默认1个）', '{\"source\":\"#{svr.domain.intranet.sdkv.www}\",\"global\":false,\"ignoreCase\":false,\"matchIndex\":0}', 0, 'nginx-single/nginx/conf/nginx.conf', 'realtime-1:8080', NULL);
INSERT INTO `source_config` VALUES ('ce839ab7-fa56-4458-8c69-ce9e2fe80e59', '45a9da44-30ae-4660-a2f8-7729b3036d2e', '44e0bfcc-edfd-4d5c-a84d-615d444cee77', '触达2.0相关配置', '{\"source\":\"#{mktv2.config->server.www}\",\"global\":false,\"ignoreCase\":false,\"matchIndex\":0}', 0, 'nginx/nginx/conf/nginx.conf', 'realtime-mkt:18001', NULL);
INSERT INTO `source_config` VALUES ('ceaac175-e187-4b73-8811-ee2c6d0a0e5c', '40e643c4-5254-4ae7-a3cb-bc7a31aeeefc', '43df9041-08b4-4179-a7d5-303f15485253', '前端mysql库连接配置（host,登录名,登录密码,端口）', '{\"source\":\"#{mysql,1}\",\"global\":false,\"ignoreCase\":true,\"matchIndex\":0}', 0, 'config/tpl/clockwork.config', 'realtime-1', NULL);
INSERT INTO `source_config` VALUES ('cef2b3c5-04f4-4c21-8060-ab594b96bf09', '37363fe8-c813-456e-aa3a-63275a8973f9', '07fcd766-9451-4287-9e4b-f27de4e3df14', 'redis 26480端口', '{\"source\":\"#{redis_26480,1}\",\"global\":false,\"ignoreCase\":false,\"matchIndex\":0}', 0, 'etl-count-et/config/tpl/config/redis.properties', 'realtime-1', NULL);
INSERT INTO `source_config` VALUES ('cf0d82ba-4789-4e15-9a21-929cfd25c6de', '04d51d81-5439-4f4b-ad95-ab0610f933ae', 'c816bbd9-99c7-4020-9292-f238da577092', 'redis 6379端口', '{\"source\":\"#{redis_6379,1}\",\"global\":false,\"ignoreCase\":true,\"matchIndex\":0}', 0, 'docs/config/tpl/', 'realtime-1', '0579e662-f44b-4177-b216-0654ac59d198');
INSERT INTO `source_config` VALUES ('cfb7ecd8-b1cc-4874-a9d8-012690849f91', '37363fe8-c813-456e-aa3a-63275a8973f9', '07fcd766-9451-4287-9e4b-f27de4e3df14', 'ssdb 8888端口', '{\"source\":\"#{ssdb_8888,1}\",\"global\":false,\"ignoreCase\":false,\"matchIndex\":0}', 0, 'etl-paopi/config/tpl/config/redis.properties', 'realtime-1', NULL);
INSERT INTO `source_config` VALUES ('d07f8ef1-41f2-43cd-aede-03b14ab9c558', 'cdac3b88-7578-4a0e-8151-f96627832942', '40ce7785-d4d6-41bf-9d58-ed7ec7e9767c', '触达2.0相关配置', '{\"source\":\"#{mktv2.config->server.user}\",\"global\":false,\"ignoreCase\":true,\"matchIndex\":0}', 0, 'docs/tpl/README.md', 'realtime-mkt:1925', NULL);
INSERT INTO `source_config` VALUES ('d08501e2-923b-4549-8424-4ad8ac2cc116', 'cdac3b88-7578-4a0e-8151-f96627832942', '40ce7785-d4d6-41bf-9d58-ed7ec7e9767c', '前端mysql库连接配置（host,登录名,登录密码,端口）', '{\"source\":\"#{mysql,2}\",\"global\":false,\"ignoreCase\":true,\"matchIndex\":0}', 0, 'docs/tpl/mkt-batch', 'web', NULL);
INSERT INTO `source_config` VALUES ('d15f3bb4-3c7f-4a68-a567-df17d348fcdb', 'b4779bc3-b64b-4556-8fbf-e1660abc77d7', 'fd6a925b-de4d-440a-84a5-9e6f42c63845', '前端mysql库连接配置（host,登录名,登录密码,端口）', '{\"source\":\"#{mysql,4/3306}\",\"global\":false,\"ignoreCase\":false,\"matchIndex\":0}', 0, 'docs/config/tpl/application.properties', '3306', NULL);
INSERT INTO `source_config` VALUES ('d23fe1b1-8842-4520-a4b7-5f911798347b', 'c901f2f3-ee26-4461-b830-7c47e4f4bd6a', '2da9b5de-74d0-4533-860f-8915766b270a', '前端mysql库连接配置（host,登录名,登录密码,端口）', '{\"source\":\"#{mysql,1}\",\"global\":false,\"ignoreCase\":false,\"matchIndex\":0}', 0, 'tpl/config/application.yml', 'realtime-1', NULL);
INSERT INTO `source_config` VALUES ('d292ba82-f044-4561-aa72-b05d1a88f9b4', '37363fe8-c813-456e-aa3a-63275a8973f9', '07fcd766-9451-4287-9e4b-f27de4e3df14', 'ssdb 1217端口', '{\"source\":\"#{ssdb_1217,2}\",\"global\":false,\"ignoreCase\":false,\"matchIndex\":0}', 0, 'etl-market-cloud/config/tpl/config/redis.properties', '1217', NULL);
INSERT INTO `source_config` VALUES ('d49c280a-d3c6-4549-831b-93c605608fdc', '37363fe8-c813-456e-aa3a-63275a8973f9', '07fcd766-9451-4287-9e4b-f27de4e3df14', 'impala连接配置（host,登录名,登录密码,端口,仓库名）', '{\"source\":\"#{impala,5}\",\"global\":false,\"ignoreCase\":false,\"matchIndex\":0}', 0, 'etl-single/config/tpl/config/dw_config.properties', 'zanalytics', NULL);
INSERT INTO `source_config` VALUES ('d4b26902-eac0-48d8-a88b-d5620c0c0b63', '46c0879d-a25b-4f8b-bc66-610d6ed88ef4', 'd96de692-4e70-4d52-89f9-3d1deceeee78', '微信客户端clientId，可访问该地址生成：https://weixin.zhugeio.com/s/v1/newClientId', '{\"source\":\"#{wt.client.client_id}\",\"global\":false,\"ignoreCase\":false,\"matchIndex\":0}', 0, 'doc/部署准备资料/client-realtime-tpl/www/config.properties', '9d3266fd556a4db7b9616d385f8bdf8f', NULL);
INSERT INTO `source_config` VALUES ('d512f81d-bb6e-46c9-a063-9dea64ffb3ec', '37363fe8-c813-456e-aa3a-63275a8973f9', '07fcd766-9451-4287-9e4b-f27de4e3df14', '触达api访问地址（内网）【触达clockwork对应的nginx地址】', '{\"source\":\"#{clockwork.flow_api.domain.intranet}\",\"global\":false,\"ignoreCase\":false,\"matchIndex\":0}', 0, 'etl-market-cloud/config/tpl/config/config.properties', 'http://realtime-1:8008', NULL);
INSERT INTO `source_config` VALUES ('d6668f6d-f476-4242-99b6-ad868eb48021', '37363fe8-c813-456e-aa3a-63275a8973f9', '07fcd766-9451-4287-9e4b-f27de4e3df14', 'impala/hive元数据库连接配置（host,登录名,登录密码）', '{\"source\":\"#{mysql_hive,2}\",\"global\":false,\"ignoreCase\":false,\"matchIndex\":0}', 0, 'etl-paopi/config/tpl/config/hive_db.properties', 'hive', NULL);
INSERT INTO `source_config` VALUES ('d67a7e65-50f1-4ba8-992f-1c08f2ca4af8', '45a9da44-30ae-4660-a2f8-7729b3036d2e', '44e0bfcc-edfd-4d5c-a84d-615d444cee77', 'es查询服务', '{\"source\":\"#{svr.domain.intranet.es.www}\",\"global\":false,\"ignoreCase\":false,\"matchIndex\":0}', 0, 'nginx-single/nginx/conf/nginx.conf-upload', 'realtime-2:7808', NULL);
INSERT INTO `source_config` VALUES ('d73456ed-3856-447a-bf67-48ef380974a6', '0f0dfcad-40a0-4a99-9bc6-232b4efb22d4', '8d1ab3f3-5a5c-4442-81a9-336cc455ef02', '登录跳转域名白名单，前端使用样例：^(http://localhost:3000)|(http://test.zhugeio.com:8080)|()', '{\"source\":\"#{webapp.login_destination_white_list}\",\"global\":false,\"ignoreCase\":false,\"matchIndex\":0}', 0, 'spa/config/prod.env.js.tpl', '', NULL);
INSERT INTO `source_config` VALUES ('d780c2dd-7cc6-4efb-a6a1-1df1270bf6f8', 'cdac3b88-7578-4a0e-8151-f96627832942', '40ce7785-d4d6-41bf-9d58-ed7ec7e9767c', '前端mysql库连接配置（host,登录名,登录密码,端口）', '{\"source\":\"#{mysql,3}\",\"global\":false,\"ignoreCase\":true,\"matchIndex\":0}', 0, 'docs/tpl/mkt-adapter', 'zanalytics', NULL);
INSERT INTO `source_config` VALUES ('d9798115-b51a-4ae6-99e9-12461ff182dc', '04d51d81-5439-4f4b-ad95-ab0610f933ae', '2129aeea-f59f-47e6-af4b-48ab8e3bc374', 'ssdb 8888端口', '{\"source\":\"#{ssdb_8888,3}\",\"global\":false,\"ignoreCase\":true,\"matchIndex\":0}', 0, 'docs/config/tpl/', NULL, NULL);
INSERT INTO `source_config` VALUES ('d9cc75ae-a3c1-4e63-b8ea-8eee1aa2a529', '04d51d81-5439-4f4b-ad95-ab0610f933ae', '2129aeea-f59f-47e6-af4b-48ab8e3bc374', 'redis 26480端口', '{\"source\":\"#{redis_26480,1}\",\"global\":false,\"ignoreCase\":true,\"matchIndex\":0}', 0, 'docs/config/tpl/', 'realtime-1', NULL);
INSERT INTO `source_config` VALUES ('dafcf3af-1110-41e6-bdac-562590ad0151', '45a9da44-30ae-4660-a2f8-7729b3036d2e', '44e0bfcc-edfd-4d5c-a84d-615d444cee77', 'debug内网服务部署地址', '{\"source\":\"#{svr.domain.intranet.debug.www}\",\"global\":false,\"ignoreCase\":false,\"matchIndex\":0}', 0, 'nginx/nginx/conf/nginx.conf-upload', 'realtime-1:16688', NULL);
INSERT INTO `source_config` VALUES ('db1b1523-eb5f-40d9-8a2f-d688d7fac6a5', '1e4058bb-b8e6-4ca9-ae31-4065365d51f1', 'e7f7a127-f4c4-4338-8e84-9b7fc73dd4a7', '视屏项目调用分析平台的接口', '{\"source\":\"#{shiping.mapping_analysis_api}\",\"global\":false,\"ignoreCase\":false,\"matchIndex\":0}', 0, 'config/buildConfig.js.tpl', '', NULL);
INSERT INTO `source_config` VALUES ('dba50a81-8208-4a0f-a6fb-9285658f85be', '37363fe8-c813-456e-aa3a-63275a8973f9', '07fcd766-9451-4287-9e4b-f27de4e3df14', 'kafka服务集群', '{\"source\":\"#{kafka_bootstrap_servers}\",\"global\":false,\"ignoreCase\":false,\"matchIndex\":0}', 0, 'etl-gate/config/tpl/config/config.properties', 'realtime-1:9092,realtime-2:9092,realtime-3:9092', NULL);
INSERT INTO `source_config` VALUES ('dbadd32b-7ce7-42d1-81a8-7004cfa68f92', '45a9da44-30ae-4660-a2f8-7729b3036d2e', '44e0bfcc-edfd-4d5c-a84d-615d444cee77', '前端mysql库连接配置（host,登录名,登录密码,端口）', '{\"source\":\"#{mysql,1}\",\"global\":false,\"ignoreCase\":false,\"matchIndex\":0}', 0, 'userbehaviorpath_usergroup/getdbdata-tpl.sh', 'realtime-1', NULL);
INSERT INTO `source_config` VALUES ('dc0cd335-0bd5-4a8b-8f3e-ddc88af67d5e', '46c0879d-a25b-4f8b-bc66-610d6ed88ef4', 'd96de692-4e70-4d52-89f9-3d1deceeee78', '合并端口外网访问地址(需要加协议http(s))(填网站的)', '{\"source\":\"#{svr.domain.extranet}\",\"global\":false,\"ignoreCase\":false,\"matchIndex\":0}', 0, 'doc/部署准备资料/client-realtime-tpl/www/config.properties', 'https://uba.it.pkpm.cn', NULL);
INSERT INTO `source_config` VALUES ('dc887c34-4b3e-467e-bebd-fddeced6e0bd', '0f0dfcad-40a0-4a99-9bc6-232b4efb22d4', '8d1ab3f3-5a5c-4442-81a9-336cc455ef02', '合并端口外网访问地址(需要加协议http(s))(填网关的)', '{\"source\":\"#{svr.domain.nginx.extranet}\",\"global\":false,\"ignoreCase\":false,\"matchIndex\":0}', 0, 'spa/config/prod.env.js.tpl', 'https://uba.it.pkpm.cn', NULL);
INSERT INTO `source_config` VALUES ('dd4cf4f6-4ae6-4b51-9aec-9e0f270c9069', '2f46f470-e0ec-4119-bc84-c4d111475889', 'f099031a-7bcd-4d77-af00-8290675eb858', 'es集群2的ip', '{\"source\":\"#{elasticsearch2,2}\",\"global\":false,\"ignoreCase\":false,\"matchIndex\":0}', 0, 'docs/config/tpl/', '9200', NULL);
INSERT INTO `source_config` VALUES ('de2e4dd1-5d02-43f0-96e9-29a11665f295', 'b365bc9c-2dfd-4fe1-afba-5b56d58e65a3', 'ef3e253f-ffe6-4196-8e1e-382f28f6c9d1', '登录地址', '{\"source\":\"#{market.login_url}\",\"global\":false,\"ignoreCase\":false,\"matchIndex\":0}', 0, 'config/constants.js.tpl', '/webapp/app/login', NULL);
INSERT INTO `source_config` VALUES ('de486645-b4c3-48f3-af6d-cb78069de1b7', '45a9da44-30ae-4660-a2f8-7729b3036d2e', '44e0bfcc-edfd-4d5c-a84d-615d444cee77', 'es查询服务', '{\"source\":\"#{svr.domain.intranet.es.www}\",\"global\":false,\"ignoreCase\":false,\"matchIndex\":0}', 0, 'nginx-single/nginx/conf/nginx.conf', 'realtime-2:7808', NULL);
INSERT INTO `source_config` VALUES ('df2a0fbb-107e-409a-a2b0-765e20ec090e', '45a9da44-30ae-4660-a2f8-7729b3036d2e', '44e0bfcc-edfd-4d5c-a84d-615d444cee77', 'redis 6379端口', '{\"source\":\"#{redis_6379,2}\",\"global\":false,\"ignoreCase\":false,\"matchIndex\":0}', 0, 'zanalytics_online_debug/online_debug_config.py-tpl', '6379', NULL);
INSERT INTO `source_config` VALUES ('df7e015a-8dd7-45b4-b8e0-2a692e4636d7', '37363fe8-c813-456e-aa3a-63275a8973f9', '07fcd766-9451-4287-9e4b-f27de4e3df14', 'redis 8898端口', '{\"source\":\"#{redis_8898,3}\",\"global\":false,\"ignoreCase\":false,\"matchIndex\":0}', 0, 'etl-count/config/tpl/config/redis.properties', NULL, NULL);
INSERT INTO `source_config` VALUES ('dff3df3f-8700-4f08-91d6-09bcf1b0a7a4', '04d51d81-5439-4f4b-ad95-ab0610f933ae', '2129aeea-f59f-47e6-af4b-48ab8e3bc374', 'redis 6379端口', '{\"source\":\"#{redis_6379,1}\",\"global\":false,\"ignoreCase\":true,\"matchIndex\":0}', 0, 'docs/config/tpl/', 'realtime-1', NULL);
INSERT INTO `source_config` VALUES ('e01bc9bb-ab9e-417b-a102-33c84f312318', '37363fe8-c813-456e-aa3a-63275a8973f9', '07fcd766-9451-4287-9e4b-f27de4e3df14', 'kafka服务集群', '{\"source\":\"#{kafka_bootstrap_servers}\",\"global\":false,\"ignoreCase\":false,\"matchIndex\":0}', 0, 'etl-market-cloud/config/tpl/config/config.properties', 'realtime-1:9092,realtime-2:9092,realtime-3:9092', NULL);
INSERT INTO `source_config` VALUES ('e07183bc-d403-49a9-ba13-1e7437af60a9', 'dae89e64-2932-4bec-b3ae-4ac5be585617', '7a5c3982-1c5c-43c5-b4fa-15d9bd89fcdb', '合并端口内网访问地址', '{\"source\":\"#{svr.domain.intranet}\",\"global\":false,\"ignoreCase\":false,\"matchIndex\":0}', 0, 'docs/config/tpl/application.properties', 'realtime-1:80', NULL);
INSERT INTO `source_config` VALUES ('e0a8fdf9-597d-472b-859e-6865f9f4568c', '46c0879d-a25b-4f8b-bc66-610d6ed88ef4', 'd96de692-4e70-4d52-89f9-3d1deceeee78', '合并端口内网访问地址', '{\"source\":\"#{svr.domain.intranet}\",\"global\":false,\"ignoreCase\":true,\"matchIndex\":0}', 0, 'doc/部署准备资料/client-realtime-tpl/consumer/config.properties', 'realtime-1:80', NULL);
INSERT INTO `source_config` VALUES ('e0a9b321-779e-41d2-b79f-b1d78b9005ed', '2f46f470-e0ec-4119-bc84-c4d111475889', 'f099031a-7bcd-4d77-af00-8290675eb858', 'redis 26555端口', '{\"source\":\"#{redis_26555,3}\",\"global\":false,\"ignoreCase\":false,\"matchIndex\":0}', 0, 'docs/config/tpl/', 'Sun_unix*1101', NULL);
INSERT INTO `source_config` VALUES ('e12db527-e59f-4695-b4b5-80464fea59fb', '71671909-9834-44b3-b2eb-a0789696eeb6', '47bee3c6-4754-4bda-b3da-b6215fee96e1', 'impala连接配置（host,登录名,登录密码,端口,仓库名）', '{\"source\":\"#{impala,1}\",\"global\":false,\"ignoreCase\":false,\"matchIndex\":0}', 0, 'bin/tpl/config.yml', 'realtime-1', NULL);
INSERT INTO `source_config` VALUES ('e2e9fd39-78de-4eeb-b6ba-23b2a509ec72', '45a9da44-30ae-4660-a2f8-7729b3036d2e', '44e0bfcc-edfd-4d5c-a84d-615d444cee77', 'debug内网服务部署地址', '{\"source\":\"#{svr.domain.intranet.debug.www}\",\"global\":false,\"ignoreCase\":false,\"matchIndex\":0}', 0, 'nginx-single/nginx/conf/nginx.conf', 'realtime-1:16688', NULL);
INSERT INTO `source_config` VALUES ('e305072a-3194-4e01-b933-f88eb7020d5f', '37363fe8-c813-456e-aa3a-63275a8973f9', '07fcd766-9451-4287-9e4b-f27de4e3df14', '前端mysql库连接配置（host,登录名,登录密码,端口）', '{\"source\":\"#{mysql,1}\",\"global\":false,\"ignoreCase\":false,\"matchIndex\":0}', 0, 'etl-paopi/config/tpl/config/front_db.properties', 'realtime-1', NULL);
INSERT INTO `source_config` VALUES ('e30ed86c-76b6-4a56-965d-cf8ebbeb7737', '45a9da44-30ae-4660-a2f8-7729b3036d2e', '44e0bfcc-edfd-4d5c-a84d-615d444cee77', '前端mysql库连接配置（host,登录名,登录密码,端口）', '{\"source\":\"#{mysql,4/3306}\",\"global\":false,\"ignoreCase\":false,\"matchIndex\":0}', 0, 'es-index/zanalytics-index-db/tpl/impala-shell.sh', '3306', NULL);
INSERT INTO `source_config` VALUES ('e3101eb8-80c0-4382-879d-3f84b149aacc', '04d51d81-5439-4f4b-ad95-ab0610f933ae', 'c816bbd9-99c7-4020-9292-f238da577092', 'impala连接配置（host,登录名,登录密码,端口,仓库名）', '{\"source\":\"#{impala,3}\",\"global\":false,\"ignoreCase\":true,\"matchIndex\":0}', 0, 'docs/config/tpl/', 'admin', '0579e662-f44b-4177-b216-0654ac59d198');
INSERT INTO `source_config` VALUES ('e36dcd97-8c64-4e4e-a107-b40876d0e193', 'c901f2f3-ee26-4461-b830-7c47e4f4bd6a', '2da9b5de-74d0-4533-860f-8915766b270a', '前端mysql库连接配置（host,登录名,登录密码,端口）', '{\"source\":\"#{mysql,2}\",\"global\":false,\"ignoreCase\":false,\"matchIndex\":0}', 0, 'tpl/config/application.yml', 'web', NULL);
INSERT INTO `source_config` VALUES ('e37826fe-3e7b-42ed-bcbd-afffca581bf3', '45a9da44-30ae-4660-a2f8-7729b3036d2e', '44e0bfcc-edfd-4d5c-a84d-615d444cee77', 'ssdb 8888端口', '{\"source\":\"#{ssdb_8888,2}\",\"global\":false,\"ignoreCase\":false,\"matchIndex\":0}', 0, 'sql-zeppelin/zeppelin/conf-tpl/interpreter.json', '8888', NULL);
INSERT INTO `source_config` VALUES ('e3dd0fcc-7ad0-4709-924f-ec773c32f205', '04d51d81-5439-4f4b-ad95-ab0610f933ae', 'c816bbd9-99c7-4020-9292-f238da577092', 'impala连接配置（host,登录名,登录密码,端口,仓库名）', '{\"source\":\"#{impala,5/zhugeio}\",\"global\":false,\"ignoreCase\":true,\"matchIndex\":0}', 0, 'docs/config/tpl/', 'zanalytics', '0579e662-f44b-4177-b216-0654ac59d198');
INSERT INTO `source_config` VALUES ('e4d3cc22-0a40-4370-bb97-d29dc87b4fcd', '0f0dfcad-40a0-4a99-9bc6-232b4efb22d4', '8d1ab3f3-5a5c-4442-81a9-336cc455ef02', 'android-sdkv名称', '{\"source\":\"#{webapp.word.and_sdk}\",\"global\":false,\"ignoreCase\":false,\"matchIndex\":0}', 0, 'spa/config/prod.env.js.tpl', 'ZhugeSDK', NULL);
INSERT INTO `source_config` VALUES ('e7511b31-a951-45f2-8b2f-d520b64174e4', '37363fe8-c813-456e-aa3a-63275a8973f9', '07fcd766-9451-4287-9e4b-f27de4e3df14', 'impala连接配置（host,登录名,登录密码,端口,仓库名）', '{\"source\":\"#{impala,2}\",\"global\":false,\"ignoreCase\":false,\"matchIndex\":0}', 0, 'etl-single/config/tpl/config/impala_db.properties', 'admin', NULL);
INSERT INTO `source_config` VALUES ('e7ea6235-e232-420a-a476-7fc135a612a4', '37363fe8-c813-456e-aa3a-63275a8973f9', '07fcd766-9451-4287-9e4b-f27de4e3df14', '前端mysql库连接配置（host,登录名,登录密码,端口）', '{\"source\":\"#{mysql,4/3306}\",\"global\":false,\"ignoreCase\":false,\"matchIndex\":0}', 0, 'etl-gate/config/tpl/config/front_db.properties', '3306', NULL);
INSERT INTO `source_config` VALUES ('e7f1880a-76a4-4e72-a039-77fa6d1ca8e5', '37363fe8-c813-456e-aa3a-63275a8973f9', '07fcd766-9451-4287-9e4b-f27de4e3df14', 'ssdb 1218端口', '{\"source\":\"#{ssdb_1218,1}\",\"global\":false,\"ignoreCase\":false,\"matchIndex\":0}', 0, 'etl-market-cloud/config/tpl/config/redis.properties', 'realtime-3', NULL);
INSERT INTO `source_config` VALUES ('e8621a98-a4d0-4620-812b-2d0908acc7dd', '0f0dfcad-40a0-4a99-9bc6-232b4efb22d4', '8d1ab3f3-5a5c-4442-81a9-336cc455ef02', 'ios-sdkv名称', '{\"source\":\"#{webapp.word.ios_sdk}\",\"global\":false,\"ignoreCase\":false,\"matchIndex\":0}', 0, 'spa/config/prod.env.js.tpl', 'Zhuge', NULL);
INSERT INTO `source_config` VALUES ('e88402c2-5202-45c5-9a46-825c51bc71e1', '40e643c4-5254-4ae7-a3cb-bc7a31aeeefc', '43df9041-08b4-4179-a7d5-303f15485253', '前端mysql库连接配置（host,登录名,登录密码,端口）', '{\"source\":\"#{mysql,3}\",\"global\":false,\"ignoreCase\":true,\"matchIndex\":0}', 0, 'config/tpl/clockwork.config', 'zanalytics', NULL);
INSERT INTO `source_config` VALUES ('e8a4bdfe-43bd-488a-a356-5b875d2f2efc', '37363fe8-c813-456e-aa3a-63275a8973f9', '07fcd766-9451-4287-9e4b-f27de4e3df14', 'redis 26480端口', '{\"source\":\"#{redis_26480,2}\",\"global\":false,\"ignoreCase\":false,\"matchIndex\":0}', 0, 'etl-count/config/tpl/config/redis.properties', '26480', NULL);
INSERT INTO `source_config` VALUES ('e8e093ee-f56c-4f70-a018-391bb36cfdfd', '45a9da44-30ae-4660-a2f8-7729b3036d2e', '44e0bfcc-edfd-4d5c-a84d-615d444cee77', 'debug内网服务部署地址', '{\"source\":\"#{svr.domain.intranet.debug.www}\",\"global\":false,\"ignoreCase\":false,\"matchIndex\":0}', 0, 'nginx-single/nginx/conf/nginx.conf-upload', 'realtime-1:16688', NULL);
INSERT INTO `source_config` VALUES ('e91cfb96-2bed-4462-95c5-0c2e6588f5db', '37363fe8-c813-456e-aa3a-63275a8973f9', '07fcd766-9451-4287-9e4b-f27de4e3df14', 'kafka服务集群', '{\"source\":\"#{kafka_bootstrap_servers}\",\"global\":false,\"ignoreCase\":false,\"matchIndex\":0}', 0, 'etl-dw-kudu/config/tpl/config/config.properties', 'realtime-1:9092,realtime-2:9092,realtime-3:9092', NULL);
INSERT INTO `source_config` VALUES ('e939a135-d26e-4ebd-bddb-1aaeae35b08e', '37363fe8-c813-456e-aa3a-63275a8973f9', '07fcd766-9451-4287-9e4b-f27de4e3df14', '前端mysql库连接配置（host,登录名,登录密码,端口）', '{\"source\":\"#{mysql,2}\",\"global\":false,\"ignoreCase\":false,\"matchIndex\":0}', 0, 'etl-load-cdh/config/tpl/config/front_db.properties', 'web', NULL);
INSERT INTO `source_config` VALUES ('e9dc7a8d-345a-4d35-a885-c9faef12f5f6', '46c0879d-a25b-4f8b-bc66-610d6ed88ef4', 'd96de692-4e70-4d52-89f9-3d1deceeee78', '前端mysql库连接配置（host,登录名,登录密码,端口）', '{\"source\":\"#{mysql,2}\",\"global\":false,\"ignoreCase\":false,\"matchIndex\":0}', 0, 'doc/部署准备资料/client-realtime-tpl/www/config.properties', 'web', NULL);
INSERT INTO `source_config` VALUES ('e9ece0c4-23ef-4a50-8b0e-3a78be0fcca3', '37363fe8-c813-456e-aa3a-63275a8973f9', '07fcd766-9451-4287-9e4b-f27de4e3df14', 'ssdb 1218端口', '{\"source\":\"#{ssdb_1218,3}\",\"global\":false,\"ignoreCase\":false,\"matchIndex\":0}', 0, 'etl-market-cloud/config/tpl/config/redis.properties', NULL, NULL);
INSERT INTO `source_config` VALUES ('e9fc75f4-2ef6-4582-84cd-8ac5fa1325c5', '7c6a4ef0-7af7-40b0-aa69-99bad2d6271d', '41f4d639-5aba-4888-838a-f25459698ddb', '合并端口内网访问地址', '{\"source\":\"#{svr.domain.intranet}\",\"global\":false,\"ignoreCase\":true,\"matchIndex\":0}', 0, 'src/config.ts.tpl', 'realtime-1:80', NULL);
INSERT INTO `source_config` VALUES ('ea794ba6-c1d0-4b4b-a8ab-44432111a2f6', 'c901f2f3-ee26-4461-b830-7c47e4f4bd6a', '2da9b5de-74d0-4533-860f-8915766b270a', '前端mysql库连接配置（host,登录名,登录密码,端口）', '{\"source\":\"#{mysql,4/3306}\",\"global\":false,\"ignoreCase\":false,\"matchIndex\":0}', 0, 'tpl/config/application.yml', '3306', NULL);
INSERT INTO `source_config` VALUES ('ead44e40-901c-437f-b2e3-1a58de4e4725', '04d51d81-5439-4f4b-ad95-ab0610f933ae', '2129aeea-f59f-47e6-af4b-48ab8e3bc374', 'es集群2的ip', '{\"source\":\"#{elasticsearch2,1}\",\"global\":false,\"ignoreCase\":true,\"matchIndex\":0}', 0, 'docs/config/tpl/', 'realtime-2', NULL);
INSERT INTO `source_config` VALUES ('eb565e3b-1af5-40d7-a679-d40db7e0f1a3', '46c0879d-a25b-4f8b-bc66-610d6ed88ef4', 'd96de692-4e70-4d52-89f9-3d1deceeee78', '前端mysql库连接配置（host,登录名,登录密码,端口）', '{\"source\":\"#{mysql,1}\",\"global\":false,\"ignoreCase\":false,\"matchIndex\":0}', 0, 'doc/部署准备资料/client-realtime-tpl/worker/config.properties', 'realtime-1', NULL);
INSERT INTO `source_config` VALUES ('ebb3c061-1141-41f3-81d4-d11e87cb62c1', '04d51d81-5439-4f4b-ad95-ab0610f933ae', '2129aeea-f59f-47e6-af4b-48ab8e3bc374', 'ssdb 8888端口', '{\"source\":\"#{ssdb_8888,1}\",\"global\":false,\"ignoreCase\":true,\"matchIndex\":0}', 0, 'docs/config/tpl/', 'realtime-1', NULL);
INSERT INTO `source_config` VALUES ('ec02882a-9808-446e-bace-c9448b3d9f3e', '04d51d81-5439-4f4b-ad95-ab0610f933ae', '2129aeea-f59f-47e6-af4b-48ab8e3bc374', 'es集群1的ip', '{\"source\":\"#{elasticsearch1,2}\",\"global\":false,\"ignoreCase\":true,\"matchIndex\":0}', 0, 'docs/config/tpl/', '9200', NULL);
INSERT INTO `source_config` VALUES ('ec32a649-ec36-4101-84f4-eb607e614a07', '37363fe8-c813-456e-aa3a-63275a8973f9', '07fcd766-9451-4287-9e4b-f27de4e3df14', 'redis 8894端口', '{\"source\":\"#{redis_8894,3}\",\"global\":false,\"ignoreCase\":false,\"matchIndex\":0}', 0, 'etl-id-kudu/config/tpl/config/id_redis.properties', NULL, NULL);
INSERT INTO `source_config` VALUES ('ed114732-b572-4bc3-8c18-d97436eba200', '45a9da44-30ae-4660-a2f8-7729b3036d2e', '44e0bfcc-edfd-4d5c-a84d-615d444cee77', 'es查询服务', '{\"source\":\"#{svr.domain.intranet.es.www}\",\"global\":false,\"ignoreCase\":false,\"matchIndex\":0}', 0, 'nginx/nginx/conf/nginx.conf', 'realtime-2:7808', NULL);
INSERT INTO `source_config` VALUES ('ee237e83-b48a-4004-9f01-2b282a5dea6b', 'cdac3b88-7578-4a0e-8151-f96627832942', '40ce7785-d4d6-41bf-9d58-ed7ec7e9767c', 'impala连接配置（host,登录名,登录密码,端口,仓库名）', '{\"source\":\"#{impala,2}\",\"global\":false,\"ignoreCase\":false,\"matchIndex\":0}', 0, 'docs/tpl/mkt-user', 'admin', NULL);
INSERT INTO `source_config` VALUES ('eeb5217f-6b86-4022-8b3f-5d2bed0ee747', '46c0879d-a25b-4f8b-bc66-610d6ed88ef4', 'd96de692-4e70-4d52-89f9-3d1deceeee78', '微信客户端kafka-topic', '{\"source\":\"#{wt.client.kafka_topic}\",\"global\":false,\"ignoreCase\":false,\"matchIndex\":0}', 0, 'doc/部署准备资料/client-realtime-tpl/consumer/config.properties', 'wt-weixin-topic', NULL);
INSERT INTO `source_config` VALUES ('eec712aa-0717-46e0-beb5-d3d3b75546fe', '04d51d81-5439-4f4b-ad95-ab0610f933ae', 'c816bbd9-99c7-4020-9292-f238da577092', 'es集群2的ip', '{\"source\":\"#{elasticsearch2,1}\",\"global\":false,\"ignoreCase\":true,\"matchIndex\":0}', 0, 'docs/config/tpl/', 'realtime-2', '0579e662-f44b-4177-b216-0654ac59d198');
INSERT INTO `source_config` VALUES ('eeffaf41-65b2-4f31-99fc-437e95d100e8', '0f0dfcad-40a0-4a99-9bc6-232b4efb22d4', '8d1ab3f3-5a5c-4442-81a9-336cc455ef02', '视屏根路径', '{\"source\":\"#{webapp.shiping_root_path}\",\"global\":false,\"ignoreCase\":false,\"matchIndex\":0}', 0, 'spa/config/prod.env.js.tpl', 'shiping', NULL);
INSERT INTO `source_config` VALUES ('ef3e206c-cfee-4e04-95fa-fe2f1e61fde7', '0f0dfcad-40a0-4a99-9bc6-232b4efb22d4', '8d1ab3f3-5a5c-4442-81a9-336cc455ef02', '登录图片验证码开关', '{\"source\":\"#{webapp.login_img_code}\",\"global\":false,\"ignoreCase\":false,\"matchIndex\":0}', 0, 'spa/config/prod.env.js.tpl', 'false', NULL);
INSERT INTO `source_config` VALUES ('ef4712ca-300c-4fde-8d01-ef9bb959092c', 'b4779bc3-b64b-4556-8fbf-e1660abc77d7', 'fd6a925b-de4d-440a-84a5-9e6f42c63845', 'ssdb 8888端口', '{\"source\":\"#{ssdb_8888,2}\",\"global\":false,\"ignoreCase\":false,\"matchIndex\":0}', 0, 'docs/config/tpl/application.properties', '8888', NULL);
INSERT INTO `source_config` VALUES ('f028e6a1-22c2-4533-acc9-2decc7334a9e', '85866bad-811d-44af-952e-bdf1c1f1cd1a', '4a826f66-9c1d-42f7-a328-b1d84ead507f', '前端mysql库连接配置（host,登录名,登录密码,端口）', '{\"source\":\"#{mysql,3}\",\"global\":false,\"ignoreCase\":false,\"matchIndex\":0}', 0, 'config/private/tpl/kudu-to-parquet.sh', 'zanalytics', NULL);
INSERT INTO `source_config` VALUES ('f031deb8-9e63-4e5a-baa4-ff3c9f34e0fd', '04d51d81-5439-4f4b-ad95-ab0610f933ae', '2129aeea-f59f-47e6-af4b-48ab8e3bc374', 'es集群1的ip', '{\"source\":\"#{elasticsearch1,1}\",\"global\":false,\"ignoreCase\":true,\"matchIndex\":0}', 0, 'docs/config/tpl/', 'realtime-2', NULL);
INSERT INTO `source_config` VALUES ('f06db94a-126b-400a-bb8c-71ea255f6e55', 'cdac3b88-7578-4a0e-8151-f96627832942', '40ce7785-d4d6-41bf-9d58-ed7ec7e9767c', '触达2.0相关配置', '{\"source\":\"#{mktv2.config->server.batch}\",\"global\":false,\"ignoreCase\":true,\"matchIndex\":0}', 0, 'docs/tpl/README.md', 'realtime-mkt:1927', NULL);
INSERT INTO `source_config` VALUES ('f0e7600b-9bda-42d6-80ea-238248b61271', '04d51d81-5439-4f4b-ad95-ab0610f933ae', '2129aeea-f59f-47e6-af4b-48ab8e3bc374', '前端mysql库连接配置（host,登录名,登录密码,端口）', '{\"source\":\"#{mysql,4/3306}\",\"global\":false,\"ignoreCase\":true,\"matchIndex\":0}', 0, 'docs/config/tpl/', '3306', NULL);
INSERT INTO `source_config` VALUES ('f17866df-5967-48e3-9486-629bd3d105c3', '0f0dfcad-40a0-4a99-9bc6-232b4efb22d4', '8d1ab3f3-5a5c-4442-81a9-336cc455ef02', '分析平台的可视化埋点', '{\"source\":\"#{webapp.show_visualizer_track}\",\"global\":false,\"ignoreCase\":false,\"matchIndex\":0}', 0, 'spa/config/prod.env.js.tpl', 'true', NULL);
INSERT INTO `source_config` VALUES ('f1a75cb0-e57b-45ad-91ed-515fa6a2c531', '40e643c4-5254-4ae7-a3cb-bc7a31aeeefc', '43df9041-08b4-4179-a7d5-303f15485253', 'ssdb 1218端口', '{\"source\":\"#{ssdb_1218,1}\",\"global\":false,\"ignoreCase\":false,\"matchIndex\":0}', 0, 'config/tpl/clockwork.config', 'realtime-3', NULL);
INSERT INTO `source_config` VALUES ('f1dd8fd0-f764-4779-97b1-b879248ace2d', '68e078fb-eb3d-4659-9e38-272e35316e38', 'd2ec6358-ecfc-4afd-a19f-d82f67284927', '合并端口外网访问地址(需要加协议http(s))(填网关的)', '{\"source\":\"#{svr.domain.nginx.extranet}\",\"global\":false,\"ignoreCase\":false,\"matchIndex\":0}', 0, '.env.production.tpl', 'https://uba.it.pkpm.cn', NULL);
INSERT INTO `source_config` VALUES ('f2d28772-6b6a-420f-9b43-2e01b98d3fba', '04d51d81-5439-4f4b-ad95-ab0610f933ae', 'c816bbd9-99c7-4020-9292-f238da577092', 'es集群1的ip', '{\"source\":\"#{elasticsearch1,2}\",\"global\":false,\"ignoreCase\":true,\"matchIndex\":0}', 0, 'docs/config/tpl/', '9200', '0579e662-f44b-4177-b216-0654ac59d198');
INSERT INTO `source_config` VALUES ('f31255f5-2e83-4caa-b6aa-b1f19680d79a', '7c6a4ef0-7af7-40b0-aa69-99bad2d6271d', '41f4d639-5aba-4888-838a-f25459698ddb', '', '{\"source\":\"#{node->isSSO}\",\"global\":false,\"ignoreCase\":false,\"matchIndex\":0}', 0, 'src/config.ts.tpl', 'false', NULL);
INSERT INTO `source_config` VALUES ('f31d9dbe-86e8-4acc-b15b-4f41b10ac751', '37363fe8-c813-456e-aa3a-63275a8973f9', '07fcd766-9451-4287-9e4b-f27de4e3df14', 'kafka服务集群', '{\"source\":\"#{kafka_bootstrap_servers}\",\"global\":false,\"ignoreCase\":false,\"matchIndex\":0}', 0, 'etl-count-et/config/tpl/config/config.properties', 'realtime-1:9092,realtime-2:9092,realtime-3:9092', NULL);
INSERT INTO `source_config` VALUES ('f3bf95c8-5f30-422c-910e-94cc4b19c16d', '45a9da44-30ae-4660-a2f8-7729b3036d2e', '44e0bfcc-edfd-4d5c-a84d-615d444cee77', '前端mysql库连接配置（host,登录名,登录密码,端口）', '{\"source\":\"#{mysql,4/3306}\",\"global\":false,\"ignoreCase\":false,\"matchIndex\":0}', 0, 'userbehaviorpath_usergroup/behavior_path_hadoop/tpl/behavior_config.yml', '3306', NULL);
INSERT INTO `source_config` VALUES ('f49c5e92-ec9a-48f1-94b9-9e231d0e6ba4', 'cdac3b88-7578-4a0e-8151-f96627832942', '40ce7785-d4d6-41bf-9d58-ed7ec7e9767c', '触达2.0相关配置', '{\"source\":\"#{mktv2.config->base_path}\",\"global\":false,\"ignoreCase\":true,\"matchIndex\":0}', 0, 'docs/tpl/mkt-adapter', '/data/mkt', NULL);
INSERT INTO `source_config` VALUES ('f4e40d6e-6ca5-44b4-8f2e-1f37121fb5f2', 'b365bc9c-2dfd-4fe1-afba-5b56d58e65a3', 'ef3e253f-ffe6-4196-8e1e-382f28f6c9d1', '用户信息下载控制开关，true显示下载/false隐藏下载', '{\"source\":\"#{webapp.show_download_button}\",\"global\":false,\"ignoreCase\":false,\"matchIndex\":0}', 0, 'config/constants.js.tpl', 'true', NULL);
INSERT INTO `source_config` VALUES ('f61828c9-afb6-49e3-8db7-05807cfd1675', '37363fe8-c813-456e-aa3a-63275a8973f9', '07fcd766-9451-4287-9e4b-f27de4e3df14', 'impala连接配置（host,登录名,登录密码,端口,仓库名）', '{\"source\":\"#{impala,5/zhugeio}\",\"global\":false,\"ignoreCase\":false,\"matchIndex\":0}', 0, 'etl-dw-kudu/config/tpl/config/impala_db.properties', 'zanalytics', NULL);
INSERT INTO `source_config` VALUES ('f6430d82-9c43-4f2f-a1b1-aae1d58499ad', '85866bad-811d-44af-952e-bdf1c1f1cd1a', '4a826f66-9c1d-42f7-a328-b1d84ead507f', '前端mysql库连接配置（host,登录名,登录密码,端口）', '{\"source\":\"#{mysql,2}\",\"global\":false,\"ignoreCase\":false,\"matchIndex\":0}', 0, 'config/private/tpl/kudu-to-parquet.sh', 'web', NULL);
INSERT INTO `source_config` VALUES ('f68a4ff5-5932-4ef6-b75a-ae0b3f05d1ce', '04d51d81-5439-4f4b-ad95-ab0610f933ae', '2129aeea-f59f-47e6-af4b-48ab8e3bc374', 'ssdb 8888端口', '{\"source\":\"#{ssdb_8888,2}\",\"global\":false,\"ignoreCase\":true,\"matchIndex\":0}', 0, 'docs/config/tpl/', '8888', NULL);
INSERT INTO `source_config` VALUES ('f6ab99aa-f799-4129-ab4c-f69266074466', 'dae89e64-2932-4bec-b3ae-4ac5be585617', '7a5c3982-1c5c-43c5-b4fa-15d9bd89fcdb', 'impala连接配置（host,登录名,登录密码,端口,仓库名）', '{\"source\":\"#{impala,5/zhugeio}\",\"global\":false,\"ignoreCase\":false,\"matchIndex\":0}', 0, 'docs/config/tpl/application-kpt.yml', 'zanalytics', NULL);
INSERT INTO `source_config` VALUES ('f6b7e8d0-4493-4584-aa0a-0f16e87e29d0', 'cdac3b88-7578-4a0e-8151-f96627832942', '40ce7785-d4d6-41bf-9d58-ed7ec7e9767c', '触达2.0相关配置', '{\"source\":\"#{mktv2.config->server.activity}\",\"global\":false,\"ignoreCase\":false,\"matchIndex\":0}', 0, 'docs/tpl/scripts/package/playwell-client/README.md', 'realtime-mkt:1922', NULL);
INSERT INTO `source_config` VALUES ('f74bf8bd-518d-451e-aba5-75bfd6708d16', '71671909-9834-44b3-b2eb-a0789696eeb6', '47bee3c6-4754-4bda-b3da-b6215fee96e1', 'redis 6379端口', '{\"source\":\"#{redis_6379,1}\",\"global\":false,\"ignoreCase\":false,\"matchIndex\":0}', 0, 'bin/tpl/config.yml', 'realtime-1', NULL);
INSERT INTO `source_config` VALUES ('f783db2b-bf96-49b0-ae54-b1fdda8f317a', 'cdac3b88-7578-4a0e-8151-f96627832942', '40ce7785-d4d6-41bf-9d58-ed7ec7e9767c', '前端mysql库连接配置（host,登录名,登录密码,端口）', '{\"source\":\"#{mysql,3}\",\"global\":false,\"ignoreCase\":true,\"matchIndex\":0}', 0, 'docs/tpl/mkt-batch', 'zanalytics', NULL);
INSERT INTO `source_config` VALUES ('f822236d-3b3f-4f82-b7fb-1792975994ac', '46c0879d-a25b-4f8b-bc66-610d6ed88ef4', 'd96de692-4e70-4d52-89f9-3d1deceeee78', 'redis 26480端口', '{\"source\":\"#{redis_26480,2}\",\"global\":false,\"ignoreCase\":false,\"matchIndex\":0}', 0, 'doc/部署准备资料/client-realtime-tpl/consumer/config.properties', '26480', NULL);
INSERT INTO `source_config` VALUES ('f94a0099-fcf1-422a-8f74-479dcc298670', '85866bad-811d-44af-952e-bdf1c1f1cd1a', '4a826f66-9c1d-42f7-a328-b1d84ead507f', '前端mysql库连接配置（host,登录名,登录密码,端口）', '{\"source\":\"#{mysql,3}\",\"global\":false,\"ignoreCase\":false,\"matchIndex\":0}', 0, 'config/private/tpl/config.properties', 'zanalytics', NULL);
INSERT INTO `source_config` VALUES ('f978e213-be92-4e29-8bbc-53702d43f3e6', 'cdac3b88-7578-4a0e-8151-f96627832942', '40ce7785-d4d6-41bf-9d58-ed7ec7e9767c', '前端mysql库连接配置（host,登录名,登录密码,端口）', '{\"source\":\"#{mysql,2}\",\"global\":false,\"ignoreCase\":false,\"matchIndex\":0}', 0, 'docs/tpl/mkt-activity', 'web', NULL);
INSERT INTO `source_config` VALUES ('f9ba7177-b56c-4ceb-af63-4349186ca22d', 'cdac3b88-7578-4a0e-8151-f96627832942', '40ce7785-d4d6-41bf-9d58-ed7ec7e9767c', '前端mysql库连接配置（host,登录名,登录密码,端口）', '{\"source\":\"#{mysql,1}\",\"global\":false,\"ignoreCase\":true,\"matchIndex\":0}', 0, 'docs/tpl/mkt-postman', 'realtime-1', NULL);
INSERT INTO `source_config` VALUES ('f9ea48ae-c778-409b-9cb5-7af2b0050290', 'cdac3b88-7578-4a0e-8151-f96627832942', '40ce7785-d4d6-41bf-9d58-ed7ec7e9767c', 'impala连接配置（host,登录名,登录密码,端口,仓库名）', '{\"source\":\"#{impala,5}\",\"global\":false,\"ignoreCase\":false,\"matchIndex\":0}', 0, 'docs/tpl/mkt-batch', 'zanalytics', NULL);
INSERT INTO `source_config` VALUES ('fa6c3383-2b76-4abc-adb4-7cd00ca71cd2', '40e643c4-5254-4ae7-a3cb-bc7a31aeeefc', '43df9041-08b4-4179-a7d5-303f15485253', '微信客户端clientId，可访问该地址生成：https://weixin.zhugeio.com/s/v1/newClientId', '{\"source\":\"#{wt.client.client_id}\",\"global\":false,\"ignoreCase\":false,\"matchIndex\":0}', 0, 'config/tpl/clockwork.config', '9d3266fd556a4db7b9616d385f8bdf8f', NULL);
INSERT INTO `source_config` VALUES ('fa6cb6b5-54f9-4862-91cf-75fd24feaff5', '37363fe8-c813-456e-aa3a-63275a8973f9', '07fcd766-9451-4287-9e4b-f27de4e3df14', 'impala连接配置（host,登录名,登录密码,端口,仓库名）', '{\"source\":\"#{impala,4}\",\"global\":false,\"ignoreCase\":false,\"matchIndex\":0}', 0, 'etl-load-cdh/config/tpl/config_single/impala_db.properties', '21050', NULL);
INSERT INTO `source_config` VALUES ('fa975190-34cd-4819-9258-9d77c54b7354', 'cdac3b88-7578-4a0e-8151-f96627832942', '40ce7785-d4d6-41bf-9d58-ed7ec7e9767c', '触达2.0相关配置', '{\"source\":\"#{mktv2.config->kafka_bootstrap_servers}\",\"global\":false,\"ignoreCase\":false,\"matchIndex\":0}', 0, 'docs/tpl/mkt-adapter', 'realtime-1:9092,realtime-2:9092,realtime-3:9092', NULL);
INSERT INTO `source_config` VALUES ('fb0e128e-5340-434f-8ca2-45e13b382b37', 'b4779bc3-b64b-4556-8fbf-e1660abc77d7', 'fd6a925b-de4d-440a-84a5-9e6f42c63845', 'elasticsearch用户名、密码', '{\"source\":\"#{elasticsearch.auth,2}\",\"global\":false,\"ignoreCase\":false,\"matchIndex\":0}', 0, 'docs/config/tpl/application.properties', 'Sun_unix*1101', NULL);
INSERT INTO `source_config` VALUES ('fb5c986e-0573-498e-ae9c-863e94e97777', 'cdac3b88-7578-4a0e-8151-f96627832942', '40ce7785-d4d6-41bf-9d58-ed7ec7e9767c', 'impala连接配置（host,登录名,登录密码,端口,仓库名）', '{\"source\":\"#{impala,3}\",\"global\":false,\"ignoreCase\":false,\"matchIndex\":0}', 0, 'docs/tpl/mkt-batch', 'admin', NULL);
INSERT INTO `source_config` VALUES ('fc58879d-fd08-4332-9b3d-9501670929b4', '45a9da44-30ae-4660-a2f8-7729b3036d2e', '44e0bfcc-edfd-4d5c-a84d-615d444cee77', '微信内网（receiver）服务部署地址（默认两个）【/data/wt/receiver/config】', '{\"source\":\"#{svr.domain.intranet.weixin.receiver,2}\",\"global\":false,\"ignoreCase\":false,\"matchIndex\":0}', 0, 'nginx-single/nginx/conf/nginx.conf', 'realtime-2:7713', NULL);
INSERT INTO `source_config` VALUES ('fca30651-fdce-4f82-9956-21450d91229d', '85866bad-811d-44af-952e-bdf1c1f1cd1a', '4a826f66-9c1d-42f7-a328-b1d84ead507f', 'impala连接配置（host,登录名,登录密码,端口,仓库名）', '{\"source\":\"#{impala,2}\",\"global\":false,\"ignoreCase\":false,\"matchIndex\":0}', 0, 'config/private/tpl/config.properties', 'admin', NULL);
INSERT INTO `source_config` VALUES ('fcca2e3d-97fd-4575-9f12-45858592a359', '04d51d81-5439-4f4b-ad95-ab0610f933ae', 'c816bbd9-99c7-4020-9292-f238da577092', 'es集群1的ip', '{\"source\":\"#{elasticsearch1,1}\",\"global\":false,\"ignoreCase\":true,\"matchIndex\":0}', 0, 'docs/config/tpl/', 'realtime-2', '0579e662-f44b-4177-b216-0654ac59d198');
INSERT INTO `source_config` VALUES ('fcd0e2c1-d9bc-4878-b27a-9c065e7b0f24', '37363fe8-c813-456e-aa3a-63275a8973f9', '07fcd766-9451-4287-9e4b-f27de4e3df14', 'redis 26480端口', '{\"source\":\"#{redis_26480,2}\",\"global\":false,\"ignoreCase\":false,\"matchIndex\":0}', 0, 'etl-count-et/config/tpl/config/redis.properties', '26480', NULL);
INSERT INTO `source_config` VALUES ('fd0e763e-4980-459b-8f35-89ef06ae9841', '04d51d81-5439-4f4b-ad95-ab0610f933ae', 'c816bbd9-99c7-4020-9292-f238da577092', '分析平台版本(7标准版,8MARS版)', '{\"source\":\"#{analysis.menu_version}\",\"global\":false,\"ignoreCase\":true,\"matchIndex\":0}', 0, 'docs/config/tpl/', '7', '0579e662-f44b-4177-b216-0654ac59d198');
INSERT INTO `source_config` VALUES ('fdb48188-bf3a-448f-a152-e48cbb2eaea1', '40e643c4-5254-4ae7-a3cb-bc7a31aeeefc', '43df9041-08b4-4179-a7d5-303f15485253', 'impala连接配置（host,登录名,登录密码,端口,仓库名）', '{\"source\":\"#{impala,1}\",\"global\":false,\"ignoreCase\":false,\"matchIndex\":0}', 0, 'config/tpl/clockwork.config', 'realtime-1', NULL);
INSERT INTO `source_config` VALUES ('fe4f8783-1264-4760-9856-661d709d918c', '85866bad-811d-44af-952e-bdf1c1f1cd1a', '4a826f66-9c1d-42f7-a328-b1d84ead507f', 'impala连接配置（host,登录名,登录密码,端口,仓库名）', '{\"source\":\"#{impala,5}\",\"global\":false,\"ignoreCase\":false,\"matchIndex\":0}', 0, 'config/private/tpl/config.properties', 'zanalytics', NULL);
INSERT INTO `source_config` VALUES ('fe892b92-d800-418e-9bcd-716d6a8c9401', '37363fe8-c813-456e-aa3a-63275a8973f9', '07fcd766-9451-4287-9e4b-f27de4e3df14', 'impala连接配置（host,登录名,登录密码,端口,仓库名）', '{\"source\":\"#{impala,3}\",\"global\":false,\"ignoreCase\":false,\"matchIndex\":0}', 0, 'etl-dw-kudu/config/tpl/config/impala_db.properties', 'admin', NULL);
INSERT INTO `source_config` VALUES ('febf0c24-facc-4452-a85a-4ed9c0761833', '7c6a4ef0-7af7-40b0-aa69-99bad2d6271d', '41f4d639-5aba-4888-838a-f25459698ddb', 'redis 26555端口', '{\"source\":\"#{redis_26555,1}\",\"global\":false,\"ignoreCase\":true,\"matchIndex\":0}', 0, 'src/config.ts.tpl', 'realtime-1', NULL);
INSERT INTO `source_config` VALUES ('fed51f20-3814-4a3f-8b76-d616f444a89b', '68e078fb-eb3d-4659-9e38-272e35316e38', 'd2ec6358-ecfc-4afd-a19f-d82f67284927', '诸葛打点，0关闭，1上传至saas，2上传至私有部署', '{\"source\":\"#{webapp.use_track}\",\"global\":false,\"ignoreCase\":false,\"matchIndex\":0}', 0, '.env.production.tpl', '0', NULL);
INSERT INTO `source_config` VALUES ('ff2f3885-f93b-463a-9765-abcc78e2002a', '1e4058bb-b8e6-4ca9-ae31-4065365d51f1', 'e7f7a127-f4c4-4338-8e84-9b7fc73dd4a7', '视屏资源所在目录', '{\"source\":\"#{shiping.assets_public_path}\",\"global\":false,\"ignoreCase\":false,\"matchIndex\":0}', 0, 'config/buildConfig.js.tpl', '/shiping/', NULL);
INSERT INTO `source_config` VALUES ('ffdc99fb-b6a9-4b27-863e-0aa44d4b2c86', '7c6a4ef0-7af7-40b0-aa69-99bad2d6271d', '41f4d639-5aba-4888-838a-f25459698ddb', '分析平台版本(7标准版,8MARS版)', '{\"source\":\"#{analysis.menu_version}\",\"global\":false,\"ignoreCase\":false,\"matchIndex\":0}', 0, 'src/config.ts.tpl', '7', NULL);
INSERT INTO `source_config` VALUES ('fff5193c-0dab-4d69-991e-9772891401e7', '45a9da44-30ae-4660-a2f8-7729b3036d2e', '44e0bfcc-edfd-4d5c-a84d-615d444cee77', 'es集群1的ip', '{\"source\":\"#{elasticsearch1,1}\",\"global\":false,\"ignoreCase\":false,\"matchIndex\":0}', 0, 'es-index/zanalytics-index-db/tpl/2-db1.conf', 'realtime-2', NULL);
COMMIT;

-- ----------------------------
-- Table structure for source_version
-- ----------------------------
DROP TABLE IF EXISTS `source_version`;
CREATE TABLE `source_version` (
  `id` varchar(50) NOT NULL DEFAULT '',
  `source_id` varchar(50) DEFAULT NULL,
  `version` varchar(50) DEFAULT NULL COMMENT '版本号',
  `description` varchar(200) DEFAULT NULL COMMENT '版本描述信息',
  `publish_time` bigint DEFAULT NULL COMMENT '版本发布时间',
  `status` int DEFAULT NULL COMMENT '版本状态：0：废弃；1：正常；2: 归档',
  `readme_doc` text COMMENT 'readme说明文档',
  `build_doc` text COMMENT '部署文档',
  `update_doc` text COMMENT '更新文档',
  `compile_orders` text COMMENT '编译命令组。字符串数组json',
  `source_type` varchar(10) DEFAULT NULL COMMENT '版本来源类型：branch/tag/commit',
  `source_value` varchar(100) DEFAULT NULL COMMENT '版本来源值：branch/tag/commitId',
  `creator_id` varchar(50) DEFAULT NULL COMMENT '创建者id',
  `output_name` varchar(255) CHARACTER SET utf8 COLLATE utf8_general_ci DEFAULT NULL COMMENT '输出文件路径',
  `branch_id` varchar(50) DEFAULT NULL COMMENT '分支id',
  `public_type` int DEFAULT NULL COMMENT '0 git 1 下载',
  `public_git` int DEFAULT NULL,
  `build_update_doc` text COMMENT '部署更新文档',
  PRIMARY KEY (`id`),
  KEY `source_id` (`source_id`),
  KEY `creator_id` (`creator_id`),
  CONSTRAINT `source_version_ibfk_1` FOREIGN KEY (`source_id`) REFERENCES `git_source` (`id`),
  CONSTRAINT `source_version_ibfk_2` FOREIGN KEY (`creator_id`) REFERENCES `user` (`id`)
) ENGINE=InnoDB DEFAULT CHARSET=utf8mb3 COMMENT='gitSource版本';

-- ----------------------------
-- Records of source_version
-- ----------------------------
BEGIN;
INSERT INTO `source_version` VALUES ('07fcd766-9451-4287-9e4b-f27de4e3df14', '37363fe8-c813-456e-aa3a-63275a8973f9', '1.0.0', 'etl-数据解密和初步过滤', 1640755124799, 2, NULL, NULL, NULL, '[]', 'commit', '7580b07aa526171550b0c466500723cc633970ce', 'f975eb7e-cea4-4a1d-b515-7e6da94b1899', '', '2adb04c3-4559-4239-bddc-1910ec83039a', 1, NULL, NULL);
INSERT INTO `source_version` VALUES ('2129aeea-f59f-47e6-af4b-48ab8e3bc374', '04d51d81-5439-4f4b-ad95-ab0610f933ae', '1.0.0', '分析平台sdkv', 1640755119699, 2, NULL, NULL, NULL, '[]', 'commit', '719267c3afd8e0d44e79046613ca08ef71ad3ace', 'f975eb7e-cea4-4a1d-b515-7e6da94b1899', '', '0579e662-f44b-4177-b216-0654ac59d198', 1, NULL, NULL);
INSERT INTO `source_version` VALUES ('2a259bdd-cbb7-4317-b1da-a1c27ffd583d', 'c2c43a72-6413-43b6-8cc5-3707945b32f0', '1.0.0', '视屏pix', 1640755124081, 2, NULL, NULL, NULL, '[]', 'commit', '9f4e65abb42d36453aa45ff6e76289220be41df7', 'f975eb7e-cea4-4a1d-b515-7e6da94b1899', '', 'f856880f-e535-4c05-a929-82520752f49b', 1, NULL, NULL);
INSERT INTO `source_version` VALUES ('2da9b5de-74d0-4533-860f-8915766b270a', 'c901f2f3-ee26-4461-b830-7c47e4f4bd6a', '1.0.0', '虚拟应用etl', 1640755127733, 2, NULL, NULL, NULL, '[]', 'commit', 'f404d0800bdb2730eb80c4cc916e53ba661d4d3a', 'f975eb7e-cea4-4a1d-b515-7e6da94b1899', '', '487f444a-c8e0-4278-a17c-e9f8850b9312', 1, NULL, NULL);
INSERT INTO `source_version` VALUES ('40ce7785-d4d6-41bf-9d58-ed7ec7e9767c', 'cdac3b88-7578-4a0e-8151-f96627832942', '1.0.0', '营销2.0活动引擎主服务', 1640755121755, 2, NULL, NULL, NULL, '[]', 'commit', 'f02926ba208dfaf7e8b8a0212b48090c05bb2569', 'f975eb7e-cea4-4a1d-b515-7e6da94b1899', '', '50270704-f720-48a8-8777-737fdbd004ed', 1, NULL, NULL);
INSERT INTO `source_version` VALUES ('41f4d639-5aba-4888-838a-f25459698ddb', '7c6a4ef0-7af7-40b0-aa69-99bad2d6271d', '1.0.0', '分析平台node服务（来源映射、实时概览、数据接入等）', 1640755128849, 2, NULL, NULL, NULL, '[]', 'commit', 'd7d227979de26dddf5efa9d4f1fd0573f8ea128d', 'f975eb7e-cea4-4a1d-b515-7e6da94b1899', '', '40b595a4-d4d1-4cb7-9226-9776e7a56725', 1, NULL, NULL);
INSERT INTO `source_version` VALUES ('43df9041-08b4-4179-a7d5-303f15485253', '40e643c4-5254-4ae7-a3cb-bc7a31aeeefc', '1.0.0', '触达clockwork', 1640755120869, 2, NULL, NULL, NULL, '[]', 'commit', 'd4327fcc301e9f4d17652941903e16e856606fee', 'f975eb7e-cea4-4a1d-b515-7e6da94b1899', '', '6d14a0df-ace5-48c0-857b-11fb62964329', 1, NULL, NULL);
INSERT INTO `source_version` VALUES ('44e0bfcc-edfd-4d5c-a84d-615d444cee77', '45a9da44-30ae-4660-a2f8-7729b3036d2e', '1.0.0', '集群版nginx相关', 1640755116731, 2, NULL, NULL, NULL, '[]', 'commit', 'd97ea5c0b9f0e4043ed9e2c86b663690c3a43539', 'f975eb7e-cea4-4a1d-b515-7e6da94b1899', '', 'f23ef329-8be8-4b90-9013-de0f93840496', 1, NULL, NULL);
INSERT INTO `source_version` VALUES ('47bee3c6-4754-4bda-b3da-b6215fee96e1', '71671909-9834-44b3-b2eb-a0789696eeb6', '1.0.0', '维度表扩展服务', 1640755132448, 2, NULL, NULL, NULL, '[]', 'commit', '7edb591f8ca49d83892abdf2ffce1fb7c3d9d161', 'f975eb7e-cea4-4a1d-b515-7e6da94b1899', '', '330d1d81-aa72-4724-8aa8-521b5c821f3a', 1, NULL, NULL);
INSERT INTO `source_version` VALUES ('4a826f66-9c1d-42f7-a328-b1d84ead507f', '85866bad-811d-44af-952e-bdf1c1f1cd1a', '1.0.0', '视屏init', 1640755123604, 2, NULL, NULL, NULL, '[]', 'commit', '46c274fb93a67d61fb9df2007c69973fdb05ac61', 'f975eb7e-cea4-4a1d-b515-7e6da94b1899', '', '1a7dbda6-64d8-4762-957e-3e0fc685b2bc', 1, NULL, NULL);
INSERT INTO `source_version` VALUES ('7a5c3982-1c5c-43c5-b4fa-15d9bd89fcdb', 'dae89e64-2932-4bec-b3ae-4ac5be585617', '1.0.0', '视屏web', 1640755123102, 2, NULL, NULL, NULL, '[]', 'commit', '531a41e6e70c2ac4fc4206e450e32add82b05e21', 'f975eb7e-cea4-4a1d-b515-7e6da94b1899', '', 'b19955a6-a909-4b56-811f-f481d1f0a3ad', 1, NULL, NULL);
INSERT INTO `source_version` VALUES ('7ff4386b-7102-411c-931e-f7e371e33dfa', '51993461-d59f-4f5b-86a6-742db1d3194a', '1.0.0', 'js sdk', 1640755131063, 2, NULL, NULL, NULL, '[]', 'commit', '6ef894866d66b13ac05e3fa606244f571965443c', 'f975eb7e-cea4-4a1d-b515-7e6da94b1899', '', '16681dcb-9b1d-4a01-b7b4-49642a8c597d', 1, NULL, NULL);
INSERT INTO `source_version` VALUES ('8d1ab3f3-5a5c-4442-81a9-336cc455ef02', '0f0dfcad-40a0-4a99-9bc6-232b4efb22d4', '1.0.0', '分析平台前端', 1640755128292, 2, NULL, NULL, NULL, '[]', 'commit', '87a642c6dfdc2115495547fda44273e405dcaea2', 'f975eb7e-cea4-4a1d-b515-7e6da94b1899', '', '7b541f87-00c4-455c-bf7c-23168fa9eca4', 1, NULL, NULL);
INSERT INTO `source_version` VALUES ('8f23c0a7-1fad-4a6f-a9d1-39405f1fd52e', '68e078fb-eb3d-4659-9e38-272e35316e38', '1.0.1', '12我2', 1640920437715, 1, NULL, 'null\n # <1.0.0>更新内容\n  null', NULL, '[]', 'commit', '93ca16b5226264660fb6eb3aa262a64b8146e011', 'f975eb7e-cea4-4a1d-b515-7e6da94b1899', '', '7afe8898-2700-47ae-94e2-3d1fbf805519', 0, 471, NULL);
INSERT INTO `source_version` VALUES ('9d976e67-07e7-4463-8712-8a6de26e8a38', '8d3c85d6-4bd3-4936-9e0f-ee44cfe312ca', '1.0.0', '私有部署工具集', 1640755131497, 2, NULL, NULL, NULL, '[]', 'commit', '76429f985777052b53bf409e6e962002912a98af', 'f975eb7e-cea4-4a1d-b515-7e6da94b1899', '', 'ca325f3d-8ffb-481b-a643-1ccf2560ed37', 1, NULL, NULL);
INSERT INTO `source_version` VALUES ('ab8453b0-216d-4e01-80ce-0749a8fce3ed', '7d341f59-b0ce-4ed2-95b9-bbdfad64ab3c', '1.0.0', 'API扩展服务', 1640755131929, 2, NULL, NULL, NULL, '[]', 'commit', 'eb7966bd8c26e31d2f95b09e9ea98caae1bd2473', 'f975eb7e-cea4-4a1d-b515-7e6da94b1899', '', '79431cd1-1f56-49e2-a3ba-4f337f2160d5', 1, NULL, NULL);
INSERT INTO `source_version` VALUES ('b27b0e60-a9a0-469e-a5a6-d59d3235a5ea', '997e7123-62a2-438a-88cc-122c32965519', '1.0.0', '触达www', 1640755121301, 2, NULL, NULL, NULL, '[]', 'commit', '5c34b9c9f8b4785d9238cb6e6ab436d19c3904be', 'f975eb7e-cea4-4a1d-b515-7e6da94b1899', '', 'e3a73360-a439-4f08-bf12-201e1f3f5951', 1, NULL, NULL);
INSERT INTO `source_version` VALUES ('c816bbd9-99c7-4020-9292-f238da577092', '04d51d81-5439-4f4b-ad95-ab0610f933ae', '1.0.1', 'qweqw', 1640933411515, 2, NULL, 'null\n # <1.0.0>更新内容\n  null', NULL, '[]', 'tag', 'v2.18.12', 'f975eb7e-cea4-4a1d-b515-7e6da94b1899', '', '0579e662-f44b-4177-b216-0654ac59d198', 0, 470, NULL);
INSERT INTO `source_version` VALUES ('d2ec6358-ecfc-4afd-a19f-d82f67284927', '68e078fb-eb3d-4659-9e38-272e35316e38', '1.0.0', 'h5', 1640755130581, 2, NULL, NULL, NULL, '[]', 'commit', 'd561d32c16536b17dc85dfb4c4b9a025f473c34c', 'f975eb7e-cea4-4a1d-b515-7e6da94b1899', '', '7afe8898-2700-47ae-94e2-3d1fbf805519', 1, NULL, NULL);
INSERT INTO `source_version` VALUES ('d96de692-4e70-4d52-89f9-3d1deceeee78', '46c0879d-a25b-4f8b-bc66-610d6ed88ef4', '1.0.0', '微信', 1640755119189, 2, NULL, NULL, NULL, '[]', 'commit', '80de4af1eeb9849f61f5419032afe019830c993a', 'f975eb7e-cea4-4a1d-b515-7e6da94b1899', '', 'dfb8370a-5903-4ede-bdaa-3069b274e5b9', 1, NULL, NULL);
INSERT INTO `source_version` VALUES ('e7f7a127-f4c4-4338-8e84-9b7fc73dd4a7', '1e4058bb-b8e6-4ca9-ae31-4065365d51f1', '1.0.0', '视屏前端', 1640755129435, 2, NULL, NULL, NULL, '[]', 'commit', '645329ebc37fbb07d304dd26ab7ba1e4c037d662', 'f975eb7e-cea4-4a1d-b515-7e6da94b1899', '', 'a6effe1d-131f-4cd9-b766-e75f5f8dd09f', 1, NULL, NULL);
INSERT INTO `source_version` VALUES ('ef3e253f-ffe6-4196-8e1e-382f28f6c9d1', 'b365bc9c-2dfd-4fe1-afba-5b56d58e65a3', '1.0.0', '触达前端', 1640755130126, 2, NULL, NULL, NULL, '[]', 'commit', '0a02842f25b0d25290e1f7ad01cb54ea7309feea', 'f975eb7e-cea4-4a1d-b515-7e6da94b1899', '', 'd9b48323-f1c5-4b0a-88b5-8a0f5f73ca64', 1, NULL, NULL);
INSERT INTO `source_version` VALUES ('f099031a-7bcd-4d77-af00-8290675eb858', '2f46f470-e0ec-4119-bc84-c4d111475889', '1.0.0', '分析平台api', 1640755120410, 2, NULL, NULL, NULL, '[]', 'commit', 'fcb6679e655ab18f8b0b20bff6a4602bab81fc56', 'f975eb7e-cea4-4a1d-b515-7e6da94b1899', '', '062c1e84-d6f4-47a8-8b4e-07afdd265b1d', 1, NULL, NULL);
INSERT INTO `source_version` VALUES ('fd6a925b-de4d-440a-84a5-9e6f42c63845', 'b4779bc3-b64b-4556-8fbf-e1660abc77d7', '1.0.0', 'es建立索引数据服务', 1640755117833, 2, NULL, NULL, NULL, '[]', 'commit', 'ee0f4eada0df7ef41c5166f48a2dab5099b5e71c', 'f975eb7e-cea4-4a1d-b515-7e6da94b1899', '', '57f13728-d1cd-4d6a-abd7-a3796c344491', 1, NULL, NULL);
COMMIT;

-- ----------------------------
-- Table structure for sys
-- ----------------------------
DROP TABLE IF EXISTS `sys`;
CREATE TABLE `sys` (
  `git_token` varchar(100) DEFAULT NULL COMMENT 'git账号token，用于调用git的API',
  `git_account` varchar(100) DEFAULT NULL COMMENT 'git账号登录名',
  `inited` tinyint(1) DEFAULT NULL COMMENT '系统是否已初始化',
  `git_ssh` varchar(1000) DEFAULT NULL COMMENT 'git ssh keys',
  `git_host` varchar(100) DEFAULT NULL COMMENT 'git库host地址,用于API调用',
  `id` int(10) unsigned zerofill NOT NULL AUTO_INCREMENT,
  PRIMARY KEY (`id`)
) ENGINE=InnoDB AUTO_INCREMENT=15 DEFAULT CHARSET=utf8mb3;

-- ----------------------------
-- Records of sys
-- ----------------------------
BEGIN;
INSERT INTO `sys` VALUES ('Y7ioaQhuetsCB9UYy9py', '260245435@qq.com', 1, '21e23', 'https://gl.zhugeio.com/', 0000000014);
COMMIT;

-- ----------------------------
-- Table structure for template
-- ----------------------------
DROP TABLE IF EXISTS `template`;
CREATE TABLE `template` (
  `id` varchar(50) NOT NULL DEFAULT '' COMMENT '模板id',
  `name` varchar(100) DEFAULT NULL COMMENT '模板名称',
  `description` text CHARACTER SET utf8 COLLATE utf8_general_ci COMMENT '描述信息',
  `creator_id` varchar(50) CHARACTER SET utf8 COLLATE utf8_general_ci NOT NULL COMMENT '创建人id',
  `create_time` datetime DEFAULT NULL COMMENT '创建时间',
  `enable` int NOT NULL DEFAULT '1' COMMENT '禁用状态 0为禁用 1为启用',
  PRIMARY KEY (`id`),
  KEY `creator_id_user_id` (`creator_id`),
  CONSTRAINT `creator_id_user_id` FOREIGN KEY (`creator_id`) REFERENCES `user` (`id`)
) ENGINE=InnoDB DEFAULT CHARSET=utf8mb3;

-- ----------------------------
-- Records of template
-- ----------------------------
BEGIN;
INSERT INTO `template` VALUES ('766088b6-7e2f-4fec-9fa7-8c6a17753f79', '初始模版', '从旧编译平台迁移数据做的初始模版', 'f975eb7e-cea4-4a1d-b515-7e6da94b1899', '2021-12-29 16:31:43', 1);
COMMIT;

-- ----------------------------
-- Table structure for template_config
-- ----------------------------
DROP TABLE IF EXISTS `template_config`;
CREATE TABLE `template_config` (
  `id` varchar(50) NOT NULL DEFAULT '',
  `template_id` varchar(50) DEFAULT NULL COMMENT '模板id',
  `template_version_id` varchar(50) DEFAULT NULL COMMENT '模板版本id',
  `template_version_git_id` varchar(50) DEFAULT NULL COMMENT '模板版本中git项id',
  `git_source_config_id` varchar(50) DEFAULT NULL COMMENT '模板版本中git项的配置项id',
  `target_value` varchar(100) CHARACTER SET utf8 COLLATE utf8_general_ci DEFAULT NULL COMMENT '默认值',
  `is_hidden` tinyint(1) NOT NULL DEFAULT '0' COMMENT '是否隐藏',
  `global_config_id` varchar(50) DEFAULT NULL COMMENT '全局配置id',
  PRIMARY KEY (`id`),
  KEY `template_id` (`template_id`),
  KEY `template_version_id` (`template_version_id`),
  KEY `template_version_git_id` (`template_version_git_id`),
  KEY `git_source_config_id` (`git_source_config_id`),
  KEY `global_config_id` (`global_config_id`),
  CONSTRAINT `template_config_ibfk_5` FOREIGN KEY (`global_config_id`) REFERENCES `template_global_config` (`id`),
  CONSTRAINT `template_config_ibfk_6` FOREIGN KEY (`template_id`) REFERENCES `template` (`id`),
  CONSTRAINT `template_config_ibfk_7` FOREIGN KEY (`template_version_id`) REFERENCES `template_version` (`id`),
  CONSTRAINT `template_config_ibfk_8` FOREIGN KEY (`template_version_git_id`) REFERENCES `template_version_git` (`id`),
  CONSTRAINT `template_config_ibfk_9` FOREIGN KEY (`git_source_config_id`) REFERENCES `source_config` (`id`)
) ENGINE=InnoDB DEFAULT CHARSET=utf8mb3 COMMENT='模板对应git源局部配置';

-- ----------------------------
-- Records of template_config
-- ----------------------------
BEGIN;
INSERT INTO `template_config` VALUES ('0126fe6b-7a1e-445f-98af-78f772af8dd3', '766088b6-7e2f-4fec-9fa7-8c6a17753f79', 'bcad95b5-172c-49dc-9cc4-8cb67e29fcff', '3495e0f0-400f-415e-bbb5-be53f87032ff', '298eaae4-3818-4070-aaf2-36ca46a053c9', 'realtime-1:9092,realtime-2:9092,realtime-3:9092', 0, '9bc57dc5-5fe0-4d5c-a90e-94b43c72e5fe');
INSERT INTO `template_config` VALUES ('0141482a-8818-48a2-870b-cac12a4ff26b', '766088b6-7e2f-4fec-9fa7-8c6a17753f79', 'bcad95b5-172c-49dc-9cc4-8cb67e29fcff', '69fffb19-0b7e-4e99-94f9-82219f3dedd5', '5af4059d-d478-4fb4-89eb-cacea698f82b', 'realtime-1', 0, 'cdcd8e0f-bf68-402b-86af-9390750a4c88');
INSERT INTO `template_config` VALUES ('01d99a43-1e28-4c69-a684-a884fc816800', '766088b6-7e2f-4fec-9fa7-8c6a17753f79', 'bcad95b5-172c-49dc-9cc4-8cb67e29fcff', '74d662ff-476c-4b98-88f8-0474e405e232', '1232ca3d-5683-4fdd-9ac2-5bf74153e3e8', 'web', 0, '0eaf1c69-950c-404f-9496-a25de04fedb6');
INSERT INTO `template_config` VALUES ('01e7dd4d-31e0-4eae-be7c-756f55bb6f57', '766088b6-7e2f-4fec-9fa7-8c6a17753f79', 'bcad95b5-172c-49dc-9cc4-8cb67e29fcff', '74070bb1-e941-4b8b-bc12-4e8ed114cb8e', '1709d1bb-c74c-4c42-99fe-e94c7eed7990', 'zanalytics', 0, 'a994bf93-7923-4e76-9561-9725b9b3eaa2');
INSERT INTO `template_config` VALUES ('02799b61-56c1-4e34-bb5d-ee6dd48b32f1', '766088b6-7e2f-4fec-9fa7-8c6a17753f79', 'bcad95b5-172c-49dc-9cc4-8cb67e29fcff', '3495e0f0-400f-415e-bbb5-be53f87032ff', '8a574fe1-f716-4b25-aecd-73f2b707d784', '8897', 0, '3aefc8db-738b-432e-9dc2-d6ff0dee6acf');
INSERT INTO `template_config` VALUES ('0289c806-e42f-4007-90d2-b922bb289bf3', '766088b6-7e2f-4fec-9fa7-8c6a17753f79', 'bcad95b5-172c-49dc-9cc4-8cb67e29fcff', '74070bb1-e941-4b8b-bc12-4e8ed114cb8e', '6720b539-137b-473b-9190-6fe1e0bb1d28', 'web', 0, '0eaf1c69-950c-404f-9496-a25de04fedb6');
INSERT INTO `template_config` VALUES ('03991a2f-c3a6-4619-9d93-f707fc22702c', '766088b6-7e2f-4fec-9fa7-8c6a17753f79', 'bcad95b5-172c-49dc-9cc4-8cb67e29fcff', '69fffb19-0b7e-4e99-94f9-82219f3dedd5', 'dd4cf4f6-4ae6-4b51-9aec-9e0f270c9069', '9200', 0, 'c3395019-db38-4361-bef0-71b2c5b6f4f9');
INSERT INTO `template_config` VALUES ('0450016c-fbf5-4ed3-b5bc-14af6580d66b', '766088b6-7e2f-4fec-9fa7-8c6a17753f79', 'bcad95b5-172c-49dc-9cc4-8cb67e29fcff', '3495e0f0-400f-415e-bbb5-be53f87032ff', '3fa504fe-ad41-44b5-b5fa-15536b9df7d5', 'realtime-1', 0, 'cdcd8e0f-bf68-402b-86af-9390750a4c88');
INSERT INTO `template_config` VALUES ('0467ba94-8bd6-4787-a570-fdcb1be513fc', '766088b6-7e2f-4fec-9fa7-8c6a17753f79', 'bcad95b5-172c-49dc-9cc4-8cb67e29fcff', '92ce15ea-344c-42d1-aaca-d612ad061e1e', '0f4e7ef9-244b-44b9-a27b-1d1a1388047a', '26555', 0, NULL);
INSERT INTO `template_config` VALUES ('04ddacdd-9ed9-47f6-a3ad-15846564270a', '766088b6-7e2f-4fec-9fa7-8c6a17753f79', 'bcad95b5-172c-49dc-9cc4-8cb67e29fcff', '3495e0f0-400f-415e-bbb5-be53f87032ff', 'e305072a-3194-4e01-b933-f88eb7020d5f', 'realtime-1', 0, 'cdcd8e0f-bf68-402b-86af-9390750a4c88');
INSERT INTO `template_config` VALUES ('04eacb87-5129-41ed-8933-c81c462481b8', '766088b6-7e2f-4fec-9fa7-8c6a17753f79', 'bcad95b5-172c-49dc-9cc4-8cb67e29fcff', '3495e0f0-400f-415e-bbb5-be53f87032ff', '640135bb-b38e-400f-95a7-e5d0e4be1074', 'realtime-1', 0, 'cdcd8e0f-bf68-402b-86af-9390750a4c88');
INSERT INTO `template_config` VALUES ('05f8acc3-96a5-4c1a-9a25-45ec7743dfd0', '766088b6-7e2f-4fec-9fa7-8c6a17753f79', 'bcad95b5-172c-49dc-9cc4-8cb67e29fcff', 'a53e2fdb-41fd-49fe-92c4-0dd5ec1384e9', 'cbe1bb0a-a8dd-46f0-8350-e12f6ceae9bd', 'realtime-1:7715', 0, '56d4d87a-2fc8-420b-9e20-1a6238e8cc9b');
INSERT INTO `template_config` VALUES ('06a6da44-4b7d-464b-96db-82d12c27a07e', '766088b6-7e2f-4fec-9fa7-8c6a17753f79', 'bcad95b5-172c-49dc-9cc4-8cb67e29fcff', '92ce15ea-344c-42d1-aaca-d612ad061e1e', '01075019-03d0-4b72-87e5-14ddda0a842e', 'Sun_unix*1101', 0, '285dc207-b064-4dc9-8902-fbb574d4fcc4');
INSERT INTO `template_config` VALUES ('090a3776-f595-4e24-88f2-c7938f8806f4', '766088b6-7e2f-4fec-9fa7-8c6a17753f79', 'bcad95b5-172c-49dc-9cc4-8cb67e29fcff', '74070bb1-e941-4b8b-bc12-4e8ed114cb8e', '157feb30-d72c-41c8-8d5d-4f64a9cc558a', 'realtime-mkt:1926', 0, 'b9a2d943-f86e-4876-be4d-9d8571ec0618');
INSERT INTO `template_config` VALUES ('09216816-b2fb-47ac-ae95-ecf0b7d9a22e', '766088b6-7e2f-4fec-9fa7-8c6a17753f79', 'bcad95b5-172c-49dc-9cc4-8cb67e29fcff', '84e04c9c-8f19-4aff-bac0-024289a5682d', '78ddd37f-2fb0-47c8-8ca0-8c34664ac603', '6379', 0, '55afabfd-7ea1-4f6b-b0d4-070704cb47c2');
INSERT INTO `template_config` VALUES ('0ae31cad-349a-4bc5-a5f1-5360d65ebac9', '766088b6-7e2f-4fec-9fa7-8c6a17753f79', 'bcad95b5-172c-49dc-9cc4-8cb67e29fcff', 'a53e2fdb-41fd-49fe-92c4-0dd5ec1384e9', 'de486645-b4c3-48f3-af6d-cb78069de1b7', 'realtime-2:7808', 0, '94a9fb28-9bc7-4d5b-ae25-b88e0cc0c69b');
INSERT INTO `template_config` VALUES ('0b03da5c-6408-4305-8481-d3ead2172bd1', '766088b6-7e2f-4fec-9fa7-8c6a17753f79', 'bcad95b5-172c-49dc-9cc4-8cb67e29fcff', 'a53e2fdb-41fd-49fe-92c4-0dd5ec1384e9', 'ce032ccd-762a-4ec8-b80a-51fadaa0b83a', 'realtime-1:8080', 0, 'c3a0ac8d-4646-4034-9faf-9b56c1ec9151');
INSERT INTO `template_config` VALUES ('0b506e8a-bfc2-446f-b514-a12eee812e9e', '766088b6-7e2f-4fec-9fa7-8c6a17753f79', 'bcad95b5-172c-49dc-9cc4-8cb67e29fcff', '74d662ff-476c-4b98-88f8-0474e405e232', '826f0635-4b85-4497-b432-ea9a77052696', '3306', 0, '5bc40f77-7954-4231-bf9c-b04947b39b9d');
INSERT INTO `template_config` VALUES ('0be93e6f-194e-41ad-96b9-e6ef51117da4', '766088b6-7e2f-4fec-9fa7-8c6a17753f79', 'bcad95b5-172c-49dc-9cc4-8cb67e29fcff', '92ce15ea-344c-42d1-aaca-d612ad061e1e', '5a7fa2b9-9a26-404c-83d9-1cac52078783', 'realtime-1', 0, 'cdcd8e0f-bf68-402b-86af-9390750a4c88');
INSERT INTO `template_config` VALUES ('0c175bd9-7627-487b-ac73-201ee8f28fc6', '766088b6-7e2f-4fec-9fa7-8c6a17753f79', 'bcad95b5-172c-49dc-9cc4-8cb67e29fcff', '3495e0f0-400f-415e-bbb5-be53f87032ff', 'd49c280a-d3c6-4549-831b-93c605608fdc', 'zanalytics', 0, 'a994bf93-7923-4e76-9561-9725b9b3eaa2');
INSERT INTO `template_config` VALUES ('0ca32308-a012-4cf8-8ffb-8a5570ddf91a', '766088b6-7e2f-4fec-9fa7-8c6a17753f79', 'bcad95b5-172c-49dc-9cc4-8cb67e29fcff', 'a53e2fdb-41fd-49fe-92c4-0dd5ec1384e9', '9dc7c1db-3c89-44d4-8dc2-93cc8f184ee2', 'realtime-1:8080', 0, 'c3a0ac8d-4646-4034-9faf-9b56c1ec9151');
INSERT INTO `template_config` VALUES ('0ce52837-4b53-4402-920f-735a2ee81269', '766088b6-7e2f-4fec-9fa7-8c6a17753f79', 'bcad95b5-172c-49dc-9cc4-8cb67e29fcff', '92ce15ea-344c-42d1-aaca-d612ad061e1e', '0e51a5b0-fcef-48f2-a6b4-6ce50b7087fd', '3306', 0, '5bc40f77-7954-4231-bf9c-b04947b39b9d');
INSERT INTO `template_config` VALUES ('0e407021-ad90-4115-83cb-f9a175dedca6', '766088b6-7e2f-4fec-9fa7-8c6a17753f79', 'bcad95b5-172c-49dc-9cc4-8cb67e29fcff', 'bcef4e57-ba45-4743-9bbf-599723421a67', '39895c66-7788-46cd-8367-afe40c6f66c6', 'https://uba.it.pkpm.cn', 0, 'cbd80416-7233-4f33-8244-f7dc2a8d07bd');
INSERT INTO `template_config` VALUES ('0e6fcb2b-7fdb-4da7-aa79-c5d634c5f9f8', '766088b6-7e2f-4fec-9fa7-8c6a17753f79', 'bcad95b5-172c-49dc-9cc4-8cb67e29fcff', '3495e0f0-400f-415e-bbb5-be53f87032ff', 'dba50a81-8208-4a0f-a6fb-9285658f85be', 'realtime-1:9092,realtime-2:9092,realtime-3:9092', 0, '9bc57dc5-5fe0-4d5c-a90e-94b43c72e5fe');
INSERT INTO `template_config` VALUES ('0e8405b8-7cd8-44fe-8cda-7e9851486369', '766088b6-7e2f-4fec-9fa7-8c6a17753f79', 'bcad95b5-172c-49dc-9cc4-8cb67e29fcff', '3495e0f0-400f-415e-bbb5-be53f87032ff', '6b2015bd-a878-4049-bce5-315fce86dc94', '6379', 0, '55afabfd-7ea1-4f6b-b0d4-070704cb47c2');
INSERT INTO `template_config` VALUES ('0f2a1d04-3a74-4c36-b020-1a3036c89e9b', '766088b6-7e2f-4fec-9fa7-8c6a17753f79', 'bcad95b5-172c-49dc-9cc4-8cb67e29fcff', 'bcef4e57-ba45-4743-9bbf-599723421a67', '6fc91cdc-46a2-4bb6-ba4f-76a7f451ad95', 'realtime-1:80', 0, '3f01f552-ffd2-4105-8035-73c14cc63736');
INSERT INTO `template_config` VALUES ('0fab6256-7ecb-4be8-8a94-1140eef37f5f', '766088b6-7e2f-4fec-9fa7-8c6a17753f79', 'bcad95b5-172c-49dc-9cc4-8cb67e29fcff', 'bf6b97d2-ca41-48ec-83b4-948e08d3de2d', 'b5d573f9-f422-46ea-abe5-83ea1abf65b6', '3306', 0, '5bc40f77-7954-4231-bf9c-b04947b39b9d');
INSERT INTO `template_config` VALUES ('0fe787f8-96c9-4d76-b5ed-fa3a76c8cb70', '766088b6-7e2f-4fec-9fa7-8c6a17753f79', 'bcad95b5-172c-49dc-9cc4-8cb67e29fcff', '3495e0f0-400f-415e-bbb5-be53f87032ff', 'c0206d0c-b195-4a40-b3c4-8d9634744e32', '3306', 0, '5bc40f77-7954-4231-bf9c-b04947b39b9d');
INSERT INTO `template_config` VALUES ('109360b5-2306-4f5f-8abf-38fcfb3ef371', '766088b6-7e2f-4fec-9fa7-8c6a17753f79', 'bcad95b5-172c-49dc-9cc4-8cb67e29fcff', '481d44b1-ae39-4846-9f88-fc4b74ef4de0', 'aa6c27b7-c91f-4651-a346-1ad5cfcbfc71', '/analysis/socket', 0, NULL);
INSERT INTO `template_config` VALUES ('10b610c6-4025-489a-9b22-855785966d79', '766088b6-7e2f-4fec-9fa7-8c6a17753f79', 'bcad95b5-172c-49dc-9cc4-8cb67e29fcff', '69fffb19-0b7e-4e99-94f9-82219f3dedd5', 'c3d6a58a-b7de-4108-912b-69b89af0c66a', 'Sun_unix*1101', 0, '285dc207-b064-4dc9-8902-fbb574d4fcc4');
INSERT INTO `template_config` VALUES ('10e5291f-1f0b-46ab-9fa6-4c762cfeb07b', '766088b6-7e2f-4fec-9fa7-8c6a17753f79', 'bcad95b5-172c-49dc-9cc4-8cb67e29fcff', '3495e0f0-400f-415e-bbb5-be53f87032ff', 'be735284-1183-4c3c-9b55-6f6d5373c446', 'admin', 0, '6af1c86a-7049-480c-b88a-1830f03fa83b');
INSERT INTO `template_config` VALUES ('11b55e0e-4de4-44e5-a26c-c1ff4329ec1d', '766088b6-7e2f-4fec-9fa7-8c6a17753f79', 'bcad95b5-172c-49dc-9cc4-8cb67e29fcff', 'a53e2fdb-41fd-49fe-92c4-0dd5ec1384e9', 'b2d6a465-37a6-47e5-9483-2c326cc3d844', 'realtime-1:18080', 0, '92688a81-7fff-4bef-af9a-1e30dbf19bd0');
INSERT INTO `template_config` VALUES ('11db6525-98b1-4767-bf91-3c560f4f6470', '766088b6-7e2f-4fec-9fa7-8c6a17753f79', 'bcad95b5-172c-49dc-9cc4-8cb67e29fcff', '463fc385-dcf9-4e24-bf79-87edb82971b4', '7e5b6dd2-811f-40e4-a86c-7d9f45179e6d', '3306', 0, '5bc40f77-7954-4231-bf9c-b04947b39b9d');
INSERT INTO `template_config` VALUES ('122d3df5-ad14-49ea-b6c1-8d811e341443', '766088b6-7e2f-4fec-9fa7-8c6a17753f79', 'bcad95b5-172c-49dc-9cc4-8cb67e29fcff', 'a53e2fdb-41fd-49fe-92c4-0dd5ec1384e9', '2b6f1e0c-43eb-4e80-9831-322009693528', 'realtime-3:9004', 0, '8bd5203d-f063-442e-98b6-3455871f83cd');
INSERT INTO `template_config` VALUES ('12335d69-2653-46de-bc9f-577f9773fbab', '766088b6-7e2f-4fec-9fa7-8c6a17753f79', 'bcad95b5-172c-49dc-9cc4-8cb67e29fcff', 'bcef4e57-ba45-4743-9bbf-599723421a67', '9a91dd5a-cc2e-4148-b87b-a691b9552e19', 'realtime-1', 0, 'cdcd8e0f-bf68-402b-86af-9390750a4c88');
INSERT INTO `template_config` VALUES ('12b11193-4cdd-43c7-bab3-946ffc9a2dad', '766088b6-7e2f-4fec-9fa7-8c6a17753f79', 'bcad95b5-172c-49dc-9cc4-8cb67e29fcff', '836280f1-e35b-4089-acaf-8708b542ab58', '3e01ad44-f8f4-4452-b3ce-6126f0310bad', '6379', 0, '55afabfd-7ea1-4f6b-b0d4-070704cb47c2');
INSERT INTO `template_config` VALUES ('12f5618e-2458-4ba6-be57-212007ced8fe', '766088b6-7e2f-4fec-9fa7-8c6a17753f79', 'bcad95b5-172c-49dc-9cc4-8cb67e29fcff', 'a53e2fdb-41fd-49fe-92c4-0dd5ec1384e9', '9bd80cfb-039c-4083-9081-35a06f643e88', 'zanalytics', 0, 'a994bf93-7923-4e76-9561-9725b9b3eaa2');
INSERT INTO `template_config` VALUES ('13f330e7-c8b8-4a81-84f0-dc3fb3ddd0dd', '766088b6-7e2f-4fec-9fa7-8c6a17753f79', 'bcad95b5-172c-49dc-9cc4-8cb67e29fcff', '3495e0f0-400f-415e-bbb5-be53f87032ff', '16dd51fa-13db-449a-9dbe-8c57d3e25f00', 'zanalytics', 0, 'a994bf93-7923-4e76-9561-9725b9b3eaa2');
INSERT INTO `template_config` VALUES ('14441a82-49aa-4532-9059-cff4f205ecd2', '766088b6-7e2f-4fec-9fa7-8c6a17753f79', 'bcad95b5-172c-49dc-9cc4-8cb67e29fcff', '3495e0f0-400f-415e-bbb5-be53f87032ff', '28ccef6f-ca06-40ad-bbde-953cb639e2fc', 'web', 0, '0eaf1c69-950c-404f-9496-a25de04fedb6');
INSERT INTO `template_config` VALUES ('14625861-581e-48af-be66-83f32c88f94d', '766088b6-7e2f-4fec-9fa7-8c6a17753f79', 'bcad95b5-172c-49dc-9cc4-8cb67e29fcff', '74070bb1-e941-4b8b-bc12-4e8ed114cb8e', '3419b3f2-4f9a-4617-b355-2feaab4629ac', '/data/mkt', 0, '87ebc34c-2aa8-45de-ae1f-31a3083aa217');
INSERT INTO `template_config` VALUES ('1484b40d-da81-4898-a4ca-b206b2668d36', '766088b6-7e2f-4fec-9fa7-8c6a17753f79', 'bcad95b5-172c-49dc-9cc4-8cb67e29fcff', '74070bb1-e941-4b8b-bc12-4e8ed114cb8e', '541bdc60-4da6-4174-a1a2-348d3950234d', 'realtime-1:9092,realtime-2:9092,realtime-3:9092', 0, '9bc57dc5-5fe0-4d5c-a90e-94b43c72e5fe');
INSERT INTO `template_config` VALUES ('148c2b0b-082b-4914-b1ac-ae33f6cd867e', '766088b6-7e2f-4fec-9fa7-8c6a17753f79', 'bcad95b5-172c-49dc-9cc4-8cb67e29fcff', '2abee20d-0d51-4def-b00c-0d1b7abbcf38', '5614dfd2-c694-4e8e-bbce-d8b7af6c9246', 'realtime-1', 0, 'cdcd8e0f-bf68-402b-86af-9390750a4c88');
INSERT INTO `template_config` VALUES ('149ba833-949a-4c50-8cc3-9101ab79a22a', '766088b6-7e2f-4fec-9fa7-8c6a17753f79', 'bcad95b5-172c-49dc-9cc4-8cb67e29fcff', '836280f1-e35b-4089-acaf-8708b542ab58', 'ec02882a-9808-446e-bace-c9448b3d9f3e', '9200', 0, 'c3395019-db38-4361-bef0-71b2c5b6f4f9');
INSERT INTO `template_config` VALUES ('14bff13f-5e36-417a-b6f9-1f652c17f6ca', '766088b6-7e2f-4fec-9fa7-8c6a17753f79', 'bcad95b5-172c-49dc-9cc4-8cb67e29fcff', '74070bb1-e941-4b8b-bc12-4e8ed114cb8e', 'd780c2dd-7cc6-4efb-a6a1-1df1270bf6f8', 'zanalytics', 0, 'a994bf93-7923-4e76-9561-9725b9b3eaa2');
INSERT INTO `template_config` VALUES ('1540d606-3c76-46e3-8933-d15da85e0bdb', '766088b6-7e2f-4fec-9fa7-8c6a17753f79', 'bcad95b5-172c-49dc-9cc4-8cb67e29fcff', 'a53e2fdb-41fd-49fe-92c4-0dd5ec1384e9', '9fef9f8b-3233-48cb-abc0-7a98c180689b', 'realtime-1:8800', 0, 'c5603ca6-1d13-4e46-9ffd-606b2efcee28');
INSERT INTO `template_config` VALUES ('156857d4-3546-4f4b-a1fa-1e9935897e02', '766088b6-7e2f-4fec-9fa7-8c6a17753f79', 'bcad95b5-172c-49dc-9cc4-8cb67e29fcff', '3495e0f0-400f-415e-bbb5-be53f87032ff', 'd6668f6d-f476-4242-99b6-ad868eb48021', 'hive', 0, NULL);
INSERT INTO `template_config` VALUES ('16693e61-fd1e-41ce-8729-0db78dec0ebf', '766088b6-7e2f-4fec-9fa7-8c6a17753f79', 'bcad95b5-172c-49dc-9cc4-8cb67e29fcff', 'a53e2fdb-41fd-49fe-92c4-0dd5ec1384e9', '470ed907-77c8-422a-9eb1-ffbcbc1454e9', 'realtime-1:9003', 0, '8be1c9e0-6260-43cb-9eae-3ce6ba101b97');
INSERT INTO `template_config` VALUES ('16ff853d-b861-4995-b8eb-1648da3c0640', '766088b6-7e2f-4fec-9fa7-8c6a17753f79', 'bcad95b5-172c-49dc-9cc4-8cb67e29fcff', '05a57403-45b7-4a38-ab60-6f6472e2d12f', '122b21d4-3df3-407d-b54e-cf585ca7696a', 'false', 0, '693772c3-5ca2-41e8-9a2e-0be57dd529fd');
INSERT INTO `template_config` VALUES ('18512cf0-c8da-48d1-a675-f1d8ccaa4149', '766088b6-7e2f-4fec-9fa7-8c6a17753f79', 'bcad95b5-172c-49dc-9cc4-8cb67e29fcff', 'bcef4e57-ba45-4743-9bbf-599723421a67', '9dd766a2-1ad0-49e8-a6ed-7f2edc3f8a72', 'https://weixin.zhugeio.com', 0, '814350c2-fd5a-48f3-9a0e-42fefcf63335');
INSERT INTO `template_config` VALUES ('19408571-1ee8-4e2a-afa3-13a8859154fc', '766088b6-7e2f-4fec-9fa7-8c6a17753f79', 'bcad95b5-172c-49dc-9cc4-8cb67e29fcff', '3495e0f0-400f-415e-bbb5-be53f87032ff', '03859191-6d93-407c-a9e3-157f64547c92', NULL, 0, NULL);
INSERT INTO `template_config` VALUES ('198a0be3-41dd-495e-9d9a-a1cc46630164', '766088b6-7e2f-4fec-9fa7-8c6a17753f79', 'bcad95b5-172c-49dc-9cc4-8cb67e29fcff', '74070bb1-e941-4b8b-bc12-4e8ed114cb8e', '3f86d3aa-69dd-4eaa-b50a-8045180a4eac', '3306', 0, '5bc40f77-7954-4231-bf9c-b04947b39b9d');
INSERT INTO `template_config` VALUES ('1a72fd92-06ec-4635-9f07-2a3aeb90701b', '766088b6-7e2f-4fec-9fa7-8c6a17753f79', 'bcad95b5-172c-49dc-9cc4-8cb67e29fcff', '836280f1-e35b-4089-acaf-8708b542ab58', 'f031deb8-9e63-4e5a-baa4-ff3c9f34e0fd', 'realtime-2', 0, 'c870ce17-5f87-413b-8cb8-a18f47c33b21');
INSERT INTO `template_config` VALUES ('1a868052-56bd-4c25-97f2-3ddedc04c463', '766088b6-7e2f-4fec-9fa7-8c6a17753f79', 'bcad95b5-172c-49dc-9cc4-8cb67e29fcff', '05a57403-45b7-4a38-ab60-6f6472e2d12f', '705f31d5-c468-4ed4-87e0-fdff2e97b361', '/webapp/spa/', 0, NULL);
INSERT INTO `template_config` VALUES ('1ab80abb-9fb5-45a5-b04a-1acda564ed63', '766088b6-7e2f-4fec-9fa7-8c6a17753f79', 'bcad95b5-172c-49dc-9cc4-8cb67e29fcff', '84e04c9c-8f19-4aff-bac0-024289a5682d', 'f74bf8bd-518d-451e-aba5-75bfd6708d16', 'realtime-1', 0, 'cdcd8e0f-bf68-402b-86af-9390750a4c88');
INSERT INTO `template_config` VALUES ('1b96323a-c7f8-44ca-bb71-ab62d7c5c1c7', '766088b6-7e2f-4fec-9fa7-8c6a17753f79', 'bcad95b5-172c-49dc-9cc4-8cb67e29fcff', 'bcef4e57-ba45-4743-9bbf-599723421a67', '78775e5a-dbf5-46a5-bf0f-a290954a38ee', '3306', 0, '5bc40f77-7954-4231-bf9c-b04947b39b9d');
INSERT INTO `template_config` VALUES ('1c224a28-f005-47d5-a493-bbd4fe412cc0', '766088b6-7e2f-4fec-9fa7-8c6a17753f79', 'bcad95b5-172c-49dc-9cc4-8cb67e29fcff', '74070bb1-e941-4b8b-bc12-4e8ed114cb8e', 'ee237e83-b48a-4004-9f01-2b282a5dea6b', 'admin', 0, '6af1c86a-7049-480c-b88a-1830f03fa83b');
INSERT INTO `template_config` VALUES ('1ccf4ff5-1ab4-40e9-9ae5-dad79c8efca0', '766088b6-7e2f-4fec-9fa7-8c6a17753f79', 'bcad95b5-172c-49dc-9cc4-8cb67e29fcff', 'bcef4e57-ba45-4743-9bbf-599723421a67', '686bbf81-79f7-4808-a2b6-a9b5f1d07a04', 'realtime-1:9092,realtime-2:9092,realtime-3:9092', 0, '9bc57dc5-5fe0-4d5c-a90e-94b43c72e5fe');
INSERT INTO `template_config` VALUES ('1cde4d85-90c6-4be2-bcde-aab1c347b42b', '766088b6-7e2f-4fec-9fa7-8c6a17753f79', 'bcad95b5-172c-49dc-9cc4-8cb67e29fcff', '3495e0f0-400f-415e-bbb5-be53f87032ff', '0e9081a4-788e-4b8a-aac7-86971e27796c', '6379', 0, '55afabfd-7ea1-4f6b-b0d4-070704cb47c2');
INSERT INTO `template_config` VALUES ('1d47d0b4-d318-4952-87b3-3dcc356e694d', '766088b6-7e2f-4fec-9fa7-8c6a17753f79', 'bcad95b5-172c-49dc-9cc4-8cb67e29fcff', 'bcef4e57-ba45-4743-9bbf-599723421a67', 'cc6882ce-26fa-4546-a618-4abcd0390ef3', '26480', 0, 'd84ee80d-a6e8-4872-aa1f-29d37a572ead');
INSERT INTO `template_config` VALUES ('1d87e3c4-93ad-41d9-a27d-3b53d5f9149d', '766088b6-7e2f-4fec-9fa7-8c6a17753f79', 'bcad95b5-172c-49dc-9cc4-8cb67e29fcff', 'a53e2fdb-41fd-49fe-92c4-0dd5ec1384e9', 'c069bec4-39d8-4461-a87b-f8ff777b6f46', '21050', 0, 'f4b8e42a-9612-41f9-9140-71a83c6887eb');
INSERT INTO `template_config` VALUES ('1ea65eff-82cf-4aea-99db-d1cb74730b5c', '766088b6-7e2f-4fec-9fa7-8c6a17753f79', 'bcad95b5-172c-49dc-9cc4-8cb67e29fcff', '74070bb1-e941-4b8b-bc12-4e8ed114cb8e', '536cba14-e415-4f22-912e-7f3b88c58d4a', 'realtime-1', 0, 'cdcd8e0f-bf68-402b-86af-9390750a4c88');
INSERT INTO `template_config` VALUES ('1eeade94-92e2-446a-a69f-7a321a65b191', '766088b6-7e2f-4fec-9fa7-8c6a17753f79', 'bcad95b5-172c-49dc-9cc4-8cb67e29fcff', '3495e0f0-400f-415e-bbb5-be53f87032ff', '93531290-f808-4afa-896d-e68ecab20733', 'zanalytics', 0, 'a994bf93-7923-4e76-9561-9725b9b3eaa2');
INSERT INTO `template_config` VALUES ('1ef479f8-c6d1-4acd-b73b-b81d1507b379', '766088b6-7e2f-4fec-9fa7-8c6a17753f79', 'bcad95b5-172c-49dc-9cc4-8cb67e29fcff', '8bb30397-63ce-4df0-bcfa-1f69952b93b8', 'fed51f20-3814-4a3f-8b76-d616f444a89b', '0', 0, 'b8982b66-b6de-427b-ac2f-010237c0175b');
INSERT INTO `template_config` VALUES ('1f02e5bb-b418-47a0-930e-e7e08cd4f51c', '766088b6-7e2f-4fec-9fa7-8c6a17753f79', 'bcad95b5-172c-49dc-9cc4-8cb67e29fcff', '74070bb1-e941-4b8b-bc12-4e8ed114cb8e', '7931d272-5b9d-49bf-8cc0-329f93b52996', 'realtime-mkt:1920', 0, '4bdbba65-1b2d-4ce2-a23b-2b7573a6fb60');
INSERT INTO `template_config` VALUES ('1fa7ab40-bce5-4c1e-884e-f2e7b8770cfe', '766088b6-7e2f-4fec-9fa7-8c6a17753f79', 'bcad95b5-172c-49dc-9cc4-8cb67e29fcff', 'a53e2fdb-41fd-49fe-92c4-0dd5ec1384e9', '81ae561f-0669-4181-9abf-2fa080ef9b14', '8888', 0, '649fca8c-58ba-4a2e-91ae-c753ab0ac74e');
INSERT INTO `template_config` VALUES ('1fb294af-f7e6-46ae-850c-7aef19fc5dfc', '766088b6-7e2f-4fec-9fa7-8c6a17753f79', 'bcad95b5-172c-49dc-9cc4-8cb67e29fcff', '74070bb1-e941-4b8b-bc12-4e8ed114cb8e', 'f06db94a-126b-400a-bb8c-71ea255f6e55', 'realtime-mkt:1927', 0, 'eff0c2b3-8917-452c-a777-3b0d217b08b9');
INSERT INTO `template_config` VALUES ('201b0f04-f136-4ed9-a75c-da0dff9912fc', '766088b6-7e2f-4fec-9fa7-8c6a17753f79', 'bcad95b5-172c-49dc-9cc4-8cb67e29fcff', '74070bb1-e941-4b8b-bc12-4e8ed114cb8e', '38e253fd-bb3f-4ecf-b96e-2ec834197f71', 'admin', 0, '6af1c86a-7049-480c-b88a-1830f03fa83b');
INSERT INTO `template_config` VALUES ('20642a74-4ddb-4324-9591-41de6b775e67', '766088b6-7e2f-4fec-9fa7-8c6a17753f79', 'bcad95b5-172c-49dc-9cc4-8cb67e29fcff', '3495e0f0-400f-415e-bbb5-be53f87032ff', '56aaee78-efee-4d1f-aef3-1916c8c1e175', '8897', 0, '3aefc8db-738b-432e-9dc2-d6ff0dee6acf');
INSERT INTO `template_config` VALUES ('20992c67-bf66-4f56-b7dd-4dfba684c8ca', '766088b6-7e2f-4fec-9fa7-8c6a17753f79', 'bcad95b5-172c-49dc-9cc4-8cb67e29fcff', 'ff7efcbe-82e0-45f2-928c-9385cf1bb926', '04a387e2-633a-4c98-990c-e7e252a4cc2f', 'realtime-1:2182,realtime-2:2182,realtime-3:2182', 0, NULL);
INSERT INTO `template_config` VALUES ('2264f7d4-56b3-46aa-bf81-98d144060929', '766088b6-7e2f-4fec-9fa7-8c6a17753f79', 'bcad95b5-172c-49dc-9cc4-8cb67e29fcff', '836280f1-e35b-4089-acaf-8708b542ab58', 'd9798115-b51a-4ae6-99e9-12461ff182dc', NULL, 0, NULL);
INSERT INTO `template_config` VALUES ('24042cea-e00b-44a9-a984-5ed3cf4bcc44', '766088b6-7e2f-4fec-9fa7-8c6a17753f79', 'bcad95b5-172c-49dc-9cc4-8cb67e29fcff', 'bf6b97d2-ca41-48ec-83b4-948e08d3de2d', '631ea33c-9dd9-4e53-b10e-0fc5d088e518', 'realtime-2', 0, 'c870ce17-5f87-413b-8cb8-a18f47c33b21');
INSERT INTO `template_config` VALUES ('243f7a74-a999-4772-be23-8623fba14540', '766088b6-7e2f-4fec-9fa7-8c6a17753f79', 'bcad95b5-172c-49dc-9cc4-8cb67e29fcff', '3495e0f0-400f-415e-bbb5-be53f87032ff', '7afd98bc-1290-4fe6-b535-4a0c089bc7d5', 'realtime-2', 0, 'c870ce17-5f87-413b-8cb8-a18f47c33b21');
INSERT INTO `template_config` VALUES ('244db4fe-0083-4624-8b0e-3f84f1a3e049', '766088b6-7e2f-4fec-9fa7-8c6a17753f79', 'bcad95b5-172c-49dc-9cc4-8cb67e29fcff', '2abee20d-0d51-4def-b00c-0d1b7abbcf38', 'f94a0099-fcf1-422a-8f74-479dcc298670', 'zanalytics', 0, 'a994bf93-7923-4e76-9561-9725b9b3eaa2');
INSERT INTO `template_config` VALUES ('24bab1e1-cbe0-41dc-9a13-af8aab954c22', '766088b6-7e2f-4fec-9fa7-8c6a17753f79', 'bcad95b5-172c-49dc-9cc4-8cb67e29fcff', '3495e0f0-400f-415e-bbb5-be53f87032ff', 'cef2b3c5-04f4-4c21-8060-ab594b96bf09', 'realtime-1', 0, 'cdcd8e0f-bf68-402b-86af-9390750a4c88');
INSERT INTO `template_config` VALUES ('25c71b0f-b947-4cde-9fd7-95b010c668ab', '766088b6-7e2f-4fec-9fa7-8c6a17753f79', 'bcad95b5-172c-49dc-9cc4-8cb67e29fcff', 'a53e2fdb-41fd-49fe-92c4-0dd5ec1384e9', '9d8a8a4f-60ce-4f7c-b7ec-530e733919e7', 'zanalytics', 0, 'a994bf93-7923-4e76-9561-9725b9b3eaa2');
INSERT INTO `template_config` VALUES ('25cd9db7-5a22-47d6-b238-9ef0d82e2a4f', '766088b6-7e2f-4fec-9fa7-8c6a17753f79', 'bcad95b5-172c-49dc-9cc4-8cb67e29fcff', '3495e0f0-400f-415e-bbb5-be53f87032ff', 'e7f1880a-76a4-4e72-a039-77fa6d1ca8e5', 'realtime-3', 0, 'e892b85e-7a63-4c4d-aaba-452405df919c');
INSERT INTO `template_config` VALUES ('25cfa397-a375-400b-b923-823080e102b1', '766088b6-7e2f-4fec-9fa7-8c6a17753f79', 'bcad95b5-172c-49dc-9cc4-8cb67e29fcff', '92ce15ea-344c-42d1-aaca-d612ad061e1e', '208ca478-217a-40c1-beda-ae442ad0673d', 'web', 0, '0eaf1c69-950c-404f-9496-a25de04fedb6');
INSERT INTO `template_config` VALUES ('26513170-6028-49f2-bbb8-03a74d94bc01', '766088b6-7e2f-4fec-9fa7-8c6a17753f79', 'bcad95b5-172c-49dc-9cc4-8cb67e29fcff', '836280f1-e35b-4089-acaf-8708b542ab58', '584da473-9e05-46ec-92d5-9cd468e93de7', '/data/localization/web/tomcat', 0, 'f89c78d9-9bfd-4ab3-bc53-202c51fd36e7');
INSERT INTO `template_config` VALUES ('265acf63-0fe8-4fbf-ac5a-e81bdcae4519', '766088b6-7e2f-4fec-9fa7-8c6a17753f79', 'bcad95b5-172c-49dc-9cc4-8cb67e29fcff', 'a53e2fdb-41fd-49fe-92c4-0dd5ec1384e9', '293538f1-e79e-4ac4-ae71-01b406333ec3', 'realtime-2:7713', 0, NULL);
INSERT INTO `template_config` VALUES ('271dd407-a9e8-4dbf-b2f0-caf6fb03402c', '766088b6-7e2f-4fec-9fa7-8c6a17753f79', 'bcad95b5-172c-49dc-9cc4-8cb67e29fcff', 'a53e2fdb-41fd-49fe-92c4-0dd5ec1384e9', '275a9fda-eed3-4ec8-be6b-7c83210cb8a6', 'realtime-1', 0, 'cdcd8e0f-bf68-402b-86af-9390750a4c88');
INSERT INTO `template_config` VALUES ('27a55656-859c-4a7f-bf7b-3b5fc9c79ac6', '766088b6-7e2f-4fec-9fa7-8c6a17753f79', 'bcad95b5-172c-49dc-9cc4-8cb67e29fcff', '74070bb1-e941-4b8b-bc12-4e8ed114cb8e', '751d1ce2-0868-4f3a-9797-a5966133f664', '3306', 0, '5bc40f77-7954-4231-bf9c-b04947b39b9d');
INSERT INTO `template_config` VALUES ('288ae478-0d35-4050-ace4-ba9d7b2b90b3', '766088b6-7e2f-4fec-9fa7-8c6a17753f79', 'bcad95b5-172c-49dc-9cc4-8cb67e29fcff', 'a53e2fdb-41fd-49fe-92c4-0dd5ec1384e9', '1f543094-469c-48b7-8eee-7b4c4141290f', 'realtime-1', 0, 'cdcd8e0f-bf68-402b-86af-9390750a4c88');
INSERT INTO `template_config` VALUES ('28bcc9b5-b0d1-468a-aa3e-d1ce9925c422', '766088b6-7e2f-4fec-9fa7-8c6a17753f79', 'bcad95b5-172c-49dc-9cc4-8cb67e29fcff', '463fc385-dcf9-4e24-bf79-87edb82971b4', '55efdc52-17a8-48d2-bc42-be756a45adbf', 'admin', 0, '6af1c86a-7049-480c-b88a-1830f03fa83b');
INSERT INTO `template_config` VALUES ('299a471d-f2d4-4d49-a2a8-aac245703ffb', '766088b6-7e2f-4fec-9fa7-8c6a17753f79', 'bcad95b5-172c-49dc-9cc4-8cb67e29fcff', 'bcef4e57-ba45-4743-9bbf-599723421a67', 'e9dc7a8d-345a-4d35-a885-c9faef12f5f6', 'web', 0, '0eaf1c69-950c-404f-9496-a25de04fedb6');
INSERT INTO `template_config` VALUES ('2a0c53b2-68ff-4561-9f9d-bf1a5d4300e3', '766088b6-7e2f-4fec-9fa7-8c6a17753f79', 'bcad95b5-172c-49dc-9cc4-8cb67e29fcff', '463fc385-dcf9-4e24-bf79-87edb82971b4', '2c67233a-6d25-44cf-82db-696009b3563d', 'zanalytics', 0, 'a994bf93-7923-4e76-9561-9725b9b3eaa2');
INSERT INTO `template_config` VALUES ('2af48f5e-47e6-4eff-bb1c-81e79175d0e1', '766088b6-7e2f-4fec-9fa7-8c6a17753f79', 'bcad95b5-172c-49dc-9cc4-8cb67e29fcff', '3495e0f0-400f-415e-bbb5-be53f87032ff', 'c5f7c12a-8580-4e36-a965-a893c0e4723a', '3306', 0, '5bc40f77-7954-4231-bf9c-b04947b39b9d');
INSERT INTO `template_config` VALUES ('2b12fef5-f1c8-42f8-9fb8-338ecd3c11dd', '766088b6-7e2f-4fec-9fa7-8c6a17753f79', 'bcad95b5-172c-49dc-9cc4-8cb67e29fcff', '3495e0f0-400f-415e-bbb5-be53f87032ff', 'b5c3f404-26c9-4e79-9ab2-b13f33c01e1c', '1218', 0, NULL);
INSERT INTO `template_config` VALUES ('2b8f45f8-9bae-4d47-ae51-9adcffdcd730', '766088b6-7e2f-4fec-9fa7-8c6a17753f79', 'bcad95b5-172c-49dc-9cc4-8cb67e29fcff', '84e04c9c-8f19-4aff-bac0-024289a5682d', '3c48b39d-9785-4153-9478-22a7f540d055', '21050', 0, 'f4b8e42a-9612-41f9-9140-71a83c6887eb');
INSERT INTO `template_config` VALUES ('2d957563-7b65-4bd6-abe8-96a3885b0f5e', '766088b6-7e2f-4fec-9fa7-8c6a17753f79', 'bcad95b5-172c-49dc-9cc4-8cb67e29fcff', 'bf6b97d2-ca41-48ec-83b4-948e08d3de2d', '8c52f8a2-fd2a-4745-bdf1-8d966168d027', '6379', 0, '55afabfd-7ea1-4f6b-b0d4-070704cb47c2');
INSERT INTO `template_config` VALUES ('2de6aea5-d074-4fa0-a558-e54f228c3b25', '766088b6-7e2f-4fec-9fa7-8c6a17753f79', 'bcad95b5-172c-49dc-9cc4-8cb67e29fcff', '74070bb1-e941-4b8b-bc12-4e8ed114cb8e', 'ae8971b0-b0e7-4a17-ad35-acf350df8535', 'realtime-mkt:1923', 0, 'd2d3d8ff-d37f-4367-bc70-ce6f5689bdbc');
INSERT INTO `template_config` VALUES ('2e7f2c9b-be16-469a-9f42-edd8d60da2ee', '766088b6-7e2f-4fec-9fa7-8c6a17753f79', 'bcad95b5-172c-49dc-9cc4-8cb67e29fcff', '2abee20d-0d51-4def-b00c-0d1b7abbcf38', '60ecb951-16ed-4cf4-9d95-fd8cfa74364f', 'realtime-1:7051,realtime-2:7051,realtime-3:7051', 0, '3a55fef5-c140-484d-9a00-182e164b8094');
INSERT INTO `template_config` VALUES ('2ef56b16-948c-4c6d-b1b5-c5ae3e3c5bd1', '766088b6-7e2f-4fec-9fa7-8c6a17753f79', 'bcad95b5-172c-49dc-9cc4-8cb67e29fcff', '8bb30397-63ce-4df0-bcfa-1f69952b93b8', '818459f3-9c87-4049-9a25-2284cff7cafe', '5f8a935cd15a47419df0e07d0547551b', 0, NULL);
INSERT INTO `template_config` VALUES ('2fb9c1bb-a315-4df2-82e3-eaccf3c55d0b', '766088b6-7e2f-4fec-9fa7-8c6a17753f79', 'bcad95b5-172c-49dc-9cc4-8cb67e29fcff', 'bcef4e57-ba45-4743-9bbf-599723421a67', '62f834b1-66da-49eb-ad8d-d45ee0c8c751', '9d3266fd556a4db7b9616d385f8bdf8f', 0, NULL);
INSERT INTO `template_config` VALUES ('3087f04d-81fa-4612-91dc-6aec2778352f', '766088b6-7e2f-4fec-9fa7-8c6a17753f79', 'bcad95b5-172c-49dc-9cc4-8cb67e29fcff', '8b861ace-3fa8-4d8d-aaa5-e04f33432b45', 'ea794ba6-c1d0-4b4b-a8ab-44432111a2f6', '3306', 0, '5bc40f77-7954-4231-bf9c-b04947b39b9d');
INSERT INTO `template_config` VALUES ('30d30642-e1ee-4565-8696-fc220444e252', '766088b6-7e2f-4fec-9fa7-8c6a17753f79', 'bcad95b5-172c-49dc-9cc4-8cb67e29fcff', '69fffb19-0b7e-4e99-94f9-82219f3dedd5', '06ce3b7c-4e7a-4903-9b46-3be0ede3eba2', 'realtime-1', 0, 'cdcd8e0f-bf68-402b-86af-9390750a4c88');
INSERT INTO `template_config` VALUES ('32d3caf2-88f6-4d6b-8b1e-07cd04d41ecf', '766088b6-7e2f-4fec-9fa7-8c6a17753f79', 'bcad95b5-172c-49dc-9cc4-8cb67e29fcff', '74d662ff-476c-4b98-88f8-0474e405e232', '9a47131a-3566-47bf-8e74-1f06b6c89e47', 'realtime-1', 0, 'cdcd8e0f-bf68-402b-86af-9390750a4c88');
INSERT INTO `template_config` VALUES ('335684b1-8a03-40e3-b270-875ea1e5e386', '766088b6-7e2f-4fec-9fa7-8c6a17753f79', 'bcad95b5-172c-49dc-9cc4-8cb67e29fcff', 'a53e2fdb-41fd-49fe-92c4-0dd5ec1384e9', '8d4ef768-6e69-4224-98fd-0db275b20ace', 'realtime-mkt:18001', 0, '1dc3ce16-5593-4d5a-b8fb-3939274055f6');
INSERT INTO `template_config` VALUES ('33b1084f-0b7a-412e-b68e-b5f9d0a40c5a', '766088b6-7e2f-4fec-9fa7-8c6a17753f79', 'bcad95b5-172c-49dc-9cc4-8cb67e29fcff', '74070bb1-e941-4b8b-bc12-4e8ed114cb8e', 'c4e1f2e2-9bad-4538-8077-9ac89f28a89d', 'realtime-mkt:1923', 0, 'd2d3d8ff-d37f-4367-bc70-ce6f5689bdbc');
INSERT INTO `template_config` VALUES ('3496e544-0e98-41eb-85bc-ed062bf45413', '766088b6-7e2f-4fec-9fa7-8c6a17753f79', 'bcad95b5-172c-49dc-9cc4-8cb67e29fcff', '74070bb1-e941-4b8b-bc12-4e8ed114cb8e', '84cde9df-3449-45db-9c6d-e256504a8009', '21050', 0, 'f4b8e42a-9612-41f9-9140-71a83c6887eb');
INSERT INTO `template_config` VALUES ('3563c7c7-cf23-4894-af41-c69ca2a8282a', '766088b6-7e2f-4fec-9fa7-8c6a17753f79', 'bcad95b5-172c-49dc-9cc4-8cb67e29fcff', 'a53e2fdb-41fd-49fe-92c4-0dd5ec1384e9', 'fff5193c-0dab-4d69-991e-9772891401e7', 'realtime-2', 0, 'c870ce17-5f87-413b-8cb8-a18f47c33b21');
INSERT INTO `template_config` VALUES ('35a7f733-17f1-4db7-a7ae-45887372f2b9', '766088b6-7e2f-4fec-9fa7-8c6a17753f79', 'bcad95b5-172c-49dc-9cc4-8cb67e29fcff', '3495e0f0-400f-415e-bbb5-be53f87032ff', '589ed977-d344-43ea-b5f1-78a181c04d63', '8897', 0, '3aefc8db-738b-432e-9dc2-d6ff0dee6acf');
INSERT INTO `template_config` VALUES ('36555fd2-c4df-4dc8-bbdc-a365eec26cd7', '766088b6-7e2f-4fec-9fa7-8c6a17753f79', 'bcad95b5-172c-49dc-9cc4-8cb67e29fcff', '7fd32532-56d8-455e-8690-87b53c1992e3', 'f4e40d6e-6ca5-44b4-8f2e-1f37121fb5f2', 'true', 0, 'a0c7a06a-9579-4a96-97ae-b5e911b4e001');
INSERT INTO `template_config` VALUES ('367b5a09-4d22-4407-9c69-1e984b3ab124', '766088b6-7e2f-4fec-9fa7-8c6a17753f79', 'bcad95b5-172c-49dc-9cc4-8cb67e29fcff', '3495e0f0-400f-415e-bbb5-be53f87032ff', 'ec32a649-ec36-4101-84f4-eb607e614a07', NULL, 0, NULL);
INSERT INTO `template_config` VALUES ('36f4cc79-c8b0-456f-9330-acb15ec6e8b1', '766088b6-7e2f-4fec-9fa7-8c6a17753f79', 'bcad95b5-172c-49dc-9cc4-8cb67e29fcff', '836280f1-e35b-4089-acaf-8708b542ab58', '8fb91fea-0bff-402a-beb8-fbc886fc9e82', '/data/localization/web/tomcat', 0, 'f89c78d9-9bfd-4ab3-bc53-202c51fd36e7');
INSERT INTO `template_config` VALUES ('3715359c-db19-4678-981c-b831f823577f', '766088b6-7e2f-4fec-9fa7-8c6a17753f79', 'bcad95b5-172c-49dc-9cc4-8cb67e29fcff', 'a53e2fdb-41fd-49fe-92c4-0dd5ec1384e9', 'd67a7e65-50f1-4ba8-992f-1c08f2ca4af8', 'realtime-2:7808', 0, '94a9fb28-9bc7-4d5b-ae25-b88e0cc0c69b');
INSERT INTO `template_config` VALUES ('37ea533a-08d6-4a71-96d6-6a45d10fd7aa', '766088b6-7e2f-4fec-9fa7-8c6a17753f79', 'bcad95b5-172c-49dc-9cc4-8cb67e29fcff', '74070bb1-e941-4b8b-bc12-4e8ed114cb8e', '5076b1ea-e56a-4a32-b571-1b58beda238a', '3306', 0, '5bc40f77-7954-4231-bf9c-b04947b39b9d');
INSERT INTO `template_config` VALUES ('3804ac87-d1a8-48b6-b665-75619e98fea1', '766088b6-7e2f-4fec-9fa7-8c6a17753f79', 'bcad95b5-172c-49dc-9cc4-8cb67e29fcff', '92ce15ea-344c-42d1-aaca-d612ad061e1e', 'f31255f5-2e83-4caa-b6aa-b1f19680d79a', 'false', 0, '693772c3-5ca2-41e8-9a2e-0be57dd529fd');
INSERT INTO `template_config` VALUES ('382d8be7-ba7a-46bf-8b47-a94770348a1f', '766088b6-7e2f-4fec-9fa7-8c6a17753f79', 'bcad95b5-172c-49dc-9cc4-8cb67e29fcff', '05a57403-45b7-4a38-ab60-6f6472e2d12f', '3bdfca89-0505-49d8-8e73-a2bcad7ae187', 'false', 0, '693772c3-5ca2-41e8-9a2e-0be57dd529fd');
INSERT INTO `template_config` VALUES ('384e8e23-8f3e-436a-b475-2413b1593d42', '766088b6-7e2f-4fec-9fa7-8c6a17753f79', 'bcad95b5-172c-49dc-9cc4-8cb67e29fcff', '74070bb1-e941-4b8b-bc12-4e8ed114cb8e', '8d0d09ba-249b-44a0-b735-8768d4b906c4', '/data/mkt', 0, '87ebc34c-2aa8-45de-ae1f-31a3083aa217');
INSERT INTO `template_config` VALUES ('38617aaa-5305-4b8b-87f1-6e9946184ed7', '766088b6-7e2f-4fec-9fa7-8c6a17753f79', 'bcad95b5-172c-49dc-9cc4-8cb67e29fcff', 'bcef4e57-ba45-4743-9bbf-599723421a67', 'b3e10cd8-d8ec-4394-8871-3e283c10b422', 'http://realtime-2:8882', 0, NULL);
INSERT INTO `template_config` VALUES ('3a5774dd-b0ac-46f8-9960-a97ab14bd1e2', '766088b6-7e2f-4fec-9fa7-8c6a17753f79', 'bcad95b5-172c-49dc-9cc4-8cb67e29fcff', '3495e0f0-400f-415e-bbb5-be53f87032ff', 'e8a4bdfe-43bd-488a-a356-5b875d2f2efc', '26480', 0, 'd84ee80d-a6e8-4872-aa1f-29d37a572ead');
INSERT INTO `template_config` VALUES ('3aa519bf-67ab-47b5-9057-356a13d2024e', '766088b6-7e2f-4fec-9fa7-8c6a17753f79', 'bcad95b5-172c-49dc-9cc4-8cb67e29fcff', 'a53e2fdb-41fd-49fe-92c4-0dd5ec1384e9', '457b01c1-dd9a-4c81-b109-21054e2404b6', '6379', 0, '55afabfd-7ea1-4f6b-b0d4-070704cb47c2');
INSERT INTO `template_config` VALUES ('3abd92ae-5928-47bc-bbae-2f8381c6cc2b', '766088b6-7e2f-4fec-9fa7-8c6a17753f79', 'bcad95b5-172c-49dc-9cc4-8cb67e29fcff', 'bcef4e57-ba45-4743-9bbf-599723421a67', '70d7c944-5c3e-4921-90a5-5bea520e1abc', 'Sun_unix*1101', 0, '285dc207-b064-4dc9-8902-fbb574d4fcc4');
INSERT INTO `template_config` VALUES ('3bc24ce7-bc19-45a0-92c7-5bf40d65907d', '766088b6-7e2f-4fec-9fa7-8c6a17753f79', 'bcad95b5-172c-49dc-9cc4-8cb67e29fcff', '3495e0f0-400f-415e-bbb5-be53f87032ff', 'f61828c9-afb6-49e3-8db7-05807cfd1675', 'zanalytics', 0, 'a994bf93-7923-4e76-9561-9725b9b3eaa2');
INSERT INTO `template_config` VALUES ('3c15891a-cc01-40cb-bd24-6a4571dac7dd', '766088b6-7e2f-4fec-9fa7-8c6a17753f79', 'bcad95b5-172c-49dc-9cc4-8cb67e29fcff', '74070bb1-e941-4b8b-bc12-4e8ed114cb8e', 'abc966b5-a943-4f32-90b8-9fadad1db5f4', 'realtime-mkt:1924', 0, '03a2d110-e635-4bcb-be4b-7b99cd0778bc');
INSERT INTO `template_config` VALUES ('3c37f6a7-2210-4f63-8ed3-3cb77d908451', '766088b6-7e2f-4fec-9fa7-8c6a17753f79', 'bcad95b5-172c-49dc-9cc4-8cb67e29fcff', '74070bb1-e941-4b8b-bc12-4e8ed114cb8e', '238d7722-78e7-4b93-bf72-7f464aec8fa3', 'realtime-mkt:1927', 0, 'eff0c2b3-8917-452c-a777-3b0d217b08b9');
INSERT INTO `template_config` VALUES ('3cf2e6bf-9445-429c-97a6-535578338dec', '766088b6-7e2f-4fec-9fa7-8c6a17753f79', 'bcad95b5-172c-49dc-9cc4-8cb67e29fcff', 'a53e2fdb-41fd-49fe-92c4-0dd5ec1384e9', '508192fc-0266-4f88-bf89-8fbc3df71fc4', 'Sun_unix*1101', 0, '285dc207-b064-4dc9-8902-fbb574d4fcc4');
INSERT INTO `template_config` VALUES ('3db2b2f1-c411-4a56-b93f-5516ac7d3984', '766088b6-7e2f-4fec-9fa7-8c6a17753f79', 'bcad95b5-172c-49dc-9cc4-8cb67e29fcff', 'bcef4e57-ba45-4743-9bbf-599723421a67', '23296ae4-f1a0-4d02-a261-6b6c1cc7f735', 'wt-weixin-topic', 0, 'fdbecdfc-8340-4e2b-b081-3e97b4ae7ef5');
INSERT INTO `template_config` VALUES ('3dd59b77-2275-4dba-9f4e-a3bfd168c6f5', '766088b6-7e2f-4fec-9fa7-8c6a17753f79', 'bcad95b5-172c-49dc-9cc4-8cb67e29fcff', 'bf6b97d2-ca41-48ec-83b4-948e08d3de2d', 'fdb48188-bf3a-448f-a152-e48cbb2eaea1', 'realtime-1', 0, 'cdcd8e0f-bf68-402b-86af-9390750a4c88');
INSERT INTO `template_config` VALUES ('3ef773b8-a649-474a-a4f4-c755d0f8fec2', '766088b6-7e2f-4fec-9fa7-8c6a17753f79', 'bcad95b5-172c-49dc-9cc4-8cb67e29fcff', '463fc385-dcf9-4e24-bf79-87edb82971b4', '3f72dba3-3c0f-4ac0-b1a2-55293294ea68', 'realtime-1', 0, 'cdcd8e0f-bf68-402b-86af-9390750a4c88');
INSERT INTO `template_config` VALUES ('3f3fc474-95f1-44ee-af9f-1a8be1c9cbf7', '766088b6-7e2f-4fec-9fa7-8c6a17753f79', 'bcad95b5-172c-49dc-9cc4-8cb67e29fcff', '3495e0f0-400f-415e-bbb5-be53f87032ff', '40c062ef-100d-446a-9ba2-01d5de861adc', 'web', 0, '0eaf1c69-950c-404f-9496-a25de04fedb6');
INSERT INTO `template_config` VALUES ('3f7fa767-76e3-4899-83a3-c4edfb13653e', '766088b6-7e2f-4fec-9fa7-8c6a17753f79', 'bcad95b5-172c-49dc-9cc4-8cb67e29fcff', '7fd32532-56d8-455e-8690-87b53c1992e3', '3376af67-c01f-4e3b-aad7-50fda629be70', '', 0, NULL);
INSERT INTO `template_config` VALUES ('3fe686ea-c909-464e-ad6a-1d43fa540850', '766088b6-7e2f-4fec-9fa7-8c6a17753f79', 'bcad95b5-172c-49dc-9cc4-8cb67e29fcff', '84e04c9c-8f19-4aff-bac0-024289a5682d', '93eb44be-c41e-42e3-b6cb-1a8005dcbaa6', 'realtime-1:9092,realtime-2:9092,realtime-3:9092', 0, '9bc57dc5-5fe0-4d5c-a90e-94b43c72e5fe');
INSERT INTO `template_config` VALUES ('3ff36802-94f2-48fa-b25e-16831b787d13', '766088b6-7e2f-4fec-9fa7-8c6a17753f79', 'bcad95b5-172c-49dc-9cc4-8cb67e29fcff', 'a53e2fdb-41fd-49fe-92c4-0dd5ec1384e9', '95997a24-f973-481d-8ae2-79b0a46902b2', NULL, 0, NULL);
INSERT INTO `template_config` VALUES ('4077d1c9-c31d-4518-86ee-9e2ddf654c3c', '766088b6-7e2f-4fec-9fa7-8c6a17753f79', 'bcad95b5-172c-49dc-9cc4-8cb67e29fcff', '3495e0f0-400f-415e-bbb5-be53f87032ff', '0a4c4e0e-f52b-4808-b10d-4e8581d11988', '8888', 0, '649fca8c-58ba-4a2e-91ae-c753ab0ac74e');
INSERT INTO `template_config` VALUES ('410f3be5-7245-4b96-8656-1ac6ad4f4a10', '766088b6-7e2f-4fec-9fa7-8c6a17753f79', 'bcad95b5-172c-49dc-9cc4-8cb67e29fcff', '463fc385-dcf9-4e24-bf79-87edb82971b4', '1346d217-8238-4ff1-8f95-a0393ccb2e74', 'zanalytics', 0, 'a994bf93-7923-4e76-9561-9725b9b3eaa2');
INSERT INTO `template_config` VALUES ('420a553b-3a6f-411a-acb6-4851326cb56b', '766088b6-7e2f-4fec-9fa7-8c6a17753f79', 'bcad95b5-172c-49dc-9cc4-8cb67e29fcff', 'a53e2fdb-41fd-49fe-92c4-0dd5ec1384e9', '74c3e623-c5e3-4ef4-a320-afc05c37623b', 'realtime-1:7713', 0, NULL);
INSERT INTO `template_config` VALUES ('422e2b6a-eb57-4932-bb28-392ec5854273', '766088b6-7e2f-4fec-9fa7-8c6a17753f79', 'bcad95b5-172c-49dc-9cc4-8cb67e29fcff', '3495e0f0-400f-415e-bbb5-be53f87032ff', '6be62c07-778f-471b-8dc3-eff771edb60f', 'zanalytics', 0, 'a994bf93-7923-4e76-9561-9725b9b3eaa2');
INSERT INTO `template_config` VALUES ('429de327-2cc0-4c54-a5f3-d6b5781ee96f', '766088b6-7e2f-4fec-9fa7-8c6a17753f79', 'bcad95b5-172c-49dc-9cc4-8cb67e29fcff', 'a64d448e-636e-4bf0-97dc-50ffe3e44b2a', 'db1b1523-eb5f-40d9-8a2f-d688d7fac6a5', '', 0, NULL);
INSERT INTO `template_config` VALUES ('42e3fa0f-cc94-4097-ada5-a6453966a620', '766088b6-7e2f-4fec-9fa7-8c6a17753f79', 'bcad95b5-172c-49dc-9cc4-8cb67e29fcff', '2abee20d-0d51-4def-b00c-0d1b7abbcf38', 'c24755e6-7ff9-47f8-8706-bd1c8f96f2f8', 'zanalytics', 0, 'a994bf93-7923-4e76-9561-9725b9b3eaa2');
INSERT INTO `template_config` VALUES ('42e914f5-e3b8-488f-bba1-4507f49c167e', '766088b6-7e2f-4fec-9fa7-8c6a17753f79', 'bcad95b5-172c-49dc-9cc4-8cb67e29fcff', '05a57403-45b7-4a38-ab60-6f6472e2d12f', 'e4d3cc22-0a40-4370-bb97-d29dc87b4fcd', 'ZhugeSDK', 0, NULL);
INSERT INTO `template_config` VALUES ('43f1ae35-3c2f-493c-a415-4fc6eeccfc81', '766088b6-7e2f-4fec-9fa7-8c6a17753f79', 'bcad95b5-172c-49dc-9cc4-8cb67e29fcff', '3495e0f0-400f-415e-bbb5-be53f87032ff', '60846166-9a73-4707-88b4-0b7f82e70207', 'zanalytics', 0, 'a994bf93-7923-4e76-9561-9725b9b3eaa2');
INSERT INTO `template_config` VALUES ('447f2d98-242b-4f9d-b495-5fdec90a2df6', '766088b6-7e2f-4fec-9fa7-8c6a17753f79', 'bcad95b5-172c-49dc-9cc4-8cb67e29fcff', '3495e0f0-400f-415e-bbb5-be53f87032ff', 'b8f6bf73-23b2-4443-8f96-c62b38b1dad9', '21050', 0, 'f4b8e42a-9612-41f9-9140-71a83c6887eb');
INSERT INTO `template_config` VALUES ('44ca9e8d-6e85-423b-8111-9586a5a3ee5e', '766088b6-7e2f-4fec-9fa7-8c6a17753f79', 'bcad95b5-172c-49dc-9cc4-8cb67e29fcff', 'a53e2fdb-41fd-49fe-92c4-0dd5ec1384e9', '6e73600e-161b-4368-aec8-21b42fff1f69', 'realtime-1:7713', 0, NULL);
INSERT INTO `template_config` VALUES ('44e0ba42-5605-40db-8deb-77be33aec481', '766088b6-7e2f-4fec-9fa7-8c6a17753f79', 'bcad95b5-172c-49dc-9cc4-8cb67e29fcff', '2abee20d-0d51-4def-b00c-0d1b7abbcf38', '555f256c-189e-4e13-80d3-8024f9aa2ee5', 'web', 0, '0eaf1c69-950c-404f-9496-a25de04fedb6');
INSERT INTO `template_config` VALUES ('45befca2-1db4-4079-b51a-47cd06684368', '766088b6-7e2f-4fec-9fa7-8c6a17753f79', 'bcad95b5-172c-49dc-9cc4-8cb67e29fcff', '3495e0f0-400f-415e-bbb5-be53f87032ff', 'fcd0e2c1-d9bc-4878-b27a-9c065e7b0f24', '26480', 0, 'd84ee80d-a6e8-4872-aa1f-29d37a572ead');
INSERT INTO `template_config` VALUES ('45f9e47c-8405-42d1-b031-0d81438d3023', '766088b6-7e2f-4fec-9fa7-8c6a17753f79', 'bcad95b5-172c-49dc-9cc4-8cb67e29fcff', '3495e0f0-400f-415e-bbb5-be53f87032ff', 'a1ca0a35-ba0e-4915-a897-d195a7a10d04', '21050', 0, 'f4b8e42a-9612-41f9-9140-71a83c6887eb');
INSERT INTO `template_config` VALUES ('461a73fb-65a0-45c3-b88e-1c45f5d9a45c', '766088b6-7e2f-4fec-9fa7-8c6a17753f79', 'bcad95b5-172c-49dc-9cc4-8cb67e29fcff', '74070bb1-e941-4b8b-bc12-4e8ed114cb8e', 'c3447b08-d967-4820-95ed-571546c42cb6', '21050', 0, 'f4b8e42a-9612-41f9-9140-71a83c6887eb');
INSERT INTO `template_config` VALUES ('465cd82f-2b00-484a-8b7a-7d4b4597780e', '766088b6-7e2f-4fec-9fa7-8c6a17753f79', 'bcad95b5-172c-49dc-9cc4-8cb67e29fcff', '8bb30397-63ce-4df0-bcfa-1f69952b93b8', '4150b42f-65a6-48f3-90dc-d6ba65c04b40', '/wx-h5', 0, NULL);
INSERT INTO `template_config` VALUES ('468dffd9-6ffc-49ae-ae24-dc1ec5e841a8', '766088b6-7e2f-4fec-9fa7-8c6a17753f79', 'bcad95b5-172c-49dc-9cc4-8cb67e29fcff', '3495e0f0-400f-415e-bbb5-be53f87032ff', '31cbb550-16a6-477b-b9f2-e3b1fc400111', 'realtime-2', 0, 'c870ce17-5f87-413b-8cb8-a18f47c33b21');
INSERT INTO `template_config` VALUES ('469f9007-bdf8-4a1c-8af2-9183a2c3d12e', '766088b6-7e2f-4fec-9fa7-8c6a17753f79', 'bcad95b5-172c-49dc-9cc4-8cb67e29fcff', '3495e0f0-400f-415e-bbb5-be53f87032ff', 'e7511b31-a951-45f2-8b2f-d520b64174e4', 'admin', 0, '6af1c86a-7049-480c-b88a-1830f03fa83b');
INSERT INTO `template_config` VALUES ('4899e224-7c99-4112-afb7-e60ffab3ba5c', '766088b6-7e2f-4fec-9fa7-8c6a17753f79', 'bcad95b5-172c-49dc-9cc4-8cb67e29fcff', '05a57403-45b7-4a38-ab60-6f6472e2d12f', '99615835-9767-402b-aed7-32f4af4f366e', '/webapp/', 0, '209c1f3b-d3b9-4711-92ea-36f77abfb7e2');
INSERT INTO `template_config` VALUES ('491e17d0-3bd9-463c-b1ce-0cd10af3d251', '766088b6-7e2f-4fec-9fa7-8c6a17753f79', 'bcad95b5-172c-49dc-9cc4-8cb67e29fcff', 'a2168f32-c611-4c91-94ef-dab48e1bd5b1', 'c2829233-9651-4f04-b81c-8fe4f32cd9a8', 'elasticsearch', 0, NULL);
INSERT INTO `template_config` VALUES ('49b5b3d1-5872-4dc9-a3f7-f5649445e334', '766088b6-7e2f-4fec-9fa7-8c6a17753f79', 'bcad95b5-172c-49dc-9cc4-8cb67e29fcff', '74070bb1-e941-4b8b-bc12-4e8ed114cb8e', '9da83880-891e-48d5-991d-e6b81e064b67', 'zanalytics', 0, 'a994bf93-7923-4e76-9561-9725b9b3eaa2');
INSERT INTO `template_config` VALUES ('49c662b2-368d-4970-bc5a-5ae4b361acfb', '766088b6-7e2f-4fec-9fa7-8c6a17753f79', 'bcad95b5-172c-49dc-9cc4-8cb67e29fcff', '3495e0f0-400f-415e-bbb5-be53f87032ff', '1445d66f-c437-49c9-acf2-f165826ccc88', 'realtime-1', 0, 'cdcd8e0f-bf68-402b-86af-9390750a4c88');
INSERT INTO `template_config` VALUES ('4a86d91c-0f99-4e58-994c-ac8e5ef8be53', '766088b6-7e2f-4fec-9fa7-8c6a17753f79', 'bcad95b5-172c-49dc-9cc4-8cb67e29fcff', '05a57403-45b7-4a38-ab60-6f6472e2d12f', '442afbf3-d5c0-4da7-8c2e-8bd4f055d2f8', 'https://uba.it.pkpm.cn', 0, 'cbd80416-7233-4f33-8244-f7dc2a8d07bd');
INSERT INTO `template_config` VALUES ('4ac2a12d-a9ac-4379-9ff7-f9fc8f494042', '766088b6-7e2f-4fec-9fa7-8c6a17753f79', 'bcad95b5-172c-49dc-9cc4-8cb67e29fcff', '463fc385-dcf9-4e24-bf79-87edb82971b4', '5bb19dce-92af-4639-b366-9d3b3dd3d6e8', 'web', 0, '0eaf1c69-950c-404f-9496-a25de04fedb6');
INSERT INTO `template_config` VALUES ('4aed417e-0d17-46ca-838b-b4644e26cf6f', '766088b6-7e2f-4fec-9fa7-8c6a17753f79', 'bcad95b5-172c-49dc-9cc4-8cb67e29fcff', 'a53e2fdb-41fd-49fe-92c4-0dd5ec1384e9', '51cecec0-6ecb-4fdb-9a47-d03501741aad', 'realtime-1:9003', 0, '8be1c9e0-6260-43cb-9eae-3ce6ba101b97');
INSERT INTO `template_config` VALUES ('4b090e9f-0059-4e0d-935e-b16f91631f71', '766088b6-7e2f-4fec-9fa7-8c6a17753f79', 'bcad95b5-172c-49dc-9cc4-8cb67e29fcff', '836280f1-e35b-4089-acaf-8708b542ab58', '24ce76e1-49c1-4d78-bf2b-3142de562b2c', 'zanalytics', 0, 'a994bf93-7923-4e76-9561-9725b9b3eaa2');
INSERT INTO `template_config` VALUES ('4b47d543-08fb-47ff-8ade-680fcd4aab7e', '766088b6-7e2f-4fec-9fa7-8c6a17753f79', 'bcad95b5-172c-49dc-9cc4-8cb67e29fcff', '3495e0f0-400f-415e-bbb5-be53f87032ff', '11f7dd6b-642b-45fb-9407-e9f110c25403', 'realtime-1', 0, 'cdcd8e0f-bf68-402b-86af-9390750a4c88');
INSERT INTO `template_config` VALUES ('4cd34b76-4096-4baf-a792-e2084d406b30', '766088b6-7e2f-4fec-9fa7-8c6a17753f79', 'bcad95b5-172c-49dc-9cc4-8cb67e29fcff', 'a2168f32-c611-4c91-94ef-dab48e1bd5b1', '4c31fb50-065e-4edd-836a-3bd6da5ea4c0', 'realtime-1', 0, 'cdcd8e0f-bf68-402b-86af-9390750a4c88');
INSERT INTO `template_config` VALUES ('4d2681a0-002b-49f9-a482-699f67eb17ae', '766088b6-7e2f-4fec-9fa7-8c6a17753f79', 'bcad95b5-172c-49dc-9cc4-8cb67e29fcff', '74070bb1-e941-4b8b-bc12-4e8ed114cb8e', 'd08501e2-923b-4549-8424-4ad8ac2cc116', 'web', 0, '0eaf1c69-950c-404f-9496-a25de04fedb6');
INSERT INTO `template_config` VALUES ('4dd72d8b-5cd2-4f14-9593-bf9c1d970525', '766088b6-7e2f-4fec-9fa7-8c6a17753f79', 'bcad95b5-172c-49dc-9cc4-8cb67e29fcff', '3495e0f0-400f-415e-bbb5-be53f87032ff', 'ca0ffe08-e5e4-4666-9e12-3adeefa14e90', '8897', 0, '3aefc8db-738b-432e-9dc2-d6ff0dee6acf');
INSERT INTO `template_config` VALUES ('4e44bf8f-ecb4-4d6d-a100-f29ac10214d7', '766088b6-7e2f-4fec-9fa7-8c6a17753f79', 'bcad95b5-172c-49dc-9cc4-8cb67e29fcff', '3495e0f0-400f-415e-bbb5-be53f87032ff', '721e4a91-6aae-432d-8a7d-2f77cc1a058d', NULL, 0, NULL);
INSERT INTO `template_config` VALUES ('4e6a8377-e507-4894-8504-5343d4ce73be', '766088b6-7e2f-4fec-9fa7-8c6a17753f79', 'bcad95b5-172c-49dc-9cc4-8cb67e29fcff', 'bcef4e57-ba45-4743-9bbf-599723421a67', '2f892482-c84d-4e23-9b74-a808e2cd5c2d', 'realtime-1', 0, 'cdcd8e0f-bf68-402b-86af-9390750a4c88');
INSERT INTO `template_config` VALUES ('4f08a52e-6bab-4104-975b-cb0490615708', '766088b6-7e2f-4fec-9fa7-8c6a17753f79', 'bcad95b5-172c-49dc-9cc4-8cb67e29fcff', '3495e0f0-400f-415e-bbb5-be53f87032ff', 'b3f3f8fb-b03e-4787-acaf-8cc1b5fab936', 'zanalytics', 0, 'a994bf93-7923-4e76-9561-9725b9b3eaa2');
INSERT INTO `template_config` VALUES ('4f2ea3b7-352e-4470-a63f-c3034a1c346f', '766088b6-7e2f-4fec-9fa7-8c6a17753f79', 'bcad95b5-172c-49dc-9cc4-8cb67e29fcff', '3495e0f0-400f-415e-bbb5-be53f87032ff', 'fe892b92-d800-418e-9bcd-716d6a8c9401', 'admin', 0, '6af1c86a-7049-480c-b88a-1830f03fa83b');
INSERT INTO `template_config` VALUES ('5054498b-c07a-4f8d-962d-acedd21c5d0a', '766088b6-7e2f-4fec-9fa7-8c6a17753f79', 'bcad95b5-172c-49dc-9cc4-8cb67e29fcff', '836280f1-e35b-4089-acaf-8708b542ab58', '8995a7b7-7c23-40a1-b7bd-b6f268572ae0', 'realtime-1', 0, 'cdcd8e0f-bf68-402b-86af-9390750a4c88');
INSERT INTO `template_config` VALUES ('5098f395-df47-4f6b-b82e-6af3932b561e', '766088b6-7e2f-4fec-9fa7-8c6a17753f79', 'bcad95b5-172c-49dc-9cc4-8cb67e29fcff', '05a57403-45b7-4a38-ab60-6f6472e2d12f', '76222b19-b42d-4757-aab8-6699219827a3', '/webapp/', 0, '209c1f3b-d3b9-4711-92ea-36f77abfb7e2');
INSERT INTO `template_config` VALUES ('5142a5c7-7782-4236-bcf9-a83d985be8fa', '766088b6-7e2f-4fec-9fa7-8c6a17753f79', 'bcad95b5-172c-49dc-9cc4-8cb67e29fcff', '463fc385-dcf9-4e24-bf79-87edb82971b4', '01dc30a0-8817-45e4-a393-3cd7dd25a76d', 'https://uba.it.pkpm.cn', 0, 'cbd80416-7233-4f33-8244-f7dc2a8d07bd');
INSERT INTO `template_config` VALUES ('51f7702a-fb7b-4a5e-af44-44134f02eacb', '766088b6-7e2f-4fec-9fa7-8c6a17753f79', 'bcad95b5-172c-49dc-9cc4-8cb67e29fcff', 'a53e2fdb-41fd-49fe-92c4-0dd5ec1384e9', '8d296007-b16e-4efe-a5df-546ba4f6e79d', '3306', 0, '5bc40f77-7954-4231-bf9c-b04947b39b9d');
INSERT INTO `template_config` VALUES ('520bc5f2-83db-43eb-a441-047b10c34d4d', '766088b6-7e2f-4fec-9fa7-8c6a17753f79', 'bcad95b5-172c-49dc-9cc4-8cb67e29fcff', '92ce15ea-344c-42d1-aaca-d612ad061e1e', '184da187-c727-4276-b5fa-b9f3e8746343', '/analysis/socket', 0, NULL);
INSERT INTO `template_config` VALUES ('52c7c268-327e-45b9-8594-73e91b3364f2', '766088b6-7e2f-4fec-9fa7-8c6a17753f79', 'bcad95b5-172c-49dc-9cc4-8cb67e29fcff', 'bcef4e57-ba45-4743-9bbf-599723421a67', 'e0a8fdf9-597d-472b-859e-6865f9f4568c', 'realtime-1:80', 0, '3f01f552-ffd2-4105-8035-73c14cc63736');
INSERT INTO `template_config` VALUES ('5330b430-fbfb-49f9-82ef-63388f2ebc65', '766088b6-7e2f-4fec-9fa7-8c6a17753f79', 'bcad95b5-172c-49dc-9cc4-8cb67e29fcff', '05a57403-45b7-4a38-ab60-6f6472e2d12f', '13d6dce7-8f74-4832-884e-74f8b099c4c2', '数据分析', 0, 'b792243e-b7f1-4b53-aa73-1f0a06b43301');
INSERT INTO `template_config` VALUES ('534884a1-2d23-4429-a326-834b133a64ed', '766088b6-7e2f-4fec-9fa7-8c6a17753f79', 'bcad95b5-172c-49dc-9cc4-8cb67e29fcff', 'bf6b97d2-ca41-48ec-83b4-948e08d3de2d', '1ebade8a-c23d-41d0-ae24-87ab4a38d9ad', 'realtime-3', 0, 'e892b85e-7a63-4c4d-aaba-452405df919c');
INSERT INTO `template_config` VALUES ('534e36bf-b3c8-491a-b054-ca17d6c794e7', '766088b6-7e2f-4fec-9fa7-8c6a17753f79', 'bcad95b5-172c-49dc-9cc4-8cb67e29fcff', 'bcef4e57-ba45-4743-9bbf-599723421a67', '2a27ce79-dc71-44c9-85e1-76488fd3e74c', 'realtime-1', 0, 'cdcd8e0f-bf68-402b-86af-9390750a4c88');
INSERT INTO `template_config` VALUES ('53ddc94a-c68e-4436-bcdc-30c973c2de2b', '766088b6-7e2f-4fec-9fa7-8c6a17753f79', 'bcad95b5-172c-49dc-9cc4-8cb67e29fcff', '2abee20d-0d51-4def-b00c-0d1b7abbcf38', '0dabea1d-6f14-4a7e-86fd-d0f5bccb035e', '3306', 0, '5bc40f77-7954-4231-bf9c-b04947b39b9d');
INSERT INTO `template_config` VALUES ('5408ce2f-be6d-439a-ba6d-9322075f3c17', '766088b6-7e2f-4fec-9fa7-8c6a17753f79', 'bcad95b5-172c-49dc-9cc4-8cb67e29fcff', '481d44b1-ae39-4846-9f88-fc4b74ef4de0', '0e4e5f12-71d1-4bcd-b799-97197de7df4e', 'https://uba.it.pkpm.cn', 0, 'cbd80416-7233-4f33-8244-f7dc2a8d07bd');
INSERT INTO `template_config` VALUES ('54dd2151-4347-491c-8f68-97e21669672f', '766088b6-7e2f-4fec-9fa7-8c6a17753f79', 'bcad95b5-172c-49dc-9cc4-8cb67e29fcff', '3495e0f0-400f-415e-bbb5-be53f87032ff', '6a94fb53-a0f1-453b-9255-9bdfdc85af71', 'realtime-1', 0, 'cdcd8e0f-bf68-402b-86af-9390750a4c88');
INSERT INTO `template_config` VALUES ('55a2ce6a-0761-4999-881f-aa9ad5ac7bba', '766088b6-7e2f-4fec-9fa7-8c6a17753f79', 'bcad95b5-172c-49dc-9cc4-8cb67e29fcff', 'a53e2fdb-41fd-49fe-92c4-0dd5ec1384e9', 'f3bf95c8-5f30-422c-910e-94cc4b19c16d', '3306', 0, '5bc40f77-7954-4231-bf9c-b04947b39b9d');
INSERT INTO `template_config` VALUES ('56852d15-fd0f-4bac-b09e-615e17f5ce10', '766088b6-7e2f-4fec-9fa7-8c6a17753f79', 'bcad95b5-172c-49dc-9cc4-8cb67e29fcff', '05a57403-45b7-4a38-ab60-6f6472e2d12f', '4c6f50ed-3011-4260-8efc-86f975857bd3', 'false', 0, '693772c3-5ca2-41e8-9a2e-0be57dd529fd');
INSERT INTO `template_config` VALUES ('56e4220f-fc8e-4527-98b4-59e4a69c17b3', '766088b6-7e2f-4fec-9fa7-8c6a17753f79', 'bcad95b5-172c-49dc-9cc4-8cb67e29fcff', '74070bb1-e941-4b8b-bc12-4e8ed114cb8e', '81a16bd2-cbc8-4c2e-81bc-a3d589e216e8', 'admin', 0, '6af1c86a-7049-480c-b88a-1830f03fa83b');
INSERT INTO `template_config` VALUES ('575132ac-137c-4d84-aa63-89c93cf6bdf9', '766088b6-7e2f-4fec-9fa7-8c6a17753f79', 'bcad95b5-172c-49dc-9cc4-8cb67e29fcff', 'bcef4e57-ba45-4743-9bbf-599723421a67', '7c8c26b0-4133-4e22-b40c-ece4ccfb0ead', '5', 0, NULL);
INSERT INTO `template_config` VALUES ('575eb71c-cee3-45c3-93a5-61a2b613d4a8', '766088b6-7e2f-4fec-9fa7-8c6a17753f79', 'bcad95b5-172c-49dc-9cc4-8cb67e29fcff', 'a2168f32-c611-4c91-94ef-dab48e1bd5b1', 'a377d658-da28-48be-ba19-767bdc741983', 'elastic', 0, NULL);
INSERT INTO `template_config` VALUES ('57700481-d6a6-466f-9fea-2eb373c7f63d', '766088b6-7e2f-4fec-9fa7-8c6a17753f79', 'bcad95b5-172c-49dc-9cc4-8cb67e29fcff', '3495e0f0-400f-415e-bbb5-be53f87032ff', 'e939a135-d26e-4ebd-bddb-1aaeae35b08e', 'web', 0, '0eaf1c69-950c-404f-9496-a25de04fedb6');
INSERT INTO `template_config` VALUES ('57ca914b-b95d-49ae-82c4-5a296d6d8b76', '766088b6-7e2f-4fec-9fa7-8c6a17753f79', 'bcad95b5-172c-49dc-9cc4-8cb67e29fcff', '3495e0f0-400f-415e-bbb5-be53f87032ff', 'b8e111b4-2232-4523-a067-480298c6d453', 'realtime-1', 0, 'cdcd8e0f-bf68-402b-86af-9390750a4c88');
INSERT INTO `template_config` VALUES ('588c570b-cb86-4a36-9bee-5aa53465da35', '766088b6-7e2f-4fec-9fa7-8c6a17753f79', 'bcad95b5-172c-49dc-9cc4-8cb67e29fcff', '3495e0f0-400f-415e-bbb5-be53f87032ff', '7d2ab474-3e1c-4451-b707-164532a295c6', 'realtime-2', 0, 'c870ce17-5f87-413b-8cb8-a18f47c33b21');
INSERT INTO `template_config` VALUES ('59381026-5f16-48c1-91f0-439466697d35', '766088b6-7e2f-4fec-9fa7-8c6a17753f79', 'bcad95b5-172c-49dc-9cc4-8cb67e29fcff', 'a53e2fdb-41fd-49fe-92c4-0dd5ec1384e9', '82c917c6-8538-4a18-b4b5-1b65d06264ec', '6379', 0, '55afabfd-7ea1-4f6b-b0d4-070704cb47c2');
INSERT INTO `template_config` VALUES ('59a4cb80-7e83-46a6-8bf6-1f88a3ddbc01', '766088b6-7e2f-4fec-9fa7-8c6a17753f79', 'bcad95b5-172c-49dc-9cc4-8cb67e29fcff', '836280f1-e35b-4089-acaf-8708b542ab58', '7516f1c7-7ad0-402e-ab00-6ebb5b7d6032', 'admin', 0, '6af1c86a-7049-480c-b88a-1830f03fa83b');
INSERT INTO `template_config` VALUES ('5b1033de-4442-4905-8100-9bb1aa8e1ac5', '766088b6-7e2f-4fec-9fa7-8c6a17753f79', 'bcad95b5-172c-49dc-9cc4-8cb67e29fcff', '8bb30397-63ce-4df0-bcfa-1f69952b93b8', 'f1dd8fd0-f764-4779-97b1-b879248ace2d', 'https://uba.it.pkpm.cn', 0, 'cbd80416-7233-4f33-8244-f7dc2a8d07bd');
INSERT INTO `template_config` VALUES ('5b1c12d4-35ab-4b86-b8da-8a48ea56b23b', '766088b6-7e2f-4fec-9fa7-8c6a17753f79', 'bcad95b5-172c-49dc-9cc4-8cb67e29fcff', '92ce15ea-344c-42d1-aaca-d612ad061e1e', 'c5bf64ea-68a3-46ef-96c6-c5353e6dad9e', NULL, 0, NULL);
INSERT INTO `template_config` VALUES ('5b8a25e7-ea71-4dff-afac-ef70ce77da86', '766088b6-7e2f-4fec-9fa7-8c6a17753f79', 'bcad95b5-172c-49dc-9cc4-8cb67e29fcff', '3495e0f0-400f-415e-bbb5-be53f87032ff', 'df7e015a-8dd7-45b4-b8e0-2a692e4636d7', NULL, 0, NULL);
INSERT INTO `template_config` VALUES ('5b9661f5-8664-47a1-99de-d7bb3f911eaa', '766088b6-7e2f-4fec-9fa7-8c6a17753f79', 'bcad95b5-172c-49dc-9cc4-8cb67e29fcff', '74070bb1-e941-4b8b-bc12-4e8ed114cb8e', '5cf631d6-eee8-4bd3-87dd-9a2a504aa40a', 'zanalytics', 0, 'a994bf93-7923-4e76-9561-9725b9b3eaa2');
INSERT INTO `template_config` VALUES ('5bf31431-0232-4339-b8c7-efdd646ba7e0', '766088b6-7e2f-4fec-9fa7-8c6a17753f79', 'bcad95b5-172c-49dc-9cc4-8cb67e29fcff', '3495e0f0-400f-415e-bbb5-be53f87032ff', 'f31d9dbe-86e8-4acc-b15b-4f41b10ac751', 'realtime-1:9092,realtime-2:9092,realtime-3:9092', 0, '9bc57dc5-5fe0-4d5c-a90e-94b43c72e5fe');
INSERT INTO `template_config` VALUES ('5dab7525-9b45-4473-9dbd-9541fb069abf', '766088b6-7e2f-4fec-9fa7-8c6a17753f79', 'bcad95b5-172c-49dc-9cc4-8cb67e29fcff', 'a53e2fdb-41fd-49fe-92c4-0dd5ec1384e9', 'cab1ee7f-7855-4610-b230-b5b7c8020415', 'realtime-1:8080', 0, 'c3a0ac8d-4646-4034-9faf-9b56c1ec9151');
INSERT INTO `template_config` VALUES ('5dcd4103-889d-4307-b3f6-6d250e182a1e', '766088b6-7e2f-4fec-9fa7-8c6a17753f79', 'bcad95b5-172c-49dc-9cc4-8cb67e29fcff', '74070bb1-e941-4b8b-bc12-4e8ed114cb8e', '16e28ec7-782c-4347-99a2-38db114af2ec', '/data/mkt', 0, '87ebc34c-2aa8-45de-ae1f-31a3083aa217');
INSERT INTO `template_config` VALUES ('5e22de8f-c680-406b-80d4-ced7cf380fad', '766088b6-7e2f-4fec-9fa7-8c6a17753f79', 'bcad95b5-172c-49dc-9cc4-8cb67e29fcff', '74070bb1-e941-4b8b-bc12-4e8ed114cb8e', 'd07f8ef1-41f2-43cd-aede-03b14ab9c558', 'realtime-mkt:1925', 0, 'a1459e2a-7ced-4a96-808e-8b544627ecca');
INSERT INTO `template_config` VALUES ('5e430583-6b65-4f75-a186-c66196b30f35', '766088b6-7e2f-4fec-9fa7-8c6a17753f79', 'bcad95b5-172c-49dc-9cc4-8cb67e29fcff', 'bcef4e57-ba45-4743-9bbf-599723421a67', '4a533c8f-dace-4a5e-ad7c-a14d8e079f86', 'https://weixin.zhugeio.com', 0, '814350c2-fd5a-48f3-9a0e-42fefcf63335');
INSERT INTO `template_config` VALUES ('5e5d0763-d784-4db5-aab2-4b0afee69f7d', '766088b6-7e2f-4fec-9fa7-8c6a17753f79', 'bcad95b5-172c-49dc-9cc4-8cb67e29fcff', '69fffb19-0b7e-4e99-94f9-82219f3dedd5', '70d403c5-474d-4a18-95b1-1868b3ef7c06', NULL, 0, NULL);
INSERT INTO `template_config` VALUES ('5e74076f-9395-4798-a9db-a50944846e27', '766088b6-7e2f-4fec-9fa7-8c6a17753f79', 'bcad95b5-172c-49dc-9cc4-8cb67e29fcff', 'a53e2fdb-41fd-49fe-92c4-0dd5ec1384e9', 'a120a5c5-63e7-4b45-a691-41bf3617c81d', 'realtime-3:9004', 0, '8bd5203d-f063-442e-98b6-3455871f83cd');
INSERT INTO `template_config` VALUES ('5e92e47f-7cdf-4699-ab97-4aa4de1840d9', '766088b6-7e2f-4fec-9fa7-8c6a17753f79', 'bcad95b5-172c-49dc-9cc4-8cb67e29fcff', '836280f1-e35b-4089-acaf-8708b542ab58', '260111f3-c8af-468d-ae90-a7a182f5a5a5', 'https://uba.it.pkpm.cn', 0, 'cbd80416-7233-4f33-8244-f7dc2a8d07bd');
INSERT INTO `template_config` VALUES ('5fe6bf22-c344-4cad-baef-5ff6a8eb19c2', '766088b6-7e2f-4fec-9fa7-8c6a17753f79', 'bcad95b5-172c-49dc-9cc4-8cb67e29fcff', '7fd32532-56d8-455e-8690-87b53c1992e3', 'de2e4dd1-5d02-43f0-96e9-29a11665f295', '/webapp/app/login', 0, NULL);
INSERT INTO `template_config` VALUES ('603c9289-ba92-4b90-bbcd-00fd7c842148', '766088b6-7e2f-4fec-9fa7-8c6a17753f79', 'bcad95b5-172c-49dc-9cc4-8cb67e29fcff', '05a57403-45b7-4a38-ab60-6f6472e2d12f', '5dc58e05-98ff-4496-9542-38dc7950d3c0', 'true', 0, 'a0c7a06a-9579-4a96-97ae-b5e911b4e001');
INSERT INTO `template_config` VALUES ('6080f9d9-6da9-4e64-aaca-e2d052966264', '766088b6-7e2f-4fec-9fa7-8c6a17753f79', 'bcad95b5-172c-49dc-9cc4-8cb67e29fcff', '74d662ff-476c-4b98-88f8-0474e405e232', '26026103-9cf5-4780-9485-281528c848a1', 'zanalytics', 0, 'a994bf93-7923-4e76-9561-9725b9b3eaa2');
INSERT INTO `template_config` VALUES ('6081e6b9-33db-42e9-b56e-2eec81f8dd49', '766088b6-7e2f-4fec-9fa7-8c6a17753f79', 'bcad95b5-172c-49dc-9cc4-8cb67e29fcff', 'bcef4e57-ba45-4743-9bbf-599723421a67', '69f021f6-1a9c-4796-9cf7-ccae3991ea41', 'https://weixin.zhugeio.com', 0, '814350c2-fd5a-48f3-9a0e-42fefcf63335');
INSERT INTO `template_config` VALUES ('60d9ffcd-a1dd-4366-b94e-1c74c23bc7b0', '766088b6-7e2f-4fec-9fa7-8c6a17753f79', 'bcad95b5-172c-49dc-9cc4-8cb67e29fcff', 'bcef4e57-ba45-4743-9bbf-599723421a67', 'b6accd32-e717-4fbc-bd75-0b34e94e8936', 'realtime-1:9092,realtime-2:9092,realtime-3:9092', 0, '9bc57dc5-5fe0-4d5c-a90e-94b43c72e5fe');
INSERT INTO `template_config` VALUES ('627f7780-53f7-4659-abc2-cd26e1bbbcfa', '766088b6-7e2f-4fec-9fa7-8c6a17753f79', 'bcad95b5-172c-49dc-9cc4-8cb67e29fcff', 'bcef4e57-ba45-4743-9bbf-599723421a67', '8bb42bf5-0435-479b-8811-d449c1b40cbe', '3306', 0, '5bc40f77-7954-4231-bf9c-b04947b39b9d');
INSERT INTO `template_config` VALUES ('62d7168c-a8c9-4cdb-8f5a-caf232a5f1c0', '766088b6-7e2f-4fec-9fa7-8c6a17753f79', 'bcad95b5-172c-49dc-9cc4-8cb67e29fcff', 'a53e2fdb-41fd-49fe-92c4-0dd5ec1384e9', 'b7367c04-c036-4db4-8758-7513de88fb42', 'realtime-2:18001', 0, 'b7874f6a-fea2-4b0c-8e05-f05bf6104996');
INSERT INTO `template_config` VALUES ('62de2cfb-4bc0-4300-b8d2-be93acd4c61b', '766088b6-7e2f-4fec-9fa7-8c6a17753f79', 'bcad95b5-172c-49dc-9cc4-8cb67e29fcff', '836280f1-e35b-4089-acaf-8708b542ab58', '2e42ad20-7908-434b-9392-b26aaba1b033', '21050', 0, 'f4b8e42a-9612-41f9-9140-71a83c6887eb');
INSERT INTO `template_config` VALUES ('639b0040-8407-4d10-bb61-00d67c7044f6', '766088b6-7e2f-4fec-9fa7-8c6a17753f79', 'bcad95b5-172c-49dc-9cc4-8cb67e29fcff', '2abee20d-0d51-4def-b00c-0d1b7abbcf38', 'a999e4ec-14e1-435c-a1bb-0de26e1a8f74', 'realtime-1', 0, 'cdcd8e0f-bf68-402b-86af-9390750a4c88');
INSERT INTO `template_config` VALUES ('6410fc19-1c93-42a2-a223-6ffd09901e28', '766088b6-7e2f-4fec-9fa7-8c6a17753f79', 'bcad95b5-172c-49dc-9cc4-8cb67e29fcff', '74070bb1-e941-4b8b-bc12-4e8ed114cb8e', '27ad4e31-5af8-4b40-a223-3480d4783e1d', 'web', 0, '0eaf1c69-950c-404f-9496-a25de04fedb6');
INSERT INTO `template_config` VALUES ('646656db-ec0f-4700-9b65-27e93cfacc2a', '766088b6-7e2f-4fec-9fa7-8c6a17753f79', 'bcad95b5-172c-49dc-9cc4-8cb67e29fcff', '463fc385-dcf9-4e24-bf79-87edb82971b4', 'f6ab99aa-f799-4129-ab4c-f69266074466', 'zanalytics', 0, 'a994bf93-7923-4e76-9561-9725b9b3eaa2');
INSERT INTO `template_config` VALUES ('6503df3b-e0d9-4825-bf36-c9aab166da7b', '766088b6-7e2f-4fec-9fa7-8c6a17753f79', 'bcad95b5-172c-49dc-9cc4-8cb67e29fcff', 'bcef4e57-ba45-4743-9bbf-599723421a67', 'd4b26902-eac0-48d8-a88b-d5620c0c0b63', '9d3266fd556a4db7b9616d385f8bdf8f', 0, NULL);
INSERT INTO `template_config` VALUES ('65ce7574-846b-4159-8c8e-1e665e732e7f', '766088b6-7e2f-4fec-9fa7-8c6a17753f79', 'bcad95b5-172c-49dc-9cc4-8cb67e29fcff', '69fffb19-0b7e-4e99-94f9-82219f3dedd5', '7a794497-01f2-45a2-9add-5f1a107d148f', '26380', 0, NULL);
INSERT INTO `template_config` VALUES ('66220b7a-c19e-486b-aa2f-88fad50bd19b', '766088b6-7e2f-4fec-9fa7-8c6a17753f79', 'bcad95b5-172c-49dc-9cc4-8cb67e29fcff', '8b861ace-3fa8-4d8d-aaa5-e04f33432b45', 'd23fe1b1-8842-4520-a4b7-5f911798347b', 'realtime-1', 0, 'cdcd8e0f-bf68-402b-86af-9390750a4c88');
INSERT INTO `template_config` VALUES ('66404754-0f18-4834-a884-84272bfd4ce8', '766088b6-7e2f-4fec-9fa7-8c6a17753f79', 'bcad95b5-172c-49dc-9cc4-8cb67e29fcff', '74070bb1-e941-4b8b-bc12-4e8ed114cb8e', 'cdaf95cd-58b2-4f1d-8cfb-34eb4704b2a6', 'zanalytics', 0, 'a994bf93-7923-4e76-9561-9725b9b3eaa2');
INSERT INTO `template_config` VALUES ('67527552-27fb-4cd9-a138-54da4dc768b9', '766088b6-7e2f-4fec-9fa7-8c6a17753f79', 'bcad95b5-172c-49dc-9cc4-8cb67e29fcff', '3495e0f0-400f-415e-bbb5-be53f87032ff', '145f8d95-248a-4d3c-aa8b-c3bb078d938b', 'zanalytics', 0, 'a994bf93-7923-4e76-9561-9725b9b3eaa2');
INSERT INTO `template_config` VALUES ('681f2aa0-9a90-423f-be86-d03129756829', '766088b6-7e2f-4fec-9fa7-8c6a17753f79', 'bcad95b5-172c-49dc-9cc4-8cb67e29fcff', 'a53e2fdb-41fd-49fe-92c4-0dd5ec1384e9', 'e30ed86c-76b6-4a56-965d-cf8ebbeb7737', '3306', 0, '5bc40f77-7954-4231-bf9c-b04947b39b9d');
INSERT INTO `template_config` VALUES ('686f3aae-92aa-4458-9922-78a9ba74edaa', '766088b6-7e2f-4fec-9fa7-8c6a17753f79', 'bcad95b5-172c-49dc-9cc4-8cb67e29fcff', 'a53e2fdb-41fd-49fe-92c4-0dd5ec1384e9', 'c416ee7f-bfe6-4dbe-9576-b4a383b9de7a', 'realtime-1:7713', 0, NULL);
INSERT INTO `template_config` VALUES ('68a5e4be-c397-43bb-9f97-07000dc8fd25', '766088b6-7e2f-4fec-9fa7-8c6a17753f79', 'bcad95b5-172c-49dc-9cc4-8cb67e29fcff', '3495e0f0-400f-415e-bbb5-be53f87032ff', '3ec9dd47-0c7d-415f-b065-b152e7add56e', NULL, 0, NULL);
INSERT INTO `template_config` VALUES ('68dd2071-8495-4407-b6a8-23d8fd63c8a1', '766088b6-7e2f-4fec-9fa7-8c6a17753f79', 'bcad95b5-172c-49dc-9cc4-8cb67e29fcff', 'a2168f32-c611-4c91-94ef-dab48e1bd5b1', '4f7315bf-d37c-46cb-a5a0-74db624b02d7', 'realtime-2', 0, 'c870ce17-5f87-413b-8cb8-a18f47c33b21');
INSERT INTO `template_config` VALUES ('68e7d956-ad38-40e1-9519-89141a92198c', '766088b6-7e2f-4fec-9fa7-8c6a17753f79', 'bcad95b5-172c-49dc-9cc4-8cb67e29fcff', '463fc385-dcf9-4e24-bf79-87edb82971b4', 'a391fa98-afc7-4acd-90c3-d62723d40edb', 'web', 0, '0eaf1c69-950c-404f-9496-a25de04fedb6');
INSERT INTO `template_config` VALUES ('69dc4815-c5e1-434a-ab6c-7761c60c8319', '766088b6-7e2f-4fec-9fa7-8c6a17753f79', 'bcad95b5-172c-49dc-9cc4-8cb67e29fcff', '74070bb1-e941-4b8b-bc12-4e8ed114cb8e', '7304c176-e687-4fde-933c-4adc36127a95', 'realtime-1:9092,realtime-2:9092,realtime-3:9092', 0, '9bc57dc5-5fe0-4d5c-a90e-94b43c72e5fe');
INSERT INTO `template_config` VALUES ('6b9a2197-acf7-46a2-a1aa-ae3efee38920', '766088b6-7e2f-4fec-9fa7-8c6a17753f79', 'bcad95b5-172c-49dc-9cc4-8cb67e29fcff', '92ce15ea-344c-42d1-aaca-d612ad061e1e', 'c2b93147-d81a-4a58-8bc9-877598e5811b', NULL, 0, NULL);
INSERT INTO `template_config` VALUES ('6ba6b23c-e699-47cb-b3a7-69a13c60ba43', '766088b6-7e2f-4fec-9fa7-8c6a17753f79', 'bcad95b5-172c-49dc-9cc4-8cb67e29fcff', '74070bb1-e941-4b8b-bc12-4e8ed114cb8e', '711f56a0-3402-4ffc-a223-00e42788977e', '21050', 0, 'f4b8e42a-9612-41f9-9140-71a83c6887eb');
INSERT INTO `template_config` VALUES ('6baa5379-714a-4e82-8fb8-9bc6c27b4b85', '766088b6-7e2f-4fec-9fa7-8c6a17753f79', 'bcad95b5-172c-49dc-9cc4-8cb67e29fcff', '836280f1-e35b-4089-acaf-8708b542ab58', '30372284-2062-4ac9-b150-ad6ade4bd7a7', 'http://realtime-1:8008', 0, NULL);
INSERT INTO `template_config` VALUES ('6bef9bf0-d2a5-4fb2-9f25-6e6cf9021a24', '766088b6-7e2f-4fec-9fa7-8c6a17753f79', 'bcad95b5-172c-49dc-9cc4-8cb67e29fcff', '3495e0f0-400f-415e-bbb5-be53f87032ff', '2a7bd8c6-9d01-4d1a-afd3-baad0c27704f', 'zanalytics', 0, 'a994bf93-7923-4e76-9561-9725b9b3eaa2');
INSERT INTO `template_config` VALUES ('6c4bfaa5-1a35-47b9-9c5b-1bce4712c2ad', '766088b6-7e2f-4fec-9fa7-8c6a17753f79', 'bcad95b5-172c-49dc-9cc4-8cb67e29fcff', '74070bb1-e941-4b8b-bc12-4e8ed114cb8e', '55707a6a-f5bd-4344-b5fa-866902a7c014', '/data/mkt', 0, '87ebc34c-2aa8-45de-ae1f-31a3083aa217');
INSERT INTO `template_config` VALUES ('6c760312-7db5-42b1-a4ad-8e064dcd97d3', '766088b6-7e2f-4fec-9fa7-8c6a17753f79', 'bcad95b5-172c-49dc-9cc4-8cb67e29fcff', 'a53e2fdb-41fd-49fe-92c4-0dd5ec1384e9', '111d6c23-a955-40e5-a3f9-f28a8107266e', 'realtime-1:7715', 0, '56d4d87a-2fc8-420b-9e20-1a6238e8cc9b');
INSERT INTO `template_config` VALUES ('6c82c209-2b30-4c6b-b0f8-1509f5bc04c6', '766088b6-7e2f-4fec-9fa7-8c6a17753f79', 'bcad95b5-172c-49dc-9cc4-8cb67e29fcff', '3495e0f0-400f-415e-bbb5-be53f87032ff', '21407f24-8a11-464b-adef-43715245d872', '8898', 0, NULL);
INSERT INTO `template_config` VALUES ('6c9f23eb-8479-4638-b01f-3ff644f74f80', '766088b6-7e2f-4fec-9fa7-8c6a17753f79', 'bcad95b5-172c-49dc-9cc4-8cb67e29fcff', 'a2168f32-c611-4c91-94ef-dab48e1bd5b1', '670222e1-03cb-48e3-8182-0ee4146e5150', 'zanalytics', 0, 'a994bf93-7923-4e76-9561-9725b9b3eaa2');
INSERT INTO `template_config` VALUES ('6d434dd5-721a-4313-b082-114e2c9acd23', '766088b6-7e2f-4fec-9fa7-8c6a17753f79', 'bcad95b5-172c-49dc-9cc4-8cb67e29fcff', 'a53e2fdb-41fd-49fe-92c4-0dd5ec1384e9', '0490ec62-d60f-43ab-b596-e858e9abf0ed', '6379', 0, '55afabfd-7ea1-4f6b-b0d4-070704cb47c2');
INSERT INTO `template_config` VALUES ('6db82c76-cb10-48ad-bfd6-13951cde7245', '766088b6-7e2f-4fec-9fa7-8c6a17753f79', 'bcad95b5-172c-49dc-9cc4-8cb67e29fcff', 'bcef4e57-ba45-4743-9bbf-599723421a67', '549cefe1-8a5d-4816-913c-b2d39a401d0a', 'realtime-1:2182,realtime-2:2182,realtime-3:2182', 0, NULL);
INSERT INTO `template_config` VALUES ('6dc122de-1687-4f78-b3fb-4cfcd1199b22', '766088b6-7e2f-4fec-9fa7-8c6a17753f79', 'bcad95b5-172c-49dc-9cc4-8cb67e29fcff', 'bf6b97d2-ca41-48ec-83b4-948e08d3de2d', '0923bfc0-c125-4087-ba76-37b19a395365', '1217', 0, NULL);
INSERT INTO `template_config` VALUES ('6df1c01d-693d-471a-9b54-6dbb0af35b74', '766088b6-7e2f-4fec-9fa7-8c6a17753f79', 'bcad95b5-172c-49dc-9cc4-8cb67e29fcff', '3495e0f0-400f-415e-bbb5-be53f87032ff', '2018672a-65ec-430a-997e-10ccb329d075', NULL, 0, NULL);
INSERT INTO `template_config` VALUES ('6e861b6e-f584-4de8-81c1-77237e8e6b3c', '766088b6-7e2f-4fec-9fa7-8c6a17753f79', 'bcad95b5-172c-49dc-9cc4-8cb67e29fcff', '3495e0f0-400f-415e-bbb5-be53f87032ff', 'e7ea6235-e232-420a-a476-7fc135a612a4', '3306', 0, '5bc40f77-7954-4231-bf9c-b04947b39b9d');
INSERT INTO `template_config` VALUES ('704354f4-111a-4c98-9833-d5cd04affa02', '766088b6-7e2f-4fec-9fa7-8c6a17753f79', 'bcad95b5-172c-49dc-9cc4-8cb67e29fcff', '84e04c9c-8f19-4aff-bac0-024289a5682d', '41ba3a96-65fd-4b48-b24b-e9e14b9e9a33', 'realtime-1:7051,realtime-2:7051,realtime-3:7051', 0, '3a55fef5-c140-484d-9a00-182e164b8094');
INSERT INTO `template_config` VALUES ('713f0cb0-40e9-4889-b6ff-87e6b0a0939b', '766088b6-7e2f-4fec-9fa7-8c6a17753f79', 'bcad95b5-172c-49dc-9cc4-8cb67e29fcff', 'a64d448e-636e-4bf0-97dc-50ffe3e44b2a', '06d86f8c-1d96-4b99-9c21-7e7f8d63dc37', '数据分析', 0, 'b792243e-b7f1-4b53-aa73-1f0a06b43301');
INSERT INTO `template_config` VALUES ('717c2924-1747-4ee0-8120-544336a0819d', '766088b6-7e2f-4fec-9fa7-8c6a17753f79', 'bcad95b5-172c-49dc-9cc4-8cb67e29fcff', '05a57403-45b7-4a38-ab60-6f6472e2d12f', '17384177-1d61-4791-ae22-bbdb843fbe1a', 'true', 0, 'a0c7a06a-9579-4a96-97ae-b5e911b4e001');
INSERT INTO `template_config` VALUES ('7188a007-1803-4cb5-bb39-90ba636699a2', '766088b6-7e2f-4fec-9fa7-8c6a17753f79', 'bcad95b5-172c-49dc-9cc4-8cb67e29fcff', '3495e0f0-400f-415e-bbb5-be53f87032ff', '33b9f480-4eb6-4dde-afbe-874fe811581c', 'realtime-1:9092,realtime-2:9092,realtime-3:9092', 0, '9bc57dc5-5fe0-4d5c-a90e-94b43c72e5fe');
INSERT INTO `template_config` VALUES ('71f135dd-e5b6-4a26-87fc-126f75f7ff2d', '766088b6-7e2f-4fec-9fa7-8c6a17753f79', 'bcad95b5-172c-49dc-9cc4-8cb67e29fcff', '0e936d24-15b6-4eaa-b2b3-1e33aa301290', '81f02037-5124-41bf-a728-74cd6db555cb', 'realtime-mkt:1922', 0, 'f1b86c81-dbd5-456e-8cca-30312fd1a14f');
INSERT INTO `template_config` VALUES ('7243549c-4d24-42c7-a443-4aca629c2b26', '766088b6-7e2f-4fec-9fa7-8c6a17753f79', 'bcad95b5-172c-49dc-9cc4-8cb67e29fcff', 'a53e2fdb-41fd-49fe-92c4-0dd5ec1384e9', '8ca01cdb-4aed-449d-8e15-ce5f7e1521e4', 'realtime-1', 0, 'cdcd8e0f-bf68-402b-86af-9390750a4c88');
INSERT INTO `template_config` VALUES ('72e060aa-e078-40ac-bcbc-ead0e430ce10', '766088b6-7e2f-4fec-9fa7-8c6a17753f79', 'bcad95b5-172c-49dc-9cc4-8cb67e29fcff', '3495e0f0-400f-415e-bbb5-be53f87032ff', '36d654d1-7aaa-4912-b05a-fa527a92d9b0', 'realtime-2', 0, 'c870ce17-5f87-413b-8cb8-a18f47c33b21');
INSERT INTO `template_config` VALUES ('73a1f059-7583-48f6-be7f-e46799cac5c1', '766088b6-7e2f-4fec-9fa7-8c6a17753f79', 'bcad95b5-172c-49dc-9cc4-8cb67e29fcff', '836280f1-e35b-4089-acaf-8708b542ab58', '25482487-7a63-4f6a-ab32-d9c1a0934384', 'uba.it.pkpm.cn', 0, NULL);
INSERT INTO `template_config` VALUES ('7411c1fb-a24e-4ebb-9b55-a6f6a6037016', '766088b6-7e2f-4fec-9fa7-8c6a17753f79', 'bcad95b5-172c-49dc-9cc4-8cb67e29fcff', '3495e0f0-400f-415e-bbb5-be53f87032ff', '9a56b4b5-785e-413e-892f-dad28e71f57a', 'realtime-1', 0, 'cdcd8e0f-bf68-402b-86af-9390750a4c88');
INSERT INTO `template_config` VALUES ('744ce143-557c-4b00-90d0-8d817404442a', '766088b6-7e2f-4fec-9fa7-8c6a17753f79', 'bcad95b5-172c-49dc-9cc4-8cb67e29fcff', '92ce15ea-344c-42d1-aaca-d612ad061e1e', '78286238-e5a9-491c-9084-2629b1ac42da', '/analysis/api', 0, NULL);
INSERT INTO `template_config` VALUES ('748e99ff-6778-40df-aa50-5b37dd74daf6', '766088b6-7e2f-4fec-9fa7-8c6a17753f79', 'bcad95b5-172c-49dc-9cc4-8cb67e29fcff', '69fffb19-0b7e-4e99-94f9-82219f3dedd5', '1bc193b2-2dab-4bbf-b9c0-60af654629e7', '8888', 0, '649fca8c-58ba-4a2e-91ae-c753ab0ac74e');
INSERT INTO `template_config` VALUES ('7537ecb8-061e-4da0-9d06-d15a23cd05e4', '766088b6-7e2f-4fec-9fa7-8c6a17753f79', 'bcad95b5-172c-49dc-9cc4-8cb67e29fcff', '74070bb1-e941-4b8b-bc12-4e8ed114cb8e', '3fba68e3-f3d4-4ac6-8b02-1d82cb21d956', '3306', 0, '5bc40f77-7954-4231-bf9c-b04947b39b9d');
INSERT INTO `template_config` VALUES ('75c5248d-9a0a-4d5c-96ab-492204110905', '766088b6-7e2f-4fec-9fa7-8c6a17753f79', 'bcad95b5-172c-49dc-9cc4-8cb67e29fcff', 'bcef4e57-ba45-4743-9bbf-599723421a67', '9e1588d6-2362-4147-97db-ce8297ecb6fc', '9d3266fd556a4db7b9616d385f8bdf8f', 0, NULL);
INSERT INTO `template_config` VALUES ('7768dc86-d50b-45a5-82eb-9a3237a6b3c3', '766088b6-7e2f-4fec-9fa7-8c6a17753f79', 'bcad95b5-172c-49dc-9cc4-8cb67e29fcff', 'a53e2fdb-41fd-49fe-92c4-0dd5ec1384e9', '7a17fe2e-9d1a-4746-ba22-b1539bc05552', 'realtime-1:18080', 0, '92688a81-7fff-4bef-af9a-1e30dbf19bd0');
INSERT INTO `template_config` VALUES ('77780a47-544b-42f0-8801-0af0d40e9150', '766088b6-7e2f-4fec-9fa7-8c6a17753f79', 'bcad95b5-172c-49dc-9cc4-8cb67e29fcff', '463fc385-dcf9-4e24-bf79-87edb82971b4', '4eb8936c-c702-4a52-a175-9cf33a0761ea', 'realtime-1', 0, 'cdcd8e0f-bf68-402b-86af-9390750a4c88');
INSERT INTO `template_config` VALUES ('777cd56d-14c6-4ba3-8391-f2d293742345', '766088b6-7e2f-4fec-9fa7-8c6a17753f79', 'bcad95b5-172c-49dc-9cc4-8cb67e29fcff', '05a57403-45b7-4a38-ab60-6f6472e2d12f', '4a9bbf79-a34c-452a-9c3f-00ae336f5082', 'true', 0, 'a0c7a06a-9579-4a96-97ae-b5e911b4e001');
INSERT INTO `template_config` VALUES ('7794c573-5dac-4d27-a4ce-79d96827fb93', '766088b6-7e2f-4fec-9fa7-8c6a17753f79', 'bcad95b5-172c-49dc-9cc4-8cb67e29fcff', '74070bb1-e941-4b8b-bc12-4e8ed114cb8e', '3c9d7a57-1893-49e4-bfee-50c0c94f1dab', 'realtime-1', 0, 'cdcd8e0f-bf68-402b-86af-9390750a4c88');
INSERT INTO `template_config` VALUES ('78c1724f-142d-4cec-a221-1d7f22d9cbfc', '766088b6-7e2f-4fec-9fa7-8c6a17753f79', 'bcad95b5-172c-49dc-9cc4-8cb67e29fcff', '74070bb1-e941-4b8b-bc12-4e8ed114cb8e', 'f9ba7177-b56c-4ceb-af63-4349186ca22d', 'realtime-1', 0, 'cdcd8e0f-bf68-402b-86af-9390750a4c88');
INSERT INTO `template_config` VALUES ('79602288-6f35-48c6-a216-51b6ee8901b7', '766088b6-7e2f-4fec-9fa7-8c6a17753f79', 'bcad95b5-172c-49dc-9cc4-8cb67e29fcff', '74070bb1-e941-4b8b-bc12-4e8ed114cb8e', '9a2ea085-9c15-4ed2-a24c-fbd33c358651', 'zanalytics', 0, 'a994bf93-7923-4e76-9561-9725b9b3eaa2');
INSERT INTO `template_config` VALUES ('79823c23-988b-472e-b3ab-201eb8f7cf1e', '766088b6-7e2f-4fec-9fa7-8c6a17753f79', 'bcad95b5-172c-49dc-9cc4-8cb67e29fcff', '74070bb1-e941-4b8b-bc12-4e8ed114cb8e', '803df1fe-7e1d-4617-922b-d130e09b3b29', '3306', 0, '5bc40f77-7954-4231-bf9c-b04947b39b9d');
INSERT INTO `template_config` VALUES ('7b4ab636-8f6c-4107-b869-49b4f69bae1f', '766088b6-7e2f-4fec-9fa7-8c6a17753f79', 'bcad95b5-172c-49dc-9cc4-8cb67e29fcff', 'a53e2fdb-41fd-49fe-92c4-0dd5ec1384e9', '257bc243-e138-40df-86e0-92780c5df8f2', 'realtime-1', 0, 'cdcd8e0f-bf68-402b-86af-9390750a4c88');
INSERT INTO `template_config` VALUES ('7c96222b-837a-4b95-a552-0fa4c338144b', '766088b6-7e2f-4fec-9fa7-8c6a17753f79', 'bcad95b5-172c-49dc-9cc4-8cb67e29fcff', '836280f1-e35b-4089-acaf-8708b542ab58', '45c4d847-c7e3-408f-b957-c986c9f38ade', 'realtime-1:7051,realtime-2:7051,realtime-3:7051', 0, '3a55fef5-c140-484d-9a00-182e164b8094');
INSERT INTO `template_config` VALUES ('7cf7e28e-4c72-4185-8203-cacd77191548', '766088b6-7e2f-4fec-9fa7-8c6a17753f79', 'bcad95b5-172c-49dc-9cc4-8cb67e29fcff', '3495e0f0-400f-415e-bbb5-be53f87032ff', '8a07b167-4cfa-42dc-bd6b-366768e129aa', 'realtime-1', 0, 'cdcd8e0f-bf68-402b-86af-9390750a4c88');
INSERT INTO `template_config` VALUES ('7d664caf-bd19-4a63-8a4a-c49e02215211', '766088b6-7e2f-4fec-9fa7-8c6a17753f79', 'bcad95b5-172c-49dc-9cc4-8cb67e29fcff', 'bf6b97d2-ca41-48ec-83b4-948e08d3de2d', '4856ac0e-8a66-4f9c-8966-f3e6e0ab3ec5', 'zanalytics', 0, 'a994bf93-7923-4e76-9561-9725b9b3eaa2');
INSERT INTO `template_config` VALUES ('7f77b702-ce7c-4cef-b6a5-5f22a937d10f', '766088b6-7e2f-4fec-9fa7-8c6a17753f79', 'bcad95b5-172c-49dc-9cc4-8cb67e29fcff', '836280f1-e35b-4089-acaf-8708b542ab58', 'abddfe16-6ad1-4b63-8a08-55fe81025503', 'elasticsearch', 0, NULL);
INSERT INTO `template_config` VALUES ('7f9a047d-1693-4802-bcda-7f31ede9e965', '766088b6-7e2f-4fec-9fa7-8c6a17753f79', 'bcad95b5-172c-49dc-9cc4-8cb67e29fcff', '3495e0f0-400f-415e-bbb5-be53f87032ff', '76a33f18-1f41-4222-b70d-881998a2cef4', 'realtime-2', 0, 'c870ce17-5f87-413b-8cb8-a18f47c33b21');
INSERT INTO `template_config` VALUES ('7f9ae8e6-8e14-4387-b5e9-1dbb0e33c5d4', '766088b6-7e2f-4fec-9fa7-8c6a17753f79', 'bcad95b5-172c-49dc-9cc4-8cb67e29fcff', 'a2168f32-c611-4c91-94ef-dab48e1bd5b1', 'fb0e128e-5340-434f-8ca2-45e13b382b37', 'Sun_unix*1101', 0, '285dc207-b064-4dc9-8902-fbb574d4fcc4');
INSERT INTO `template_config` VALUES ('8029e386-9fda-4ee5-9fb3-b1c6a02ec819', '766088b6-7e2f-4fec-9fa7-8c6a17753f79', 'bcad95b5-172c-49dc-9cc4-8cb67e29fcff', '05a57403-45b7-4a38-ab60-6f6472e2d12f', 'd73456ed-3856-447a-bf67-48ef380974a6', '', 0, NULL);
INSERT INTO `template_config` VALUES ('8093c0c6-e5cc-4e08-a2c0-860bc6ba42a8', '766088b6-7e2f-4fec-9fa7-8c6a17753f79', 'bcad95b5-172c-49dc-9cc4-8cb67e29fcff', '836280f1-e35b-4089-acaf-8708b542ab58', 'f68a4ff5-5932-4ef6-b75a-ae0b3f05d1ce', '8888', 0, '649fca8c-58ba-4a2e-91ae-c753ab0ac74e');
INSERT INTO `template_config` VALUES ('809e07ae-cf5f-4eaa-831e-1a7af32303a3', '766088b6-7e2f-4fec-9fa7-8c6a17753f79', 'bcad95b5-172c-49dc-9cc4-8cb67e29fcff', 'a2168f32-c611-4c91-94ef-dab48e1bd5b1', '56464aa9-30b5-4bc3-a8b2-6cff5687aad2', 'web', 0, '0eaf1c69-950c-404f-9496-a25de04fedb6');
INSERT INTO `template_config` VALUES ('8180786c-79fe-45a7-ac13-51984a55eace', '766088b6-7e2f-4fec-9fa7-8c6a17753f79', 'bcad95b5-172c-49dc-9cc4-8cb67e29fcff', '74070bb1-e941-4b8b-bc12-4e8ed114cb8e', 'b097f960-7e40-4ec6-9106-1433342dd093', 'realtime-1', 0, 'cdcd8e0f-bf68-402b-86af-9390750a4c88');
INSERT INTO `template_config` VALUES ('827b553b-bd69-4e11-897d-114f066bc083', '766088b6-7e2f-4fec-9fa7-8c6a17753f79', 'bcad95b5-172c-49dc-9cc4-8cb67e29fcff', 'bf6b97d2-ca41-48ec-83b4-948e08d3de2d', '72723d12-318f-44c2-b433-fb670733be64', NULL, 0, NULL);
INSERT INTO `template_config` VALUES ('829a8864-e1c4-47f2-98cc-2d79bab436b0', '766088b6-7e2f-4fec-9fa7-8c6a17753f79', 'bcad95b5-172c-49dc-9cc4-8cb67e29fcff', 'a53e2fdb-41fd-49fe-92c4-0dd5ec1384e9', '5f8c8fdb-4834-441c-b1e9-491587650219', 'realtime-1:8800', 0, 'c5603ca6-1d13-4e46-9ffd-606b2efcee28');
INSERT INTO `template_config` VALUES ('829e0a72-c8a5-4362-9874-d56e06819530', '766088b6-7e2f-4fec-9fa7-8c6a17753f79', 'bcad95b5-172c-49dc-9cc4-8cb67e29fcff', '74070bb1-e941-4b8b-bc12-4e8ed114cb8e', 'fb5c986e-0573-498e-ae9c-863e94e97777', 'admin', 0, '6af1c86a-7049-480c-b88a-1830f03fa83b');
INSERT INTO `template_config` VALUES ('83245fe1-32f0-4820-9402-d19feffb068c', '766088b6-7e2f-4fec-9fa7-8c6a17753f79', 'bcad95b5-172c-49dc-9cc4-8cb67e29fcff', '74070bb1-e941-4b8b-bc12-4e8ed114cb8e', '5a491d39-8aba-40f6-84f1-7f975959b729', 'admin', 0, '6af1c86a-7049-480c-b88a-1830f03fa83b');
INSERT INTO `template_config` VALUES ('841de991-93de-453b-a0b8-1dc64cc8b053', '766088b6-7e2f-4fec-9fa7-8c6a17753f79', 'bcad95b5-172c-49dc-9cc4-8cb67e29fcff', 'a2168f32-c611-4c91-94ef-dab48e1bd5b1', 'd15f3bb4-3c7f-4a68-a567-df17d348fcdb', '3306', 0, '5bc40f77-7954-4231-bf9c-b04947b39b9d');
INSERT INTO `template_config` VALUES ('843a2214-bbc7-46e1-a527-18c7abf05a68', '766088b6-7e2f-4fec-9fa7-8c6a17753f79', 'bcad95b5-172c-49dc-9cc4-8cb67e29fcff', 'a53e2fdb-41fd-49fe-92c4-0dd5ec1384e9', '826bf70a-0d7f-4294-af98-0c77616212a6', 'web', 0, '0eaf1c69-950c-404f-9496-a25de04fedb6');
INSERT INTO `template_config` VALUES ('84490753-7a37-466c-b70c-de23848b736a', '766088b6-7e2f-4fec-9fa7-8c6a17753f79', 'bcad95b5-172c-49dc-9cc4-8cb67e29fcff', 'a64d448e-636e-4bf0-97dc-50ffe3e44b2a', '7092f2f0-69ad-4677-9512-630cb301bace', 'true', 0, 'a0c7a06a-9579-4a96-97ae-b5e911b4e001');
INSERT INTO `template_config` VALUES ('8462bc95-0bbb-4e47-a116-5d645e09e317', '766088b6-7e2f-4fec-9fa7-8c6a17753f79', 'bcad95b5-172c-49dc-9cc4-8cb67e29fcff', '69fffb19-0b7e-4e99-94f9-82219f3dedd5', '7f4cc623-d183-46d9-836d-fe6af4804b6c', '8884', 0, NULL);
INSERT INTO `template_config` VALUES ('85351b9a-d79f-492b-b4f5-e3adb926f62a', '766088b6-7e2f-4fec-9fa7-8c6a17753f79', 'bcad95b5-172c-49dc-9cc4-8cb67e29fcff', '2abee20d-0d51-4def-b00c-0d1b7abbcf38', 'aa03a5aa-f0af-43f1-9d46-ef57a29c3de2', '21050', 0, 'f4b8e42a-9612-41f9-9140-71a83c6887eb');
INSERT INTO `template_config` VALUES ('857ef069-a9db-4aea-866b-c43fcf18f030', '766088b6-7e2f-4fec-9fa7-8c6a17753f79', 'bcad95b5-172c-49dc-9cc4-8cb67e29fcff', '3495e0f0-400f-415e-bbb5-be53f87032ff', '5ba5773f-afe1-489b-8210-83be6a52ef4b', '21050', 0, 'f4b8e42a-9612-41f9-9140-71a83c6887eb');
INSERT INTO `template_config` VALUES ('868448dc-01e2-41e3-b1a1-b918f76f58dc', '766088b6-7e2f-4fec-9fa7-8c6a17753f79', 'bcad95b5-172c-49dc-9cc4-8cb67e29fcff', 'bcef4e57-ba45-4743-9bbf-599723421a67', 'f822236d-3b3f-4f82-b7fb-1792975994ac', '26480', 0, 'd84ee80d-a6e8-4872-aa1f-29d37a572ead');
INSERT INTO `template_config` VALUES ('86e1773d-1269-4fd5-89b8-afb67cd08072', '766088b6-7e2f-4fec-9fa7-8c6a17753f79', 'bcad95b5-172c-49dc-9cc4-8cb67e29fcff', 'bf6b97d2-ca41-48ec-83b4-948e08d3de2d', '1e1a85f0-5d6a-4630-9650-a97e1cbae8b5', 'https://uba.it.pkpm.cn', 0, 'cbd80416-7233-4f33-8244-f7dc2a8d07bd');
INSERT INTO `template_config` VALUES ('86fb25a8-92f9-474e-808d-a8f8ea803a98', '766088b6-7e2f-4fec-9fa7-8c6a17753f79', 'bcad95b5-172c-49dc-9cc4-8cb67e29fcff', 'bcef4e57-ba45-4743-9bbf-599723421a67', '286d7fdc-2711-425a-9044-e6ad9868061a', 'Sun_unix*1101', 0, '285dc207-b064-4dc9-8902-fbb574d4fcc4');
INSERT INTO `template_config` VALUES ('884eb529-2198-4f2a-92eb-d1cbd8b4c5b0', '766088b6-7e2f-4fec-9fa7-8c6a17753f79', 'bcad95b5-172c-49dc-9cc4-8cb67e29fcff', '0e936d24-15b6-4eaa-b2b3-1e33aa301290', '29d57615-143a-4a79-a8bd-d5a41a124f82', 'realtime-mkt:1926', 0, 'b9a2d943-f86e-4876-be4d-9d8571ec0618');
INSERT INTO `template_config` VALUES ('893cffdd-1469-4321-a428-c9c59e218291', '766088b6-7e2f-4fec-9fa7-8c6a17753f79', 'bcad95b5-172c-49dc-9cc4-8cb67e29fcff', '836280f1-e35b-4089-acaf-8708b542ab58', '7d8875c0-14d2-41f8-9137-8c173344e2eb', '9200', 0, 'c3395019-db38-4361-bef0-71b2c5b6f4f9');
INSERT INTO `template_config` VALUES ('89e21e59-689e-4353-a096-a030866d9b95', '766088b6-7e2f-4fec-9fa7-8c6a17753f79', 'bcad95b5-172c-49dc-9cc4-8cb67e29fcff', '3495e0f0-400f-415e-bbb5-be53f87032ff', '2a620aa7-7171-46d0-9449-300ea0785888', 'Sun_unix*1101', 0, '285dc207-b064-4dc9-8902-fbb574d4fcc4');
INSERT INTO `template_config` VALUES ('89e4d402-42ca-42a1-9623-da2c2abd9915', '766088b6-7e2f-4fec-9fa7-8c6a17753f79', 'bcad95b5-172c-49dc-9cc4-8cb67e29fcff', 'a53e2fdb-41fd-49fe-92c4-0dd5ec1384e9', '0699d2bd-dce1-4315-825d-554aa412e94a', 'realtime-1:18080', 0, '92688a81-7fff-4bef-af9a-1e30dbf19bd0');
INSERT INTO `template_config` VALUES ('8adaf16c-0be7-4d4a-a11c-65792707db62', '766088b6-7e2f-4fec-9fa7-8c6a17753f79', 'bcad95b5-172c-49dc-9cc4-8cb67e29fcff', '69fffb19-0b7e-4e99-94f9-82219f3dedd5', '02ab2d7a-05a1-4813-a8dd-f032c44602a1', 'realtime-1', 0, 'cdcd8e0f-bf68-402b-86af-9390750a4c88');
INSERT INTO `template_config` VALUES ('8af8f340-4996-49aa-a053-5cd9e2112610', '766088b6-7e2f-4fec-9fa7-8c6a17753f79', 'bcad95b5-172c-49dc-9cc4-8cb67e29fcff', 'a53e2fdb-41fd-49fe-92c4-0dd5ec1384e9', '625264d7-d01d-4509-82e2-627bf3403272', 'uba.it.pkpm.cn', 0, NULL);
INSERT INTO `template_config` VALUES ('8ce18c2b-24e2-4211-819f-dafd505248f5', '766088b6-7e2f-4fec-9fa7-8c6a17753f79', 'bcad95b5-172c-49dc-9cc4-8cb67e29fcff', '74070bb1-e941-4b8b-bc12-4e8ed114cb8e', '85885939-3893-4709-bd0e-aaf55232ba63', '21050', 0, 'f4b8e42a-9612-41f9-9140-71a83c6887eb');
INSERT INTO `template_config` VALUES ('8d000ea8-6ce8-4788-a9d0-6e8bfe2731fd', '766088b6-7e2f-4fec-9fa7-8c6a17753f79', 'bcad95b5-172c-49dc-9cc4-8cb67e29fcff', '05a57403-45b7-4a38-ab60-6f6472e2d12f', 'f17866df-5967-48e3-9486-629bd3d105c3', 'true', 0, 'a0c7a06a-9579-4a96-97ae-b5e911b4e001');
INSERT INTO `template_config` VALUES ('8d344e78-2a9b-40bb-a25d-a331d99e2c42', '766088b6-7e2f-4fec-9fa7-8c6a17753f79', 'bcad95b5-172c-49dc-9cc4-8cb67e29fcff', '74070bb1-e941-4b8b-bc12-4e8ed114cb8e', 'f783db2b-bf96-49b0-ae54-b1fdda8f317a', 'zanalytics', 0, 'a994bf93-7923-4e76-9561-9725b9b3eaa2');
INSERT INTO `template_config` VALUES ('8d7ea5e2-36c3-4ce3-a080-d40a1625b7c7', '766088b6-7e2f-4fec-9fa7-8c6a17753f79', 'bcad95b5-172c-49dc-9cc4-8cb67e29fcff', '74070bb1-e941-4b8b-bc12-4e8ed114cb8e', '90010a50-32ac-40c6-9429-ff5d9e394654', 'realtime-mkt:1926', 0, 'b9a2d943-f86e-4876-be4d-9d8571ec0618');
INSERT INTO `template_config` VALUES ('8dd307e5-fea2-402a-aef0-b4446220cebc', '766088b6-7e2f-4fec-9fa7-8c6a17753f79', 'bcad95b5-172c-49dc-9cc4-8cb67e29fcff', 'a53e2fdb-41fd-49fe-92c4-0dd5ec1384e9', '46cff09b-704d-4078-bf83-04ca5e1d665f', 'realtime-1', 0, 'cdcd8e0f-bf68-402b-86af-9390750a4c88');
INSERT INTO `template_config` VALUES ('8e134fb8-9963-40a2-9f08-32dc7de41635', '766088b6-7e2f-4fec-9fa7-8c6a17753f79', 'bcad95b5-172c-49dc-9cc4-8cb67e29fcff', '3495e0f0-400f-415e-bbb5-be53f87032ff', '6882a7fd-6e6e-40f3-8267-23c2571588ec', NULL, 0, NULL);
INSERT INTO `template_config` VALUES ('8e2ebd42-ef51-48e8-82c3-5c99503becfb', '766088b6-7e2f-4fec-9fa7-8c6a17753f79', 'bcad95b5-172c-49dc-9cc4-8cb67e29fcff', '05a57403-45b7-4a38-ab60-6f6472e2d12f', '170cb05a-91b0-469b-ae6e-f6af32624165', 'true', 0, 'a0c7a06a-9579-4a96-97ae-b5e911b4e001');
INSERT INTO `template_config` VALUES ('8e4afaf1-2ead-42e0-986c-c1f4d6af65af', '766088b6-7e2f-4fec-9fa7-8c6a17753f79', 'bcad95b5-172c-49dc-9cc4-8cb67e29fcff', '3495e0f0-400f-415e-bbb5-be53f87032ff', '40c1629b-8c4b-4ebd-8f73-81c982afd0b6', 'zanalytics', 0, 'a994bf93-7923-4e76-9561-9725b9b3eaa2');
INSERT INTO `template_config` VALUES ('8e90ac6a-07bd-4eac-9e3e-e67dffee1faa', '766088b6-7e2f-4fec-9fa7-8c6a17753f79', 'bcad95b5-172c-49dc-9cc4-8cb67e29fcff', '3495e0f0-400f-415e-bbb5-be53f87032ff', '9c79883a-3f6d-4066-af09-418543db0b46', 'zanalytics', 0, 'a994bf93-7923-4e76-9561-9725b9b3eaa2');
INSERT INTO `template_config` VALUES ('8e9a416a-1527-4017-87d3-e0fc82c2e0e6', '766088b6-7e2f-4fec-9fa7-8c6a17753f79', 'bcad95b5-172c-49dc-9cc4-8cb67e29fcff', '74070bb1-e941-4b8b-bc12-4e8ed114cb8e', '24fc7938-1843-4011-ab18-a662750054f9', '/data/mkt', 0, '87ebc34c-2aa8-45de-ae1f-31a3083aa217');
INSERT INTO `template_config` VALUES ('8ec2c1ab-8fc4-45b9-9dc6-66559dcd1ca2', '766088b6-7e2f-4fec-9fa7-8c6a17753f79', 'bcad95b5-172c-49dc-9cc4-8cb67e29fcff', 'a2168f32-c611-4c91-94ef-dab48e1bd5b1', '75d1b21e-7b5d-4f3d-81dc-2483ec4df797', '9200', 0, 'c3395019-db38-4361-bef0-71b2c5b6f4f9');
INSERT INTO `template_config` VALUES ('8edc44d6-1013-4d33-a8d9-9578689fe15f', '766088b6-7e2f-4fec-9fa7-8c6a17753f79', 'bcad95b5-172c-49dc-9cc4-8cb67e29fcff', '74070bb1-e941-4b8b-bc12-4e8ed114cb8e', '8583b98b-1b9d-4d5b-b160-6eb2737ffebf', 'realtime-mkt:1925', 0, 'a1459e2a-7ced-4a96-808e-8b544627ecca');
INSERT INTO `template_config` VALUES ('8efa5ef1-7925-4b4b-91d2-470cb8ba8e82', '766088b6-7e2f-4fec-9fa7-8c6a17753f79', 'bcad95b5-172c-49dc-9cc4-8cb67e29fcff', '05a57403-45b7-4a38-ab60-6f6472e2d12f', '1d278bc2-071c-435b-b622-3934f20d197a', '/analysis/socket', 0, NULL);
INSERT INTO `template_config` VALUES ('8f964225-bfb8-4abf-aad0-ae07af75797b', '766088b6-7e2f-4fec-9fa7-8c6a17753f79', 'bcad95b5-172c-49dc-9cc4-8cb67e29fcff', '3495e0f0-400f-415e-bbb5-be53f87032ff', 'ab981397-7222-479f-9f2e-66def896aa14', 'admin', 0, '6af1c86a-7049-480c-b88a-1830f03fa83b');
INSERT INTO `template_config` VALUES ('8fc9fd04-4262-458f-9cb8-eaa657acf2c2', '766088b6-7e2f-4fec-9fa7-8c6a17753f79', 'bcad95b5-172c-49dc-9cc4-8cb67e29fcff', 'a53e2fdb-41fd-49fe-92c4-0dd5ec1384e9', '0cd59d82-901d-49a9-a86c-1ce116a62de3', 'realtime-1:8081', 0, '1db37b3c-74e6-4c0b-8040-c40fa20252f2');
INSERT INTO `template_config` VALUES ('905be65c-ebfb-48f2-9526-01863ea13b6d', '766088b6-7e2f-4fec-9fa7-8c6a17753f79', 'bcad95b5-172c-49dc-9cc4-8cb67e29fcff', '74070bb1-e941-4b8b-bc12-4e8ed114cb8e', 'b4205866-8558-4c3a-90b8-5a85f918c6ec', 'realtime-1', 0, 'cdcd8e0f-bf68-402b-86af-9390750a4c88');
INSERT INTO `template_config` VALUES ('9094063a-ad92-4aed-9ae4-8f40084caba7', '766088b6-7e2f-4fec-9fa7-8c6a17753f79', 'bcad95b5-172c-49dc-9cc4-8cb67e29fcff', 'a53e2fdb-41fd-49fe-92c4-0dd5ec1384e9', 'b107b59f-1a95-422c-9196-086974a50e99', 'Sun_unix*1101', 0, '285dc207-b064-4dc9-8902-fbb574d4fcc4');
INSERT INTO `template_config` VALUES ('90b4b9cd-ae16-4f8d-832d-e2a747cb91a1', '766088b6-7e2f-4fec-9fa7-8c6a17753f79', 'bcad95b5-172c-49dc-9cc4-8cb67e29fcff', 'bcef4e57-ba45-4743-9bbf-599723421a67', '937384cb-13ad-48d4-8194-b174e0e2cd81', 'web', 0, '0eaf1c69-950c-404f-9496-a25de04fedb6');
INSERT INTO `template_config` VALUES ('90b50fcb-f2af-4f21-8883-1d7261c2ee61', '766088b6-7e2f-4fec-9fa7-8c6a17753f79', 'bcad95b5-172c-49dc-9cc4-8cb67e29fcff', 'a53e2fdb-41fd-49fe-92c4-0dd5ec1384e9', 'b1390639-11d4-4ede-828b-3a75fae527b0', 'realtime-1:7715', 0, '56d4d87a-2fc8-420b-9e20-1a6238e8cc9b');
INSERT INTO `template_config` VALUES ('923bcb5d-1d70-4020-84c6-9d24c34c42bb', '766088b6-7e2f-4fec-9fa7-8c6a17753f79', 'bcad95b5-172c-49dc-9cc4-8cb67e29fcff', 'a53e2fdb-41fd-49fe-92c4-0dd5ec1384e9', '5f9cebc4-dc95-48d8-bf9d-77dc6276d905', 'Sun_unix*1101', 0, '285dc207-b064-4dc9-8902-fbb574d4fcc4');
INSERT INTO `template_config` VALUES ('9271f1e9-370f-4eb4-92ee-0f790bfdc605', '766088b6-7e2f-4fec-9fa7-8c6a17753f79', 'bcad95b5-172c-49dc-9cc4-8cb67e29fcff', 'bcef4e57-ba45-4743-9bbf-599723421a67', '3b43a522-f0c3-4dab-8df4-273e73af73e4', 'https://weixin.zhugeio.com', 0, '814350c2-fd5a-48f3-9a0e-42fefcf63335');
INSERT INTO `template_config` VALUES ('928930a4-a03c-4d73-95b4-da0044620aef', '766088b6-7e2f-4fec-9fa7-8c6a17753f79', 'bcad95b5-172c-49dc-9cc4-8cb67e29fcff', '8b861ace-3fa8-4d8d-aaa5-e04f33432b45', '5005348e-ad63-434e-8ba3-a6a991b9ca26', 'zanalytics', 0, 'a994bf93-7923-4e76-9561-9725b9b3eaa2');
INSERT INTO `template_config` VALUES ('929689bf-3356-427f-8b0f-d5e3d9cac889', '766088b6-7e2f-4fec-9fa7-8c6a17753f79', 'bcad95b5-172c-49dc-9cc4-8cb67e29fcff', '69fffb19-0b7e-4e99-94f9-82219f3dedd5', 'cb00e395-8343-4ebd-b966-b986f42e3dce', '26555', 0, NULL);
INSERT INTO `template_config` VALUES ('934e5328-359e-4279-8925-89b05000200a', '766088b6-7e2f-4fec-9fa7-8c6a17753f79', 'bcad95b5-172c-49dc-9cc4-8cb67e29fcff', 'bf6b97d2-ca41-48ec-83b4-948e08d3de2d', 'e88402c2-5202-45c5-9a46-825c51bc71e1', 'zanalytics', 0, 'a994bf93-7923-4e76-9561-9725b9b3eaa2');
INSERT INTO `template_config` VALUES ('93591912-00bb-4610-a99e-044e48a3d336', '766088b6-7e2f-4fec-9fa7-8c6a17753f79', 'bcad95b5-172c-49dc-9cc4-8cb67e29fcff', 'bf6b97d2-ca41-48ec-83b4-948e08d3de2d', '28d6052a-c091-43af-93ec-a6348bc4cb49', 'realtime-2', 0, 'c870ce17-5f87-413b-8cb8-a18f47c33b21');
INSERT INTO `template_config` VALUES ('937bf157-862d-4519-a915-4205296d996a', '766088b6-7e2f-4fec-9fa7-8c6a17753f79', 'bcad95b5-172c-49dc-9cc4-8cb67e29fcff', '3495e0f0-400f-415e-bbb5-be53f87032ff', '8f01474d-4494-447a-847a-f0b0a34a2cb2', 'zanalytics', 0, 'a994bf93-7923-4e76-9561-9725b9b3eaa2');
INSERT INTO `template_config` VALUES ('940f8878-2299-4244-a9c0-6139d9dad4af', '766088b6-7e2f-4fec-9fa7-8c6a17753f79', 'bcad95b5-172c-49dc-9cc4-8cb67e29fcff', '481d44b1-ae39-4846-9f88-fc4b74ef4de0', 'ab338e22-4eda-404b-b838-1ae3e06a2274', 'https://uba.it.pkpm.cn', 0, 'cbd80416-7233-4f33-8244-f7dc2a8d07bd');
INSERT INTO `template_config` VALUES ('947d92f5-b6b2-4f6d-96f5-75dfb2219a4c', '766088b6-7e2f-4fec-9fa7-8c6a17753f79', 'bcad95b5-172c-49dc-9cc4-8cb67e29fcff', '2abee20d-0d51-4def-b00c-0d1b7abbcf38', 'fca30651-fdce-4f82-9956-21450d91229d', 'admin', 0, '6af1c86a-7049-480c-b88a-1830f03fa83b');
INSERT INTO `template_config` VALUES ('959b321f-7678-427f-93b5-ccb6558df079', '766088b6-7e2f-4fec-9fa7-8c6a17753f79', 'bcad95b5-172c-49dc-9cc4-8cb67e29fcff', 'a53e2fdb-41fd-49fe-92c4-0dd5ec1384e9', '22cb74b2-ac8d-4183-bc93-9dc5585485e6', 'realtime-3:9004', 0, '8bd5203d-f063-442e-98b6-3455871f83cd');
INSERT INTO `template_config` VALUES ('9609d9ea-a640-4787-9a05-f83fef34c964', '766088b6-7e2f-4fec-9fa7-8c6a17753f79', 'bcad95b5-172c-49dc-9cc4-8cb67e29fcff', '05a57403-45b7-4a38-ab60-6f6472e2d12f', '9d3b3359-0396-40f5-a3f4-0ee3b73605b8', '0', 0, 'b8982b66-b6de-427b-ac2f-010237c0175b');
INSERT INTO `template_config` VALUES ('97003f8c-b327-4b4e-810b-7b69f7817d74', '766088b6-7e2f-4fec-9fa7-8c6a17753f79', 'bcad95b5-172c-49dc-9cc4-8cb67e29fcff', '3495e0f0-400f-415e-bbb5-be53f87032ff', '37b2aaa5-2669-41b0-a245-60e1e50be971', 'realtime-1', 0, 'cdcd8e0f-bf68-402b-86af-9390750a4c88');
INSERT INTO `template_config` VALUES ('971626f9-ca1f-490f-90ec-3a7e99385b6f', '766088b6-7e2f-4fec-9fa7-8c6a17753f79', 'bcad95b5-172c-49dc-9cc4-8cb67e29fcff', 'bcef4e57-ba45-4743-9bbf-599723421a67', 'eeb5217f-6b86-4022-8b3f-5d2bed0ee747', 'wt-weixin-topic', 0, 'fdbecdfc-8340-4e2b-b081-3e97b4ae7ef5');
INSERT INTO `template_config` VALUES ('9776ad1f-6b44-400d-92a9-4497956006a9', '766088b6-7e2f-4fec-9fa7-8c6a17753f79', 'bcad95b5-172c-49dc-9cc4-8cb67e29fcff', '74070bb1-e941-4b8b-bc12-4e8ed114cb8e', 'c4b3a2d9-ec1a-451e-a636-575bd035472a', 'realtime-1', 0, 'cdcd8e0f-bf68-402b-86af-9390750a4c88');
INSERT INTO `template_config` VALUES ('979e5a50-56f0-443f-9e64-89af35afc53f', '766088b6-7e2f-4fec-9fa7-8c6a17753f79', 'bcad95b5-172c-49dc-9cc4-8cb67e29fcff', '74070bb1-e941-4b8b-bc12-4e8ed114cb8e', '7400aa9b-bd7a-440c-ab43-3b8225c2904f', 'realtime-1', 0, 'cdcd8e0f-bf68-402b-86af-9390750a4c88');
INSERT INTO `template_config` VALUES ('981f31e6-14c0-42d4-bb94-d0c32ac5a9c1', '766088b6-7e2f-4fec-9fa7-8c6a17753f79', 'bcad95b5-172c-49dc-9cc4-8cb67e29fcff', 'a53e2fdb-41fd-49fe-92c4-0dd5ec1384e9', '46ac6839-0e74-4b44-9b45-30c0333dd8e4', 'zanalytics', 0, 'a994bf93-7923-4e76-9561-9725b9b3eaa2');
INSERT INTO `template_config` VALUES ('98df0d4e-2657-439a-9172-1d7a2800509d', '766088b6-7e2f-4fec-9fa7-8c6a17753f79', 'bcad95b5-172c-49dc-9cc4-8cb67e29fcff', '3495e0f0-400f-415e-bbb5-be53f87032ff', '6ab3b7d4-7cf6-4aec-ac93-f9df2e836890', 'realtime-1:7051,realtime-2:7051,realtime-3:7051', 0, '3a55fef5-c140-484d-9a00-182e164b8094');
INSERT INTO `template_config` VALUES ('99066866-da23-4b10-b2cb-a64a38021967', '766088b6-7e2f-4fec-9fa7-8c6a17753f79', 'bcad95b5-172c-49dc-9cc4-8cb67e29fcff', '74070bb1-e941-4b8b-bc12-4e8ed114cb8e', '5815c24e-a624-49e1-863b-744780d27ae7', 'realtime-1', 0, 'cdcd8e0f-bf68-402b-86af-9390750a4c88');
INSERT INTO `template_config` VALUES ('99b1667e-2ad9-4d7c-b87b-8166e27aeed9', '766088b6-7e2f-4fec-9fa7-8c6a17753f79', 'bcad95b5-172c-49dc-9cc4-8cb67e29fcff', '69fffb19-0b7e-4e99-94f9-82219f3dedd5', 'a6a55d84-3853-4a4c-8c3f-829ed2cc822a', '9200', 0, 'c3395019-db38-4361-bef0-71b2c5b6f4f9');
INSERT INTO `template_config` VALUES ('9a7801a5-a34f-44aa-a981-5b89e703ef7f', '766088b6-7e2f-4fec-9fa7-8c6a17753f79', 'bcad95b5-172c-49dc-9cc4-8cb67e29fcff', 'bcef4e57-ba45-4743-9bbf-599723421a67', 'c291bc52-40c8-4e95-935f-c5a8a96ed737', 'realtime-1', 0, 'cdcd8e0f-bf68-402b-86af-9390750a4c88');
INSERT INTO `template_config` VALUES ('9ac20f0b-7418-4756-ab5f-07086de6c1b6', '766088b6-7e2f-4fec-9fa7-8c6a17753f79', 'bcad95b5-172c-49dc-9cc4-8cb67e29fcff', '3495e0f0-400f-415e-bbb5-be53f87032ff', '4ac0ab23-8197-437f-8722-d35f63fd0003', 'realtime-1:7051,realtime-2:7051,realtime-3:7051', 0, '3a55fef5-c140-484d-9a00-182e164b8094');
INSERT INTO `template_config` VALUES ('9b141348-2603-403c-9f2e-a6458ac228ea', '766088b6-7e2f-4fec-9fa7-8c6a17753f79', 'bcad95b5-172c-49dc-9cc4-8cb67e29fcff', '74070bb1-e941-4b8b-bc12-4e8ed114cb8e', '02e8972c-f2ca-4455-9183-c3d2fba233e7', 'admin', 0, '6af1c86a-7049-480c-b88a-1830f03fa83b');
INSERT INTO `template_config` VALUES ('9b5c26ac-747f-4955-bb0e-a2b842600fe9', '766088b6-7e2f-4fec-9fa7-8c6a17753f79', 'bcad95b5-172c-49dc-9cc4-8cb67e29fcff', 'bcef4e57-ba45-4743-9bbf-599723421a67', '923398d4-380b-41ee-bb45-666287698cd1', '3306', 0, '5bc40f77-7954-4231-bf9c-b04947b39b9d');
INSERT INTO `template_config` VALUES ('9bca0c73-1516-4d61-b3a5-adeb89033f7f', '766088b6-7e2f-4fec-9fa7-8c6a17753f79', 'bcad95b5-172c-49dc-9cc4-8cb67e29fcff', '69fffb19-0b7e-4e99-94f9-82219f3dedd5', 'c4cce0a9-6a36-4ac6-ae8f-b28ff31c13b0', 'realtime-2', 0, 'c870ce17-5f87-413b-8cb8-a18f47c33b21');
INSERT INTO `template_config` VALUES ('9bfb0f06-6d89-4cd2-bd4e-62c7944eb293', '766088b6-7e2f-4fec-9fa7-8c6a17753f79', 'bcad95b5-172c-49dc-9cc4-8cb67e29fcff', 'a53e2fdb-41fd-49fe-92c4-0dd5ec1384e9', '3e878973-abd1-47e4-86e5-4d5dc8e56d67', 'realtime-1:9003', 0, '8be1c9e0-6260-43cb-9eae-3ce6ba101b97');
INSERT INTO `template_config` VALUES ('9ca2ba1c-ccaf-41b7-baa8-b434752822cb', '766088b6-7e2f-4fec-9fa7-8c6a17753f79', 'bcad95b5-172c-49dc-9cc4-8cb67e29fcff', 'a53e2fdb-41fd-49fe-92c4-0dd5ec1384e9', 'c5e5d38e-9e5d-4f16-aa77-34d0292e92ef', 'realtime-1:8800', 0, 'c5603ca6-1d13-4e46-9ffd-606b2efcee28');
INSERT INTO `template_config` VALUES ('9d284fd6-3913-473c-887b-55e21477b21a', '766088b6-7e2f-4fec-9fa7-8c6a17753f79', 'bcad95b5-172c-49dc-9cc4-8cb67e29fcff', '3495e0f0-400f-415e-bbb5-be53f87032ff', '966de486-99e4-4d3a-bf3d-fc33e8267fb6', 'realtime-2', 0, 'c870ce17-5f87-413b-8cb8-a18f47c33b21');
INSERT INTO `template_config` VALUES ('9d7bc6d9-729a-4a56-9312-fc89f83644c1', '766088b6-7e2f-4fec-9fa7-8c6a17753f79', 'bcad95b5-172c-49dc-9cc4-8cb67e29fcff', '3495e0f0-400f-415e-bbb5-be53f87032ff', '028cb395-e6fd-47c2-b499-1fb4cc31e0b5', 'web', 0, '0eaf1c69-950c-404f-9496-a25de04fedb6');
INSERT INTO `template_config` VALUES ('9dc1d785-732d-42a2-b96d-b208c24e6f58', '766088b6-7e2f-4fec-9fa7-8c6a17753f79', 'bcad95b5-172c-49dc-9cc4-8cb67e29fcff', '74070bb1-e941-4b8b-bc12-4e8ed114cb8e', 'bea3deb7-e26a-478f-a8a2-0b53edd10e95', 'zanalytics', 0, 'a994bf93-7923-4e76-9561-9725b9b3eaa2');
INSERT INTO `template_config` VALUES ('9df7c843-d14a-4269-b2f6-11f436e801d9', '766088b6-7e2f-4fec-9fa7-8c6a17753f79', 'bcad95b5-172c-49dc-9cc4-8cb67e29fcff', '3495e0f0-400f-415e-bbb5-be53f87032ff', '77f684be-0ee2-483c-af38-7e7e76972c48', 'realtime-1', 0, 'cdcd8e0f-bf68-402b-86af-9390750a4c88');
INSERT INTO `template_config` VALUES ('9e349008-246d-43b0-8019-3216593c5b39', '766088b6-7e2f-4fec-9fa7-8c6a17753f79', 'bcad95b5-172c-49dc-9cc4-8cb67e29fcff', '74070bb1-e941-4b8b-bc12-4e8ed114cb8e', '9803b9e3-897d-4422-aafd-a6308cd4f8c2', 'realtime-1:9092,realtime-2:9092,realtime-3:9092', 0, '9bc57dc5-5fe0-4d5c-a90e-94b43c72e5fe');
INSERT INTO `template_config` VALUES ('9f2a0fb6-5bcd-4b86-8513-37e8eebddc59', '766088b6-7e2f-4fec-9fa7-8c6a17753f79', 'bcad95b5-172c-49dc-9cc4-8cb67e29fcff', 'bf6b97d2-ca41-48ec-83b4-948e08d3de2d', '208331e0-4552-42e8-99e4-1f625ba6f0b4', 'Sun_unix*1101', 0, '285dc207-b064-4dc9-8902-fbb574d4fcc4');
INSERT INTO `template_config` VALUES ('9f76181c-e108-4f86-aaab-2d6b0766b0c0', '766088b6-7e2f-4fec-9fa7-8c6a17753f79', 'bcad95b5-172c-49dc-9cc4-8cb67e29fcff', 'bcef4e57-ba45-4743-9bbf-599723421a67', '52221964-9163-4ec6-9ef5-56cc99220839', '26480', 0, 'd84ee80d-a6e8-4872-aa1f-29d37a572ead');
INSERT INTO `template_config` VALUES ('9fd09145-1460-4d5b-88d1-707b7c1171b5', '766088b6-7e2f-4fec-9fa7-8c6a17753f79', 'bcad95b5-172c-49dc-9cc4-8cb67e29fcff', 'a53e2fdb-41fd-49fe-92c4-0dd5ec1384e9', '8386fbd8-ef98-4866-a3a2-739303ba6d07', 'realtime-1:8081', 0, '1db37b3c-74e6-4c0b-8040-c40fa20252f2');
INSERT INTO `template_config` VALUES ('a0801510-00a3-4369-8d0d-43700c6ee1dd', '766088b6-7e2f-4fec-9fa7-8c6a17753f79', 'bcad95b5-172c-49dc-9cc4-8cb67e29fcff', '69fffb19-0b7e-4e99-94f9-82219f3dedd5', '8e9556bb-5012-445b-9798-e9bcb5c2a589', 'realtime-1', 0, 'cdcd8e0f-bf68-402b-86af-9390750a4c88');
INSERT INTO `template_config` VALUES ('a09aaf2d-38b0-47e6-bb37-b27ccdb0ab14', '766088b6-7e2f-4fec-9fa7-8c6a17753f79', 'bcad95b5-172c-49dc-9cc4-8cb67e29fcff', '92ce15ea-344c-42d1-aaca-d612ad061e1e', 'e9fc75f4-2ef6-4582-84cd-8ac5fa1325c5', 'realtime-1:80', 0, '3f01f552-ffd2-4105-8035-73c14cc63736');
INSERT INTO `template_config` VALUES ('a0a2d08e-3364-4ba1-b81f-ab9da949c995', '766088b6-7e2f-4fec-9fa7-8c6a17753f79', 'bcad95b5-172c-49dc-9cc4-8cb67e29fcff', '74070bb1-e941-4b8b-bc12-4e8ed114cb8e', '4d326667-7f27-4f18-8e53-a735e09db4ac', 'realtime-1:7051,realtime-2:7051,realtime-3:7051', 0, '3a55fef5-c140-484d-9a00-182e164b8094');
INSERT INTO `template_config` VALUES ('a0ca5f0e-3bb3-4134-8ddb-37edce934b48', '766088b6-7e2f-4fec-9fa7-8c6a17753f79', 'bcad95b5-172c-49dc-9cc4-8cb67e29fcff', 'a53e2fdb-41fd-49fe-92c4-0dd5ec1384e9', '3d43f4fd-1e0b-41b1-8d01-8204b503af7d', 'realtime-1', 0, 'cdcd8e0f-bf68-402b-86af-9390750a4c88');
INSERT INTO `template_config` VALUES ('a0df387f-0d0f-4a28-a239-f4d524ed9c40', '766088b6-7e2f-4fec-9fa7-8c6a17753f79', 'bcad95b5-172c-49dc-9cc4-8cb67e29fcff', '2abee20d-0d51-4def-b00c-0d1b7abbcf38', 'f028e6a1-22c2-4533-acc9-2decc7334a9e', 'zanalytics', 0, 'a994bf93-7923-4e76-9561-9725b9b3eaa2');
INSERT INTO `template_config` VALUES ('a0fafc95-90d0-4eed-ae32-caaac14cc748', '766088b6-7e2f-4fec-9fa7-8c6a17753f79', 'bcad95b5-172c-49dc-9cc4-8cb67e29fcff', 'a53e2fdb-41fd-49fe-92c4-0dd5ec1384e9', 'cdbe8089-607a-4644-befc-2f78808b0707', 'realtime-2:18001', 0, 'b7874f6a-fea2-4b0c-8e05-f05bf6104996');
INSERT INTO `template_config` VALUES ('a18579d8-c1ba-47ce-b384-8cbffff10a8e', '766088b6-7e2f-4fec-9fa7-8c6a17753f79', 'bcad95b5-172c-49dc-9cc4-8cb67e29fcff', 'a53e2fdb-41fd-49fe-92c4-0dd5ec1384e9', '7cafb698-679b-482c-bc72-1e293dbe3ce8', 'Sun_unix*1101', 0, '285dc207-b064-4dc9-8902-fbb574d4fcc4');
INSERT INTO `template_config` VALUES ('a1b1f58a-4c3e-45ef-b1f8-5155805631cb', '766088b6-7e2f-4fec-9fa7-8c6a17753f79', 'bcad95b5-172c-49dc-9cc4-8cb67e29fcff', '74070bb1-e941-4b8b-bc12-4e8ed114cb8e', 'a125268f-42dc-4fce-a1ca-fc64f0ad403d', 'realtime-1:9092,realtime-2:9092,realtime-3:9092', 0, '9bc57dc5-5fe0-4d5c-a90e-94b43c72e5fe');
INSERT INTO `template_config` VALUES ('a240457d-d9ae-4c6b-b1fd-dc6bcdb9fb9b', '766088b6-7e2f-4fec-9fa7-8c6a17753f79', 'bcad95b5-172c-49dc-9cc4-8cb67e29fcff', 'bf6b97d2-ca41-48ec-83b4-948e08d3de2d', 'ceaac175-e187-4b73-8811-ee2c6d0a0e5c', 'realtime-1', 0, 'cdcd8e0f-bf68-402b-86af-9390750a4c88');
INSERT INTO `template_config` VALUES ('a2dc8fe8-0c44-47db-8639-7d628fe08d65', '766088b6-7e2f-4fec-9fa7-8c6a17753f79', 'bcad95b5-172c-49dc-9cc4-8cb67e29fcff', '05a57403-45b7-4a38-ab60-6f6472e2d12f', 'dc887c34-4b3e-467e-bebd-fddeced6e0bd', 'https://uba.it.pkpm.cn', 0, 'cbd80416-7233-4f33-8244-f7dc2a8d07bd');
INSERT INTO `template_config` VALUES ('a34b0386-cfff-4a93-8125-89906f7600ea', '766088b6-7e2f-4fec-9fa7-8c6a17753f79', 'bcad95b5-172c-49dc-9cc4-8cb67e29fcff', 'a53e2fdb-41fd-49fe-92c4-0dd5ec1384e9', 'e8e093ee-f56c-4f70-a018-391bb36cfdfd', 'realtime-1:16688', 0, '0222f2f3-d35e-41be-aec7-6848e40ab1e1');
INSERT INTO `template_config` VALUES ('a3ba475c-0122-416b-ba16-833e4c63160e', '766088b6-7e2f-4fec-9fa7-8c6a17753f79', 'bcad95b5-172c-49dc-9cc4-8cb67e29fcff', '3495e0f0-400f-415e-bbb5-be53f87032ff', '0c028a34-619c-427c-958d-46376ffe10ed', 'admin', 0, '6af1c86a-7049-480c-b88a-1830f03fa83b');
INSERT INTO `template_config` VALUES ('a3ed1b8e-78b2-4fb7-abdb-d541c73124c7', '766088b6-7e2f-4fec-9fa7-8c6a17753f79', 'bcad95b5-172c-49dc-9cc4-8cb67e29fcff', '3495e0f0-400f-415e-bbb5-be53f87032ff', 'c44ed41d-dfdd-42f9-94ed-beb967231ac4', NULL, 0, NULL);
INSERT INTO `template_config` VALUES ('a47ebe9b-fff1-466c-bb2f-dbb4cde92c7a', '766088b6-7e2f-4fec-9fa7-8c6a17753f79', 'bcad95b5-172c-49dc-9cc4-8cb67e29fcff', 'a53e2fdb-41fd-49fe-92c4-0dd5ec1384e9', '8fef4f7d-9a8b-4ce4-92e8-1370e0b3d4d3', 'zanalytics', 0, 'a994bf93-7923-4e76-9561-9725b9b3eaa2');
INSERT INTO `template_config` VALUES ('a626fc68-7235-4e6d-8cb4-6ca71d35793c', '766088b6-7e2f-4fec-9fa7-8c6a17753f79', 'bcad95b5-172c-49dc-9cc4-8cb67e29fcff', '3495e0f0-400f-415e-bbb5-be53f87032ff', '1f45be06-7c0a-45c6-86f5-7c02fc9d5003', 'realtime-1', 0, 'cdcd8e0f-bf68-402b-86af-9390750a4c88');
INSERT INTO `template_config` VALUES ('a6724626-e842-46ba-b0ba-ffc7196384dc', '766088b6-7e2f-4fec-9fa7-8c6a17753f79', 'bcad95b5-172c-49dc-9cc4-8cb67e29fcff', 'a53e2fdb-41fd-49fe-92c4-0dd5ec1384e9', 'c16167cc-0a77-46b9-bcbf-467e4b784cf9', 'zanalytics', 0, 'a994bf93-7923-4e76-9561-9725b9b3eaa2');
INSERT INTO `template_config` VALUES ('a7025f51-d82b-422a-ac61-d6021151b619', '766088b6-7e2f-4fec-9fa7-8c6a17753f79', 'bcad95b5-172c-49dc-9cc4-8cb67e29fcff', '3495e0f0-400f-415e-bbb5-be53f87032ff', 'c4f5b365-6ba1-4ad2-a61b-31748523b15d', 'Sun_unix*1101', 0, '285dc207-b064-4dc9-8902-fbb574d4fcc4');
INSERT INTO `template_config` VALUES ('a79eb57b-5a94-4b7b-aa97-a65f999e1f4e', '766088b6-7e2f-4fec-9fa7-8c6a17753f79', 'bcad95b5-172c-49dc-9cc4-8cb67e29fcff', '3495e0f0-400f-415e-bbb5-be53f87032ff', '9418a1f2-73c2-40d9-91d8-14749c1f7a1b', 'realtime-1', 0, 'cdcd8e0f-bf68-402b-86af-9390750a4c88');
INSERT INTO `template_config` VALUES ('a7fb0054-6c50-4d9b-8efd-5bb79cdaad77', '766088b6-7e2f-4fec-9fa7-8c6a17753f79', 'bcad95b5-172c-49dc-9cc4-8cb67e29fcff', '3495e0f0-400f-415e-bbb5-be53f87032ff', 'd292ba82-f044-4561-aa72-b05d1a88f9b4', '1217', 0, NULL);
INSERT INTO `template_config` VALUES ('a80354c1-adfa-47ea-9ac3-9ea967876573', '766088b6-7e2f-4fec-9fa7-8c6a17753f79', 'bcad95b5-172c-49dc-9cc4-8cb67e29fcff', 'a53e2fdb-41fd-49fe-92c4-0dd5ec1384e9', '2efc5d5e-4e6d-4a18-8c3c-cfc137d1fb15', 'realtime-3:9004', 0, '8bd5203d-f063-442e-98b6-3455871f83cd');
INSERT INTO `template_config` VALUES ('a820a5fd-fb65-41e9-b1c7-d79f85311765', '766088b6-7e2f-4fec-9fa7-8c6a17753f79', 'bcad95b5-172c-49dc-9cc4-8cb67e29fcff', '74070bb1-e941-4b8b-bc12-4e8ed114cb8e', 'f9ea48ae-c778-409b-9cb5-7af2b0050290', 'zanalytics', 0, 'a994bf93-7923-4e76-9561-9725b9b3eaa2');
INSERT INTO `template_config` VALUES ('a858da05-035b-4fae-b112-3e3505c1f9b0', '766088b6-7e2f-4fec-9fa7-8c6a17753f79', 'bcad95b5-172c-49dc-9cc4-8cb67e29fcff', 'a53e2fdb-41fd-49fe-92c4-0dd5ec1384e9', '7109bb3d-79e7-423b-b10d-44a5f95b89a3', 'realtime-1', 0, 'cdcd8e0f-bf68-402b-86af-9390750a4c88');
INSERT INTO `template_config` VALUES ('a9f14478-8f0d-4367-8e09-f5d356770233', '766088b6-7e2f-4fec-9fa7-8c6a17753f79', 'bcad95b5-172c-49dc-9cc4-8cb67e29fcff', '74070bb1-e941-4b8b-bc12-4e8ed114cb8e', '7bb37f4c-d90e-4e51-9b9b-d6562f88ef32', '3306', 0, '5bc40f77-7954-4231-bf9c-b04947b39b9d');
INSERT INTO `template_config` VALUES ('aa3f9830-8e6f-4b67-b061-ef5544f89f2d', '766088b6-7e2f-4fec-9fa7-8c6a17753f79', 'bcad95b5-172c-49dc-9cc4-8cb67e29fcff', '8b861ace-3fa8-4d8d-aaa5-e04f33432b45', '44fda192-ea2b-4d24-aa63-10f8df764f5f', 'realtime-1:9092,realtime-2:9092,realtime-3:9092', 0, '9bc57dc5-5fe0-4d5c-a90e-94b43c72e5fe');
INSERT INTO `template_config` VALUES ('aa536699-d448-4ff5-8cad-fad6674c8498', '766088b6-7e2f-4fec-9fa7-8c6a17753f79', 'bcad95b5-172c-49dc-9cc4-8cb67e29fcff', '3495e0f0-400f-415e-bbb5-be53f87032ff', 'c232fe5b-d86c-4442-8028-d949068fa3aa', 'realtime-1:9092,realtime-2:9092,realtime-3:9092', 0, '9bc57dc5-5fe0-4d5c-a90e-94b43c72e5fe');
INSERT INTO `template_config` VALUES ('aa7a9937-7559-431c-bbe8-07b4f49206f7', '766088b6-7e2f-4fec-9fa7-8c6a17753f79', 'bcad95b5-172c-49dc-9cc4-8cb67e29fcff', 'bcef4e57-ba45-4743-9bbf-599723421a67', '43ae231d-9635-4fbe-a34b-5b52f60d03e8', 'realtime-1:80', 0, '3f01f552-ffd2-4105-8035-73c14cc63736');
INSERT INTO `template_config` VALUES ('aaf95847-abec-47f3-a22d-9038f4766148', '766088b6-7e2f-4fec-9fa7-8c6a17753f79', 'bcad95b5-172c-49dc-9cc4-8cb67e29fcff', '836280f1-e35b-4089-acaf-8708b542ab58', '6df14de4-da5a-4cbf-953a-62547325df4e', '7', 0, NULL);
INSERT INTO `template_config` VALUES ('ab992b9c-bdbc-4caf-8ab7-fc1ab7ece0f0', '766088b6-7e2f-4fec-9fa7-8c6a17753f79', 'bcad95b5-172c-49dc-9cc4-8cb67e29fcff', '3495e0f0-400f-415e-bbb5-be53f87032ff', 'd512f81d-bb6e-46c9-a063-9dea64ffb3ec', 'http://realtime-1:8008', 0, NULL);
INSERT INTO `template_config` VALUES ('ac9e2922-1bb1-424e-89eb-da895f7b9827', '766088b6-7e2f-4fec-9fa7-8c6a17753f79', 'bcad95b5-172c-49dc-9cc4-8cb67e29fcff', '3495e0f0-400f-415e-bbb5-be53f87032ff', '6bb0ba1d-027a-41c7-a8cd-1df999fc90d8', NULL, 0, NULL);
INSERT INTO `template_config` VALUES ('ae7e4429-0df7-47c2-823f-5467675fd4f6', '766088b6-7e2f-4fec-9fa7-8c6a17753f79', 'bcad95b5-172c-49dc-9cc4-8cb67e29fcff', '05a57403-45b7-4a38-ab60-6f6472e2d12f', 'c1e46366-47f7-45f1-ba7b-bb086ae476ef', 'false', 0, '693772c3-5ca2-41e8-9a2e-0be57dd529fd');
INSERT INTO `template_config` VALUES ('aec809ec-5d22-42b5-9728-3095dd2a0adb', '766088b6-7e2f-4fec-9fa7-8c6a17753f79', 'bcad95b5-172c-49dc-9cc4-8cb67e29fcff', '3495e0f0-400f-415e-bbb5-be53f87032ff', '6d4f6d64-b781-4bff-846d-2f84e2fff61c', 'realtime-2', 0, 'c870ce17-5f87-413b-8cb8-a18f47c33b21');
INSERT INTO `template_config` VALUES ('af7f6d49-da9b-406e-b856-65cbb396bfc2', '766088b6-7e2f-4fec-9fa7-8c6a17753f79', 'bcad95b5-172c-49dc-9cc4-8cb67e29fcff', '3495e0f0-400f-415e-bbb5-be53f87032ff', '996231de-95be-43ca-887b-4b0b97bd3c17', '21050', 0, 'f4b8e42a-9612-41f9-9140-71a83c6887eb');
INSERT INTO `template_config` VALUES ('b057fe85-ece2-41d6-92cf-99261839cf15', '766088b6-7e2f-4fec-9fa7-8c6a17753f79', 'bcad95b5-172c-49dc-9cc4-8cb67e29fcff', 'a53e2fdb-41fd-49fe-92c4-0dd5ec1384e9', '51b6e202-2564-4f92-abd5-6a83fadb5486', 'realtime-1:9003', 0, '8be1c9e0-6260-43cb-9eae-3ce6ba101b97');
INSERT INTO `template_config` VALUES ('b113928d-ed51-49ef-aafc-e0f3b79034db', '766088b6-7e2f-4fec-9fa7-8c6a17753f79', 'bcad95b5-172c-49dc-9cc4-8cb67e29fcff', '05a57403-45b7-4a38-ab60-6f6472e2d12f', '0682bdcb-e149-4f33-8a17-92a1fb4f1838', 'zhugeio', 0, NULL);
INSERT INTO `template_config` VALUES ('b15def24-f264-4184-81a3-fae1d711a419', '766088b6-7e2f-4fec-9fa7-8c6a17753f79', 'bcad95b5-172c-49dc-9cc4-8cb67e29fcff', 'a2168f32-c611-4c91-94ef-dab48e1bd5b1', '9d01f9f5-3a2d-4d6b-8c00-8170e87734c0', 'realtime-2', 0, 'c870ce17-5f87-413b-8cb8-a18f47c33b21');
INSERT INTO `template_config` VALUES ('b16bccd0-149d-49d5-94e8-d02479e3f5b3', '766088b6-7e2f-4fec-9fa7-8c6a17753f79', 'bcad95b5-172c-49dc-9cc4-8cb67e29fcff', '69fffb19-0b7e-4e99-94f9-82219f3dedd5', '1ea46c12-e93d-41df-b380-263074c479c6', 'realtime-2', 0, 'c870ce17-5f87-413b-8cb8-a18f47c33b21');
INSERT INTO `template_config` VALUES ('b21663ee-2eef-4add-bf05-201e159ae013', '766088b6-7e2f-4fec-9fa7-8c6a17753f79', 'bcad95b5-172c-49dc-9cc4-8cb67e29fcff', '05a57403-45b7-4a38-ab60-6f6472e2d12f', 'e8621a98-a4d0-4620-812b-2d0908acc7dd', 'Zhuge', 0, NULL);
INSERT INTO `template_config` VALUES ('b2d6df79-19ba-4b75-b3b0-5871a812f1cb', '766088b6-7e2f-4fec-9fa7-8c6a17753f79', 'bcad95b5-172c-49dc-9cc4-8cb67e29fcff', '05a57403-45b7-4a38-ab60-6f6472e2d12f', 'c17c7d34-a1b1-44c1-bd4b-ec976234e464', '/analysis/api', 0, NULL);
INSERT INTO `template_config` VALUES ('b34ed442-0f70-40b4-a49f-890b25ebdd2c', '766088b6-7e2f-4fec-9fa7-8c6a17753f79', 'bcad95b5-172c-49dc-9cc4-8cb67e29fcff', 'a53e2fdb-41fd-49fe-92c4-0dd5ec1384e9', 'e37826fe-3e7b-42ed-bcbd-afffca581bf3', '8888', 0, '649fca8c-58ba-4a2e-91ae-c753ab0ac74e');
INSERT INTO `template_config` VALUES ('b3958871-058b-489d-ba57-31cec62adcaf', '766088b6-7e2f-4fec-9fa7-8c6a17753f79', 'bcad95b5-172c-49dc-9cc4-8cb67e29fcff', '84e04c9c-8f19-4aff-bac0-024289a5682d', '31d364f1-8701-4e4a-b769-ccc801881885', 'zanalytics', 0, 'a994bf93-7923-4e76-9561-9725b9b3eaa2');
INSERT INTO `template_config` VALUES ('b43da959-7b41-4e3b-b786-84d85a8c9496', '766088b6-7e2f-4fec-9fa7-8c6a17753f79', 'bcad95b5-172c-49dc-9cc4-8cb67e29fcff', '74070bb1-e941-4b8b-bc12-4e8ed114cb8e', '06b4a613-e80f-44ad-8f2a-2a210e4e6b74', 'realtime-mkt:1922', 0, 'f1b86c81-dbd5-456e-8cca-30312fd1a14f');
INSERT INTO `template_config` VALUES ('b47b7391-a183-4c33-bb9b-a5e226db950e', '766088b6-7e2f-4fec-9fa7-8c6a17753f79', 'bcad95b5-172c-49dc-9cc4-8cb67e29fcff', '3495e0f0-400f-415e-bbb5-be53f87032ff', '246b67a2-92f6-4c93-8539-e94609ecdf62', '8892', 0, 'e8876432-32e5-4abc-b503-3bee10d03470');
INSERT INTO `template_config` VALUES ('b54893f3-34a8-4f46-9c2b-a7892f2bed6d', '766088b6-7e2f-4fec-9fa7-8c6a17753f79', 'bcad95b5-172c-49dc-9cc4-8cb67e29fcff', '3495e0f0-400f-415e-bbb5-be53f87032ff', '4bc2a154-4032-4ab8-b6fd-4224b9bd6b88', 'realtime-2', 0, 'c870ce17-5f87-413b-8cb8-a18f47c33b21');
INSERT INTO `template_config` VALUES ('b57ad9ac-9635-4322-9aa0-908431786b12', '766088b6-7e2f-4fec-9fa7-8c6a17753f79', 'bcad95b5-172c-49dc-9cc4-8cb67e29fcff', '3495e0f0-400f-415e-bbb5-be53f87032ff', 'ab53bdc5-8152-4936-bc50-a365ff080753', NULL, 0, NULL);
INSERT INTO `template_config` VALUES ('b66cdab9-2569-4002-adf3-a08fed999be0', '766088b6-7e2f-4fec-9fa7-8c6a17753f79', 'bcad95b5-172c-49dc-9cc4-8cb67e29fcff', 'a53e2fdb-41fd-49fe-92c4-0dd5ec1384e9', 'ce839ab7-fa56-4458-8c69-ce9e2fe80e59', 'realtime-mkt:18001', 0, '1dc3ce16-5593-4d5a-b8fb-3939274055f6');
INSERT INTO `template_config` VALUES ('b67ca294-fc58-447d-9bcc-44a11fac9366', '766088b6-7e2f-4fec-9fa7-8c6a17753f79', 'bcad95b5-172c-49dc-9cc4-8cb67e29fcff', '3495e0f0-400f-415e-bbb5-be53f87032ff', 'afedf39f-dd8f-45d6-b457-aa108b9defda', NULL, 0, NULL);
INSERT INTO `template_config` VALUES ('b70ea605-3c0e-4a59-a4c7-15e8a21c27bc', '766088b6-7e2f-4fec-9fa7-8c6a17753f79', 'bcad95b5-172c-49dc-9cc4-8cb67e29fcff', 'a2168f32-c611-4c91-94ef-dab48e1bd5b1', '9619cf27-e760-443e-967f-a8c304910546', NULL, 0, NULL);
INSERT INTO `template_config` VALUES ('b8060af1-d0b4-4656-948e-f138b8188f03', '766088b6-7e2f-4fec-9fa7-8c6a17753f79', 'bcad95b5-172c-49dc-9cc4-8cb67e29fcff', 'a64d448e-636e-4bf0-97dc-50ffe3e44b2a', '22229caf-d927-494c-b6dc-ad71292f0287', 'shiping', 0, NULL);
INSERT INTO `template_config` VALUES ('b82e1b3e-dba4-491c-b493-1295ef1a3910', '766088b6-7e2f-4fec-9fa7-8c6a17753f79', 'bcad95b5-172c-49dc-9cc4-8cb67e29fcff', '7fd32532-56d8-455e-8690-87b53c1992e3', '56ca5465-6339-476c-80f8-539151e2c5b5', 'true', 0, 'a0c7a06a-9579-4a96-97ae-b5e911b4e001');
INSERT INTO `template_config` VALUES ('b8b1451d-7a11-4772-9286-391d01ce0223', '766088b6-7e2f-4fec-9fa7-8c6a17753f79', 'bcad95b5-172c-49dc-9cc4-8cb67e29fcff', '463fc385-dcf9-4e24-bf79-87edb82971b4', 'e07183bc-d403-49a9-ba13-1e7437af60a9', 'realtime-1:80', 0, '3f01f552-ffd2-4105-8035-73c14cc63736');
INSERT INTO `template_config` VALUES ('b94a602c-ca4b-4544-987e-83d76e7cb8c3', '766088b6-7e2f-4fec-9fa7-8c6a17753f79', 'bcad95b5-172c-49dc-9cc4-8cb67e29fcff', '74070bb1-e941-4b8b-bc12-4e8ed114cb8e', 'fa975190-34cd-4819-9258-9d77c54b7354', 'realtime-1:9092,realtime-2:9092,realtime-3:9092', 0, '9bc57dc5-5fe0-4d5c-a90e-94b43c72e5fe');
INSERT INTO `template_config` VALUES ('b99d5b9b-03d6-4ed7-9a5c-e6a1e3748919', '766088b6-7e2f-4fec-9fa7-8c6a17753f79', 'bcad95b5-172c-49dc-9cc4-8cb67e29fcff', 'a53e2fdb-41fd-49fe-92c4-0dd5ec1384e9', '0dfa8736-4d3c-466e-b38a-698de7e163dd', 'realtime-3:18001', 0, 'ace704c1-56cb-46ff-91ad-755121ca0df7');
INSERT INTO `template_config` VALUES ('ba0d791e-058a-4810-a0fc-1e71205c52ef', '766088b6-7e2f-4fec-9fa7-8c6a17753f79', 'bcad95b5-172c-49dc-9cc4-8cb67e29fcff', 'bf6b97d2-ca41-48ec-83b4-948e08d3de2d', 'f1a75cb0-e57b-45ad-91ed-515fa6a2c531', 'realtime-3', 0, 'e892b85e-7a63-4c4d-aaba-452405df919c');
INSERT INTO `template_config` VALUES ('bc164613-9d71-4522-8e28-2330cd73e2b2', '766088b6-7e2f-4fec-9fa7-8c6a17753f79', 'bcad95b5-172c-49dc-9cc4-8cb67e29fcff', '3495e0f0-400f-415e-bbb5-be53f87032ff', '2c002d2c-8696-4a19-9ae6-2102faa23cfc', 'realtime-1:9092,realtime-2:9092,realtime-3:9092', 0, '9bc57dc5-5fe0-4d5c-a90e-94b43c72e5fe');
INSERT INTO `template_config` VALUES ('bc9a03a5-8cc5-4a2b-8e58-01992bb61774', '766088b6-7e2f-4fec-9fa7-8c6a17753f79', 'bcad95b5-172c-49dc-9cc4-8cb67e29fcff', '836280f1-e35b-4089-acaf-8708b542ab58', 'dff3df3f-8700-4f08-91d6-09bcf1b0a7a4', 'realtime-1', 0, 'cdcd8e0f-bf68-402b-86af-9390750a4c88');
INSERT INTO `template_config` VALUES ('be3ebc52-3d8c-4bff-921b-9021ded17768', '766088b6-7e2f-4fec-9fa7-8c6a17753f79', 'bcad95b5-172c-49dc-9cc4-8cb67e29fcff', '3495e0f0-400f-415e-bbb5-be53f87032ff', '50c8e44c-1b30-49b5-99e8-6f052332e2a9', 'admin', 0, '6af1c86a-7049-480c-b88a-1830f03fa83b');
INSERT INTO `template_config` VALUES ('be5da31b-4970-4dcf-a1d6-d89b67949c42', '766088b6-7e2f-4fec-9fa7-8c6a17753f79', 'bcad95b5-172c-49dc-9cc4-8cb67e29fcff', '74070bb1-e941-4b8b-bc12-4e8ed114cb8e', '16378944-6c2d-4da7-8eb3-15b5c52abca5', 'admin', 0, '6af1c86a-7049-480c-b88a-1830f03fa83b');
INSERT INTO `template_config` VALUES ('c0e8dad2-3f08-40c8-8c8b-2b2acdd1b8e3', '766088b6-7e2f-4fec-9fa7-8c6a17753f79', 'bcad95b5-172c-49dc-9cc4-8cb67e29fcff', 'bf6b97d2-ca41-48ec-83b4-948e08d3de2d', '75b37cf2-3f8b-4b6a-b867-d7b852ef582a', '1218', 0, NULL);
INSERT INTO `template_config` VALUES ('c19cbe70-48e7-4df9-bedf-ed8f81fdd191', '766088b6-7e2f-4fec-9fa7-8c6a17753f79', 'bcad95b5-172c-49dc-9cc4-8cb67e29fcff', 'a53e2fdb-41fd-49fe-92c4-0dd5ec1384e9', '261936a3-1524-4166-a204-0723e2984eeb', 'Sun_unix*1101', 0, '285dc207-b064-4dc9-8902-fbb574d4fcc4');
INSERT INTO `template_config` VALUES ('c1acaeeb-89e3-4826-a8c7-41e641726900', '766088b6-7e2f-4fec-9fa7-8c6a17753f79', 'bcad95b5-172c-49dc-9cc4-8cb67e29fcff', 'a53e2fdb-41fd-49fe-92c4-0dd5ec1384e9', 'fc58879d-fd08-4332-9b3d-9501670929b4', 'realtime-2:7713', 0, NULL);
INSERT INTO `template_config` VALUES ('c294c5aa-40f0-4d11-81ca-0791d74b48ae', '766088b6-7e2f-4fec-9fa7-8c6a17753f79', 'bcad95b5-172c-49dc-9cc4-8cb67e29fcff', 'a53e2fdb-41fd-49fe-92c4-0dd5ec1384e9', '6fac6a71-b1c4-474f-8826-527f0cd3f5b6', 'realtime-1:8080', 0, 'c3a0ac8d-4646-4034-9faf-9b56c1ec9151');
INSERT INTO `template_config` VALUES ('c2e74856-eeda-4d75-ae06-a934e7d1f3d6', '766088b6-7e2f-4fec-9fa7-8c6a17753f79', 'bcad95b5-172c-49dc-9cc4-8cb67e29fcff', '05a57403-45b7-4a38-ab60-6f6472e2d12f', '160d351c-b829-4264-a693-9352eadda14e', 'zhuge', 0, NULL);
INSERT INTO `template_config` VALUES ('c2f74cc5-0bc4-416f-a722-7468405a5b19', '766088b6-7e2f-4fec-9fa7-8c6a17753f79', 'bcad95b5-172c-49dc-9cc4-8cb67e29fcff', '463fc385-dcf9-4e24-bf79-87edb82971b4', '6679a43a-c1f6-491a-a20b-a1385c3e6e2e', NULL, 0, NULL);
INSERT INTO `template_config` VALUES ('c3348c4f-bf00-4110-a75b-526494aba73d', '766088b6-7e2f-4fec-9fa7-8c6a17753f79', 'bcad95b5-172c-49dc-9cc4-8cb67e29fcff', '2abee20d-0d51-4def-b00c-0d1b7abbcf38', 'bd32a0c6-b06e-41da-8a7f-21899ed1c6ea', 'zg_see', 0, NULL);
INSERT INTO `template_config` VALUES ('c33b03b8-f97b-4a49-8769-a4d2c1b05c37', '766088b6-7e2f-4fec-9fa7-8c6a17753f79', 'bcad95b5-172c-49dc-9cc4-8cb67e29fcff', 'bf6b97d2-ca41-48ec-83b4-948e08d3de2d', '5d7abaf1-979e-45b5-8f6a-18900f7521a9', NULL, 0, NULL);
INSERT INTO `template_config` VALUES ('c34747c1-e820-4b30-a34b-af50b340aac5', '766088b6-7e2f-4fec-9fa7-8c6a17753f79', 'bcad95b5-172c-49dc-9cc4-8cb67e29fcff', '8bb30397-63ce-4df0-bcfa-1f69952b93b8', 'c7a15df0-7677-46a2-ad68-64831eb0aff9', '', 0, NULL);
INSERT INTO `template_config` VALUES ('c37b3d79-f061-4f9c-8757-154cd0391449', '766088b6-7e2f-4fec-9fa7-8c6a17753f79', 'bcad95b5-172c-49dc-9cc4-8cb67e29fcff', '3495e0f0-400f-415e-bbb5-be53f87032ff', '166b73f7-a86c-4c63-91fe-bd8699375a2e', 'zanalytics', 0, 'a994bf93-7923-4e76-9561-9725b9b3eaa2');
INSERT INTO `template_config` VALUES ('c3966cb0-d52b-462e-89b3-a737792ec9e5', '766088b6-7e2f-4fec-9fa7-8c6a17753f79', 'bcad95b5-172c-49dc-9cc4-8cb67e29fcff', '3495e0f0-400f-415e-bbb5-be53f87032ff', '55ccfe5b-8ce9-449b-9672-e6e03e4f15a6', 'realtime-2', 0, 'c870ce17-5f87-413b-8cb8-a18f47c33b21');
INSERT INTO `template_config` VALUES ('c3cbb51a-f198-4574-b5bc-19375767b95c', '766088b6-7e2f-4fec-9fa7-8c6a17753f79', 'bcad95b5-172c-49dc-9cc4-8cb67e29fcff', '3495e0f0-400f-415e-bbb5-be53f87032ff', 'cfb7ecd8-b1cc-4874-a9d8-012690849f91', 'realtime-1', 0, 'cdcd8e0f-bf68-402b-86af-9390750a4c88');
INSERT INTO `template_config` VALUES ('c3fa3328-a3ec-484f-8f03-a47463ac035c', '766088b6-7e2f-4fec-9fa7-8c6a17753f79', 'bcad95b5-172c-49dc-9cc4-8cb67e29fcff', '3495e0f0-400f-415e-bbb5-be53f87032ff', '35225c40-a00d-4103-95e7-cddaf8f3456d', 'realtime-2', 0, 'c870ce17-5f87-413b-8cb8-a18f47c33b21');
INSERT INTO `template_config` VALUES ('c403118f-3066-4792-b0ba-f59be12de304', '766088b6-7e2f-4fec-9fa7-8c6a17753f79', 'bcad95b5-172c-49dc-9cc4-8cb67e29fcff', '836280f1-e35b-4089-acaf-8708b542ab58', 'b5059660-e736-46ad-b20a-2e4f4b2fd745', 'realtime-1', 0, 'cdcd8e0f-bf68-402b-86af-9390750a4c88');
INSERT INTO `template_config` VALUES ('c46c07a2-6c60-4eb8-9222-2de7c85f2320', '766088b6-7e2f-4fec-9fa7-8c6a17753f79', 'bcad95b5-172c-49dc-9cc4-8cb67e29fcff', 'bcef4e57-ba45-4743-9bbf-599723421a67', '68ce53d5-bd0a-49e7-bb57-16850ea3b47d', 'web', 0, '0eaf1c69-950c-404f-9496-a25de04fedb6');
INSERT INTO `template_config` VALUES ('c47a9976-35b7-46b4-84f5-7b76c9de4b01', '766088b6-7e2f-4fec-9fa7-8c6a17753f79', 'bcad95b5-172c-49dc-9cc4-8cb67e29fcff', '05a57403-45b7-4a38-ab60-6f6472e2d12f', '3b8a42b4-bec3-45d3-9138-57402b8ed575', '数据分析', 0, 'b792243e-b7f1-4b53-aa73-1f0a06b43301');
INSERT INTO `template_config` VALUES ('c53dad77-7341-48ae-84fb-51bb04215ba8', '766088b6-7e2f-4fec-9fa7-8c6a17753f79', 'bcad95b5-172c-49dc-9cc4-8cb67e29fcff', '3495e0f0-400f-415e-bbb5-be53f87032ff', 'e9ece0c4-23ef-4a50-8b0e-3a78be0fcca3', NULL, 0, NULL);
INSERT INTO `template_config` VALUES ('c635c9b5-4bdb-461d-af30-b002c4257d40', '766088b6-7e2f-4fec-9fa7-8c6a17753f79', 'bcad95b5-172c-49dc-9cc4-8cb67e29fcff', 'a53e2fdb-41fd-49fe-92c4-0dd5ec1384e9', '6b921c94-7e32-4e05-ae31-a5a2211be887', 'realtime-2:7713', 0, NULL);
INSERT INTO `template_config` VALUES ('c6ba7882-4368-4a0e-9d97-c588065211fe', '766088b6-7e2f-4fec-9fa7-8c6a17753f79', 'bcad95b5-172c-49dc-9cc4-8cb67e29fcff', '74070bb1-e941-4b8b-bc12-4e8ed114cb8e', '0750e375-424a-4ef4-860c-6d84331bc637', 'zanalytics', 0, 'a994bf93-7923-4e76-9561-9725b9b3eaa2');
INSERT INTO `template_config` VALUES ('c8a34c91-ca78-4067-bd7a-c7caf71dd12f', '766088b6-7e2f-4fec-9fa7-8c6a17753f79', 'bcad95b5-172c-49dc-9cc4-8cb67e29fcff', '74070bb1-e941-4b8b-bc12-4e8ed114cb8e', '6f0d7494-e7e0-42fd-9397-dbcf8740e404', 'zanalytics', 0, 'a994bf93-7923-4e76-9561-9725b9b3eaa2');
INSERT INTO `template_config` VALUES ('c97d1804-37ff-4e6c-b101-6e3e8d9eb8b6', '766088b6-7e2f-4fec-9fa7-8c6a17753f79', 'bcad95b5-172c-49dc-9cc4-8cb67e29fcff', '74070bb1-e941-4b8b-bc12-4e8ed114cb8e', '08513143-85c6-40c4-b1a3-432e96260000', 'realtime-mkt:1924', 0, '03a2d110-e635-4bcb-be4b-7b99cd0778bc');
INSERT INTO `template_config` VALUES ('c9815608-2d36-4950-8074-c7c31ef8abe5', '766088b6-7e2f-4fec-9fa7-8c6a17753f79', 'bcad95b5-172c-49dc-9cc4-8cb67e29fcff', '05a57403-45b7-4a38-ab60-6f6472e2d12f', '015caa11-eac0-49a9-a4ad-554695ce6f88', 'uba.it.pkpm.cn', 0, NULL);
INSERT INTO `template_config` VALUES ('c9a2b639-d4ae-4d29-8df2-3dbe42c00e19', '766088b6-7e2f-4fec-9fa7-8c6a17753f79', 'bcad95b5-172c-49dc-9cc4-8cb67e29fcff', '2abee20d-0d51-4def-b00c-0d1b7abbcf38', 'fe4f8783-1264-4760-9856-661d709d918c', 'zanalytics', 0, 'a994bf93-7923-4e76-9561-9725b9b3eaa2');
INSERT INTO `template_config` VALUES ('c9aad96d-7daa-4cbd-9e6c-da5fb6e90a6a', '766088b6-7e2f-4fec-9fa7-8c6a17753f79', 'bcad95b5-172c-49dc-9cc4-8cb67e29fcff', 'bcef4e57-ba45-4743-9bbf-599723421a67', 'dc0cd335-0bd5-4a8b-8f3e-ddc88af67d5e', 'https://uba.it.pkpm.cn', 0, 'cbd80416-7233-4f33-8244-f7dc2a8d07bd');
INSERT INTO `template_config` VALUES ('ca309c68-0b98-4b5c-bafc-7cd6bfe8b93f', '766088b6-7e2f-4fec-9fa7-8c6a17753f79', 'bcad95b5-172c-49dc-9cc4-8cb67e29fcff', 'a53e2fdb-41fd-49fe-92c4-0dd5ec1384e9', 'c7becb9f-82a6-4020-b10c-5497bdac7c52', 'realtime-2:7808', 0, '94a9fb28-9bc7-4d5b-ae25-b88e0cc0c69b');
INSERT INTO `template_config` VALUES ('ca3ba59f-1ab5-47ca-b121-1cc7fd78cae8', '766088b6-7e2f-4fec-9fa7-8c6a17753f79', 'bcad95b5-172c-49dc-9cc4-8cb67e29fcff', 'bf6b97d2-ca41-48ec-83b4-948e08d3de2d', '3bd47878-e344-41e7-8c42-cae8279bf858', '8888', 0, '649fca8c-58ba-4a2e-91ae-c753ab0ac74e');
INSERT INTO `template_config` VALUES ('ca52f349-69b7-4dd4-b2eb-c69df36fcb50', '766088b6-7e2f-4fec-9fa7-8c6a17753f79', 'bcad95b5-172c-49dc-9cc4-8cb67e29fcff', '3495e0f0-400f-415e-bbb5-be53f87032ff', '6f5dce21-3de4-4eac-aa81-b38409cbc1e9', '3306', 0, '5bc40f77-7954-4231-bf9c-b04947b39b9d');
INSERT INTO `template_config` VALUES ('cad1d2e3-0e4f-4a68-bcc5-7e91af402cd5', '766088b6-7e2f-4fec-9fa7-8c6a17753f79', 'bcad95b5-172c-49dc-9cc4-8cb67e29fcff', '3495e0f0-400f-415e-bbb5-be53f87032ff', '1ba89e6c-e68c-48d0-b0c4-946a31a28e77', '8895', 0, NULL);
INSERT INTO `template_config` VALUES ('cb3bd8d0-cc83-4a6a-a1d8-738319cbd366', '766088b6-7e2f-4fec-9fa7-8c6a17753f79', 'bcad95b5-172c-49dc-9cc4-8cb67e29fcff', 'bf6b97d2-ca41-48ec-83b4-948e08d3de2d', 'fa6c3383-2b76-4abc-adb4-7cd00ca71cd2', '9d3266fd556a4db7b9616d385f8bdf8f', 0, NULL);
INSERT INTO `template_config` VALUES ('cb7873a6-b887-4a7b-8b29-7e19a00b0d32', '766088b6-7e2f-4fec-9fa7-8c6a17753f79', 'bcad95b5-172c-49dc-9cc4-8cb67e29fcff', '05a57403-45b7-4a38-ab60-6f6472e2d12f', 'ef3e206c-cfee-4e04-95fa-fe2f1e61fde7', 'false', 0, '693772c3-5ca2-41e8-9a2e-0be57dd529fd');
INSERT INTO `template_config` VALUES ('cbaa25e8-040e-4d75-b0cb-411237bb43de', '766088b6-7e2f-4fec-9fa7-8c6a17753f79', 'bcad95b5-172c-49dc-9cc4-8cb67e29fcff', '463fc385-dcf9-4e24-bf79-87edb82971b4', '1e38c313-9148-4bf2-a51c-2cbb4c937246', '8888', 0, '649fca8c-58ba-4a2e-91ae-c753ab0ac74e');
INSERT INTO `template_config` VALUES ('ccb26379-75c7-403f-a0c5-d0c4dc37a47c', '766088b6-7e2f-4fec-9fa7-8c6a17753f79', 'bcad95b5-172c-49dc-9cc4-8cb67e29fcff', '463fc385-dcf9-4e24-bf79-87edb82971b4', '8385d670-a9fc-420b-8772-960f9f3c5b2c', 'realtime-1', 0, 'cdcd8e0f-bf68-402b-86af-9390750a4c88');
INSERT INTO `template_config` VALUES ('cd101384-3191-432b-9ca6-da4221f8a3da', '766088b6-7e2f-4fec-9fa7-8c6a17753f79', 'bcad95b5-172c-49dc-9cc4-8cb67e29fcff', 'bcef4e57-ba45-4743-9bbf-599723421a67', '61ca5970-079f-4c73-a6f3-3a860cd220bf', 'http://realtime-2:8882', 0, NULL);
INSERT INTO `template_config` VALUES ('cd40983b-89cb-4a53-a1be-dfd6feb3db4f', '766088b6-7e2f-4fec-9fa7-8c6a17753f79', 'bcad95b5-172c-49dc-9cc4-8cb67e29fcff', 'a53e2fdb-41fd-49fe-92c4-0dd5ec1384e9', 'e2e9fd39-78de-4eeb-b6ba-23b2a509ec72', 'realtime-1:16688', 0, '0222f2f3-d35e-41be-aec7-6848e40ab1e1');
INSERT INTO `template_config` VALUES ('cd5287c3-281d-43bc-b1a2-7c9e7522254d', '766088b6-7e2f-4fec-9fa7-8c6a17753f79', 'bcad95b5-172c-49dc-9cc4-8cb67e29fcff', '3495e0f0-400f-415e-bbb5-be53f87032ff', '12ee589d-a96f-43eb-8af4-b0d9a7c2bf20', 'realtime-1', 0, 'cdcd8e0f-bf68-402b-86af-9390750a4c88');
INSERT INTO `template_config` VALUES ('ce784d15-53a0-4b1a-a900-2dc235bb54bd', '766088b6-7e2f-4fec-9fa7-8c6a17753f79', 'bcad95b5-172c-49dc-9cc4-8cb67e29fcff', '69fffb19-0b7e-4e99-94f9-82219f3dedd5', 'cdb2a789-41f2-40ff-b884-6148e40a4c60', NULL, 0, NULL);
INSERT INTO `template_config` VALUES ('ceb83533-3148-4e69-99d4-f2d37136bb91', '766088b6-7e2f-4fec-9fa7-8c6a17753f79', 'bcad95b5-172c-49dc-9cc4-8cb67e29fcff', 'a64d448e-636e-4bf0-97dc-50ffe3e44b2a', 'c167adf3-f7bf-44c2-a68d-841aba8fdb90', 'uba.it.pkpm.cn', 0, NULL);
INSERT INTO `template_config` VALUES ('cf1994c9-ec1d-4ea9-92b9-56f36653ee1a', '766088b6-7e2f-4fec-9fa7-8c6a17753f79', 'bcad95b5-172c-49dc-9cc4-8cb67e29fcff', '3495e0f0-400f-415e-bbb5-be53f87032ff', 'accb16a7-1720-4bd6-815c-90fcb4c26f91', '3306', 0, '5bc40f77-7954-4231-bf9c-b04947b39b9d');
INSERT INTO `template_config` VALUES ('cf3fb856-3704-4e96-8542-966fa4ab6544', '766088b6-7e2f-4fec-9fa7-8c6a17753f79', 'bcad95b5-172c-49dc-9cc4-8cb67e29fcff', '05a57403-45b7-4a38-ab60-6f6472e2d12f', '15381ad7-64cb-4ffc-8fcf-e5e89546ec98', 'realtime-1:80', 0, '3f01f552-ffd2-4105-8035-73c14cc63736');
INSERT INTO `template_config` VALUES ('cfabf63d-ff2f-40d2-aaae-59f128aee05f', '766088b6-7e2f-4fec-9fa7-8c6a17753f79', 'bcad95b5-172c-49dc-9cc4-8cb67e29fcff', '74070bb1-e941-4b8b-bc12-4e8ed114cb8e', 'b3e5cda6-38b1-41a0-8642-7a58ade9d372', 'realtime-1', 0, 'cdcd8e0f-bf68-402b-86af-9390750a4c88');
INSERT INTO `template_config` VALUES ('d049584f-8c46-4182-95d3-018f4537e847', '766088b6-7e2f-4fec-9fa7-8c6a17753f79', 'bcad95b5-172c-49dc-9cc4-8cb67e29fcff', 'a64d448e-636e-4bf0-97dc-50ffe3e44b2a', 'ff2f3885-f93b-463a-9765-abcc78e2002a', '/shiping/', 0, NULL);
INSERT INTO `template_config` VALUES ('d04a6b07-48e3-427f-bd32-46787bdae42a', '766088b6-7e2f-4fec-9fa7-8c6a17753f79', 'bcad95b5-172c-49dc-9cc4-8cb67e29fcff', 'bf6b97d2-ca41-48ec-83b4-948e08d3de2d', '9a730feb-48ee-42ba-9b1d-2e866c925252', 'web', 0, '0eaf1c69-950c-404f-9496-a25de04fedb6');
INSERT INTO `template_config` VALUES ('d0648f69-768f-49c3-a943-23c53f909d0c', '766088b6-7e2f-4fec-9fa7-8c6a17753f79', 'bcad95b5-172c-49dc-9cc4-8cb67e29fcff', '74070bb1-e941-4b8b-bc12-4e8ed114cb8e', 'a805a4ff-0d7b-489b-8efd-8add74ea588d', 'realtime-mkt:1920', 0, '4bdbba65-1b2d-4ce2-a23b-2b7573a6fb60');
INSERT INTO `template_config` VALUES ('d0a40859-5d7b-4487-8c7f-e9986ee57458', '766088b6-7e2f-4fec-9fa7-8c6a17753f79', 'bcad95b5-172c-49dc-9cc4-8cb67e29fcff', '3495e0f0-400f-415e-bbb5-be53f87032ff', '5c35810e-11cc-4232-b9b8-8287d9a8fcb7', NULL, 0, NULL);
INSERT INTO `template_config` VALUES ('d1576af4-73a2-49bc-b00f-7707fc8befc2', '766088b6-7e2f-4fec-9fa7-8c6a17753f79', 'bcad95b5-172c-49dc-9cc4-8cb67e29fcff', '836280f1-e35b-4089-acaf-8708b542ab58', 'd9cc75ae-a3c1-4e63-b8ea-8eee1aa2a529', 'realtime-1', 0, 'cdcd8e0f-bf68-402b-86af-9390750a4c88');
INSERT INTO `template_config` VALUES ('d245c85f-787a-4bc2-930a-f32bfc3dfd50', '766088b6-7e2f-4fec-9fa7-8c6a17753f79', 'bcad95b5-172c-49dc-9cc4-8cb67e29fcff', 'a53e2fdb-41fd-49fe-92c4-0dd5ec1384e9', 'acf573ba-7f3d-4929-8b4d-b84ce7e6b0d3', 'web', 0, '0eaf1c69-950c-404f-9496-a25de04fedb6');
INSERT INTO `template_config` VALUES ('d2848c02-df44-49b5-92df-37255368ab14', '766088b6-7e2f-4fec-9fa7-8c6a17753f79', 'bcad95b5-172c-49dc-9cc4-8cb67e29fcff', '74070bb1-e941-4b8b-bc12-4e8ed114cb8e', 'b0b5ab55-1fa8-4cf3-8591-151560d9d60d', '/data/mkt', 0, '87ebc34c-2aa8-45de-ae1f-31a3083aa217');
INSERT INTO `template_config` VALUES ('d2978bc4-2a05-41df-9550-768e05a342a8', '766088b6-7e2f-4fec-9fa7-8c6a17753f79', 'bcad95b5-172c-49dc-9cc4-8cb67e29fcff', 'bf6b97d2-ca41-48ec-83b4-948e08d3de2d', '8395e154-fdf1-4cfa-8fd8-9a2a8a967c91', 'Sun_unix*1101', 0, '285dc207-b064-4dc9-8902-fbb574d4fcc4');
INSERT INTO `template_config` VALUES ('d3d642be-8e9c-4ee6-8038-6799080758cd', '766088b6-7e2f-4fec-9fa7-8c6a17753f79', 'bcad95b5-172c-49dc-9cc4-8cb67e29fcff', '8bb30397-63ce-4df0-bcfa-1f69952b93b8', '896af7f9-864a-4bfd-966b-029273355f75', 'wx0560f4a03bb55172', 0, NULL);
INSERT INTO `template_config` VALUES ('d4633df1-caad-4089-987c-e799517431ec', '766088b6-7e2f-4fec-9fa7-8c6a17753f79', 'bcad95b5-172c-49dc-9cc4-8cb67e29fcff', '3495e0f0-400f-415e-bbb5-be53f87032ff', 'a06df176-e169-433b-97af-68a0360b48cb', 'Sun_unix*1101', 0, '285dc207-b064-4dc9-8902-fbb574d4fcc4');
INSERT INTO `template_config` VALUES ('d49593e0-409a-4b10-8f75-4d7f623c91a5', '766088b6-7e2f-4fec-9fa7-8c6a17753f79', 'bcad95b5-172c-49dc-9cc4-8cb67e29fcff', '3495e0f0-400f-415e-bbb5-be53f87032ff', 'e01bc9bb-ab9e-417b-a102-33c84f312318', 'realtime-1:9092,realtime-2:9092,realtime-3:9092', 0, '9bc57dc5-5fe0-4d5c-a90e-94b43c72e5fe');
INSERT INTO `template_config` VALUES ('d4f5d10e-bf60-4e01-8283-f8f4b90fd244', '766088b6-7e2f-4fec-9fa7-8c6a17753f79', 'bcad95b5-172c-49dc-9cc4-8cb67e29fcff', '74070bb1-e941-4b8b-bc12-4e8ed114cb8e', '4f22fe98-005e-4658-a38d-a444d8c7c026', 'web', 0, '0eaf1c69-950c-404f-9496-a25de04fedb6');
INSERT INTO `template_config` VALUES ('d4fa0ad9-dc6d-4568-bc0a-f70144b91a10', '766088b6-7e2f-4fec-9fa7-8c6a17753f79', 'bcad95b5-172c-49dc-9cc4-8cb67e29fcff', '74070bb1-e941-4b8b-bc12-4e8ed114cb8e', 'f978e213-be92-4e29-8bbc-53702d43f3e6', 'web', 0, '0eaf1c69-950c-404f-9496-a25de04fedb6');
INSERT INTO `template_config` VALUES ('d5221da8-aabc-462b-9082-ba00dd5938df', '766088b6-7e2f-4fec-9fa7-8c6a17753f79', 'bcad95b5-172c-49dc-9cc4-8cb67e29fcff', '3495e0f0-400f-415e-bbb5-be53f87032ff', '69383633-2f87-47f2-8063-4467fe2cde73', 'realtime-1:9092,realtime-2:9092,realtime-3:9092', 0, '9bc57dc5-5fe0-4d5c-a90e-94b43c72e5fe');
INSERT INTO `template_config` VALUES ('d5d00e2c-3a5e-4d63-8818-d646abc33950', '766088b6-7e2f-4fec-9fa7-8c6a17753f79', 'bcad95b5-172c-49dc-9cc4-8cb67e29fcff', 'bcef4e57-ba45-4743-9bbf-599723421a67', '36ef53b4-0087-42f9-bf47-179d5150b79e', 'Sun_unix*1101', 0, '285dc207-b064-4dc9-8902-fbb574d4fcc4');
INSERT INTO `template_config` VALUES ('d60d2d26-d6bb-499f-b628-41b2e70f22e2', '766088b6-7e2f-4fec-9fa7-8c6a17753f79', 'bcad95b5-172c-49dc-9cc4-8cb67e29fcff', '2abee20d-0d51-4def-b00c-0d1b7abbcf38', '52d59a8a-5a7f-4711-beb1-8c40db9f434f', 'realtime-1:9092,realtime-2:9092,realtime-3:9092', 0, '9bc57dc5-5fe0-4d5c-a90e-94b43c72e5fe');
INSERT INTO `template_config` VALUES ('d6b3cb8a-19a3-444d-a8c9-a8a9b8f1df35', '766088b6-7e2f-4fec-9fa7-8c6a17753f79', 'bcad95b5-172c-49dc-9cc4-8cb67e29fcff', '74070bb1-e941-4b8b-bc12-4e8ed114cb8e', '260e6745-92d7-46d3-a2da-275211663c7b', 'admin', 0, '6af1c86a-7049-480c-b88a-1830f03fa83b');
INSERT INTO `template_config` VALUES ('d6bd163b-7e0a-4509-b27c-9836a138bf1f', '766088b6-7e2f-4fec-9fa7-8c6a17753f79', 'bcad95b5-172c-49dc-9cc4-8cb67e29fcff', '3495e0f0-400f-415e-bbb5-be53f87032ff', '56c9e382-48c8-408b-b064-53f3cb8ba758', 'realtime-2', 0, 'c870ce17-5f87-413b-8cb8-a18f47c33b21');
INSERT INTO `template_config` VALUES ('d6e03888-83cf-42b4-bd1d-f27a5ce7dc7f', '766088b6-7e2f-4fec-9fa7-8c6a17753f79', 'bcad95b5-172c-49dc-9cc4-8cb67e29fcff', '3495e0f0-400f-415e-bbb5-be53f87032ff', '41c094bd-df48-400b-8e39-07a5e2c4df45', 'realtime-1', 0, 'cdcd8e0f-bf68-402b-86af-9390750a4c88');
INSERT INTO `template_config` VALUES ('d7239fc4-07c3-44ff-b6de-7c7d05ce3666', '766088b6-7e2f-4fec-9fa7-8c6a17753f79', 'bcad95b5-172c-49dc-9cc4-8cb67e29fcff', 'a53e2fdb-41fd-49fe-92c4-0dd5ec1384e9', 'b7cf9e82-3834-49fa-8e68-0df432aed7ff', 'realtime-1', 0, 'cdcd8e0f-bf68-402b-86af-9390750a4c88');
INSERT INTO `template_config` VALUES ('d73933a5-10d5-4861-8d53-d49c2294d6e9', '766088b6-7e2f-4fec-9fa7-8c6a17753f79', 'bcad95b5-172c-49dc-9cc4-8cb67e29fcff', '7fd32532-56d8-455e-8690-87b53c1992e3', 'bfc744d6-d63b-4ec4-8d9f-8d79e8bbca06', '/market/', 0, NULL);
INSERT INTO `template_config` VALUES ('d7ab0a15-2703-4a63-a64c-577b63b870a8', '766088b6-7e2f-4fec-9fa7-8c6a17753f79', 'bcad95b5-172c-49dc-9cc4-8cb67e29fcff', '3495e0f0-400f-415e-bbb5-be53f87032ff', '513b53c5-81be-46b4-95e9-12f93d8f79fe', 'web', 0, '0eaf1c69-950c-404f-9496-a25de04fedb6');
INSERT INTO `template_config` VALUES ('d874a2c6-ae07-4583-bcc4-d1d7b0428efe', '766088b6-7e2f-4fec-9fa7-8c6a17753f79', 'bcad95b5-172c-49dc-9cc4-8cb67e29fcff', '05a57403-45b7-4a38-ab60-6f6472e2d12f', '74d4b548-9f8b-4a5c-94d5-fd2fa58a1e5a', 'false', 0, '693772c3-5ca2-41e8-9a2e-0be57dd529fd');
INSERT INTO `template_config` VALUES ('d8e4cfca-c5d0-49d2-955c-e6fbee4735da', '766088b6-7e2f-4fec-9fa7-8c6a17753f79', 'bcad95b5-172c-49dc-9cc4-8cb67e29fcff', '2abee20d-0d51-4def-b00c-0d1b7abbcf38', '4f0d76b1-44f1-4b92-8a2e-c73120f93d4d', 'zg_see_pix', 0, NULL);
INSERT INTO `template_config` VALUES ('d8eb3276-198f-48ef-beda-2426986d8a02', '766088b6-7e2f-4fec-9fa7-8c6a17753f79', 'bcad95b5-172c-49dc-9cc4-8cb67e29fcff', '836280f1-e35b-4089-acaf-8708b542ab58', '4647e1d8-2ca6-4e1b-8df4-1586946fcfeb', 'admin', 0, '6af1c86a-7049-480c-b88a-1830f03fa83b');
INSERT INTO `template_config` VALUES ('d91aa9e0-d00b-41ec-9bf8-7babd088703c', '766088b6-7e2f-4fec-9fa7-8c6a17753f79', 'bcad95b5-172c-49dc-9cc4-8cb67e29fcff', '3495e0f0-400f-415e-bbb5-be53f87032ff', '42a5d0de-2d31-4121-8e0f-1b6d2418faa2', 'Sun_unix*1101', 0, '285dc207-b064-4dc9-8902-fbb574d4fcc4');
INSERT INTO `template_config` VALUES ('d948630a-9423-4d15-ba5e-24fe2bcb9735', '766088b6-7e2f-4fec-9fa7-8c6a17753f79', 'bcad95b5-172c-49dc-9cc4-8cb67e29fcff', '84e04c9c-8f19-4aff-bac0-024289a5682d', 'e12db527-e59f-4695-b4b5-80464fea59fb', 'realtime-1', 0, 'cdcd8e0f-bf68-402b-86af-9390750a4c88');
INSERT INTO `template_config` VALUES ('d96176c5-09b0-4efc-a7a2-676f26eb043e', '766088b6-7e2f-4fec-9fa7-8c6a17753f79', 'bcad95b5-172c-49dc-9cc4-8cb67e29fcff', 'bf6b97d2-ca41-48ec-83b4-948e08d3de2d', '14f4ab3a-91cf-4f52-af3b-fc010c0d574f', '6380', 0, NULL);
INSERT INTO `template_config` VALUES ('d98b4d58-2ba9-4a3e-a500-0bf9d7acdad2', '766088b6-7e2f-4fec-9fa7-8c6a17753f79', 'bcad95b5-172c-49dc-9cc4-8cb67e29fcff', '8b861ace-3fa8-4d8d-aaa5-e04f33432b45', '0aeb8679-1ae1-4e6d-a84a-1a3f69764f66', 'realtime-1:2182', 0, NULL);
INSERT INTO `template_config` VALUES ('d99cc77d-67ba-4ea4-8a7f-f70b4e3bf64a', '766088b6-7e2f-4fec-9fa7-8c6a17753f79', 'bcad95b5-172c-49dc-9cc4-8cb67e29fcff', '3495e0f0-400f-415e-bbb5-be53f87032ff', 'c1a57307-25af-436d-bda7-8331592afaa5', '8894', 0, NULL);
INSERT INTO `template_config` VALUES ('d9a15cb1-efd0-4ddf-9ae5-5ae58372e9ab', '766088b6-7e2f-4fec-9fa7-8c6a17753f79', 'bcad95b5-172c-49dc-9cc4-8cb67e29fcff', 'a2168f32-c611-4c91-94ef-dab48e1bd5b1', 'ef4712ca-300c-4fde-8d01-ef9bb959092c', '8888', 0, '649fca8c-58ba-4a2e-91ae-c753ab0ac74e');
INSERT INTO `template_config` VALUES ('d9b8c3c8-a085-48e7-bab3-c6c891337a9d', '766088b6-7e2f-4fec-9fa7-8c6a17753f79', 'bcad95b5-172c-49dc-9cc4-8cb67e29fcff', '836280f1-e35b-4089-acaf-8708b542ab58', 'b84fd564-7103-4501-8eb3-b340e330a2e2', '26480', 0, 'd84ee80d-a6e8-4872-aa1f-29d37a572ead');
INSERT INTO `template_config` VALUES ('da094561-b1c1-459e-bd5d-134cc379a90b', '766088b6-7e2f-4fec-9fa7-8c6a17753f79', 'bcad95b5-172c-49dc-9cc4-8cb67e29fcff', 'a2168f32-c611-4c91-94ef-dab48e1bd5b1', '6e227dcb-7e84-43da-8ce7-fbc590874399', 'realtime-1', 0, 'cdcd8e0f-bf68-402b-86af-9390750a4c88');
INSERT INTO `template_config` VALUES ('daacd387-5b5d-49e6-82e1-ff5f0514e4ba', '766088b6-7e2f-4fec-9fa7-8c6a17753f79', 'bcad95b5-172c-49dc-9cc4-8cb67e29fcff', 'a53e2fdb-41fd-49fe-92c4-0dd5ec1384e9', '92c6fbdd-d373-45f6-a808-90e3560ce4fc', 'realtime-2:7713', 0, NULL);
INSERT INTO `template_config` VALUES ('db241f79-acd6-44c6-a9d2-cda84afa8daa', '766088b6-7e2f-4fec-9fa7-8c6a17753f79', 'bcad95b5-172c-49dc-9cc4-8cb67e29fcff', '0e936d24-15b6-4eaa-b2b3-1e33aa301290', '44da0a45-48c3-4b0c-be14-805b28bb4984', 'realtime-mkt:1924', 0, '03a2d110-e635-4bcb-be4b-7b99cd0778bc');
INSERT INTO `template_config` VALUES ('db6c3d06-c3f5-46e2-a441-ab3b13b9c225', '766088b6-7e2f-4fec-9fa7-8c6a17753f79', 'bcad95b5-172c-49dc-9cc4-8cb67e29fcff', 'bcef4e57-ba45-4743-9bbf-599723421a67', '2071fb45-3f3f-48a2-be75-b32fc730d6e3', 'zanalytics', 0, 'a994bf93-7923-4e76-9561-9725b9b3eaa2');
INSERT INTO `template_config` VALUES ('dbd49998-ff66-40f4-8c75-ec9ead3055f6', '766088b6-7e2f-4fec-9fa7-8c6a17753f79', 'bcad95b5-172c-49dc-9cc4-8cb67e29fcff', 'a53e2fdb-41fd-49fe-92c4-0dd5ec1384e9', '18b113db-c556-4adb-b62f-e7c2f8f74ba1', 'realtime-1:8081', 0, '1db37b3c-74e6-4c0b-8040-c40fa20252f2');
INSERT INTO `template_config` VALUES ('dc82eb58-0df6-4579-8a79-eb7ce491eccf', '766088b6-7e2f-4fec-9fa7-8c6a17753f79', 'bcad95b5-172c-49dc-9cc4-8cb67e29fcff', '05a57403-45b7-4a38-ab60-6f6472e2d12f', '927bc13c-ef6b-4370-af4c-115b3cd67daa', '5f8a935cd15a47419df0e07d0547551b', 0, NULL);
INSERT INTO `template_config` VALUES ('dd15f211-506d-4c7c-b7ac-721646dac2aa', '766088b6-7e2f-4fec-9fa7-8c6a17753f79', 'bcad95b5-172c-49dc-9cc4-8cb67e29fcff', '74070bb1-e941-4b8b-bc12-4e8ed114cb8e', 'b3b54103-1185-441f-892d-a0ccc6c0e6b1', 'realtime-1', 0, 'cdcd8e0f-bf68-402b-86af-9390750a4c88');
INSERT INTO `template_config` VALUES ('dd742395-796b-49e5-8244-f981ec5df48a', '766088b6-7e2f-4fec-9fa7-8c6a17753f79', 'bcad95b5-172c-49dc-9cc4-8cb67e29fcff', '836280f1-e35b-4089-acaf-8708b542ab58', 'ead44e40-901c-437f-b2e3-1a58de4e4725', 'realtime-2', 0, 'c870ce17-5f87-413b-8cb8-a18f47c33b21');
INSERT INTO `template_config` VALUES ('dddc92a5-519d-419c-a3ef-58109761104a', '766088b6-7e2f-4fec-9fa7-8c6a17753f79', 'bcad95b5-172c-49dc-9cc4-8cb67e29fcff', 'bcef4e57-ba45-4743-9bbf-599723421a67', 'eb565e3b-1af5-40d7-a679-d40db7e0f1a3', 'realtime-1', 0, 'cdcd8e0f-bf68-402b-86af-9390750a4c88');
INSERT INTO `template_config` VALUES ('ddef54ab-645b-42ec-a928-750a752b2247', '766088b6-7e2f-4fec-9fa7-8c6a17753f79', 'bcad95b5-172c-49dc-9cc4-8cb67e29fcff', '92ce15ea-344c-42d1-aaca-d612ad061e1e', 'febf0c24-facc-4452-a85a-4ed9c0761833', 'realtime-1', 0, 'cdcd8e0f-bf68-402b-86af-9390750a4c88');
INSERT INTO `template_config` VALUES ('de8dac8c-2311-4b21-986c-e4824955badc', '766088b6-7e2f-4fec-9fa7-8c6a17753f79', 'bcad95b5-172c-49dc-9cc4-8cb67e29fcff', '463fc385-dcf9-4e24-bf79-87edb82971b4', '754ea171-b89f-4b73-aa4b-2a9a56029bbc', 'admin', 0, '6af1c86a-7049-480c-b88a-1830f03fa83b');
INSERT INTO `template_config` VALUES ('de96d974-a4db-4419-a255-1d85510d113d', '766088b6-7e2f-4fec-9fa7-8c6a17753f79', 'bcad95b5-172c-49dc-9cc4-8cb67e29fcff', '92ce15ea-344c-42d1-aaca-d612ad061e1e', '2a5f70cc-fd16-45cb-b2db-2d477fc9570c', 'zanalytics', 0, 'a994bf93-7923-4e76-9561-9725b9b3eaa2');
INSERT INTO `template_config` VALUES ('df11e55a-981b-4016-8d61-96d10191b521', '766088b6-7e2f-4fec-9fa7-8c6a17753f79', 'bcad95b5-172c-49dc-9cc4-8cb67e29fcff', 'a53e2fdb-41fd-49fe-92c4-0dd5ec1384e9', 'dbadd32b-7ce7-42d1-81a8-7004cfa68f92', 'realtime-1', 0, 'cdcd8e0f-bf68-402b-86af-9390750a4c88');
INSERT INTO `template_config` VALUES ('df477f0c-583e-4db8-be94-86d2c9a89ea8', '766088b6-7e2f-4fec-9fa7-8c6a17753f79', 'bcad95b5-172c-49dc-9cc4-8cb67e29fcff', '2abee20d-0d51-4def-b00c-0d1b7abbcf38', 'f6430d82-9c43-4f2f-a1b1-aae1d58499ad', 'web', 0, '0eaf1c69-950c-404f-9496-a25de04fedb6');
INSERT INTO `template_config` VALUES ('df7e1154-ef0c-44dc-963b-5d675aec240f', '766088b6-7e2f-4fec-9fa7-8c6a17753f79', 'bcad95b5-172c-49dc-9cc4-8cb67e29fcff', '7fd32532-56d8-455e-8690-87b53c1992e3', 'b9faf5dd-57fd-4320-8694-e28166b397cd', '/analysis/api', 0, NULL);
INSERT INTO `template_config` VALUES ('df98900e-e9e8-4506-a10a-97ef61103ed7', '766088b6-7e2f-4fec-9fa7-8c6a17753f79', 'bcad95b5-172c-49dc-9cc4-8cb67e29fcff', 'a53e2fdb-41fd-49fe-92c4-0dd5ec1384e9', 'a4b0fc43-23e1-46b5-8755-dbf976581005', 'realtime-1:7713', 0, NULL);
INSERT INTO `template_config` VALUES ('e038b7ff-cea2-4f11-bdaa-2a2c34da6168', '766088b6-7e2f-4fec-9fa7-8c6a17753f79', 'bcad95b5-172c-49dc-9cc4-8cb67e29fcff', '3495e0f0-400f-415e-bbb5-be53f87032ff', '1bd02305-d207-4020-b307-6c98a1ec73dd', '8893', 0, NULL);
INSERT INTO `template_config` VALUES ('e0a69b8e-abec-4ce3-a1ea-996498ceb756', '766088b6-7e2f-4fec-9fa7-8c6a17753f79', 'bcad95b5-172c-49dc-9cc4-8cb67e29fcff', '463fc385-dcf9-4e24-bf79-87edb82971b4', '817d5dd9-1fa3-45b6-9711-cace02090791', '/data/localization/nginx', 0, NULL);
INSERT INTO `template_config` VALUES ('e0b2a643-e25f-4ea8-a168-13b2ceb358e0', '766088b6-7e2f-4fec-9fa7-8c6a17753f79', 'bcad95b5-172c-49dc-9cc4-8cb67e29fcff', 'a53e2fdb-41fd-49fe-92c4-0dd5ec1384e9', '83faaca6-ba8b-44d0-861d-f16edb01a315', 'realtime-1:7715', 0, '56d4d87a-2fc8-420b-9e20-1a6238e8cc9b');
INSERT INTO `template_config` VALUES ('e0b2f7a3-1849-4ea9-9873-4c12bed5bd00', '766088b6-7e2f-4fec-9fa7-8c6a17753f79', 'bcad95b5-172c-49dc-9cc4-8cb67e29fcff', '74070bb1-e941-4b8b-bc12-4e8ed114cb8e', 'f49c5e92-ec9a-48f1-94b9-9e231d0e6ba4', '/data/mkt', 0, '87ebc34c-2aa8-45de-ae1f-31a3083aa217');
INSERT INTO `template_config` VALUES ('e0bee40a-5226-4584-a08c-b3399e748f7e', '766088b6-7e2f-4fec-9fa7-8c6a17753f79', 'bcad95b5-172c-49dc-9cc4-8cb67e29fcff', 'a53e2fdb-41fd-49fe-92c4-0dd5ec1384e9', 'df2a0fbb-107e-409a-a2b0-765e20ec090e', '6379', 0, '55afabfd-7ea1-4f6b-b0d4-070704cb47c2');
INSERT INTO `template_config` VALUES ('e0cf44aa-e122-4f14-a3fc-66795d2b8ff5', '766088b6-7e2f-4fec-9fa7-8c6a17753f79', 'bcad95b5-172c-49dc-9cc4-8cb67e29fcff', '3495e0f0-400f-415e-bbb5-be53f87032ff', 'a960d552-2e1b-49fa-9c12-d4039bd14996', 'realtime-1:7051,realtime-2:7051,realtime-3:7051', 0, '3a55fef5-c140-484d-9a00-182e164b8094');
INSERT INTO `template_config` VALUES ('e0dc118e-131c-4464-81bc-4737ad829d7c', '766088b6-7e2f-4fec-9fa7-8c6a17753f79', 'bcad95b5-172c-49dc-9cc4-8cb67e29fcff', '463fc385-dcf9-4e24-bf79-87edb82971b4', '2e00de96-f979-4662-9ee5-482033947e4e', '21050', 0, 'f4b8e42a-9612-41f9-9140-71a83c6887eb');
INSERT INTO `template_config` VALUES ('e0ecd232-c911-438a-9369-cfdc99e3d841', '766088b6-7e2f-4fec-9fa7-8c6a17753f79', 'bcad95b5-172c-49dc-9cc4-8cb67e29fcff', 'a53e2fdb-41fd-49fe-92c4-0dd5ec1384e9', 'dafcf3af-1110-41e6-bdac-562590ad0151', 'realtime-1:16688', 0, '0222f2f3-d35e-41be-aec7-6848e40ab1e1');
INSERT INTO `template_config` VALUES ('e0fb5f7d-f875-4bf2-9a4b-b18a41631566', '766088b6-7e2f-4fec-9fa7-8c6a17753f79', 'bcad95b5-172c-49dc-9cc4-8cb67e29fcff', '836280f1-e35b-4089-acaf-8708b542ab58', 'c2f7e5be-15cd-4b87-89a9-6873219cb3dd', 'Sun_unix*1101', 0, '285dc207-b064-4dc9-8902-fbb574d4fcc4');
INSERT INTO `template_config` VALUES ('e2374dbb-997d-4ace-9252-27dceaccaf0c', '766088b6-7e2f-4fec-9fa7-8c6a17753f79', 'bcad95b5-172c-49dc-9cc4-8cb67e29fcff', '3495e0f0-400f-415e-bbb5-be53f87032ff', '7d68e27c-01b4-4bfc-beb6-32b2c362eb41', 'realtime-1', 0, 'cdcd8e0f-bf68-402b-86af-9390750a4c88');
INSERT INTO `template_config` VALUES ('e4567e70-81de-442a-8199-4bed38d60966', '766088b6-7e2f-4fec-9fa7-8c6a17753f79', 'bcad95b5-172c-49dc-9cc4-8cb67e29fcff', '3495e0f0-400f-415e-bbb5-be53f87032ff', '0cb70a7c-1dd1-439b-9915-1fac7d0429e6', 'zhugeio', 0, NULL);
INSERT INTO `template_config` VALUES ('e5235a89-8284-45c8-a24e-c6d68c2c29dc', '766088b6-7e2f-4fec-9fa7-8c6a17753f79', 'bcad95b5-172c-49dc-9cc4-8cb67e29fcff', '3495e0f0-400f-415e-bbb5-be53f87032ff', 'e91cfb96-2bed-4462-95c5-0c2e6588f5db', 'realtime-1:9092,realtime-2:9092,realtime-3:9092', 0, '9bc57dc5-5fe0-4d5c-a90e-94b43c72e5fe');
INSERT INTO `template_config` VALUES ('e5e3c947-f112-422d-a1f1-467a1dadeac1', '766088b6-7e2f-4fec-9fa7-8c6a17753f79', 'bcad95b5-172c-49dc-9cc4-8cb67e29fcff', '74070bb1-e941-4b8b-bc12-4e8ed114cb8e', '606f64ec-2977-4683-a7a8-50878a0e5bee', 'realtime-1:9092,realtime-2:9092,realtime-3:9092', 0, '9bc57dc5-5fe0-4d5c-a90e-94b43c72e5fe');
INSERT INTO `template_config` VALUES ('e6838224-9861-4639-a1b4-dfe7323e9cc6', '766088b6-7e2f-4fec-9fa7-8c6a17753f79', 'bcad95b5-172c-49dc-9cc4-8cb67e29fcff', 'bcef4e57-ba45-4743-9bbf-599723421a67', '478f8840-6936-46dd-92b8-1da90adfdab5', '9d3266fd556a4db7b9616d385f8bdf8f', 0, NULL);
INSERT INTO `template_config` VALUES ('e7baf728-de6c-4500-ae3d-a43eb229fd65', '766088b6-7e2f-4fec-9fa7-8c6a17753f79', 'bcad95b5-172c-49dc-9cc4-8cb67e29fcff', 'a53e2fdb-41fd-49fe-92c4-0dd5ec1384e9', '9e218a3b-05f6-43d4-95c5-c51c2cf88825', 'realtime-1:18080', 0, '92688a81-7fff-4bef-af9a-1e30dbf19bd0');
INSERT INTO `template_config` VALUES ('e7c531b5-43b4-49b0-8913-28e310ca4988', '766088b6-7e2f-4fec-9fa7-8c6a17753f79', 'bcad95b5-172c-49dc-9cc4-8cb67e29fcff', '74070bb1-e941-4b8b-bc12-4e8ed114cb8e', '56261503-5f69-48d8-b3f1-01aace4fbb59', 'web', 0, '0eaf1c69-950c-404f-9496-a25de04fedb6');
INSERT INTO `template_config` VALUES ('e85982b5-4a90-4124-9e68-3cde3e3a3212', '766088b6-7e2f-4fec-9fa7-8c6a17753f79', 'bcad95b5-172c-49dc-9cc4-8cb67e29fcff', '74070bb1-e941-4b8b-bc12-4e8ed114cb8e', 'a40473f5-6266-4bda-82f0-d766de82e5f1', '3306', 0, '5bc40f77-7954-4231-bf9c-b04947b39b9d');
INSERT INTO `template_config` VALUES ('e8624fa6-6617-4a3d-a350-4c0ad9a1ba5f', '766088b6-7e2f-4fec-9fa7-8c6a17753f79', 'bcad95b5-172c-49dc-9cc4-8cb67e29fcff', '2abee20d-0d51-4def-b00c-0d1b7abbcf38', '5e3b43ff-809c-4b86-9186-80032a7139eb', 'admin', 0, '6af1c86a-7049-480c-b88a-1830f03fa83b');
INSERT INTO `template_config` VALUES ('e8679ebe-09c1-42ec-83d3-b063bd2013b7', '766088b6-7e2f-4fec-9fa7-8c6a17753f79', 'bcad95b5-172c-49dc-9cc4-8cb67e29fcff', '836280f1-e35b-4089-acaf-8708b542ab58', '41df23ee-de70-40c5-bf09-d6489cbf37ff', 'web', 0, '0eaf1c69-950c-404f-9496-a25de04fedb6');
INSERT INTO `template_config` VALUES ('e8f16910-751b-4305-a8d5-eb9c0696af4a', '766088b6-7e2f-4fec-9fa7-8c6a17753f79', 'bcad95b5-172c-49dc-9cc4-8cb67e29fcff', '8b861ace-3fa8-4d8d-aaa5-e04f33432b45', 'e36dcd97-8c64-4e4e-a107-b40876d0e193', 'web', 0, '0eaf1c69-950c-404f-9496-a25de04fedb6');
INSERT INTO `template_config` VALUES ('e9e59d66-e8e3-490e-b28a-f9a4f1157a18', '766088b6-7e2f-4fec-9fa7-8c6a17753f79', 'bcad95b5-172c-49dc-9cc4-8cb67e29fcff', '3495e0f0-400f-415e-bbb5-be53f87032ff', '170bbcf8-bf30-43fb-ac0c-9b079de86b67', 'zanalytics', 0, 'a994bf93-7923-4e76-9561-9725b9b3eaa2');
INSERT INTO `template_config` VALUES ('eb4e552f-b1e1-46fa-870a-7dc7314cda00', '766088b6-7e2f-4fec-9fa7-8c6a17753f79', 'bcad95b5-172c-49dc-9cc4-8cb67e29fcff', 'a53e2fdb-41fd-49fe-92c4-0dd5ec1384e9', '8d7ba6c6-e8a7-4dbb-abc6-05c1def5cde9', 'realtime-1:80', 0, '3f01f552-ffd2-4105-8035-73c14cc63736');
INSERT INTO `template_config` VALUES ('eb57fe3c-775d-4877-87f5-0fc8822a214b', '766088b6-7e2f-4fec-9fa7-8c6a17753f79', 'bcad95b5-172c-49dc-9cc4-8cb67e29fcff', '836280f1-e35b-4089-acaf-8708b542ab58', 'f0e7600b-9bda-42d6-80ea-238248b61271', '3306', 0, '5bc40f77-7954-4231-bf9c-b04947b39b9d');
INSERT INTO `template_config` VALUES ('ec261361-78c0-4912-b72c-1eba69e40eb9', '766088b6-7e2f-4fec-9fa7-8c6a17753f79', 'bcad95b5-172c-49dc-9cc4-8cb67e29fcff', 'a53e2fdb-41fd-49fe-92c4-0dd5ec1384e9', '2180c57c-3379-43c9-8e85-bbc595e70795', 'web', 0, '0eaf1c69-950c-404f-9496-a25de04fedb6');
INSERT INTO `template_config` VALUES ('ecb9325e-10db-41f1-b534-b3e1f60435f8', '766088b6-7e2f-4fec-9fa7-8c6a17753f79', 'bcad95b5-172c-49dc-9cc4-8cb67e29fcff', '463fc385-dcf9-4e24-bf79-87edb82971b4', 'a34ebad9-e0b7-40ba-921d-4023473de834', 'realtime-1', 0, 'cdcd8e0f-bf68-402b-86af-9390750a4c88');
INSERT INTO `template_config` VALUES ('ecfb5dc5-78f1-4ab7-8a4c-999c5ff5bd1f', '766088b6-7e2f-4fec-9fa7-8c6a17753f79', 'bcad95b5-172c-49dc-9cc4-8cb67e29fcff', '05a57403-45b7-4a38-ab60-6f6472e2d12f', 'bea6512d-f49e-4f4b-a635-6ff49020b446', '0', 0, 'b8982b66-b6de-427b-ac2f-010237c0175b');
INSERT INTO `template_config` VALUES ('ed2fcf53-7687-4d4c-adb5-e54baf35b39a', '766088b6-7e2f-4fec-9fa7-8c6a17753f79', 'bcad95b5-172c-49dc-9cc4-8cb67e29fcff', 'ff7efcbe-82e0-45f2-928c-9385cf1bb926', '1091fc2d-1b17-48f6-bb2d-ac83acfb40cb', 'zg_see_pix', 0, NULL);
INSERT INTO `template_config` VALUES ('ed7e1872-8a47-494f-9895-b553e85f8308', '766088b6-7e2f-4fec-9fa7-8c6a17753f79', 'bcad95b5-172c-49dc-9cc4-8cb67e29fcff', '3495e0f0-400f-415e-bbb5-be53f87032ff', '1b09b5d3-feb7-4184-889f-9551da2c959d', 'realtime-1', 0, 'cdcd8e0f-bf68-402b-86af-9390750a4c88');
INSERT INTO `template_config` VALUES ('ee088cd3-f81c-46cf-8eac-2931f2f50c6b', '766088b6-7e2f-4fec-9fa7-8c6a17753f79', 'bcad95b5-172c-49dc-9cc4-8cb67e29fcff', '3495e0f0-400f-415e-bbb5-be53f87032ff', 'af24d748-2bd2-4ec7-89b9-e100a42bce32', '3306', 0, '5bc40f77-7954-4231-bf9c-b04947b39b9d');
INSERT INTO `template_config` VALUES ('ee59d322-f0de-410b-82ec-8c3737a7d7d6', '766088b6-7e2f-4fec-9fa7-8c6a17753f79', 'bcad95b5-172c-49dc-9cc4-8cb67e29fcff', 'bcef4e57-ba45-4743-9bbf-599723421a67', 'c52ed261-07d8-4c46-8e90-81bea703f17a', 'zanalytics', 0, 'a994bf93-7923-4e76-9561-9725b9b3eaa2');
INSERT INTO `template_config` VALUES ('ee86aaa1-9460-40eb-b55a-bb5232368f6f', '766088b6-7e2f-4fec-9fa7-8c6a17753f79', 'bcad95b5-172c-49dc-9cc4-8cb67e29fcff', 'a53e2fdb-41fd-49fe-92c4-0dd5ec1384e9', '65b26f8b-62aa-42ae-88fa-72b1af5e4e97', 'realtime-1:16688', 0, '0222f2f3-d35e-41be-aec7-6848e40ab1e1');
INSERT INTO `template_config` VALUES ('ef4c86f2-ea50-4337-8e1b-eab5d11520ff', '766088b6-7e2f-4fec-9fa7-8c6a17753f79', 'bcad95b5-172c-49dc-9cc4-8cb67e29fcff', '3495e0f0-400f-415e-bbb5-be53f87032ff', 'a5d8d7c9-043c-4dd1-b012-1a4522e87bc0', 'zanalytics', 0, 'a994bf93-7923-4e76-9561-9725b9b3eaa2');
INSERT INTO `template_config` VALUES ('efacecf1-da58-4d1f-b3e4-f13c8fc8b508', '766088b6-7e2f-4fec-9fa7-8c6a17753f79', 'bcad95b5-172c-49dc-9cc4-8cb67e29fcff', 'a53e2fdb-41fd-49fe-92c4-0dd5ec1384e9', 'cad495ee-616c-4f2a-b5ee-59de4b5a1cb4', 'realtime-1', 0, 'cdcd8e0f-bf68-402b-86af-9390750a4c88');
INSERT INTO `template_config` VALUES ('f0793091-3b75-4fa0-8b47-2a3ad2136868', '766088b6-7e2f-4fec-9fa7-8c6a17753f79', 'bcad95b5-172c-49dc-9cc4-8cb67e29fcff', '0e936d24-15b6-4eaa-b2b3-1e33aa301290', '1235ea44-17c5-46c3-aa33-b2a161ab5922', 'realtime-mkt:1927', 0, 'eff0c2b3-8917-452c-a777-3b0d217b08b9');
INSERT INTO `template_config` VALUES ('f09256b4-addc-4b03-b9f5-c78fb1b40ec5', '766088b6-7e2f-4fec-9fa7-8c6a17753f79', 'bcad95b5-172c-49dc-9cc4-8cb67e29fcff', 'ff7efcbe-82e0-45f2-928c-9385cf1bb926', '330a6d42-6909-429d-907b-22121bc7513f', '/data/localization/nginx/certs/shiping/pix/', 0, NULL);
INSERT INTO `template_config` VALUES ('f129f69d-20e6-4906-b795-0a4b2e4c55c1', '766088b6-7e2f-4fec-9fa7-8c6a17753f79', 'bcad95b5-172c-49dc-9cc4-8cb67e29fcff', '3495e0f0-400f-415e-bbb5-be53f87032ff', '07aba48b-2e88-44a7-a385-1fa3edc7e656', '8888', 0, '649fca8c-58ba-4a2e-91ae-c753ab0ac74e');
INSERT INTO `template_config` VALUES ('f13b1998-b964-4660-95ae-adc75c8bad83', '766088b6-7e2f-4fec-9fa7-8c6a17753f79', 'bcad95b5-172c-49dc-9cc4-8cb67e29fcff', '3495e0f0-400f-415e-bbb5-be53f87032ff', '4ab830e8-7c2f-4da4-bab2-7e3a1b90fdf4', 'admin', 0, '6af1c86a-7049-480c-b88a-1830f03fa83b');
INSERT INTO `template_config` VALUES ('f14407ac-c084-40a1-a5d3-afa996c3c577', '766088b6-7e2f-4fec-9fa7-8c6a17753f79', 'bcad95b5-172c-49dc-9cc4-8cb67e29fcff', 'a53e2fdb-41fd-49fe-92c4-0dd5ec1384e9', 'ed114732-b572-4bc3-8c18-d97436eba200', 'realtime-2:7808', 0, '94a9fb28-9bc7-4d5b-ae25-b88e0cc0c69b');
INSERT INTO `template_config` VALUES ('f153bb69-fc91-4147-9ff8-4b552b3cba12', '766088b6-7e2f-4fec-9fa7-8c6a17753f79', 'bcad95b5-172c-49dc-9cc4-8cb67e29fcff', 'a53e2fdb-41fd-49fe-92c4-0dd5ec1384e9', '809e4e3d-17b0-4a3e-ab09-32dd1ad53cba', 'realtime-3:18001', 0, 'ace704c1-56cb-46ff-91ad-755121ca0df7');
INSERT INTO `template_config` VALUES ('f25e2342-5509-4693-b707-26d810c3c256', '766088b6-7e2f-4fec-9fa7-8c6a17753f79', 'bcad95b5-172c-49dc-9cc4-8cb67e29fcff', '3495e0f0-400f-415e-bbb5-be53f87032ff', '845adb35-13b8-404b-ada6-23c6506891ec', '26480', 0, 'd84ee80d-a6e8-4872-aa1f-29d37a572ead');
INSERT INTO `template_config` VALUES ('f2cfae4b-d3ec-4677-acff-6f1b72a5d118', '766088b6-7e2f-4fec-9fa7-8c6a17753f79', 'bcad95b5-172c-49dc-9cc4-8cb67e29fcff', '3495e0f0-400f-415e-bbb5-be53f87032ff', '4a2bc3dc-9b43-4799-b5b1-344895fea773', 'Sun_unix*1101', 0, '285dc207-b064-4dc9-8902-fbb574d4fcc4');
INSERT INTO `template_config` VALUES ('f392725a-9584-4c5e-a792-a634ca61e766', '766088b6-7e2f-4fec-9fa7-8c6a17753f79', 'bcad95b5-172c-49dc-9cc4-8cb67e29fcff', '3495e0f0-400f-415e-bbb5-be53f87032ff', '57a0cffe-770a-4feb-96f1-016b0f0ee405', 'web', 0, '0eaf1c69-950c-404f-9496-a25de04fedb6');
INSERT INTO `template_config` VALUES ('f3f6b7be-b7d5-4bcf-8a70-746e6603dafa', '766088b6-7e2f-4fec-9fa7-8c6a17753f79', 'bcad95b5-172c-49dc-9cc4-8cb67e29fcff', '3495e0f0-400f-415e-bbb5-be53f87032ff', '04db4aa7-2cba-40e3-a7e0-cb0f31cf3d53', 'zanalytics', 0, 'a994bf93-7923-4e76-9561-9725b9b3eaa2');
INSERT INTO `template_config` VALUES ('f46f89f4-8cc5-439d-ad72-5b698985f1de', '766088b6-7e2f-4fec-9fa7-8c6a17753f79', 'bcad95b5-172c-49dc-9cc4-8cb67e29fcff', '74070bb1-e941-4b8b-bc12-4e8ed114cb8e', 'f6b7e8d0-4493-4584-aa0a-0f16e87e29d0', 'realtime-mkt:1922', 0, 'f1b86c81-dbd5-456e-8cca-30312fd1a14f');
INSERT INTO `template_config` VALUES ('f47d2efa-6d4c-401d-8a60-dca67e27e47a', '766088b6-7e2f-4fec-9fa7-8c6a17753f79', 'bcad95b5-172c-49dc-9cc4-8cb67e29fcff', 'a53e2fdb-41fd-49fe-92c4-0dd5ec1384e9', 'bd59b14d-591f-442f-a1c6-7fb00cf897b8', 'realtime-1', 0, 'cdcd8e0f-bf68-402b-86af-9390750a4c88');
INSERT INTO `template_config` VALUES ('f4e5c6c8-9e4a-4a40-b209-f9d60878e154', '766088b6-7e2f-4fec-9fa7-8c6a17753f79', 'bcad95b5-172c-49dc-9cc4-8cb67e29fcff', '3495e0f0-400f-415e-bbb5-be53f87032ff', '51dfab55-e065-4f28-aaf4-7fbe588f56b2', 'admin', 0, '6af1c86a-7049-480c-b88a-1830f03fa83b');
INSERT INTO `template_config` VALUES ('f512050e-4b7d-4565-97a6-622233f3de6c', '766088b6-7e2f-4fec-9fa7-8c6a17753f79', 'bcad95b5-172c-49dc-9cc4-8cb67e29fcff', '2abee20d-0d51-4def-b00c-0d1b7abbcf38', '74a6f722-f3b9-48eb-9d3d-aaa15a48773e', 'realtime-1', 0, 'cdcd8e0f-bf68-402b-86af-9390750a4c88');
INSERT INTO `template_config` VALUES ('f53864da-abfe-4d59-935a-ad16bf568fbf', '766088b6-7e2f-4fec-9fa7-8c6a17753f79', 'bcad95b5-172c-49dc-9cc4-8cb67e29fcff', '2abee20d-0d51-4def-b00c-0d1b7abbcf38', '7645aa2a-e247-40d5-ab26-608a61ef85ac', 'zanalytics', 0, 'a994bf93-7923-4e76-9561-9725b9b3eaa2');
INSERT INTO `template_config` VALUES ('f55a215e-bc85-420b-a541-4b6eb866c3b6', '766088b6-7e2f-4fec-9fa7-8c6a17753f79', 'bcad95b5-172c-49dc-9cc4-8cb67e29fcff', '836280f1-e35b-4089-acaf-8708b542ab58', '9b02b865-2f4c-4021-b526-f2a6bb25ea40', 'Sun_unix*1101', 0, '285dc207-b064-4dc9-8902-fbb574d4fcc4');
INSERT INTO `template_config` VALUES ('f58fd2c8-4c3b-4731-88d6-f9740b0056bc', '766088b6-7e2f-4fec-9fa7-8c6a17753f79', 'bcad95b5-172c-49dc-9cc4-8cb67e29fcff', '3495e0f0-400f-415e-bbb5-be53f87032ff', 'fa6cb6b5-54f9-4862-91cf-75fd24feaff5', '21050', 0, 'f4b8e42a-9612-41f9-9140-71a83c6887eb');
INSERT INTO `template_config` VALUES ('f59d6da4-249b-44f8-ba24-85fc2c9dea4d', '766088b6-7e2f-4fec-9fa7-8c6a17753f79', 'bcad95b5-172c-49dc-9cc4-8cb67e29fcff', '3495e0f0-400f-415e-bbb5-be53f87032ff', '38e8752a-e806-4e9b-9662-e3a3a7386c6e', 'zanalytics', 0, 'a994bf93-7923-4e76-9561-9725b9b3eaa2');
INSERT INTO `template_config` VALUES ('f5e45ee9-d2bd-49fa-b238-f8961bc474aa', '766088b6-7e2f-4fec-9fa7-8c6a17753f79', 'bcad95b5-172c-49dc-9cc4-8cb67e29fcff', '836280f1-e35b-4089-acaf-8708b542ab58', '7ac394f0-e36d-48a0-862f-aba307be8838', 'zanalytics', 0, 'a994bf93-7923-4e76-9561-9725b9b3eaa2');
INSERT INTO `template_config` VALUES ('f69d4d3f-fd6f-41b1-969c-fb65ab5b3ef3', '766088b6-7e2f-4fec-9fa7-8c6a17753f79', 'bcad95b5-172c-49dc-9cc4-8cb67e29fcff', '836280f1-e35b-4089-acaf-8708b542ab58', 'ebb3c061-1141-41f3-81d4-d11e87cb62c1', 'realtime-1', 0, 'cdcd8e0f-bf68-402b-86af-9390750a4c88');
INSERT INTO `template_config` VALUES ('f71c308b-c9c8-40cc-bbf5-d48ef55d28bf', '766088b6-7e2f-4fec-9fa7-8c6a17753f79', 'bcad95b5-172c-49dc-9cc4-8cb67e29fcff', 'a53e2fdb-41fd-49fe-92c4-0dd5ec1384e9', '8447f2bc-d786-4588-9ef7-7f8dc4c0b687', '6379', 0, '55afabfd-7ea1-4f6b-b0d4-070704cb47c2');
INSERT INTO `template_config` VALUES ('f7961087-2d21-4cd2-abbd-c2b0c578a10e', '766088b6-7e2f-4fec-9fa7-8c6a17753f79', 'bcad95b5-172c-49dc-9cc4-8cb67e29fcff', 'a53e2fdb-41fd-49fe-92c4-0dd5ec1384e9', '68f42382-8aec-449e-8c5d-f9038a272e8d', 'realtime-1', 0, 'cdcd8e0f-bf68-402b-86af-9390750a4c88');
INSERT INTO `template_config` VALUES ('f8279abc-dbbe-4695-a408-661b758a0785', '766088b6-7e2f-4fec-9fa7-8c6a17753f79', 'bcad95b5-172c-49dc-9cc4-8cb67e29fcff', 'bf6b97d2-ca41-48ec-83b4-948e08d3de2d', 'b45d1d0b-79c0-4676-912b-ec8e17f3e2a0', '21050', 0, 'f4b8e42a-9612-41f9-9140-71a83c6887eb');
INSERT INTO `template_config` VALUES ('f8284dd1-931e-4d9f-8afc-8cbed4373eb9', '766088b6-7e2f-4fec-9fa7-8c6a17753f79', 'bcad95b5-172c-49dc-9cc4-8cb67e29fcff', '836280f1-e35b-4089-acaf-8708b542ab58', '8f6fd8e5-4fe3-48a2-b6a5-e2465360c56a', 'realtime-1:80', 0, '3f01f552-ffd2-4105-8035-73c14cc63736');
INSERT INTO `template_config` VALUES ('f8a0be66-f660-4eba-8777-5cf33decc78d', '766088b6-7e2f-4fec-9fa7-8c6a17753f79', 'bcad95b5-172c-49dc-9cc4-8cb67e29fcff', '05a57403-45b7-4a38-ab60-6f6472e2d12f', 'eeffaf41-65b2-4f31-99fc-437e95d100e8', 'shiping', 0, NULL);
INSERT INTO `template_config` VALUES ('f8adb6d8-e03a-42b6-bb5b-a6112db48742', '766088b6-7e2f-4fec-9fa7-8c6a17753f79', 'bcad95b5-172c-49dc-9cc4-8cb67e29fcff', 'bf6b97d2-ca41-48ec-83b4-948e08d3de2d', '0a3af30a-8189-469b-8d51-0f52bfaf1ed3', 'realtime-1:80', 0, '3f01f552-ffd2-4105-8035-73c14cc63736');
INSERT INTO `template_config` VALUES ('f8b0687c-7104-490d-ab87-17178ac1d221', '766088b6-7e2f-4fec-9fa7-8c6a17753f79', 'bcad95b5-172c-49dc-9cc4-8cb67e29fcff', '92ce15ea-344c-42d1-aaca-d612ad061e1e', 'ffdc99fb-b6a9-4b27-863e-0aa44d4b2c86', '7', 0, NULL);
INSERT INTO `template_config` VALUES ('f9077bcc-702e-4920-8f3d-7152e2e83904', '766088b6-7e2f-4fec-9fa7-8c6a17753f79', 'bcad95b5-172c-49dc-9cc4-8cb67e29fcff', '69fffb19-0b7e-4e99-94f9-82219f3dedd5', 'e0a9b321-779e-41d2-b79f-b1d78b9005ed', 'Sun_unix*1101', 0, '285dc207-b064-4dc9-8902-fbb574d4fcc4');
INSERT INTO `template_config` VALUES ('f965822f-5246-45fd-b0a9-62a6c9a737c8', '766088b6-7e2f-4fec-9fa7-8c6a17753f79', 'bcad95b5-172c-49dc-9cc4-8cb67e29fcff', 'bcef4e57-ba45-4743-9bbf-599723421a67', 'bdcc9d9d-3fda-4e3e-a647-9a85bcc298da', 'realtime-1', 0, 'cdcd8e0f-bf68-402b-86af-9390750a4c88');
INSERT INTO `template_config` VALUES ('fa1a234c-9810-4623-9e2e-ec25b14646c9', '766088b6-7e2f-4fec-9fa7-8c6a17753f79', 'bcad95b5-172c-49dc-9cc4-8cb67e29fcff', 'bcef4e57-ba45-4743-9bbf-599723421a67', '3cb165d3-739e-4eb5-938d-99970eddd124', 'zanalytics', 0, 'a994bf93-7923-4e76-9561-9725b9b3eaa2');
INSERT INTO `template_config` VALUES ('faf9c0df-4990-4ffd-bbc9-828690e76eaf', '766088b6-7e2f-4fec-9fa7-8c6a17753f79', 'bcad95b5-172c-49dc-9cc4-8cb67e29fcff', '05a57403-45b7-4a38-ab60-6f6472e2d12f', 'add70631-5d9e-4b97-b018-7226ce517e72', 'true', 0, 'a0c7a06a-9579-4a96-97ae-b5e911b4e001');
INSERT INTO `template_config` VALUES ('fb5d57ef-b9f6-455b-8635-2bd9dd31b9de', '766088b6-7e2f-4fec-9fa7-8c6a17753f79', 'bcad95b5-172c-49dc-9cc4-8cb67e29fcff', 'a53e2fdb-41fd-49fe-92c4-0dd5ec1384e9', '21a2e350-ec6a-4f67-9c69-48bdcf736160', 'realtime-1:8081', 0, '1db37b3c-74e6-4c0b-8040-c40fa20252f2');
INSERT INTO `template_config` VALUES ('fbbe3c8c-42b0-447a-9df5-e27732ea60df', '766088b6-7e2f-4fec-9fa7-8c6a17753f79', 'bcad95b5-172c-49dc-9cc4-8cb67e29fcff', 'a53e2fdb-41fd-49fe-92c4-0dd5ec1384e9', '8840e575-f051-46a4-93c4-b5c37ebea845', 'zanalytics', 0, 'a994bf93-7923-4e76-9561-9725b9b3eaa2');
INSERT INTO `template_config` VALUES ('fc927906-c55f-44c9-8850-67ebeca892ba', '766088b6-7e2f-4fec-9fa7-8c6a17753f79', 'bcad95b5-172c-49dc-9cc4-8cb67e29fcff', '74070bb1-e941-4b8b-bc12-4e8ed114cb8e', '1b4fdc2d-715b-461a-898e-d0684526234a', 'web', 0, '0eaf1c69-950c-404f-9496-a25de04fedb6');
INSERT INTO `template_config` VALUES ('fce527eb-146a-4ddf-b311-05ec8956b02f', '766088b6-7e2f-4fec-9fa7-8c6a17753f79', 'bcad95b5-172c-49dc-9cc4-8cb67e29fcff', '74070bb1-e941-4b8b-bc12-4e8ed114cb8e', '9a4efd2c-cca4-49ce-961c-a235750960e5', 'realtime-1', 0, 'cdcd8e0f-bf68-402b-86af-9390750a4c88');
INSERT INTO `template_config` VALUES ('fd190a81-8210-4168-a44f-8e1ef2f9041f', '766088b6-7e2f-4fec-9fa7-8c6a17753f79', 'bcad95b5-172c-49dc-9cc4-8cb67e29fcff', 'a2168f32-c611-4c91-94ef-dab48e1bd5b1', '373a32bb-abce-4e16-b1e5-3060dbc99e1a', '9200', 0, 'c3395019-db38-4361-bef0-71b2c5b6f4f9');
INSERT INTO `template_config` VALUES ('fdaf771f-2245-477a-ae8d-fd0f4ef203f9', '766088b6-7e2f-4fec-9fa7-8c6a17753f79', 'bcad95b5-172c-49dc-9cc4-8cb67e29fcff', '3495e0f0-400f-415e-bbb5-be53f87032ff', '401c76b3-990e-4ec2-b91c-d8a9ce913441', '8892', 0, 'e8876432-32e5-4abc-b503-3bee10d03470');
INSERT INTO `template_config` VALUES ('fe05bf9b-02f5-4f52-bd6a-cd76184c0ccf', '766088b6-7e2f-4fec-9fa7-8c6a17753f79', 'bcad95b5-172c-49dc-9cc4-8cb67e29fcff', 'a53e2fdb-41fd-49fe-92c4-0dd5ec1384e9', '40485710-2bd3-49a8-88ad-58f3ff74acae', 'realtime-1:8800', 0, 'c5603ca6-1d13-4e46-9ffd-606b2efcee28');
INSERT INTO `template_config` VALUES ('fe75e069-68fd-45a4-9a8e-a50af280e347', '766088b6-7e2f-4fec-9fa7-8c6a17753f79', 'bcad95b5-172c-49dc-9cc4-8cb67e29fcff', '3495e0f0-400f-415e-bbb5-be53f87032ff', '4b1f74b6-6365-4932-a1c4-5406af268c2d', 'zanalytics', 0, 'a994bf93-7923-4e76-9561-9725b9b3eaa2');
INSERT INTO `template_config` VALUES ('feb699d4-c031-4371-a4c6-ec471f38c903', '766088b6-7e2f-4fec-9fa7-8c6a17753f79', 'bcad95b5-172c-49dc-9cc4-8cb67e29fcff', '05a57403-45b7-4a38-ab60-6f6472e2d12f', '7818873e-4d78-4ff1-971a-a008e3dfa5ca', 'false', 0, '693772c3-5ca2-41e8-9a2e-0be57dd529fd');
COMMIT;

-- ----------------------------
-- Table structure for template_global_config
-- ----------------------------
DROP TABLE IF EXISTS `template_global_config`;
CREATE TABLE `template_global_config` (
  `id` varchar(50) NOT NULL DEFAULT '',
  `name` varchar(50) DEFAULT NULL COMMENT '名称',
  `description` text CHARACTER SET utf8 COLLATE utf8_general_ci COMMENT '描述',
  `template_id` varchar(50) DEFAULT NULL COMMENT '模板id',
  `template_version_id` varchar(50) DEFAULT NULL COMMENT '模板版本id',
  `target_value` text CHARACTER SET utf8 COLLATE utf8_general_ci COMMENT '默认值',
  `is_hidden` tinyint(1) NOT NULL DEFAULT '0' COMMENT '是否隐藏配置项',
  `type` int DEFAULT NULL COMMENT '配置类型',
  PRIMARY KEY (`id`),
  KEY `template_version_id` (`template_version_id`),
  KEY `template_id` (`template_id`),
  CONSTRAINT `template_source_config_ibfk_1` FOREIGN KEY (`template_version_id`) REFERENCES `template_version` (`id`),
  CONSTRAINT `template_source_config_ibfk_2` FOREIGN KEY (`template_id`) REFERENCES `template` (`id`)
) ENGINE=InnoDB DEFAULT CHARSET=utf8mb3 COMMENT='模板中全局配置信息';

-- ----------------------------
-- Records of template_global_config
-- ----------------------------
BEGIN;
INSERT INTO `template_global_config` VALUES ('0222f2f3-d35e-41be-aec7-6848e40ab1e1', 'debug内网服务部署地址', 'debug内网服务部署地址', '766088b6-7e2f-4fec-9fa7-8c6a17753f79', 'bcad95b5-172c-49dc-9cc4-8cb67e29fcff', 'realtime-1:16688', 0, 0);
INSERT INTO `template_global_config` VALUES ('03a2d110-e635-4bcb-be4b-7b99cd0778bc', '触达2.0相关配置', '触达2.0相关配置', '766088b6-7e2f-4fec-9fa7-8c6a17753f79', 'bcad95b5-172c-49dc-9cc4-8cb67e29fcff', 'realtime-mkt:1924', 0, 0);
INSERT INTO `template_global_config` VALUES ('0eaf1c69-950c-404f-9496-a25de04fedb6', '前端mysql库连接配置（host,登录名,登录密码,端口）', '前端mysql库连接配置（host,登录名,登录密码,端口）', '766088b6-7e2f-4fec-9fa7-8c6a17753f79', 'bcad95b5-172c-49dc-9cc4-8cb67e29fcff', 'web', 0, 0);
INSERT INTO `template_global_config` VALUES ('1db37b3c-74e6-4c0b-8040-c40fa20252f2', 'zabbix-web-api', 'zabbix-web-api', '766088b6-7e2f-4fec-9fa7-8c6a17753f79', 'bcad95b5-172c-49dc-9cc4-8cb67e29fcff', 'realtime-1:8081', 0, 0);
INSERT INTO `template_global_config` VALUES ('1dc3ce16-5593-4d5a-b8fb-3939274055f6', '触达2.0相关配置', '触达2.0相关配置', '766088b6-7e2f-4fec-9fa7-8c6a17753f79', 'bcad95b5-172c-49dc-9cc4-8cb67e29fcff', 'realtime-mkt:18001', 0, 0);
INSERT INTO `template_global_config` VALUES ('209c1f3b-d3b9-4711-92ea-36f77abfb7e2', '老模块静态文件访问目录', '老模块静态文件访问目录', '766088b6-7e2f-4fec-9fa7-8c6a17753f79', 'bcad95b5-172c-49dc-9cc4-8cb67e29fcff', '/webapp/', 0, 0);
INSERT INTO `template_global_config` VALUES ('285dc207-b064-4dc9-8902-fbb574d4fcc4', 'redis 6379端口', 'redis 6379端口\n redis 26480端口\n redis 26555端口\n redis 6371端口（触达）', '766088b6-7e2f-4fec-9fa7-8c6a17753f79', 'bcad95b5-172c-49dc-9cc4-8cb67e29fcff', 'Sun_unix*1101', 0, 0);
INSERT INTO `template_global_config` VALUES ('3a55fef5-c140-484d-9a00-182e164b8094', 'kudu集群', 'kudu集群', '766088b6-7e2f-4fec-9fa7-8c6a17753f79', 'bcad95b5-172c-49dc-9cc4-8cb67e29fcff', 'realtime-1:7051,realtime-2:7051,realtime-3:7051', 0, 0);
INSERT INTO `template_global_config` VALUES ('3aefc8db-738b-432e-9dc2-d6ff0dee6acf', 'redis 8897端口', 'redis 8897端口', '766088b6-7e2f-4fec-9fa7-8c6a17753f79', 'bcad95b5-172c-49dc-9cc4-8cb67e29fcff', '8897', 0, 0);
INSERT INTO `template_global_config` VALUES ('3f01f552-ffd2-4105-8035-73c14cc63736', '合并端口内网访问地址', '合并端口内网访问地址', '766088b6-7e2f-4fec-9fa7-8c6a17753f79', 'bcad95b5-172c-49dc-9cc4-8cb67e29fcff', 'realtime-1:80', 0, 0);
INSERT INTO `template_global_config` VALUES ('4bdbba65-1b2d-4ce2-a23b-2b7573a6fb60', '触达2.0相关配置', '触达2.0相关配置', '766088b6-7e2f-4fec-9fa7-8c6a17753f79', 'bcad95b5-172c-49dc-9cc4-8cb67e29fcff', 'realtime-mkt:1920', 0, 0);
INSERT INTO `template_global_config` VALUES ('55afabfd-7ea1-4f6b-b0d4-070704cb47c2', 'redis 6379端口', 'redis 6379端口', '766088b6-7e2f-4fec-9fa7-8c6a17753f79', 'bcad95b5-172c-49dc-9cc4-8cb67e29fcff', '6379', 0, 0);
INSERT INTO `template_global_config` VALUES ('56d4d87a-2fc8-420b-9e20-1a6238e8cc9b', '微信内网（www）服务部署地址（默认1个）【/data/wt/www/config】', '微信内网（www）服务部署地址（默认1个）【/data/wt/www/config】', '766088b6-7e2f-4fec-9fa7-8c6a17753f79', 'bcad95b5-172c-49dc-9cc4-8cb67e29fcff', 'realtime-1:7715', 0, 0);
INSERT INTO `template_global_config` VALUES ('5bc40f77-7954-4231-bf9c-b04947b39b9d', '前端mysql库连接配置（host,登录名,登录密码,端口）', '前端mysql库连接配置（host,登录名,登录密码,端口）', '766088b6-7e2f-4fec-9fa7-8c6a17753f79', 'bcad95b5-172c-49dc-9cc4-8cb67e29fcff', '3306', 0, 0);
INSERT INTO `template_global_config` VALUES ('649fca8c-58ba-4a2e-91ae-c753ab0ac74e', 'ssdb 8888端口', 'ssdb 8888端口', '766088b6-7e2f-4fec-9fa7-8c6a17753f79', 'bcad95b5-172c-49dc-9cc4-8cb67e29fcff', '8888', 0, 0);
INSERT INTO `template_global_config` VALUES ('693772c3-5ca2-41e8-9a2e-0be57dd529fd', '登录图片验证码开关', '登录图片验证码开关\n 虚拟应用开关\n app扫码下载\n 是否开启应用备注功能\n webapp相关配置\n 是否启用分析平台的视屏功能', '766088b6-7e2f-4fec-9fa7-8c6a17753f79', 'bcad95b5-172c-49dc-9cc4-8cb67e29fcff', 'false', 0, 0);
INSERT INTO `template_global_config` VALUES ('6af1c86a-7049-480c-b88a-1830f03fa83b', 'impala连接配置（host,登录名,登录密码,端口,仓库名）', 'impala连接配置（host,登录名,登录密码,端口,仓库名）', '766088b6-7e2f-4fec-9fa7-8c6a17753f79', 'bcad95b5-172c-49dc-9cc4-8cb67e29fcff', 'admin', 0, 0);
INSERT INTO `template_global_config` VALUES ('814350c2-fd5a-48f3-9a0e-42fefcf63335', '微信服务端www访问地址', '微信服务端www访问地址', '766088b6-7e2f-4fec-9fa7-8c6a17753f79', 'bcad95b5-172c-49dc-9cc4-8cb67e29fcff', 'https://weixin.zhugeio.com', 0, 0);
INSERT INTO `template_global_config` VALUES ('87ebc34c-2aa8-45de-ae1f-31a3083aa217', '触达2.0相关配置', '触达2.0相关配置', '766088b6-7e2f-4fec-9fa7-8c6a17753f79', 'bcad95b5-172c-49dc-9cc4-8cb67e29fcff', '/data/mkt', 0, 0);
INSERT INTO `template_global_config` VALUES ('8bd5203d-f063-442e-98b6-3455871f83cd', 'node服务（来源映射、sdk、实时概览、数据接入等）', 'node服务（来源映射、sdk、实时概览、数据接入等）', '766088b6-7e2f-4fec-9fa7-8c6a17753f79', 'bcad95b5-172c-49dc-9cc4-8cb67e29fcff', 'realtime-3:9004', 0, 0);
INSERT INTO `template_global_config` VALUES ('8be1c9e0-6260-43cb-9eae-3ce6ba101b97', 'sql查询平台内网服务部署地址', 'sql查询平台内网服务部署地址', '766088b6-7e2f-4fec-9fa7-8c6a17753f79', 'bcad95b5-172c-49dc-9cc4-8cb67e29fcff', 'realtime-1:9003', 0, 0);
INSERT INTO `template_global_config` VALUES ('92688a81-7fff-4bef-af9a-1e30dbf19bd0', 'zgsee内网服务部署地址', 'zgsee内网服务部署地址', '766088b6-7e2f-4fec-9fa7-8c6a17753f79', 'bcad95b5-172c-49dc-9cc4-8cb67e29fcff', 'realtime-1:18080', 0, 0);
INSERT INTO `template_global_config` VALUES ('94a9fb28-9bc7-4d5b-ae25-b88e0cc0c69b', 'es查询服务', 'es查询服务', '766088b6-7e2f-4fec-9fa7-8c6a17753f79', 'bcad95b5-172c-49dc-9cc4-8cb67e29fcff', 'realtime-2:7808', 0, 0);
INSERT INTO `template_global_config` VALUES ('9bc57dc5-5fe0-4d5c-a90e-94b43c72e5fe', 'kafka服务集群', 'kafka服务集群\n 触达2.0相关配置', '766088b6-7e2f-4fec-9fa7-8c6a17753f79', 'bcad95b5-172c-49dc-9cc4-8cb67e29fcff', 'realtime-1:9092,realtime-2:9092,realtime-3:9092', 0, 0);
INSERT INTO `template_global_config` VALUES ('a0c7a06a-9579-4a96-97ae-b5e911b4e001', 'deepShare开关', 'deepShare开关\n 数据日报开关(有日报必须有微信菜单，有微信菜单可以不用日报)\n 显示logo\n 分析平台的可视化埋点\n 用户信息下载控制开关，true显示下载/false隐藏下载\n 是否在触达内部显示诸葛信息', '766088b6-7e2f-4fec-9fa7-8c6a17753f79', 'bcad95b5-172c-49dc-9cc4-8cb67e29fcff', 'true', 0, 0);
INSERT INTO `template_global_config` VALUES ('a1459e2a-7ced-4a96-808e-8b544627ecca', '触达2.0相关配置', '触达2.0相关配置', '766088b6-7e2f-4fec-9fa7-8c6a17753f79', 'bcad95b5-172c-49dc-9cc4-8cb67e29fcff', 'realtime-mkt:1925', 0, 0);
INSERT INTO `template_global_config` VALUES ('a994bf93-7923-4e76-9561-9725b9b3eaa2', 'impala连接配置（host,登录名,登录密码,端口,仓库名）', 'impala连接配置（host,登录名,登录密码,端口,仓库名）\n 前端mysql库连接配置（host,登录名,登录密码,端口）', '766088b6-7e2f-4fec-9fa7-8c6a17753f79', 'bcad95b5-172c-49dc-9cc4-8cb67e29fcff', 'zanalytics', 0, 0);
INSERT INTO `template_global_config` VALUES ('ace704c1-56cb-46ff-91ad-755121ca0df7', '触达内网（www）服务部署地址（默认两个）【/data/marketing/www/config】', '触达内网（www）服务部署地址（默认两个）【/data/marketing/www/config】', '766088b6-7e2f-4fec-9fa7-8c6a17753f79', 'bcad95b5-172c-49dc-9cc4-8cb67e29fcff', 'realtime-3:18001', 0, 0);
INSERT INTO `template_global_config` VALUES ('b7874f6a-fea2-4b0c-8e05-f05bf6104996', '触达内网（www）服务部署地址（默认两个）【/data/marketing/www/config】', '触达内网（www）服务部署地址（默认两个）【/data/marketing/www/config】', '766088b6-7e2f-4fec-9fa7-8c6a17753f79', 'bcad95b5-172c-49dc-9cc4-8cb67e29fcff', 'realtime-2:18001', 0, 0);
INSERT INTO `template_global_config` VALUES ('b792243e-b7f1-4b53-aa73-1f0a06b43301', '页面的title信息', '页面的title信息', '766088b6-7e2f-4fec-9fa7-8c6a17753f79', 'bcad95b5-172c-49dc-9cc4-8cb67e29fcff', '数据分析', 0, 0);
INSERT INTO `template_global_config` VALUES ('b8982b66-b6de-427b-ac2f-010237c0175b', '诸葛打点，0关闭，1上传至saas，2上传至私有部署', '诸葛打点，0关闭，1上传至saas，2上传至私有部署', '766088b6-7e2f-4fec-9fa7-8c6a17753f79', 'bcad95b5-172c-49dc-9cc4-8cb67e29fcff', '0', 0, 0);
INSERT INTO `template_global_config` VALUES ('b9a2d943-f86e-4876-be4d-9d8571ec0618', '触达2.0相关配置', '触达2.0相关配置', '766088b6-7e2f-4fec-9fa7-8c6a17753f79', 'bcad95b5-172c-49dc-9cc4-8cb67e29fcff', 'realtime-mkt:1926', 0, 0);
INSERT INTO `template_global_config` VALUES ('c3395019-db38-4361-bef0-71b2c5b6f4f9', 'es集群1的ip', 'es集群1的ip', '766088b6-7e2f-4fec-9fa7-8c6a17753f79', 'bcad95b5-172c-49dc-9cc4-8cb67e29fcff', '9200', 0, 0);
INSERT INTO `template_global_config` VALUES ('c3a0ac8d-4646-4034-9faf-9b56c1ec9151', '分析sdkv内网服务部署地址（默认1个）', '分析sdkv内网服务部署地址（默认1个）', '766088b6-7e2f-4fec-9fa7-8c6a17753f79', 'bcad95b5-172c-49dc-9cc4-8cb67e29fcff', 'realtime-1:8080', 0, 0);
INSERT INTO `template_global_config` VALUES ('c5603ca6-1d13-4e46-9ffd-606b2efcee28', '分析api内网服务部署地址（默认1个）', '分析api内网服务部署地址（默认1个）', '766088b6-7e2f-4fec-9fa7-8c6a17753f79', 'bcad95b5-172c-49dc-9cc4-8cb67e29fcff', 'realtime-1:8800', 0, 0);
INSERT INTO `template_global_config` VALUES ('c870ce17-5f87-413b-8cb8-a18f47c33b21', 'es集群1的ip', 'es集群1的ip\n redis 6371端口（触达）\n redis 8897端口\n redis 8898端口\n ssdb 1217端口\n redis 8892端口\n redis 8893端口\n redis 8894端口\n redis 8895端口', '766088b6-7e2f-4fec-9fa7-8c6a17753f79', 'bcad95b5-172c-49dc-9cc4-8cb67e29fcff', 'realtime-2', 0, 0);
INSERT INTO `template_global_config` VALUES ('cbd80416-7233-4f33-8244-f7dc2a8d07bd', '合并端口外网访问地址(需要加协议http(s))(填网站的)', '合并端口外网访问地址(需要加协议http(s))(填网站的)\n 合并端口外网访问地址(需要加协议http(s))(填网关的)', '766088b6-7e2f-4fec-9fa7-8c6a17753f79', 'bcad95b5-172c-49dc-9cc4-8cb67e29fcff', 'https://uba.it.pkpm.cn', 0, 0);
INSERT INTO `template_global_config` VALUES ('cdcd8e0f-bf68-402b-86af-9390750a4c88', 'impala连接配置（host,登录名,登录密码,端口,仓库名）', 'impala连接配置（host,登录名,登录密码,端口,仓库名）\n ssdb 8888端口\n 前端mysql库连接配置（host,登录名,登录密码,端口）\n redis 6379端口\n redis 26480端口\n ssdb 8884端口\n redis 26555端口\n impala/hive元数据库连接配置（host,登录名,登录密码）', '766088b6-7e2f-4fec-9fa7-8c6a17753f79', 'bcad95b5-172c-49dc-9cc4-8cb67e29fcff', 'realtime-1', 0, 0);
INSERT INTO `template_global_config` VALUES ('d2d3d8ff-d37f-4367-bc70-ce6f5689bdbc', '触达2.0相关配置', '触达2.0相关配置', '766088b6-7e2f-4fec-9fa7-8c6a17753f79', 'bcad95b5-172c-49dc-9cc4-8cb67e29fcff', 'realtime-mkt:1923', 0, 0);
INSERT INTO `template_global_config` VALUES ('d84ee80d-a6e8-4872-aa1f-29d37a572ead', 'redis 26480端口', 'redis 26480端口', '766088b6-7e2f-4fec-9fa7-8c6a17753f79', 'bcad95b5-172c-49dc-9cc4-8cb67e29fcff', '26480', 0, 0);
INSERT INTO `template_global_config` VALUES ('e8876432-32e5-4abc-b503-3bee10d03470', 'redis 8892端口', 'redis 8892端口', '766088b6-7e2f-4fec-9fa7-8c6a17753f79', 'bcad95b5-172c-49dc-9cc4-8cb67e29fcff', '8892', 0, 0);
INSERT INTO `template_global_config` VALUES ('e892b85e-7a63-4c4d-aaba-452405df919c', 'redis 6372端口（触达）', 'redis 6372端口（触达）', '766088b6-7e2f-4fec-9fa7-8c6a17753f79', 'bcad95b5-172c-49dc-9cc4-8cb67e29fcff', 'realtime-3', 0, 0);
INSERT INTO `template_global_config` VALUES ('eff0c2b3-8917-452c-a777-3b0d217b08b9', '触达2.0相关配置', '触达2.0相关配置', '766088b6-7e2f-4fec-9fa7-8c6a17753f79', 'bcad95b5-172c-49dc-9cc4-8cb67e29fcff', 'realtime-mkt:1927', 0, 0);
INSERT INTO `template_global_config` VALUES ('f1b86c81-dbd5-456e-8cca-30312fd1a14f', '触达2.0相关配置', '触达2.0相关配置', '766088b6-7e2f-4fec-9fa7-8c6a17753f79', 'bcad95b5-172c-49dc-9cc4-8cb67e29fcff', 'realtime-mkt:1922', 0, 0);
INSERT INTO `template_global_config` VALUES ('f4b8e42a-9612-41f9-9140-71a83c6887eb', 'impala连接配置（host,登录名,登录密码,端口,仓库名）', 'impala连接配置（host,登录名,登录密码,端口,仓库名）', '766088b6-7e2f-4fec-9fa7-8c6a17753f79', 'bcad95b5-172c-49dc-9cc4-8cb67e29fcff', '21050', 0, 0);
INSERT INTO `template_global_config` VALUES ('f89c78d9-9bfd-4ab3-bc53-202c51fd36e7', 'sdkv-tomcat目录,api-tomcat目录', 'sdkv-tomcat目录,api-tomcat目录', '766088b6-7e2f-4fec-9fa7-8c6a17753f79', 'bcad95b5-172c-49dc-9cc4-8cb67e29fcff', '/data/localization/web/tomcat', 0, 0);
INSERT INTO `template_global_config` VALUES ('fdbecdfc-8340-4e2b-b081-3e97b4ae7ef5', '微信客户端kafka-topic', '微信客户端kafka-topic', '766088b6-7e2f-4fec-9fa7-8c6a17753f79', 'bcad95b5-172c-49dc-9cc4-8cb67e29fcff', 'wt-weixin-topic', 0, 0);
COMMIT;

-- ----------------------------
-- Table structure for template_version
-- ----------------------------
DROP TABLE IF EXISTS `template_version`;
CREATE TABLE `template_version` (
  `id` varchar(50) NOT NULL DEFAULT '' COMMENT '模板版本id',
  `template_id` varchar(50) DEFAULT NULL COMMENT '模板id',
  `description` varchar(200) DEFAULT NULL COMMENT '版本描述',
  `version` varchar(50) DEFAULT NULL COMMENT '模板版本号',
  `status` int NOT NULL DEFAULT '1' COMMENT '版本状态：0：废弃；1：正常；',
  `publish_time` timestamp NULL DEFAULT NULL COMMENT '版本发布时间',
  `readme_doc` text COMMENT '说明文档',
  `build_doc` text COMMENT '部署文档',
  `update_doc` text COMMENT '更新文档',
  `public_type` int DEFAULT NULL COMMENT '0 发布git 1 下载',
  PRIMARY KEY (`id`),
  KEY `template_id` (`template_id`),
  CONSTRAINT `template_version_ibfk_3` FOREIGN KEY (`template_id`) REFERENCES `template` (`id`)
) ENGINE=InnoDB DEFAULT CHARSET=utf8mb3 COMMENT='模板版本';

-- ----------------------------
-- Records of template_version
-- ----------------------------
BEGIN;
INSERT INTO `template_version` VALUES ('bcad95b5-172c-49dc-9cc4-8cb67e29fcff', '766088b6-7e2f-4fec-9fa7-8c6a17753f79', '包含了全部git库的模版', '1.0.0', 2, '2021-12-29 16:31:43', '\n# zhugesdkv\n\n# webapp\n\n# zgSee\n\n# zhugeio-api\n\n# etl-private\n\n# clockwork\n\n# smc-stable-svr\n\n# wt\n\n# js-sdk\n\n# m-webapp\n\n# dimension_expansion\n\n# webapp-server\n\n# api-extension\n\n# zgsee-init\n\n# zhugeio-tools\n\n# zhugeio-marketing-cloud\n\n# market-cloud-app\n\n# zhugeio-es\n\n# zgsee-pix\n\n# etl-virtual-app\n\n# playwell\n\n# zgsee-web\n', '\n# zhugesdkv\n\n# webapp\n\n# zgSee\n\n# zhugeio-api\n\n# etl-private\n\n# clockwork\n\n# smc-stable-svr\n\n# wt\n\n# js-sdk\n\n# m-webapp\n\n# dimension_expansion\n\n# webapp-server\n\n# api-extension\n\n# zgsee-init\n\n# zhugeio-tools\n\n# zhugeio-marketing-cloud\n\n# market-cloud-app\n\n# zhugeio-es\n\n# zgsee-pix\n\n# etl-virtual-app\n\n# playwell\n\n# zgsee-web\n', '\n# zhugesdkv\n\n# webapp\n\n# zgSee\n\n# zhugeio-api\n\n# etl-private\n\n# clockwork\n\n# smc-stable-svr\n\n# wt\n\n# js-sdk\n\n# m-webapp\n\n# dimension_expansion\n\n# webapp-server\n\n# api-extension\n\n# zgsee-init\n\n# zhugeio-tools\n\n# zhugeio-marketing-cloud\n\n# market-cloud-app\n\n# zhugeio-es\n\n# zgsee-pix\n\n# etl-virtual-app\n\n# playwell\n\n# zgsee-web\n', 0);
COMMIT;

-- ----------------------------
-- Table structure for template_version_git
-- ----------------------------
DROP TABLE IF EXISTS `template_version_git`;
CREATE TABLE `template_version_git` (
  `id` varchar(50) NOT NULL DEFAULT '',
  `template_id` varchar(50) DEFAULT NULL COMMENT '模板id',
  `template_version_id` varchar(50) DEFAULT NULL COMMENT '模板版本id',
  `git_source_id` varchar(50) DEFAULT NULL COMMENT 'git源id',
  `git_source_version_id` varchar(50) DEFAULT NULL COMMENT 'git源版本id',
  `git_source_branch_id` varchar(50) CHARACTER SET utf8 COLLATE utf8_general_ci DEFAULT NULL COMMENT 'git源branchId',
  PRIMARY KEY (`id`),
  KEY `template_id` (`template_id`),
  KEY `template_version_id` (`template_version_id`),
  KEY `git_source_id` (`git_source_id`),
  KEY `git_source_version_id` (`git_source_version_id`),
  CONSTRAINT `template_config_ibfk_1` FOREIGN KEY (`template_id`) REFERENCES `template` (`id`),
  CONSTRAINT `template_config_ibfk_2` FOREIGN KEY (`template_version_id`) REFERENCES `template_version` (`id`),
  CONSTRAINT `template_config_ibfk_3` FOREIGN KEY (`git_source_id`) REFERENCES `git_source` (`id`),
  CONSTRAINT `template_config_ibfk_4` FOREIGN KEY (`git_source_version_id`) REFERENCES `source_version` (`id`)
) ENGINE=InnoDB DEFAULT CHARSET=utf8mb3 COMMENT='模板版本中git源';

-- ----------------------------
-- Records of template_version_git
-- ----------------------------
BEGIN;
INSERT INTO `template_version_git` VALUES ('05a57403-45b7-4a38-ab60-6f6472e2d12f', '766088b6-7e2f-4fec-9fa7-8c6a17753f79', 'bcad95b5-172c-49dc-9cc4-8cb67e29fcff', '0f0dfcad-40a0-4a99-9bc6-232b4efb22d4', '8d1ab3f3-5a5c-4442-81a9-336cc455ef02', '7b541f87-00c4-455c-bf7c-23168fa9eca4');
INSERT INTO `template_version_git` VALUES ('0e936d24-15b6-4eaa-b2b3-1e33aa301290', '766088b6-7e2f-4fec-9fa7-8c6a17753f79', 'bcad95b5-172c-49dc-9cc4-8cb67e29fcff', '997e7123-62a2-438a-88cc-122c32965519', 'b27b0e60-a9a0-469e-a5a6-d59d3235a5ea', 'e3a73360-a439-4f08-bf12-201e1f3f5951');
INSERT INTO `template_version_git` VALUES ('2abee20d-0d51-4def-b00c-0d1b7abbcf38', '766088b6-7e2f-4fec-9fa7-8c6a17753f79', 'bcad95b5-172c-49dc-9cc4-8cb67e29fcff', '85866bad-811d-44af-952e-bdf1c1f1cd1a', '4a826f66-9c1d-42f7-a328-b1d84ead507f', '1a7dbda6-64d8-4762-957e-3e0fc685b2bc');
INSERT INTO `template_version_git` VALUES ('3495e0f0-400f-415e-bbb5-be53f87032ff', '766088b6-7e2f-4fec-9fa7-8c6a17753f79', 'bcad95b5-172c-49dc-9cc4-8cb67e29fcff', '37363fe8-c813-456e-aa3a-63275a8973f9', '07fcd766-9451-4287-9e4b-f27de4e3df14', '2adb04c3-4559-4239-bddc-1910ec83039a');
INSERT INTO `template_version_git` VALUES ('463fc385-dcf9-4e24-bf79-87edb82971b4', '766088b6-7e2f-4fec-9fa7-8c6a17753f79', 'bcad95b5-172c-49dc-9cc4-8cb67e29fcff', 'dae89e64-2932-4bec-b3ae-4ac5be585617', '7a5c3982-1c5c-43c5-b4fa-15d9bd89fcdb', 'b19955a6-a909-4b56-811f-f481d1f0a3ad');
INSERT INTO `template_version_git` VALUES ('481d44b1-ae39-4846-9f88-fc4b74ef4de0', '766088b6-7e2f-4fec-9fa7-8c6a17753f79', 'bcad95b5-172c-49dc-9cc4-8cb67e29fcff', '51993461-d59f-4f5b-86a6-742db1d3194a', '7ff4386b-7102-411c-931e-f7e371e33dfa', '16681dcb-9b1d-4a01-b7b4-49642a8c597d');
INSERT INTO `template_version_git` VALUES ('69fffb19-0b7e-4e99-94f9-82219f3dedd5', '766088b6-7e2f-4fec-9fa7-8c6a17753f79', 'bcad95b5-172c-49dc-9cc4-8cb67e29fcff', '2f46f470-e0ec-4119-bc84-c4d111475889', 'f099031a-7bcd-4d77-af00-8290675eb858', '062c1e84-d6f4-47a8-8b4e-07afdd265b1d');
INSERT INTO `template_version_git` VALUES ('74070bb1-e941-4b8b-bc12-4e8ed114cb8e', '766088b6-7e2f-4fec-9fa7-8c6a17753f79', 'bcad95b5-172c-49dc-9cc4-8cb67e29fcff', 'cdac3b88-7578-4a0e-8151-f96627832942', '40ce7785-d4d6-41bf-9d58-ed7ec7e9767c', '50270704-f720-48a8-8777-737fdbd004ed');
INSERT INTO `template_version_git` VALUES ('74d662ff-476c-4b98-88f8-0474e405e232', '766088b6-7e2f-4fec-9fa7-8c6a17753f79', 'bcad95b5-172c-49dc-9cc4-8cb67e29fcff', '8d3c85d6-4bd3-4936-9e0f-ee44cfe312ca', '9d976e67-07e7-4463-8712-8a6de26e8a38', 'ca325f3d-8ffb-481b-a643-1ccf2560ed37');
INSERT INTO `template_version_git` VALUES ('7fd32532-56d8-455e-8690-87b53c1992e3', '766088b6-7e2f-4fec-9fa7-8c6a17753f79', 'bcad95b5-172c-49dc-9cc4-8cb67e29fcff', 'b365bc9c-2dfd-4fe1-afba-5b56d58e65a3', 'ef3e253f-ffe6-4196-8e1e-382f28f6c9d1', 'd9b48323-f1c5-4b0a-88b5-8a0f5f73ca64');
INSERT INTO `template_version_git` VALUES ('836280f1-e35b-4089-acaf-8708b542ab58', '766088b6-7e2f-4fec-9fa7-8c6a17753f79', 'bcad95b5-172c-49dc-9cc4-8cb67e29fcff', '04d51d81-5439-4f4b-ad95-ab0610f933ae', '2129aeea-f59f-47e6-af4b-48ab8e3bc374', '0579e662-f44b-4177-b216-0654ac59d198');
INSERT INTO `template_version_git` VALUES ('84e04c9c-8f19-4aff-bac0-024289a5682d', '766088b6-7e2f-4fec-9fa7-8c6a17753f79', 'bcad95b5-172c-49dc-9cc4-8cb67e29fcff', '71671909-9834-44b3-b2eb-a0789696eeb6', '47bee3c6-4754-4bda-b3da-b6215fee96e1', '330d1d81-aa72-4724-8aa8-521b5c821f3a');
INSERT INTO `template_version_git` VALUES ('8b861ace-3fa8-4d8d-aaa5-e04f33432b45', '766088b6-7e2f-4fec-9fa7-8c6a17753f79', 'bcad95b5-172c-49dc-9cc4-8cb67e29fcff', 'c901f2f3-ee26-4461-b830-7c47e4f4bd6a', '2da9b5de-74d0-4533-860f-8915766b270a', '487f444a-c8e0-4278-a17c-e9f8850b9312');
INSERT INTO `template_version_git` VALUES ('8bb30397-63ce-4df0-bcfa-1f69952b93b8', '766088b6-7e2f-4fec-9fa7-8c6a17753f79', 'bcad95b5-172c-49dc-9cc4-8cb67e29fcff', '68e078fb-eb3d-4659-9e38-272e35316e38', 'd2ec6358-ecfc-4afd-a19f-d82f67284927', '7afe8898-2700-47ae-94e2-3d1fbf805519');
INSERT INTO `template_version_git` VALUES ('92ce15ea-344c-42d1-aaca-d612ad061e1e', '766088b6-7e2f-4fec-9fa7-8c6a17753f79', 'bcad95b5-172c-49dc-9cc4-8cb67e29fcff', '7c6a4ef0-7af7-40b0-aa69-99bad2d6271d', '41f4d639-5aba-4888-838a-f25459698ddb', '40b595a4-d4d1-4cb7-9226-9776e7a56725');
INSERT INTO `template_version_git` VALUES ('a2168f32-c611-4c91-94ef-dab48e1bd5b1', '766088b6-7e2f-4fec-9fa7-8c6a17753f79', 'bcad95b5-172c-49dc-9cc4-8cb67e29fcff', 'b4779bc3-b64b-4556-8fbf-e1660abc77d7', 'fd6a925b-de4d-440a-84a5-9e6f42c63845', '57f13728-d1cd-4d6a-abd7-a3796c344491');
INSERT INTO `template_version_git` VALUES ('a53e2fdb-41fd-49fe-92c4-0dd5ec1384e9', '766088b6-7e2f-4fec-9fa7-8c6a17753f79', 'bcad95b5-172c-49dc-9cc4-8cb67e29fcff', '45a9da44-30ae-4660-a2f8-7729b3036d2e', '44e0bfcc-edfd-4d5c-a84d-615d444cee77', 'f23ef329-8be8-4b90-9013-de0f93840496');
INSERT INTO `template_version_git` VALUES ('a64d448e-636e-4bf0-97dc-50ffe3e44b2a', '766088b6-7e2f-4fec-9fa7-8c6a17753f79', 'bcad95b5-172c-49dc-9cc4-8cb67e29fcff', '1e4058bb-b8e6-4ca9-ae31-4065365d51f1', 'e7f7a127-f4c4-4338-8e84-9b7fc73dd4a7', 'a6effe1d-131f-4cd9-b766-e75f5f8dd09f');
INSERT INTO `template_version_git` VALUES ('bcef4e57-ba45-4743-9bbf-599723421a67', '766088b6-7e2f-4fec-9fa7-8c6a17753f79', 'bcad95b5-172c-49dc-9cc4-8cb67e29fcff', '46c0879d-a25b-4f8b-bc66-610d6ed88ef4', 'd96de692-4e70-4d52-89f9-3d1deceeee78', 'dfb8370a-5903-4ede-bdaa-3069b274e5b9');
INSERT INTO `template_version_git` VALUES ('bf6b97d2-ca41-48ec-83b4-948e08d3de2d', '766088b6-7e2f-4fec-9fa7-8c6a17753f79', 'bcad95b5-172c-49dc-9cc4-8cb67e29fcff', '40e643c4-5254-4ae7-a3cb-bc7a31aeeefc', '43df9041-08b4-4179-a7d5-303f15485253', '6d14a0df-ace5-48c0-857b-11fb62964329');
INSERT INTO `template_version_git` VALUES ('c4e7559f-b7eb-4e3c-9a52-22b577849d54', '766088b6-7e2f-4fec-9fa7-8c6a17753f79', 'bcad95b5-172c-49dc-9cc4-8cb67e29fcff', '7d341f59-b0ce-4ed2-95b9-bbdfad64ab3c', 'ab8453b0-216d-4e01-80ce-0749a8fce3ed', '79431cd1-1f56-49e2-a3ba-4f337f2160d5');
INSERT INTO `template_version_git` VALUES ('ff7efcbe-82e0-45f2-928c-9385cf1bb926', '766088b6-7e2f-4fec-9fa7-8c6a17753f79', 'bcad95b5-172c-49dc-9cc4-8cb67e29fcff', 'c2c43a72-6413-43b6-8cc5-3707945b32f0', '2a259bdd-cbb7-4317-b1da-a1c27ffd583d', 'f856880f-e535-4c05-a929-82520752f49b');
COMMIT;

-- ----------------------------
-- Table structure for user
-- ----------------------------
DROP TABLE IF EXISTS `user`;
CREATE TABLE `user` (
  `id` varchar(50) NOT NULL DEFAULT '',
  `name` varchar(50) DEFAULT NULL COMMENT '用户名',
  `password` varchar(50) DEFAULT NULL COMMENT '密码',
  `email` varchar(100) DEFAULT NULL COMMENT '邮箱',
  PRIMARY KEY (`id`)
) ENGINE=InnoDB DEFAULT CHARSET=utf8mb3;

-- ----------------------------
-- Records of user
-- ----------------------------
BEGIN;
INSERT INTO `user` VALUES ('f975eb7e-cea4-4a1d-b515-7e6da94b1899', 'admin', 'admin', 'admin');
COMMIT;

-- ----------------------------
-- Table structure for user_role
-- ----------------------------
DROP TABLE IF EXISTS `user_role`;
CREATE TABLE `user_role` (
  `id` varchar(50) NOT NULL DEFAULT '',
  `user_id` varchar(50) DEFAULT NULL,
  `role_id` int DEFAULT NULL,
  PRIMARY KEY (`id`),
  KEY `user_id` (`user_id`),
  KEY `role_id` (`role_id`),
  CONSTRAINT `user_role_ibfk_1` FOREIGN KEY (`user_id`) REFERENCES `user` (`id`),
  CONSTRAINT `user_role_ibfk_2` FOREIGN KEY (`role_id`) REFERENCES `role` (`id`)
) ENGINE=InnoDB DEFAULT CHARSET=utf8mb3;

-- ----------------------------
-- Records of user_role
-- ----------------------------
BEGIN;
COMMIT;

SET FOREIGN_KEY_CHECKS = 1;
