/*
 Navicat Premium Data Transfer

 Source Server         : localhost_3306
 Source Server Type    : MySQL
 Source Server Version : 80025
 Source Host           : localhost:3306
 Source Schema         : clever_compile

 Target Server Type    : MySQL
 Target Server Version : 80025
 File Encoding         : 65001

 Date: 31/12/2021 14:45:52
*/

SET NAMES utf8mb4;
SET FOREIGN_KEY_CHECKS = 0;

-- ----------------------------
-- Table structure for compile
-- ----------------------------
DROP TABLE IF EXISTS `compile`;
CREATE TABLE `compile` (
  `id` varchar(50) CHARACTER SET utf8 COLLATE utf8_general_ci NOT NULL,
  `compile_time` datetime NOT NULL ON UPDATE CURRENT_TIMESTAMP COMMENT '编译时间',
  `compile_user` varchar(50) CHARACTER SET utf8 COLLATE utf8_general_ci NOT NULL COMMENT '编译用户',
  `compile_result` text CHARACTER SET utf8 COLLATE utf8_general_ci NOT NULL COMMENT '编译结果',
  `project_id` varchar(50) CHARACTER SET utf8 COLLATE utf8_general_ci NOT NULL COMMENT '编译项目id',
  `description` varchar(50) CHARACTER SET utf8 COLLATE utf8_general_ci DEFAULT NULL COMMENT '描述',
  `file` varchar(255) CHARACTER SET utf8 COLLATE utf8_general_ci DEFAULT NULL COMMENT '文件地址',
  `config` text CHARACTER SET utf8 COLLATE utf8_general_ci COMMENT '配置文件',
  PRIMARY KEY (`id`),
  KEY `compile_ibfk_1` (`compile_user`),
  KEY `compile_ibfk_2` (`project_id`),
  CONSTRAINT `compile_ibfk_1` FOREIGN KEY (`compile_user`) REFERENCES `user` (`id`) ON DELETE RESTRICT ON UPDATE RESTRICT,
  CONSTRAINT `compile_ibfk_2` FOREIGN KEY (`project_id`) REFERENCES `project` (`id`) ON DELETE RESTRICT ON UPDATE RESTRICT
) ENGINE=InnoDB DEFAULT CHARSET=utf8mb3;

-- ----------------------------
-- Records of compile
-- ----------------------------
BEGIN;
COMMIT;

-- ----------------------------
-- Table structure for config_type
-- ----------------------------
DROP TABLE IF EXISTS `config_type`;
CREATE TABLE `config_type` (
  `id` int NOT NULL,
  `label` varchar(100) DEFAULT NULL COMMENT '类型描述',
  `key` varchar(10) DEFAULT NULL COMMENT '英文标识',
  PRIMARY KEY (`id`)
) ENGINE=InnoDB DEFAULT CHARSET=utf8mb3 COMMENT='文本、文件替换、json';

-- ----------------------------
-- Records of config_type
-- ----------------------------
BEGIN;
INSERT INTO `config_type` VALUES (0, '文本', 'text');
INSERT INTO `config_type` VALUES (1, '文件替换', 'file');
COMMIT;

-- ----------------------------
-- Table structure for customer
-- ----------------------------
DROP TABLE IF EXISTS `customer`;
CREATE TABLE `customer` (
  `id` varchar(50) CHARACTER SET utf8 COLLATE utf8_general_ci NOT NULL,
  `name` varchar(50) CHARACTER SET utf8 COLLATE utf8_general_ci DEFAULT NULL COMMENT '客户名称',
  `description` varchar(200) CHARACTER SET utf8 COLLATE utf8_general_ci DEFAULT NULL COMMENT '描述',
  `creator_id` varchar(50) CHARACTER SET utf8 COLLATE utf8_general_ci NOT NULL COMMENT '创建者id',
  `tel` varchar(11) DEFAULT NULL COMMENT '联系方式',
  PRIMARY KEY (`id`),
  KEY `customer_ibfk_2` (`creator_id`),
  CONSTRAINT `customer_ibfk_2` FOREIGN KEY (`creator_id`) REFERENCES `user` (`id`) ON DELETE RESTRICT ON UPDATE RESTRICT
) ENGINE=InnoDB DEFAULT CHARSET=utf8mb3 COMMENT='客户表';

-- ----------------------------
-- Records of customer
-- ----------------------------
BEGIN;
COMMIT;

-- ----------------------------
-- Table structure for git_source
-- ----------------------------
DROP TABLE IF EXISTS `git_source`;
CREATE TABLE `git_source` (
  `id` varchar(50) NOT NULL DEFAULT '',
  `name` varchar(50) DEFAULT NULL COMMENT '源名称',
  `description` text COMMENT '库描述信息',
  `git` varchar(100) DEFAULT NULL COMMENT 'git地址',
  `enable` tinyint(1) DEFAULT '1' COMMENT '是否启用为源',
  `git_id` int DEFAULT NULL COMMENT 'git库中的id',
  `creator_id` varchar(50) DEFAULT NULL COMMENT '创建者id',
  PRIMARY KEY (`id`)
) ENGINE=InnoDB DEFAULT CHARSET=utf8mb3 COMMENT='git源\n会将当前git账号有权限的所有git库都导入进来';

-- ----------------------------
-- Records of git_source
-- ----------------------------
BEGIN;
INSERT INTO `git_source` VALUES ('04d51d81-5439-4f4b-ad95-ab0610f933ae', 'zhugesdkv', '', 'git@gl.zhugeio.com:tangxingcai/zhugesdkv.git', 1, 22, 'f975eb7e-cea4-4a1d-b515-7e6da94b1899');
INSERT INTO `git_source` VALUES ('0f0dfcad-40a0-4a99-9bc6-232b4efb22d4', 'webapp', '诸葛网站应用', 'git@gl.zhugeio.com:dongyongqiang/webapp.git', 1, 23, 'f975eb7e-cea4-4a1d-b515-7e6da94b1899');
INSERT INTO `git_source` VALUES ('1e4058bb-b8e6-4ca9-ae31-4065365d51f1', 'zgSee', '视屏服务前端项目', 'git@gl.zhugeio.com:dongyongqiang/zgSee.git', 1, 268, 'f975eb7e-cea4-4a1d-b515-7e6da94b1899');
INSERT INTO `git_source` VALUES ('2f46f470-e0ec-4119-bc84-c4d111475889', 'zhugeio-api', '', 'git@gl.zhugeio.com:server/zhugeio-api.git', 1, 36, 'f975eb7e-cea4-4a1d-b515-7e6da94b1899');
INSERT INTO `git_source` VALUES ('37363fe8-c813-456e-aa3a-63275a8973f9', 'etl-private', '', 'git@gl.zhugeio.com:dengziwu/etl-private.git', 1, 77, 'f975eb7e-cea4-4a1d-b515-7e6da94b1899');
INSERT INTO `git_source` VALUES ('40e643c4-5254-4ae7-a3cb-bc7a31aeeefc', 'clockwork', '营销云正式版工作流', 'git@gl.zhugeio.com:marketing-cloud/clockwork.git', 1, 146, 'f975eb7e-cea4-4a1d-b515-7e6da94b1899');
INSERT INTO `git_source` VALUES ('45a9da44-30ae-4660-a2f8-7729b3036d2e', 'smc-stable-svr', '私有部署静态包', 'git@gl.zhugeio.com:realtime/smc-stable-svr.git', 1, 346, 'f975eb7e-cea4-4a1d-b515-7e6da94b1899');
INSERT INTO `git_source` VALUES ('46c0879d-a25b-4f8b-bc66-610d6ed88ef4', 'wt', '基于微信第三方平台授权模式搭建平台。\r\n对关注、取关、扫码等事件打点，基于公众号/小程序数据进行数据查询处理。\r\n\r\n此项目是zhugeWeixinThird第二版，因模块不一致，每次切换分支时会遗留之前版本目录数据，造成紊乱，所以新建项目。', 'git@gl.zhugeio.com:zoufanqi/wt.git', 1, 291, 'f975eb7e-cea4-4a1d-b515-7e6da94b1899');
INSERT INTO `git_source` VALUES ('51993461-d59f-4f5b-86a6-742db1d3194a', 'js-sdk', '诸葛js-sdk', 'git@gl.zhugeio.com:dongyongqiang/js-sdk.git', 1, 25, 'f975eb7e-cea4-4a1d-b515-7e6da94b1899');
INSERT INTO `git_source` VALUES ('68e078fb-eb3d-4659-9e38-272e35316e38', 'm-webapp', '诸葛移动端网页app', 'git@gl.zhugeio.com:dongyongqiang/m-webapp.git', 1, 199, 'f975eb7e-cea4-4a1d-b515-7e6da94b1899');
INSERT INTO `git_source` VALUES ('71671909-9834-44b3-b2eb-a0789696eeb6', 'dimension_expansion', '维度表扩展', 'git@gl.zhugeio.com:wucheng/dimension_expansion.git', 1, 404, 'f975eb7e-cea4-4a1d-b515-7e6da94b1899');
INSERT INTO `git_source` VALUES ('7c6a4ef0-7af7-40b0-aa69-99bad2d6271d', 'webapp-server', '分析平台node服务', 'git@gl.zhugeio.com:frontEnd/webapp-server.git', 1, 365, 'f975eb7e-cea4-4a1d-b515-7e6da94b1899');
INSERT INTO `git_source` VALUES ('7d341f59-b0ce-4ed2-95b9-bbdfad64ab3c', 'api-extension', 'api扩展。如：用户是否所属用户群', 'git@gl.zhugeio.com:realtime/api-extension.git', 1, 415, 'f975eb7e-cea4-4a1d-b515-7e6da94b1899');
INSERT INTO `git_source` VALUES ('85866bad-811d-44af-952e-bdf1c1f1cd1a', 'zgsee-init', 'zgsee etl', 'git@gl.zhugeio.com:zgsee/zgsee-init.git', 1, 270, 'f975eb7e-cea4-4a1d-b515-7e6da94b1899');
INSERT INTO `git_source` VALUES ('8d3c85d6-4bd3-4936-9e0f-ee44cfe312ca', 'zhugeio-tools', '私有部署相关工具集。如：菜单增删、同步mysql库元数据等', 'git@gl.zhugeio.com:realtime/zhugeio-tools.git', 1, 367, 'f975eb7e-cea4-4a1d-b515-7e6da94b1899');
INSERT INTO `git_source` VALUES ('997e7123-62a2-438a-88cc-122c32965519', 'zhugeio-marketing-cloud', '诸葛营销云api', 'git@gl.zhugeio.com:marketing-cloud/zhugeio-marketing-cloud.git', 1, 221, 'f975eb7e-cea4-4a1d-b515-7e6da94b1899');
INSERT INTO `git_source` VALUES ('b365bc9c-2dfd-4fe1-afba-5b56d58e65a3', 'market-cloud-app', '营销云前端库', 'git@gl.zhugeio.com:dongyongqiang/market-cloud-app.git', 1, 121, 'f975eb7e-cea4-4a1d-b515-7e6da94b1899');
INSERT INTO `git_source` VALUES ('b4779bc3-b64b-4556-8fbf-e1660abc77d7', 'zhugeio-es', '', 'git@gl.zhugeio.com:server/zhugeio-es.git', 1, 124, 'f975eb7e-cea4-4a1d-b515-7e6da94b1899');
INSERT INTO `git_source` VALUES ('c2c43a72-6413-43b6-8cc5-3707945b32f0', 'zgsee-pix', 'zgsee 图片处理', 'git@gl.zhugeio.com:zgsee/zgsee-pix.git', 1, 271, 'f975eb7e-cea4-4a1d-b515-7e6da94b1899');
INSERT INTO `git_source` VALUES ('c901f2f3-ee26-4461-b830-7c47e4f4bd6a', 'etl-virtual-app', '', 'git@gl.zhugeio.com:zhangdongbin/etl-virtual-app.git', 1, 297, 'f975eb7e-cea4-4a1d-b515-7e6da94b1899');
INSERT INTO `git_source` VALUES ('cdac3b88-7578-4a0e-8151-f96627832942', 'playwell', 'Playwell Framework', 'git@gl.zhugeio.com:marketing-cloud/playwell.git', 1, 337, 'f975eb7e-cea4-4a1d-b515-7e6da94b1899');
INSERT INTO `git_source` VALUES ('dae89e64-2932-4bec-b3ae-4ac5be585617', 'zgsee-web', '', 'git@gl.zhugeio.com:zgsee/zgsee-web.git', 1, 275, 'f975eb7e-cea4-4a1d-b515-7e6da94b1899');
COMMIT;

-- ----------------------------
-- Table structure for project
-- ----------------------------
DROP TABLE IF EXISTS `project`;
CREATE TABLE `project` (
  `id` varchar(50) NOT NULL DEFAULT '' COMMENT '工程id',
  `name` varchar(100) DEFAULT NULL COMMENT '配置名称',
  `template_id` varchar(50) CHARACTER SET utf8 COLLATE utf8_general_ci NOT NULL COMMENT '模板id',
  `template_version` varchar(50) CHARACTER SET utf8 COLLATE utf8_general_ci NOT NULL COMMENT '模板版本',
  `compile_type` int DEFAULT NULL COMMENT '编译类型。0：私有部署；1：常规迭代；2：发布测试',
  `public_type` int DEFAULT NULL COMMENT '发布方式。0：发布到git；1：下载；2：自动',
  `description` varchar(200) CHARACTER SET utf8 COLLATE utf8_general_ci DEFAULT NULL COMMENT '描述',
  `create_time` datetime DEFAULT NULL COMMENT '创建时间',
  `customer` varchar(50) DEFAULT NULL COMMENT '客户id',
  `receive_user_id` text COMMENT '被分享的成员id',
  `creator_id` varchar(50) DEFAULT NULL COMMENT '创建者id',
  PRIMARY KEY (`id`),
  KEY `project_ibfk_1` (`template_id`),
  KEY `project_ibfk_2` (`template_version`),
  KEY `project_ibfk_3` (`customer`),
  CONSTRAINT `project_ibfk_1` FOREIGN KEY (`template_id`) REFERENCES `template` (`id`) ON DELETE RESTRICT ON UPDATE RESTRICT,
  CONSTRAINT `project_ibfk_2` FOREIGN KEY (`template_version`) REFERENCES `template_version` (`id`) ON DELETE RESTRICT ON UPDATE RESTRICT,
  CONSTRAINT `project_ibfk_3` FOREIGN KEY (`customer`) REFERENCES `customer` (`id`) ON DELETE RESTRICT ON UPDATE RESTRICT
) ENGINE=InnoDB DEFAULT CHARSET=utf8mb3 COMMENT='项目表。';

-- ----------------------------
-- Records of project
-- ----------------------------
BEGIN;
COMMIT;

-- ----------------------------
-- Table structure for project_config
-- ----------------------------
DROP TABLE IF EXISTS `project_config`;
CREATE TABLE `project_config` (
  `id` varchar(50) CHARACTER SET utf8 COLLATE utf8_general_ci NOT NULL,
  `target_value` varchar(200) CHARACTER SET utf8 COLLATE utf8_general_ci DEFAULT NULL COMMENT '默认值',
  `global_config_id` varchar(50) DEFAULT NULL COMMENT '全局配置id',
  `project_git_id` varchar(50) DEFAULT NULL COMMENT '项目git',
  `template_config_id` varchar(50) DEFAULT NULL COMMENT '配置局部id',
  `is_hidden` int DEFAULT NULL COMMENT '是否隐藏',
  `visable` int DEFAULT NULL COMMENT '配置可见',
  PRIMARY KEY (`id`),
  KEY `project_config_ibfk_3` (`global_config_id`),
  KEY `proejct_config_ibfk_4` (`project_git_id`),
  KEY `project_config_ibfk_4` (`template_config_id`),
  CONSTRAINT `proejct_config_ibfk_4` FOREIGN KEY (`project_git_id`) REFERENCES `project_git` (`id`) ON DELETE RESTRICT ON UPDATE RESTRICT,
  CONSTRAINT `project_config_ibfk_3` FOREIGN KEY (`global_config_id`) REFERENCES `project_global_config` (`id`) ON DELETE RESTRICT ON UPDATE RESTRICT,
  CONSTRAINT `project_config_ibfk_4` FOREIGN KEY (`template_config_id`) REFERENCES `template_config` (`id`) ON DELETE RESTRICT ON UPDATE RESTRICT
) ENGINE=InnoDB DEFAULT CHARSET=utf8mb3 COMMENT='编译项目配置';

-- ----------------------------
-- Records of project_config
-- ----------------------------
BEGIN;
COMMIT;

-- ----------------------------
-- Table structure for project_git
-- ----------------------------
DROP TABLE IF EXISTS `project_git`;
CREATE TABLE `project_git` (
  `id` varchar(50) NOT NULL,
  `name` varchar(255) DEFAULT NULL,
  `project_id` varchar(50) DEFAULT NULL COMMENT '项目id',
  `template_git_id` varchar(50) DEFAULT NULL,
  PRIMARY KEY (`id`),
  KEY `project_git_ibfk_3` (`project_id`),
  KEY `project_git_ibfk_1` (`template_git_id`),
  CONSTRAINT `project_git_ibfk_1` FOREIGN KEY (`template_git_id`) REFERENCES `template_version_git` (`id`) ON DELETE RESTRICT ON UPDATE RESTRICT,
  CONSTRAINT `project_git_ibfk_3` FOREIGN KEY (`project_id`) REFERENCES `project` (`id`) ON DELETE RESTRICT ON UPDATE RESTRICT
) ENGINE=InnoDB DEFAULT CHARSET=utf8mb3;

-- ----------------------------
-- Records of project_git
-- ----------------------------
BEGIN;
COMMIT;

-- ----------------------------
-- Table structure for project_global_config
-- ----------------------------
DROP TABLE IF EXISTS `project_global_config`;
CREATE TABLE `project_global_config` (
  `id` varchar(50) NOT NULL DEFAULT '' COMMENT '配置项id',
  `project_id` varchar(50) CHARACTER SET utf8 COLLATE utf8_general_ci NOT NULL COMMENT '工程id',
  `target_value` varchar(200) CHARACTER SET utf8 COLLATE utf8_general_ci DEFAULT NULL,
  `template_global_config_id` varchar(50) DEFAULT NULL COMMENT '模版全局配置id',
  `is_hidden` int DEFAULT NULL COMMENT '是否隐藏',
  `visable` int DEFAULT NULL COMMENT '配置是否可见',
  PRIMARY KEY (`id`),
  KEY `project_global_config_ibfk_2` (`project_id`),
  KEY `project_global_config_ibfk_3` (`template_global_config_id`),
  CONSTRAINT `project_global_config_ibfk_2` FOREIGN KEY (`project_id`) REFERENCES `project` (`id`) ON DELETE RESTRICT ON UPDATE RESTRICT,
  CONSTRAINT `project_global_config_ibfk_3` FOREIGN KEY (`template_global_config_id`) REFERENCES `template_global_config` (`id`) ON DELETE RESTRICT ON UPDATE RESTRICT
) ENGINE=InnoDB DEFAULT CHARSET=utf8mb3;

-- ----------------------------
-- Records of project_global_config
-- ----------------------------
BEGIN;
COMMIT;

-- ----------------------------
-- Table structure for role
-- ----------------------------
DROP TABLE IF EXISTS `role`;
CREATE TABLE `role` (
  `id` int NOT NULL,
  `name` varchar(100) DEFAULT NULL COMMENT '角色名称',
  PRIMARY KEY (`id`)
) ENGINE=InnoDB DEFAULT CHARSET=utf8mb3;

-- ----------------------------
-- Records of role
-- ----------------------------
BEGIN;
INSERT INTO `role` VALUES (0, '运维');
INSERT INTO `role` VALUES (1, '技术支持');
INSERT INTO `role` VALUES (2, '研发');
INSERT INTO `role` VALUES (3, '测试');
COMMIT;

-- ----------------------------
-- Table structure for source_branch
-- ----------------------------
DROP TABLE IF EXISTS `source_branch`;
CREATE TABLE `source_branch` (
  `id` varchar(50) NOT NULL,
  `name` varchar(255) DEFAULT NULL,
  `description` varchar(255) DEFAULT NULL,
  `create_time` datetime DEFAULT NULL,
  `source_id` varchar(50) DEFAULT NULL COMMENT 'git_source id',
  `creator` varchar(50) DEFAULT NULL COMMENT '创建者id',
  PRIMARY KEY (`id`)
) ENGINE=InnoDB DEFAULT CHARSET=utf8mb3;

-- ----------------------------
-- Records of source_branch
-- ----------------------------
BEGIN;
INSERT INTO `source_branch` VALUES ('0579e662-f44b-4177-b216-0654ac59d198', '初始分支', '迁移数据初始化', '2021-12-29 13:18:40', '04d51d81-5439-4f4b-ad95-ab0610f933ae', 'f975eb7e-cea4-4a1d-b515-7e6da94b1899');
INSERT INTO `source_branch` VALUES ('062c1e84-d6f4-47a8-8b4e-07afdd265b1d', '初始分支', '迁移数据初始化', '2021-12-29 13:18:40', '2f46f470-e0ec-4119-bc84-c4d111475889', 'f975eb7e-cea4-4a1d-b515-7e6da94b1899');
INSERT INTO `source_branch` VALUES ('16681dcb-9b1d-4a01-b7b4-49642a8c597d', '初始分支', '迁移数据初始化', '2021-12-29 13:18:51', '51993461-d59f-4f5b-86a6-742db1d3194a', 'f975eb7e-cea4-4a1d-b515-7e6da94b1899');
INSERT INTO `source_branch` VALUES ('1a7dbda6-64d8-4762-957e-3e0fc685b2bc', '初始分支', '迁移数据初始化', '2021-12-29 13:18:44', '85866bad-811d-44af-952e-bdf1c1f1cd1a', 'f975eb7e-cea4-4a1d-b515-7e6da94b1899');
INSERT INTO `source_branch` VALUES ('2adb04c3-4559-4239-bddc-1910ec83039a', '初始分支', '迁移数据初始化', '2021-12-29 13:18:45', '37363fe8-c813-456e-aa3a-63275a8973f9', 'f975eb7e-cea4-4a1d-b515-7e6da94b1899');
INSERT INTO `source_branch` VALUES ('330d1d81-aa72-4724-8aa8-521b5c821f3a', '初始分支', '迁移数据初始化', '2021-12-29 13:18:52', '71671909-9834-44b3-b2eb-a0789696eeb6', 'f975eb7e-cea4-4a1d-b515-7e6da94b1899');
INSERT INTO `source_branch` VALUES ('40b595a4-d4d1-4cb7-9226-9776e7a56725', '初始分支', '迁移数据初始化', '2021-12-29 13:18:49', '7c6a4ef0-7af7-40b0-aa69-99bad2d6271d', 'f975eb7e-cea4-4a1d-b515-7e6da94b1899');
INSERT INTO `source_branch` VALUES ('487f444a-c8e0-4278-a17c-e9f8850b9312', '初始分支', '迁移数据初始化', '2021-12-29 13:18:48', 'c901f2f3-ee26-4461-b830-7c47e4f4bd6a', 'f975eb7e-cea4-4a1d-b515-7e6da94b1899');
INSERT INTO `source_branch` VALUES ('50270704-f720-48a8-8777-737fdbd004ed', '初始分支', '迁移数据初始化', '2021-12-29 13:18:42', 'cdac3b88-7578-4a0e-8151-f96627832942', 'f975eb7e-cea4-4a1d-b515-7e6da94b1899');
INSERT INTO `source_branch` VALUES ('57f13728-d1cd-4d6a-abd7-a3796c344491', '初始分支', '迁移数据初始化', '2021-12-29 13:18:38', 'b4779bc3-b64b-4556-8fbf-e1660abc77d7', 'f975eb7e-cea4-4a1d-b515-7e6da94b1899');
INSERT INTO `source_branch` VALUES ('6d14a0df-ace5-48c0-857b-11fb62964329', '初始分支', '迁移数据初始化', '2021-12-29 13:18:41', '40e643c4-5254-4ae7-a3cb-bc7a31aeeefc', 'f975eb7e-cea4-4a1d-b515-7e6da94b1899');
INSERT INTO `source_branch` VALUES ('79431cd1-1f56-49e2-a3ba-4f337f2160d5', '初始分支', '迁移数据初始化', '2021-12-29 13:18:52', '7d341f59-b0ce-4ed2-95b9-bbdfad64ab3c', 'f975eb7e-cea4-4a1d-b515-7e6da94b1899');
INSERT INTO `source_branch` VALUES ('7afe8898-2700-47ae-94e2-3d1fbf805519', '初始分支', '迁移数据初始化', '2021-12-29 13:18:51', '68e078fb-eb3d-4659-9e38-272e35316e38', 'f975eb7e-cea4-4a1d-b515-7e6da94b1899');
INSERT INTO `source_branch` VALUES ('7b541f87-00c4-455c-bf7c-23168fa9eca4', '初始分支', '迁移数据初始化', '2021-12-29 13:18:48', '0f0dfcad-40a0-4a99-9bc6-232b4efb22d4', 'f975eb7e-cea4-4a1d-b515-7e6da94b1899');
INSERT INTO `source_branch` VALUES ('a6effe1d-131f-4cd9-b766-e75f5f8dd09f', '初始分支', '迁移数据初始化', '2021-12-29 13:18:49', '1e4058bb-b8e6-4ca9-ae31-4065365d51f1', 'f975eb7e-cea4-4a1d-b515-7e6da94b1899');
INSERT INTO `source_branch` VALUES ('b19955a6-a909-4b56-811f-f481d1f0a3ad', '初始分支', '迁移数据初始化', '2021-12-29 13:18:43', 'dae89e64-2932-4bec-b3ae-4ac5be585617', 'f975eb7e-cea4-4a1d-b515-7e6da94b1899');
INSERT INTO `source_branch` VALUES ('ca325f3d-8ffb-481b-a643-1ccf2560ed37', '初始分支', '迁移数据初始化', '2021-12-29 13:18:51', '8d3c85d6-4bd3-4936-9e0f-ee44cfe312ca', 'f975eb7e-cea4-4a1d-b515-7e6da94b1899');
INSERT INTO `source_branch` VALUES ('d9b48323-f1c5-4b0a-88b5-8a0f5f73ca64', '初始分支', '迁移数据初始化', '2021-12-29 13:18:50', 'b365bc9c-2dfd-4fe1-afba-5b56d58e65a3', 'f975eb7e-cea4-4a1d-b515-7e6da94b1899');
INSERT INTO `source_branch` VALUES ('dfb8370a-5903-4ede-bdaa-3069b274e5b9', '初始分支', '迁移数据初始化', '2021-12-29 13:18:39', '46c0879d-a25b-4f8b-bc66-610d6ed88ef4', 'f975eb7e-cea4-4a1d-b515-7e6da94b1899');
INSERT INTO `source_branch` VALUES ('e3a73360-a439-4f08-bf12-201e1f3f5951', '初始分支', '迁移数据初始化', '2021-12-29 13:18:41', '997e7123-62a2-438a-88cc-122c32965519', 'f975eb7e-cea4-4a1d-b515-7e6da94b1899');
INSERT INTO `source_branch` VALUES ('f23ef329-8be8-4b90-9013-de0f93840496', '初始分支', '迁移数据初始化', '2021-12-29 13:18:37', '45a9da44-30ae-4660-a2f8-7729b3036d2e', 'f975eb7e-cea4-4a1d-b515-7e6da94b1899');
INSERT INTO `source_branch` VALUES ('f856880f-e535-4c05-a929-82520752f49b', '初始分支', '迁移数据初始化', '2021-12-29 13:18:44', 'c2c43a72-6413-43b6-8cc5-3707945b32f0', 'f975eb7e-cea4-4a1d-b515-7e6da94b1899');
COMMIT;

-- ----------------------------
-- Table structure for source_config
-- ----------------------------
DROP TABLE IF EXISTS `source_config`;
CREATE TABLE `source_config` (
  `id` varchar(50) NOT NULL DEFAULT '',
  `source_id` varchar(50) DEFAULT NULL COMMENT '源id',
  `version_id` varchar(50) DEFAULT NULL COMMENT '版本id',
  `description` text CHARACTER SET utf8 COLLATE utf8_general_ci COMMENT '配置项描述',
  `reg` varchar(200) DEFAULT NULL COMMENT '配置项正则',
  `type_id` int DEFAULT NULL COMMENT '配置项类型id',
  `file_path` varchar(1000) DEFAULT NULL COMMENT '原始文件路径',
  `target_value` text COMMENT '目标值。类型是文件类型时，该值是文件存放地址',
  `branch_id` varchar(50) DEFAULT NULL COMMENT '分支id',
  PRIMARY KEY (`id`),
  KEY `source_id` (`source_id`),
  KEY `version_id` (`version_id`),
  KEY `type_id` (`type_id`),
  CONSTRAINT `source_config_ibfk_1` FOREIGN KEY (`source_id`) REFERENCES `git_source` (`id`),
  CONSTRAINT `source_config_ibfk_2` FOREIGN KEY (`version_id`) REFERENCES `source_version` (`id`),
  CONSTRAINT `source_config_ibfk_3` FOREIGN KEY (`type_id`) REFERENCES `config_type` (`id`)
) ENGINE=InnoDB DEFAULT CHARSET=utf8mb3;

-- ----------------------------
-- Records of source_config
-- ----------------------------
BEGIN;
INSERT INTO `source_config` VALUES ('01075019-03d0-4b72-87e5-14ddda0a842e', '7c6a4ef0-7af7-40b0-aa69-99bad2d6271d', '41f4d639-5aba-4888-838a-f25459698ddb', 'redis 26555端口', '{\"source\":\"#{redis_26555,3}\",\"global\":false,\"ignoreCase\":true,\"matchIndex\":0}', 0, 'src/config.ts.tpl', 'Sun_unix*1101', NULL);
INSERT INTO `source_config` VALUES ('015caa11-eac0-49a9-a4ad-554695ce6f88', '0f0dfcad-40a0-4a99-9bc6-232b4efb22d4', '8d1ab3f3-5a5c-4442-81a9-336cc455ef02', '分析session/cookie存储域名(填网站的)(不需要加端口)', '{\"source\":\"#{analysis.zhuge_session_domain}\",\"global\":false,\"ignoreCase\":false,\"matchIndex\":0}', 0, 'spa/config/prod.env.js.tpl', 'uba.it.pkpm.cn', NULL);
INSERT INTO `source_config` VALUES ('01dc30a0-8817-45e4-a393-3cd7dd25a76d', 'dae89e64-2932-4bec-b3ae-4ac5be585617', '7a5c3982-1c5c-43c5-b4fa-15d9bd89fcdb', '合并端口外网访问地址(需要加协议http(s))(填网站的)', '{\"source\":\"#{svr.domain.extranet}\",\"global\":false,\"ignoreCase\":false,\"matchIndex\":0}', 0, 'docs/config/tpl/application.properties', 'https://uba.it.pkpm.cn', NULL);
INSERT INTO `source_config` VALUES ('028cb395-e6fd-47c2-b499-1fb4cc31e0b5', '37363fe8-c813-456e-aa3a-63275a8973f9', '07fcd766-9451-4287-9e4b-f27de4e3df14', '前端mysql库连接配置（host,登录名,登录密码,端口）', '{\"source\":\"#{mysql,2}\",\"global\":false,\"ignoreCase\":false,\"matchIndex\":0}', 0, 'etl-dw-kudu/config/tpl/config/front_db.properties', 'web', NULL);
INSERT INTO `source_config` VALUES ('02ab2d7a-05a1-4813-a8dd-f032c44602a1', '2f46f470-e0ec-4119-bc84-c4d111475889', 'f099031a-7bcd-4d77-af00-8290675eb858', 'redis 26380端口', '{\"source\":\"#{redis_26380,1}\",\"global\":false,\"ignoreCase\":false,\"matchIndex\":0}', 0, 'docs/config/tpl/', 'realtime-1', NULL);
INSERT INTO `source_config` VALUES ('02e8972c-f2ca-4455-9183-c3d2fba233e7', 'cdac3b88-7578-4a0e-8151-f96627832942', '40ce7785-d4d6-41bf-9d58-ed7ec7e9767c', 'impala连接配置（host,登录名,登录密码,端口,仓库名）', '{\"source\":\"#{impala,3}\",\"global\":false,\"ignoreCase\":false,\"matchIndex\":0}', 0, 'docs/tpl/mkt-user', 'admin', NULL);
INSERT INTO `source_config` VALUES ('03859191-6d93-407c-a9e3-157f64547c92', '37363fe8-c813-456e-aa3a-63275a8973f9', '07fcd766-9451-4287-9e4b-f27de4e3df14', 'redis 8893端口', '{\"source\":\"#{redis_8893,3}\",\"global\":false,\"ignoreCase\":false,\"matchIndex\":0}', 0, 'etl-id-kudu/config/tpl/config/id_redis.properties', NULL, NULL);
INSERT INTO `source_config` VALUES ('0490ec62-d60f-43ab-b596-e858e9abf0ed', '45a9da44-30ae-4660-a2f8-7729b3036d2e', '44e0bfcc-edfd-4d5c-a84d-615d444cee77', 'redis 6379端口', '{\"source\":\"#{redis_6379,2}\",\"global\":false,\"ignoreCase\":false,\"matchIndex\":0}', 0, 'userbehaviorpath_usergroup/ubpa/bin/tpl/worker.py', '6379', NULL);
INSERT INTO `source_config` VALUES ('04a387e2-633a-4c98-990c-e7e252a4cc2f', 'c2c43a72-6413-43b6-8cc5-3707945b32f0', '2a259bdd-cbb7-4317-b1da-a1c27ffd583d', 'zookeeper服务集群', '{\"source\":\"#{zookeepr_servers}\",\"global\":false,\"ignoreCase\":false,\"matchIndex\":0}', 0, 'docs/config/tpl/config-kpt.properties', 'realtime-1:2182,realtime-2:2182,realtime-3:2182', NULL);
INSERT INTO `source_config` VALUES ('04db4aa7-2cba-40e3-a7e0-cb0f31cf3d53', '37363fe8-c813-456e-aa3a-63275a8973f9', '07fcd766-9451-4287-9e4b-f27de4e3df14', '前端mysql库连接配置（host,登录名,登录密码,端口）', '{\"source\":\"#{mysql,3}\",\"global\":false,\"ignoreCase\":false,\"matchIndex\":0}', 0, 'etl-paopi/config/tpl/config/front_db.properties', 'zanalytics', NULL);
INSERT INTO `source_config` VALUES ('0682bdcb-e149-4f33-8a17-92a1fb4f1838', '0f0dfcad-40a0-4a99-9bc6-232b4efb22d4', '8d1ab3f3-5a5c-4442-81a9-336cc455ef02', 'zhugeio链接', '{\"source\":\"#{webapp.word.zg_link}\",\"global\":false,\"ignoreCase\":false,\"matchIndex\":0}', 0, 'spa/config/prod.env.js.tpl', 'zhugeio', NULL);
INSERT INTO `source_config` VALUES ('0699d2bd-dce1-4315-825d-554aa412e94a', '45a9da44-30ae-4660-a2f8-7729b3036d2e', '44e0bfcc-edfd-4d5c-a84d-615d444cee77', 'zgsee内网服务部署地址', '{\"source\":\"#{svr.domain.intranet.zgsee.www}\",\"global\":false,\"ignoreCase\":false,\"matchIndex\":0}', 0, 'nginx-single/nginx/conf/nginx.conf-upload', 'realtime-1:18080', NULL);
INSERT INTO `source_config` VALUES ('06b4a613-e80f-44ad-8f2a-2a210e4e6b74', 'cdac3b88-7578-4a0e-8151-f96627832942', '40ce7785-d4d6-41bf-9d58-ed7ec7e9767c', '触达2.0相关配置', '{\"source\":\"#{mktv2.config->server.activity}\",\"global\":false,\"ignoreCase\":true,\"matchIndex\":0}', 0, 'docs/tpl/README.md', 'realtime-mkt:1922', NULL);
INSERT INTO `source_config` VALUES ('06ce3b7c-4e7a-4903-9b46-3be0ede3eba2', '2f46f470-e0ec-4119-bc84-c4d111475889', 'f099031a-7bcd-4d77-af00-8290675eb858', 'redis 26555端口', '{\"source\":\"#{redis_26555,1}\",\"global\":false,\"ignoreCase\":false,\"matchIndex\":0}', 0, 'docs/config/tpl/', 'realtime-1', NULL);
INSERT INTO `source_config` VALUES ('06d86f8c-1d96-4b99-9c21-7e7f8d63dc37', '1e4058bb-b8e6-4ca9-ae31-4065365d51f1', 'e7f7a127-f4c4-4338-8e84-9b7fc73dd4a7', '诸葛字样标识', '{\"source\":\"#{webapp.word.zg_text}\",\"global\":false,\"ignoreCase\":false,\"matchIndex\":0}', 0, 'config/buildConfig.js.tpl', '数据分析', NULL);
INSERT INTO `source_config` VALUES ('0750e375-424a-4ef4-860c-6d84331bc637', 'cdac3b88-7578-4a0e-8151-f96627832942', '40ce7785-d4d6-41bf-9d58-ed7ec7e9767c', 'impala连接配置（host,登录名,登录密码,端口,仓库名）', '{\"source\":\"#{impala,5}\",\"global\":false,\"ignoreCase\":false,\"matchIndex\":0}', 0, 'docs/tpl/mkt-postman', 'zanalytics', NULL);
INSERT INTO `source_config` VALUES ('07aba48b-2e88-44a7-a385-1fa3edc7e656', '37363fe8-c813-456e-aa3a-63275a8973f9', '07fcd766-9451-4287-9e4b-f27de4e3df14', 'ssdb 8888端口', '{\"source\":\"#{ssdb_8888,2}\",\"global\":false,\"ignoreCase\":false,\"matchIndex\":0}', 0, 'etl-paopi/config/tpl/config/redis.properties', '8888', NULL);
INSERT INTO `source_config` VALUES ('08513143-85c6-40c4-b1a3-432e96260000', 'cdac3b88-7578-4a0e-8151-f96627832942', '40ce7785-d4d6-41bf-9d58-ed7ec7e9767c', '触达2.0相关配置', '{\"source\":\"#{mktv2.config->server.postman}\",\"global\":false,\"ignoreCase\":true,\"matchIndex\":0}', 0, 'docs/tpl/README.md', 'realtime-mkt:1924', NULL);
INSERT INTO `source_config` VALUES ('0923bfc0-c125-4087-ba76-37b19a395365', '40e643c4-5254-4ae7-a3cb-bc7a31aeeefc', '43df9041-08b4-4179-a7d5-303f15485253', 'ssdb 1217端口', '{\"source\":\"#{ssdb_1217,2}\",\"global\":false,\"ignoreCase\":false,\"matchIndex\":0}', 0, 'config/tpl/clockwork.config', '1217', NULL);
INSERT INTO `source_config` VALUES ('0a3af30a-8189-469b-8d51-0f52bfaf1ed3', '40e643c4-5254-4ae7-a3cb-bc7a31aeeefc', '43df9041-08b4-4179-a7d5-303f15485253', '合并端口内网访问地址', '{\"source\":\"#{svr.domain.intranet}\",\"global\":false,\"ignoreCase\":true,\"matchIndex\":0}', 0, 'config/tpl/clockwork.config', 'realtime-1:80', NULL);
INSERT INTO `source_config` VALUES ('0a4c4e0e-f52b-4808-b10d-4e8581d11988', '37363fe8-c813-456e-aa3a-63275a8973f9', '07fcd766-9451-4287-9e4b-f27de4e3df14', '触达flow-api服务启动端口【/data/clockwork_api/clockwork.config->flow_api->port】', '{\"source\":\"#{clockwork.flow_api_port}\",\"global\":false,\"ignoreCase\":false,\"matchIndex\":0}', 0, 'etl-single/config/tpl/config/market_config.properties', '8888', NULL);
INSERT INTO `source_config` VALUES ('0aeb8679-1ae1-4e6d-a84a-1a3f69764f66', 'c901f2f3-ee26-4461-b830-7c47e4f4bd6a', '2da9b5de-74d0-4533-860f-8915766b270a', 'zookeeper服务集群', '{\"source\":\"#{zookeepr_servers,1}\",\"global\":false,\"ignoreCase\":false,\"matchIndex\":0}', 0, 'tpl/config/consumer-virtual-app.properties', 'realtime-1:2182', NULL);
INSERT INTO `source_config` VALUES ('0c028a34-619c-427c-958d-46376ffe10ed', '37363fe8-c813-456e-aa3a-63275a8973f9', '07fcd766-9451-4287-9e4b-f27de4e3df14', 'impala连接配置（host,登录名,登录密码,端口,仓库名）', '{\"source\":\"#{impala,2}\",\"global\":false,\"ignoreCase\":false,\"matchIndex\":0}', 0, 'etl-paopi/config/tpl/config/impala_db.properties', 'admin', NULL);
INSERT INTO `source_config` VALUES ('0cb70a7c-1dd1-439b-9915-1fac7d0429e6', '37363fe8-c813-456e-aa3a-63275a8973f9', '07fcd766-9451-4287-9e4b-f27de4e3df14', 'impala/hive元数据库连接配置（host,登录名,登录密码）', '{\"source\":\"#{mysql_hive,3}\",\"global\":false,\"ignoreCase\":false,\"matchIndex\":0}', 0, 'etl-paopi/config/tpl/config/hive_db.properties', 'zhugeio', NULL);
INSERT INTO `source_config` VALUES ('0cd59d82-901d-49a9-a86c-1ce116a62de3', '45a9da44-30ae-4660-a2f8-7729b3036d2e', '44e0bfcc-edfd-4d5c-a84d-615d444cee77', 'zabbix-web-api', '{\"source\":\"#{svr.domain.intranet.zabbix.www}\",\"global\":false,\"ignoreCase\":false,\"matchIndex\":0}', 0, 'nginx/nginx/conf/nginx.conf', 'realtime-1:8081', NULL);
INSERT INTO `source_config` VALUES ('0dabea1d-6f14-4a7e-86fd-d0f5bccb035e', '85866bad-811d-44af-952e-bdf1c1f1cd1a', '4a826f66-9c1d-42f7-a328-b1d84ead507f', '前端mysql库连接配置（host,登录名,登录密码,端口）', '{\"source\":\"#{mysql,4/3306}\",\"global\":false,\"ignoreCase\":false,\"matchIndex\":0}', 0, 'config/private/tpl/config.properties', '3306', NULL);
INSERT INTO `source_config` VALUES ('0dfa8736-4d3c-466e-b38a-698de7e163dd', '45a9da44-30ae-4660-a2f8-7729b3036d2e', '44e0bfcc-edfd-4d5c-a84d-615d444cee77', '触达内网（www）服务部署地址（默认两个）【/data/marketing/www/config】', '{\"source\":\"#{svr.domain.intranet.mkt.www,2}\",\"global\":false,\"ignoreCase\":false,\"matchIndex\":0}', 0, 'nginx-single/nginx/conf/nginx.conf-upload', 'realtime-3:18001', NULL);
INSERT INTO `source_config` VALUES ('0e4e5f12-71d1-4bcd-b799-97197de7df4e', '51993461-d59f-4f5b-86a6-742db1d3194a', '7ff4386b-7102-411c-931e-f7e371e33dfa', '合并端口外网访问地址(需要加协议http(s))(填网站的)', '{\"source\":\"#{svr.domain.extranet}\",\"global\":false,\"ignoreCase\":false,\"matchIndex\":0}', 0, 'config/prod.env.js.tpl', 'https://uba.it.pkpm.cn', NULL);
INSERT INTO `source_config` VALUES ('0e51a5b0-fcef-48f2-a6b4-6ce50b7087fd', '7c6a4ef0-7af7-40b0-aa69-99bad2d6271d', '41f4d639-5aba-4888-838a-f25459698ddb', '前端mysql库连接配置（host,登录名,登录密码,端口）', '{\"source\":\"#{mysql,4/3306}\",\"global\":false,\"ignoreCase\":false,\"matchIndex\":0}', 0, 'src/config.ts.tpl', '3306', NULL);
INSERT INTO `source_config` VALUES ('0e9081a4-788e-4b8a-aac7-86971e27796c', '37363fe8-c813-456e-aa3a-63275a8973f9', '07fcd766-9451-4287-9e4b-f27de4e3df14', 'redis 6379端口', '{\"source\":\"#{redis_6379,2}\",\"global\":false,\"ignoreCase\":false,\"matchIndex\":0}', 0, 'etl-single/config/tpl/config/redis.properties', '6379', NULL);
INSERT INTO `source_config` VALUES ('0f4e7ef9-244b-44b9-a27b-1d1a1388047a', '7c6a4ef0-7af7-40b0-aa69-99bad2d6271d', '41f4d639-5aba-4888-838a-f25459698ddb', 'redis 26555端口', '{\"source\":\"#{redis_26555,2}\",\"global\":false,\"ignoreCase\":true,\"matchIndex\":0}', 0, 'src/config.ts.tpl', '26555', NULL);
INSERT INTO `source_config` VALUES ('1091fc2d-1b17-48f6-bb2d-ac83acfb40cb', 'c2c43a72-6413-43b6-8cc5-3707945b32f0', '2a259bdd-cbb7-4317-b1da-a1c27ffd583d', 'zgsee-pix服务kafka-topic', '{\"source\":\"#{zgsee.pix.kafka_topic}\",\"global\":false,\"ignoreCase\":false,\"matchIndex\":0}', 0, 'docs/config/tpl/config-kpt.properties', 'zg_see_pix', NULL);
INSERT INTO `source_config` VALUES ('111d6c23-a955-40e5-a3f9-f28a8107266e', '45a9da44-30ae-4660-a2f8-7729b3036d2e', '44e0bfcc-edfd-4d5c-a84d-615d444cee77', '微信内网（www）服务部署地址（默认1个）【/data/wt/www/config】', '{\"source\":\"#{svr.domain.intranet.weixin.www}\",\"global\":false,\"ignoreCase\":false,\"matchIndex\":0}', 0, 'nginx-single/nginx/conf/nginx.conf', 'realtime-1:7715', NULL);
INSERT INTO `source_config` VALUES ('11f7dd6b-642b-45fb-9407-e9f110c25403', '37363fe8-c813-456e-aa3a-63275a8973f9', '07fcd766-9451-4287-9e4b-f27de4e3df14', 'impala/hive元数据库连接配置（host,登录名,登录密码）', '{\"source\":\"#{mysql_hive,1}\",\"global\":false,\"ignoreCase\":false,\"matchIndex\":0}', 0, 'etl-paopi/config/tpl/config/hive_db.properties', 'realtime-1', NULL);
INSERT INTO `source_config` VALUES ('122b21d4-3df3-407d-b54e-cf585ca7696a', '0f0dfcad-40a0-4a99-9bc6-232b4efb22d4', '8d1ab3f3-5a5c-4442-81a9-336cc455ef02', '是否启用分析平台的视屏功能', '{\"source\":\"#{webapp.use_zgsee}\",\"global\":false,\"ignoreCase\":false,\"matchIndex\":0}', 0, 'spa/config/prod.env.js.tpl', 'false', NULL);
INSERT INTO `source_config` VALUES ('1232ca3d-5683-4fdd-9ac2-5bf74153e3e8', '8d3c85d6-4bd3-4936-9e0f-ee44cfe312ca', '9d976e67-07e7-4463-8712-8a6de26e8a38', '前端mysql库连接配置（host,登录名,登录密码,端口）', '{\"source\":\"#{mysql,2}\",\"global\":false,\"ignoreCase\":true,\"matchIndex\":0}', 0, 'docs/tpl', 'web', NULL);
INSERT INTO `source_config` VALUES ('1235ea44-17c5-46c3-aa33-b2a161ab5922', '997e7123-62a2-438a-88cc-122c32965519', 'b27b0e60-a9a0-469e-a5a6-d59d3235a5ea', '触达2.0相关配置', '{\"source\":\"#{mktv2.config->server.batch}\",\"global\":false,\"ignoreCase\":false,\"matchIndex\":0}', 0, 'config/tpl', 'realtime-mkt:1927', NULL);
INSERT INTO `source_config` VALUES ('12ee589d-a96f-43eb-8af4-b0d9a7c2bf20', '37363fe8-c813-456e-aa3a-63275a8973f9', '07fcd766-9451-4287-9e4b-f27de4e3df14', '前端mysql库连接配置（host,登录名,登录密码,端口）', '{\"source\":\"#{mysql,1}\",\"global\":false,\"ignoreCase\":false,\"matchIndex\":0}', 0, 'etl-load-cdh/config/tpl/config/front_db.properties', 'realtime-1', NULL);
INSERT INTO `source_config` VALUES ('1346d217-8238-4ff1-8f95-a0393ccb2e74', 'dae89e64-2932-4bec-b3ae-4ac5be585617', '7a5c3982-1c5c-43c5-b4fa-15d9bd89fcdb', '前端mysql库连接配置（host,登录名,登录密码,端口）', '{\"source\":\"#{mysql,3}\",\"global\":false,\"ignoreCase\":false,\"matchIndex\":0}', 0, 'docs/config/tpl/copyAppKey.sh', 'zanalytics', NULL);
INSERT INTO `source_config` VALUES ('13d6dce7-8f74-4832-884e-74f8b099c4c2', '0f0dfcad-40a0-4a99-9bc6-232b4efb22d4', '8d1ab3f3-5a5c-4442-81a9-336cc455ef02', '诸葛字样标识', '{\"source\":\"#{webapp.word.zg_text}\",\"global\":false,\"ignoreCase\":false,\"matchIndex\":0}', 0, 'spa/config/prod.env.js.tpl', '数据分析', NULL);
INSERT INTO `source_config` VALUES ('1445d66f-c437-49c9-acf2-f165826ccc88', '37363fe8-c813-456e-aa3a-63275a8973f9', '07fcd766-9451-4287-9e4b-f27de4e3df14', 'impala连接配置（host,登录名,登录密码,端口,仓库名）', '{\"source\":\"#{impala,1}\",\"global\":false,\"ignoreCase\":false,\"matchIndex\":0}', 0, 'etl-load-cdh/config/tpl/config_single/impala_db.properties', 'realtime-1', NULL);
INSERT INTO `source_config` VALUES ('145f8d95-248a-4d3c-aa8b-c3bb078d938b', '37363fe8-c813-456e-aa3a-63275a8973f9', '07fcd766-9451-4287-9e4b-f27de4e3df14', 'impala连接配置（host,登录名,登录密码,端口,仓库名）', '{\"source\":\"#{impala,5/zhugeio}\",\"global\":false,\"ignoreCase\":false,\"matchIndex\":0}', 0, 'etl-load-cdh/config/tpl/config_single/impala_db.properties', 'zanalytics', NULL);
INSERT INTO `source_config` VALUES ('14f4ab3a-91cf-4f52-af3b-fc010c0d574f', '40e643c4-5254-4ae7-a3cb-bc7a31aeeefc', '43df9041-08b4-4179-a7d5-303f15485253', 'redis 6372端口（触达）', '{\"source\":\"#{redis_6372,2}\",\"global\":false,\"ignoreCase\":false,\"matchIndex\":0}', 0, 'config/tpl/clockwork.config', '6380', NULL);
INSERT INTO `source_config` VALUES ('15381ad7-64cb-4ffc-8fcf-e5e89546ec98', '0f0dfcad-40a0-4a99-9bc6-232b4efb22d4', '8d1ab3f3-5a5c-4442-81a9-336cc455ef02', '合并端口内网访问地址', '{\"source\":\"#{svr.domain.intranet}\",\"global\":false,\"ignoreCase\":true,\"matchIndex\":0}', 0, 'spa/config/prod.env.js.tpl', 'realtime-1:80', NULL);
INSERT INTO `source_config` VALUES ('157feb30-d72c-41c8-8d5d-4f64a9cc558a', 'cdac3b88-7578-4a0e-8151-f96627832942', '40ce7785-d4d6-41bf-9d58-ed7ec7e9767c', '触达2.0相关配置', '{\"source\":\"#{mktv2.config->server.statistics}\",\"global\":false,\"ignoreCase\":true,\"matchIndex\":0}', 0, 'docs/tpl/README.md', 'realtime-mkt:1926', NULL);
INSERT INTO `source_config` VALUES ('160d351c-b829-4264-a693-9352eadda14e', '0f0dfcad-40a0-4a99-9bc6-232b4efb22d4', '8d1ab3f3-5a5c-4442-81a9-336cc455ef02', 'js-sdk名称', '{\"source\":\"#{webapp.word.js_sdk}\",\"global\":false,\"ignoreCase\":false,\"matchIndex\":0}', 0, 'spa/config/prod.env.js.tpl', 'zhuge', NULL);
INSERT INTO `source_config` VALUES ('16378944-6c2d-4da7-8eb3-15b5c52abca5', 'cdac3b88-7578-4a0e-8151-f96627832942', '40ce7785-d4d6-41bf-9d58-ed7ec7e9767c', 'impala连接配置（host,登录名,登录密码,端口,仓库名）', '{\"source\":\"#{impala,3}\",\"global\":false,\"ignoreCase\":false,\"matchIndex\":0}', 0, 'docs/tpl/mkt-statistics', 'admin', NULL);
INSERT INTO `source_config` VALUES ('166b73f7-a86c-4c63-91fe-bd8699375a2e', '37363fe8-c813-456e-aa3a-63275a8973f9', '07fcd766-9451-4287-9e4b-f27de4e3df14', '前端mysql库连接配置（host,登录名,登录密码,端口）', '{\"source\":\"#{mysql,3}\",\"global\":false,\"ignoreCase\":false,\"matchIndex\":0}', 0, 'etl-single/config/tpl/config/front_db.properties', 'zanalytics', NULL);
INSERT INTO `source_config` VALUES ('16dd51fa-13db-449a-9dbe-8c57d3e25f00', '37363fe8-c813-456e-aa3a-63275a8973f9', '07fcd766-9451-4287-9e4b-f27de4e3df14', 'impala连接配置（host,登录名,登录密码,端口,仓库名）', '{\"source\":\"#{impala,5/zhugeio}\",\"global\":false,\"ignoreCase\":false,\"matchIndex\":0}', 0, 'etl-paopi/config/tpl/config/impala_db.properties', 'zanalytics', NULL);
INSERT INTO `source_config` VALUES ('16e28ec7-782c-4347-99a2-38db114af2ec', 'cdac3b88-7578-4a0e-8151-f96627832942', '40ce7785-d4d6-41bf-9d58-ed7ec7e9767c', '触达2.0相关配置', '{\"source\":\"#{mktv2.config->base_path}\",\"global\":false,\"ignoreCase\":true,\"matchIndex\":0}', 0, 'docs/tpl/mkt-user', '/data/mkt', NULL);
INSERT INTO `source_config` VALUES ('1709d1bb-c74c-4c42-99fe-e94c7eed7990', 'cdac3b88-7578-4a0e-8151-f96627832942', '40ce7785-d4d6-41bf-9d58-ed7ec7e9767c', '前端mysql库连接配置（host,登录名,登录密码,端口）', '{\"source\":\"#{mysql,3}\",\"global\":false,\"ignoreCase\":false,\"matchIndex\":0}', 0, 'docs/tpl/mkt-activity', 'zanalytics', NULL);
INSERT INTO `source_config` VALUES ('170bbcf8-bf30-43fb-ac0c-9b079de86b67', '37363fe8-c813-456e-aa3a-63275a8973f9', '07fcd766-9451-4287-9e4b-f27de4e3df14', '前端mysql库连接配置（host,登录名,登录密码,端口）', '{\"source\":\"#{mysql,3}\",\"global\":false,\"ignoreCase\":false,\"matchIndex\":0}', 0, 'etl-gate/config/tpl/config/front_db.properties', 'zanalytics', NULL);
INSERT INTO `source_config` VALUES ('170cb05a-91b0-469b-ae6e-f6af32624165', '0f0dfcad-40a0-4a99-9bc6-232b4efb22d4', '8d1ab3f3-5a5c-4442-81a9-336cc455ef02', '是否启动密码强校验功能', '{\"source\":\"#{webapp.use_pwd_rules}\",\"global\":false,\"ignoreCase\":false,\"matchIndex\":0}', 0, 'spa/config/prod.env.js.tpl', 'true', NULL);
INSERT INTO `source_config` VALUES ('17384177-1d61-4791-ae22-bbdb843fbe1a', '0f0dfcad-40a0-4a99-9bc6-232b4efb22d4', '8d1ab3f3-5a5c-4442-81a9-336cc455ef02', 'deepShare开关', '{\"source\":\"#{webapp.show_deep_share}\",\"global\":false,\"ignoreCase\":false,\"matchIndex\":0}', 0, 'spa/config/prod.env.js.tpl', 'true', NULL);
INSERT INTO `source_config` VALUES ('184da187-c727-4276-b5fa-b9f3e8746343', '7c6a4ef0-7af7-40b0-aa69-99bad2d6271d', '41f4d639-5aba-4888-838a-f25459698ddb', 'node服务socket接口前缀', '{\"source\":\"#{node.api.socket.prefix}\",\"global\":false,\"ignoreCase\":false,\"matchIndex\":0}', 0, 'src/config.ts.tpl', '/analysis/socket', NULL);
INSERT INTO `source_config` VALUES ('18b113db-c556-4adb-b62f-e7c2f8f74ba1', '45a9da44-30ae-4660-a2f8-7729b3036d2e', '44e0bfcc-edfd-4d5c-a84d-615d444cee77', 'zabbix-web-api', '{\"source\":\"#{svr.domain.intranet.zabbix.www}\",\"global\":false,\"ignoreCase\":false,\"matchIndex\":0}', 0, 'nginx/nginx/conf/nginx.conf-upload', 'realtime-1:8081', NULL);
INSERT INTO `source_config` VALUES ('1b09b5d3-feb7-4184-889f-9551da2c959d', '37363fe8-c813-456e-aa3a-63275a8973f9', '07fcd766-9451-4287-9e4b-f27de4e3df14', '前端mysql库连接配置（host,登录名,登录密码,端口）', '{\"source\":\"#{mysql,1}\",\"global\":false,\"ignoreCase\":false,\"matchIndex\":0}', 0, 'etl-gate/config/tpl/config/front_db.properties', 'realtime-1', NULL);
INSERT INTO `source_config` VALUES ('1b4fdc2d-715b-461a-898e-d0684526234a', 'cdac3b88-7578-4a0e-8151-f96627832942', '40ce7785-d4d6-41bf-9d58-ed7ec7e9767c', '前端mysql库连接配置（host,登录名,登录密码,端口）', '{\"source\":\"#{mysql,2}\",\"global\":false,\"ignoreCase\":true,\"matchIndex\":0}', 0, 'docs/tpl/mkt-adapter', 'web', NULL);
INSERT INTO `source_config` VALUES ('1ba89e6c-e68c-48d0-b0c4-946a31a28e77', '37363fe8-c813-456e-aa3a-63275a8973f9', '07fcd766-9451-4287-9e4b-f27de4e3df14', 'redis 8895端口', '{\"source\":\"#{redis_8895,2}\",\"global\":false,\"ignoreCase\":false,\"matchIndex\":0}', 0, 'etl-dw-kudu/config/tpl/config/redis.properties', '8895', NULL);
INSERT INTO `source_config` VALUES ('1bc193b2-2dab-4bbf-b9c0-60af654629e7', '2f46f470-e0ec-4119-bc84-c4d111475889', 'f099031a-7bcd-4d77-af00-8290675eb858', 'ssdb 8888端口', '{\"source\":\"#{ssdb_8888,2}\",\"global\":false,\"ignoreCase\":false,\"matchIndex\":0}', 0, 'docs/config/tpl/', '8888', NULL);
INSERT INTO `source_config` VALUES ('1bd02305-d207-4020-b307-6c98a1ec73dd', '37363fe8-c813-456e-aa3a-63275a8973f9', '07fcd766-9451-4287-9e4b-f27de4e3df14', 'redis 8893端口', '{\"source\":\"#{redis_8893,2}\",\"global\":false,\"ignoreCase\":false,\"matchIndex\":0}', 0, 'etl-id-kudu/config/tpl/config/id_redis.properties', '8893', NULL);
INSERT INTO `source_config` VALUES ('1d278bc2-071c-435b-b622-3934f20d197a', '0f0dfcad-40a0-4a99-9bc6-232b4efb22d4', '8d1ab3f3-5a5c-4442-81a9-336cc455ef02', 'node服务socket接口前缀', '{\"source\":\"#{node.api.socket.prefix}\",\"global\":false,\"ignoreCase\":false,\"matchIndex\":0}', 0, 'spa/config/prod.env.js.tpl', '/analysis/socket', NULL);
INSERT INTO `source_config` VALUES ('1e1a85f0-5d6a-4630-9650-a97e1cbae8b5', '40e643c4-5254-4ae7-a3cb-bc7a31aeeefc', '43df9041-08b4-4179-a7d5-303f15485253', '合并端口外网访问地址(需要加协议http(s))(填网关的)', '{\"source\":\"#{svr.domain.nginx.extranet}\",\"global\":false,\"ignoreCase\":true,\"matchIndex\":0}', 0, 'config/tpl/clockwork.config', 'https://uba.it.pkpm.cn', NULL);
INSERT INTO `source_config` VALUES ('1e38c313-9148-4bf2-a51c-2cbb4c937246', 'dae89e64-2932-4bec-b3ae-4ac5be585617', '7a5c3982-1c5c-43c5-b4fa-15d9bd89fcdb', 'ssdb 8888端口', '{\"source\":\"#{ssdb_8888,2}\",\"global\":false,\"ignoreCase\":false,\"matchIndex\":0}', 0, 'docs/config/tpl/application.properties', '8888', NULL);
INSERT INTO `source_config` VALUES ('1ea46c12-e93d-41df-b380-263074c479c6', '2f46f470-e0ec-4119-bc84-c4d111475889', 'f099031a-7bcd-4d77-af00-8290675eb858', 'es集群2的ip', '{\"source\":\"#{elasticsearch2,1}\",\"global\":false,\"ignoreCase\":false,\"matchIndex\":0}', 0, 'docs/config/tpl/', 'realtime-2', NULL);
INSERT INTO `source_config` VALUES ('1ebade8a-c23d-41d0-ae24-87ab4a38d9ad', '40e643c4-5254-4ae7-a3cb-bc7a31aeeefc', '43df9041-08b4-4179-a7d5-303f15485253', 'redis 6372端口（触达）', '{\"source\":\"#{redis_6372,1}\",\"global\":false,\"ignoreCase\":false,\"matchIndex\":0}', 0, 'config/tpl/clockwork.config', 'realtime-3', NULL);
INSERT INTO `source_config` VALUES ('1f45be06-7c0a-45c6-86f5-7c02fc9d5003', '37363fe8-c813-456e-aa3a-63275a8973f9', '07fcd766-9451-4287-9e4b-f27de4e3df14', '前端mysql库连接配置（host,登录名,登录密码,端口）', '{\"source\":\"#{mysql,1}\",\"global\":false,\"ignoreCase\":false,\"matchIndex\":0}', 0, 'etl-load-cdh/config/tpl/config_single/front_db.properties', 'realtime-1', NULL);
INSERT INTO `source_config` VALUES ('1f543094-469c-48b7-8eee-7b4c4141290f', '45a9da44-30ae-4660-a2f8-7729b3036d2e', '44e0bfcc-edfd-4d5c-a84d-615d444cee77', 'ssdb 8888端口', '{\"source\":\"#{ssdb_8888,1}\",\"global\":false,\"ignoreCase\":false,\"matchIndex\":0}', 0, 'es-index/zanalytics-index-db/tpl/2-db1.conf', 'realtime-1', NULL);
INSERT INTO `source_config` VALUES ('2018672a-65ec-430a-997e-10ccb329d075', '37363fe8-c813-456e-aa3a-63275a8973f9', '07fcd766-9451-4287-9e4b-f27de4e3df14', 'ssdb 8888端口', '{\"source\":\"#{ssdb_8888,3}\",\"global\":false,\"ignoreCase\":false,\"matchIndex\":0}', 0, 'etl-paopi/config/tpl/config/redis.properties', NULL, NULL);
INSERT INTO `source_config` VALUES ('2071fb45-3f3f-48a2-be75-b32fc730d6e3', '46c0879d-a25b-4f8b-bc66-610d6ed88ef4', 'd96de692-4e70-4d52-89f9-3d1deceeee78', '前端mysql库连接配置（host,登录名,登录密码,端口）', '{\"source\":\"#{mysql,3}\",\"global\":false,\"ignoreCase\":false,\"matchIndex\":0}', 0, 'doc/部署准备资料/client-realtime-tpl/worker/config.properties', 'zanalytics', NULL);
INSERT INTO `source_config` VALUES ('208331e0-4552-42e8-99e4-1f625ba6f0b4', '40e643c4-5254-4ae7-a3cb-bc7a31aeeefc', '43df9041-08b4-4179-a7d5-303f15485253', 'redis 6372端口（触达）', '{\"source\":\"#{redis_6372,3}\",\"global\":false,\"ignoreCase\":false,\"matchIndex\":0}', 0, 'config/tpl/clockwork.config', 'Sun_unix*1101', NULL);
INSERT INTO `source_config` VALUES ('208ca478-217a-40c1-beda-ae442ad0673d', '7c6a4ef0-7af7-40b0-aa69-99bad2d6271d', '41f4d639-5aba-4888-838a-f25459698ddb', '前端mysql库连接配置（host,登录名,登录密码,端口）', '{\"source\":\"#{mysql,2}\",\"global\":false,\"ignoreCase\":false,\"matchIndex\":0}', 0, 'src/config.ts.tpl', 'web', NULL);
INSERT INTO `source_config` VALUES ('21407f24-8a11-464b-adef-43715245d872', '37363fe8-c813-456e-aa3a-63275a8973f9', '07fcd766-9451-4287-9e4b-f27de4e3df14', 'redis 8898端口', '{\"source\":\"#{redis_8898,2}\",\"global\":false,\"ignoreCase\":false,\"matchIndex\":0}', 0, 'etl-count/config/tpl/config/redis.properties', '8898', NULL);
INSERT INTO `source_config` VALUES ('2180c57c-3379-43c9-8e85-bbc595e70795', '45a9da44-30ae-4660-a2f8-7729b3036d2e', '44e0bfcc-edfd-4d5c-a84d-615d444cee77', '前端mysql库连接配置（host,登录名,登录密码,端口）', '{\"source\":\"#{mysql,2}\",\"global\":false,\"ignoreCase\":false,\"matchIndex\":0}', 0, 'userbehaviorpath_usergroup/getdbdata-tpl.sh', 'web', NULL);
INSERT INTO `source_config` VALUES ('21a2e350-ec6a-4f67-9c69-48bdcf736160', '45a9da44-30ae-4660-a2f8-7729b3036d2e', '44e0bfcc-edfd-4d5c-a84d-615d444cee77', 'zabbix-web-api', '{\"source\":\"#{svr.domain.intranet.zabbix.www}\",\"global\":false,\"ignoreCase\":false,\"matchIndex\":0}', 0, 'nginx-single/nginx/conf/nginx.conf', 'realtime-1:8081', NULL);
INSERT INTO `source_config` VALUES ('22229caf-d927-494c-b6dc-ad71292f0287', '1e4058bb-b8e6-4ca9-ae31-4065365d51f1', 'e7f7a127-f4c4-4338-8e84-9b7fc73dd4a7', '视屏根路由', '{\"source\":\"#{shiping.base_path}\",\"global\":false,\"ignoreCase\":false,\"matchIndex\":0}', 0, 'config/buildConfig.js.tpl', 'shiping', NULL);
INSERT INTO `source_config` VALUES ('22cb74b2-ac8d-4183-bc93-9dc5585485e6', '45a9da44-30ae-4660-a2f8-7729b3036d2e', '44e0bfcc-edfd-4d5c-a84d-615d444cee77', 'node服务（来源映射、sdk、实时概览、数据接入等）', '{\"source\":\"#{svr.domain.intranet.node}\",\"global\":false,\"ignoreCase\":false,\"matchIndex\":0}', 0, 'nginx/nginx/conf/nginx.conf-upload', 'realtime-3:9004', NULL);
INSERT INTO `source_config` VALUES ('23296ae4-f1a0-4d02-a261-6b6c1cc7f735', '46c0879d-a25b-4f8b-bc66-610d6ed88ef4', 'd96de692-4e70-4d52-89f9-3d1deceeee78', '微信客户端kafka-topic', '{\"source\":\"#{wt.client.kafka_topic}\",\"global\":false,\"ignoreCase\":false,\"matchIndex\":0}', 0, 'doc/部署准备资料/client-realtime-tpl/receiver/config.properties', 'wt-weixin-topic', NULL);
INSERT INTO `source_config` VALUES ('238d7722-78e7-4b93-bf72-7f464aec8fa3', 'cdac3b88-7578-4a0e-8151-f96627832942', '40ce7785-d4d6-41bf-9d58-ed7ec7e9767c', '触达2.0相关配置', '{\"source\":\"#{mktv2.config->server.batch}\",\"global\":false,\"ignoreCase\":false,\"matchIndex\":0}', 0, 'docs/tpl/scripts/package/playwell-client/README.md', 'realtime-mkt:1927', NULL);
INSERT INTO `source_config` VALUES ('246b67a2-92f6-4c93-8539-e94609ecdf62', '37363fe8-c813-456e-aa3a-63275a8973f9', '07fcd766-9451-4287-9e4b-f27de4e3df14', 'redis 8892端口', '{\"source\":\"#{redis_8892,2}\",\"global\":false,\"ignoreCase\":false,\"matchIndex\":0}', 0, 'etl-single/config/tpl/config/redis.properties', '8892', NULL);
INSERT INTO `source_config` VALUES ('24ce76e1-49c1-4d78-bf2b-3142de562b2c', '04d51d81-5439-4f4b-ad95-ab0610f933ae', '2129aeea-f59f-47e6-af4b-48ab8e3bc374', 'impala连接配置（host,登录名,登录密码,端口,仓库名）', '{\"source\":\"#{impala,5/zhugeio}\",\"global\":false,\"ignoreCase\":true,\"matchIndex\":0}', 0, 'docs/config/tpl/', 'zanalytics', NULL);
INSERT INTO `source_config` VALUES ('24fc7938-1843-4011-ab18-a662750054f9', 'cdac3b88-7578-4a0e-8151-f96627832942', '40ce7785-d4d6-41bf-9d58-ed7ec7e9767c', '触达2.0相关配置', '{\"source\":\"#{mktv2.config->base_path}\",\"global\":false,\"ignoreCase\":true,\"matchIndex\":0}', 0, 'docs/tpl/mkt-batch', '/data/mkt', NULL);
INSERT INTO `source_config` VALUES ('25482487-7a63-4f6a-ab32-d9c1a0934384', '04d51d81-5439-4f4b-ad95-ab0610f933ae', '2129aeea-f59f-47e6-af4b-48ab8e3bc374', '分析session/cookie存储域名(填网站的)(不需要加端口)', '{\"source\":\"#{analysis.zhuge_session_domain}\",\"global\":false,\"ignoreCase\":true,\"matchIndex\":0}', 0, 'docs/config/tpl/', 'uba.it.pkpm.cn', NULL);
INSERT INTO `source_config` VALUES ('257bc243-e138-40df-86e0-92780c5df8f2', '45a9da44-30ae-4660-a2f8-7729b3036d2e', '44e0bfcc-edfd-4d5c-a84d-615d444cee77', 'redis 6379端口', '{\"source\":\"#{redis_6379,1}\",\"global\":false,\"ignoreCase\":false,\"matchIndex\":0}', 0, 'zanalytics_online_debug/online_debug_config.py-tpl', 'realtime-1', NULL);
INSERT INTO `source_config` VALUES ('260111f3-c8af-468d-ae90-a7a182f5a5a5', '04d51d81-5439-4f4b-ad95-ab0610f933ae', '2129aeea-f59f-47e6-af4b-48ab8e3bc374', '合并端口外网访问地址(需要加协议http(s))(填网站的)', '{\"source\":\"#{svr.domain.extranet}\",\"global\":false,\"ignoreCase\":true,\"matchIndex\":0}', 0, 'docs/config/tpl/', 'https://uba.it.pkpm.cn', NULL);
INSERT INTO `source_config` VALUES ('26026103-9cf5-4780-9485-281528c848a1', '8d3c85d6-4bd3-4936-9e0f-ee44cfe312ca', '9d976e67-07e7-4463-8712-8a6de26e8a38', '前端mysql库连接配置（host,登录名,登录密码,端口）', '{\"source\":\"#{mysql,3}\",\"global\":false,\"ignoreCase\":true,\"matchIndex\":0}', 0, 'docs/tpl', 'zanalytics', NULL);
INSERT INTO `source_config` VALUES ('260e6745-92d7-46d3-a2da-275211663c7b', 'cdac3b88-7578-4a0e-8151-f96627832942', '40ce7785-d4d6-41bf-9d58-ed7ec7e9767c', 'impala连接配置（host,登录名,登录密码,端口,仓库名）', '{\"source\":\"#{impala,2}\",\"global\":false,\"ignoreCase\":false,\"matchIndex\":0}', 0, 'docs/tpl/mkt-batch', 'admin', NULL);
INSERT INTO `source_config` VALUES ('261936a3-1524-4166-a204-0723e2984eeb', '45a9da44-30ae-4660-a2f8-7729b3036d2e', '44e0bfcc-edfd-4d5c-a84d-615d444cee77', 'redis 6379端口', '{\"source\":\"#{redis_6379,3}\",\"global\":false,\"ignoreCase\":false,\"matchIndex\":0}', 0, 'userbehaviorpath_usergroup/ubpa/bin/tpl/worker.py', 'Sun_unix*1101', NULL);
INSERT INTO `source_config` VALUES ('275a9fda-eed3-4ec8-be6b-7c83210cb8a6', '45a9da44-30ae-4660-a2f8-7729b3036d2e', '44e0bfcc-edfd-4d5c-a84d-615d444cee77', '前端mysql库连接配置（host,登录名,登录密码,端口）', '{\"source\":\"#{mysql,1}\",\"global\":false,\"ignoreCase\":false,\"matchIndex\":0}', 0, 'userbehaviorpath_usergroup/behavior_path_hadoop/tpl/behavior_config.yml', 'realtime-1', NULL);
INSERT INTO `source_config` VALUES ('27ad4e31-5af8-4b40-a223-3480d4783e1d', 'cdac3b88-7578-4a0e-8151-f96627832942', '40ce7785-d4d6-41bf-9d58-ed7ec7e9767c', '前端mysql库连接配置（host,登录名,登录密码,端口）', '{\"source\":\"#{mysql,2}\",\"global\":false,\"ignoreCase\":true,\"matchIndex\":0}', 0, 'docs/tpl/mkt-user', 'web', NULL);
INSERT INTO `source_config` VALUES ('286d7fdc-2711-425a-9044-e6ad9868061a', '46c0879d-a25b-4f8b-bc66-610d6ed88ef4', 'd96de692-4e70-4d52-89f9-3d1deceeee78', 'redis 26480端口', '{\"source\":\"#{redis_26480,3}\",\"global\":false,\"ignoreCase\":false,\"matchIndex\":0}', 0, 'doc/部署准备资料/client-realtime-tpl/www/config.properties', 'Sun_unix*1101', NULL);
INSERT INTO `source_config` VALUES ('28ccef6f-ca06-40ad-bbde-953cb639e2fc', '37363fe8-c813-456e-aa3a-63275a8973f9', '07fcd766-9451-4287-9e4b-f27de4e3df14', '前端mysql库连接配置（host,登录名,登录密码,端口）', '{\"source\":\"#{mysql,2}\",\"global\":false,\"ignoreCase\":false,\"matchIndex\":0}', 0, 'etl-paopi/config/tpl/config/front_db.properties', 'web', NULL);
INSERT INTO `source_config` VALUES ('28d6052a-c091-43af-93ec-a6348bc4cb49', '40e643c4-5254-4ae7-a3cb-bc7a31aeeefc', '43df9041-08b4-4179-a7d5-303f15485253', 'ssdb 1217端口', '{\"source\":\"#{ssdb_1217,1}\",\"global\":false,\"ignoreCase\":false,\"matchIndex\":0}', 0, 'config/tpl/clockwork.config', 'realtime-2', NULL);
INSERT INTO `source_config` VALUES ('293538f1-e79e-4ac4-ae71-01b406333ec3', '45a9da44-30ae-4660-a2f8-7729b3036d2e', '44e0bfcc-edfd-4d5c-a84d-615d444cee77', '微信内网（receiver）服务部署地址（默认两个）【/data/wt/receiver/config】', '{\"source\":\"#{svr.domain.intranet.weixin.receiver,2}\",\"global\":false,\"ignoreCase\":false,\"matchIndex\":0}', 0, 'nginx-single/nginx/conf/nginx.conf-upload', 'realtime-2:7713', NULL);
INSERT INTO `source_config` VALUES ('298eaae4-3818-4070-aaf2-36ca46a053c9', '37363fe8-c813-456e-aa3a-63275a8973f9', '07fcd766-9451-4287-9e4b-f27de4e3df14', 'kafka服务集群', '{\"source\":\"#{kafka_bootstrap_servers}\",\"global\":false,\"ignoreCase\":false,\"matchIndex\":0}', 0, 'etl-single/config/tpl/config/config.properties', 'realtime-1:9092,realtime-2:9092,realtime-3:9092', NULL);
INSERT INTO `source_config` VALUES ('29d57615-143a-4a79-a8bd-d5a41a124f82', '997e7123-62a2-438a-88cc-122c32965519', 'b27b0e60-a9a0-469e-a5a6-d59d3235a5ea', '触达2.0相关配置', '{\"source\":\"#{mktv2.config->server.statistics}\",\"global\":false,\"ignoreCase\":false,\"matchIndex\":0}', 0, 'config/tpl', 'realtime-mkt:1926', NULL);
INSERT INTO `source_config` VALUES ('2a27ce79-dc71-44c9-85e1-76488fd3e74c', '46c0879d-a25b-4f8b-bc66-610d6ed88ef4', 'd96de692-4e70-4d52-89f9-3d1deceeee78', 'redis 26480端口', '{\"source\":\"#{redis_26480,1}\",\"global\":false,\"ignoreCase\":false,\"matchIndex\":0}', 0, 'doc/部署准备资料/client-realtime-tpl/consumer/config.properties', 'realtime-1', NULL);
INSERT INTO `source_config` VALUES ('2a5f70cc-fd16-45cb-b2db-2d477fc9570c', '7c6a4ef0-7af7-40b0-aa69-99bad2d6271d', '41f4d639-5aba-4888-838a-f25459698ddb', '前端mysql库连接配置（host,登录名,登录密码,端口）', '{\"source\":\"#{mysql,3}\",\"global\":false,\"ignoreCase\":false,\"matchIndex\":0}', 0, 'src/config.ts.tpl', 'zanalytics', NULL);
INSERT INTO `source_config` VALUES ('2a620aa7-7171-46d0-9449-300ea0785888', '37363fe8-c813-456e-aa3a-63275a8973f9', '07fcd766-9451-4287-9e4b-f27de4e3df14', 'redis 6379端口', '{\"source\":\"#{redis_6379,3}\",\"global\":false,\"ignoreCase\":false,\"matchIndex\":0}', 0, 'etl-single/config/tpl/config/redis.properties', 'Sun_unix*1101', NULL);
INSERT INTO `source_config` VALUES ('2a7bd8c6-9d01-4d1a-afd3-baad0c27704f', '37363fe8-c813-456e-aa3a-63275a8973f9', '07fcd766-9451-4287-9e4b-f27de4e3df14', '前端mysql库连接配置（host,登录名,登录密码,端口）', '{\"source\":\"#{mysql,3}\",\"global\":false,\"ignoreCase\":false,\"matchIndex\":0}', 0, 'etl-dw-kudu/config/tpl/config/front_db.properties', 'zanalytics', NULL);
INSERT INTO `source_config` VALUES ('2b6f1e0c-43eb-4e80-9831-322009693528', '45a9da44-30ae-4660-a2f8-7729b3036d2e', '44e0bfcc-edfd-4d5c-a84d-615d444cee77', 'node服务（来源映射、sdk、实时概览、数据接入等）', '{\"source\":\"#{svr.domain.intranet.node}\",\"global\":false,\"ignoreCase\":false,\"matchIndex\":0}', 0, 'nginx-single/nginx/conf/nginx.conf-upload', 'realtime-3:9004', NULL);
INSERT INTO `source_config` VALUES ('2c002d2c-8696-4a19-9ae6-2102faa23cfc', '37363fe8-c813-456e-aa3a-63275a8973f9', '07fcd766-9451-4287-9e4b-f27de4e3df14', 'kafka服务集群', '{\"source\":\"#{kafka_bootstrap_servers}\",\"global\":false,\"ignoreCase\":false,\"matchIndex\":0}', 0, 'etl-id-kudu/config/tpl/config/config.properties', 'realtime-1:9092,realtime-2:9092,realtime-3:9092', NULL);
INSERT INTO `source_config` VALUES ('2c67233a-6d25-44cf-82db-696009b3563d', 'dae89e64-2932-4bec-b3ae-4ac5be585617', '7a5c3982-1c5c-43c5-b4fa-15d9bd89fcdb', '前端mysql库连接配置（host,登录名,登录密码,端口）', '{\"source\":\"#{mysql,3}\",\"global\":false,\"ignoreCase\":false,\"matchIndex\":0}', 0, 'docs/config/tpl/application-kpt.yml', 'zanalytics', NULL);
INSERT INTO `source_config` VALUES ('2e00de96-f979-4662-9ee5-482033947e4e', 'dae89e64-2932-4bec-b3ae-4ac5be585617', '7a5c3982-1c5c-43c5-b4fa-15d9bd89fcdb', 'impala连接配置（host,登录名,登录密码,端口,仓库名）', '{\"source\":\"#{impala,4}\",\"global\":false,\"ignoreCase\":false,\"matchIndex\":0}', 0, 'docs/config/tpl/application-kpt.yml', '21050', NULL);
INSERT INTO `source_config` VALUES ('2e42ad20-7908-434b-9392-b26aaba1b033', '04d51d81-5439-4f4b-ad95-ab0610f933ae', '2129aeea-f59f-47e6-af4b-48ab8e3bc374', 'impala连接配置（host,登录名,登录密码,端口,仓库名）', '{\"source\":\"#{impala,4}\",\"global\":false,\"ignoreCase\":true,\"matchIndex\":0}', 0, 'docs/config/tpl/', '21050', NULL);
INSERT INTO `source_config` VALUES ('2efc5d5e-4e6d-4a18-8c3c-cfc137d1fb15', '45a9da44-30ae-4660-a2f8-7729b3036d2e', '44e0bfcc-edfd-4d5c-a84d-615d444cee77', 'node服务（来源映射、sdk、实时概览、数据接入等）', '{\"source\":\"#{svr.domain.intranet.node}\",\"global\":false,\"ignoreCase\":false,\"matchIndex\":0}', 0, 'nginx-single/nginx/conf/nginx.conf', 'realtime-3:9004', NULL);
INSERT INTO `source_config` VALUES ('2f892482-c84d-4e23-9b74-a808e2cd5c2d', '46c0879d-a25b-4f8b-bc66-610d6ed88ef4', 'd96de692-4e70-4d52-89f9-3d1deceeee78', 'redis 26480端口', '{\"source\":\"#{redis_26480,1}\",\"global\":false,\"ignoreCase\":false,\"matchIndex\":0}', 0, 'doc/部署准备资料/client-realtime-tpl/worker/config.properties', 'realtime-1', NULL);
INSERT INTO `source_config` VALUES ('30372284-2062-4ac9-b150-ad6ade4bd7a7', '04d51d81-5439-4f4b-ad95-ab0610f933ae', '2129aeea-f59f-47e6-af4b-48ab8e3bc374', '触达api访问地址（内网）【触达clockwork对应的nginx地址】', '{\"source\":\"#{clockwork.flow_api.domain.intranet}\",\"global\":false,\"ignoreCase\":true,\"matchIndex\":0}', 0, 'docs/config/tpl/', 'http://realtime-1:8008', NULL);
INSERT INTO `source_config` VALUES ('31cbb550-16a6-477b-b9f2-e3b1fc400111', '37363fe8-c813-456e-aa3a-63275a8973f9', '07fcd766-9451-4287-9e4b-f27de4e3df14', 'redis 8893端口', '{\"source\":\"#{redis_8893,1}\",\"global\":false,\"ignoreCase\":false,\"matchIndex\":0}', 0, 'etl-id-kudu/config/tpl/config/id_redis.properties', 'realtime-2', NULL);
INSERT INTO `source_config` VALUES ('31d364f1-8701-4e4a-b769-ccc801881885', '71671909-9834-44b3-b2eb-a0789696eeb6', '47bee3c6-4754-4bda-b3da-b6215fee96e1', 'impala连接配置（host,登录名,登录密码,端口,仓库名）', '{\"source\":\"#{impala,5}\",\"global\":false,\"ignoreCase\":true,\"matchIndex\":0}', 0, 'bin/tpl/config.yml', 'zanalytics', NULL);
INSERT INTO `source_config` VALUES ('330a6d42-6909-429d-907b-22121bc7513f', 'c2c43a72-6413-43b6-8cc5-3707945b32f0', '2a259bdd-cbb7-4317-b1da-a1c27ffd583d', 'zgsee图片存放目录（物理机目录,docker容器映射目录）', '{\"source\":\"#{zgsee.pix.path,1}\",\"global\":false,\"ignoreCase\":false,\"matchIndex\":0}', 0, 'docs/config/tpl/config-kpt.properties', '/data/localization/nginx/certs/shiping/pix/', NULL);
INSERT INTO `source_config` VALUES ('3376af67-c01f-4e3b-aad7-50fda629be70', 'b365bc9c-2dfd-4fe1-afba-5b56d58e65a3', 'ef3e253f-ffe6-4196-8e1e-382f28f6c9d1', 'API的base地址', '{\"source\":\"#{market.request_base_url}\",\"global\":false,\"ignoreCase\":false,\"matchIndex\":0}', 0, 'config/constants.js.tpl', '', NULL);
INSERT INTO `source_config` VALUES ('33b9f480-4eb6-4dde-afbe-874fe811581c', '37363fe8-c813-456e-aa3a-63275a8973f9', '07fcd766-9451-4287-9e4b-f27de4e3df14', 'kafka服务集群', '{\"source\":\"#{kafka_bootstrap_servers}\",\"global\":false,\"ignoreCase\":false,\"matchIndex\":0}', 0, 'etl-adv-count/config/tpl/config/config.properties', 'realtime-1:9092,realtime-2:9092,realtime-3:9092', NULL);
INSERT INTO `source_config` VALUES ('3419b3f2-4f9a-4617-b355-2feaab4629ac', 'cdac3b88-7578-4a0e-8151-f96627832942', '40ce7785-d4d6-41bf-9d58-ed7ec7e9767c', '触达2.0相关配置', '{\"source\":\"#{mktv2.config->base_path}\",\"global\":false,\"ignoreCase\":true,\"matchIndex\":0}', 0, 'docs/tpl/mkt-statistics', '/data/mkt', NULL);
INSERT INTO `source_config` VALUES ('35225c40-a00d-4103-95e7-cddaf8f3456d', '37363fe8-c813-456e-aa3a-63275a8973f9', '07fcd766-9451-4287-9e4b-f27de4e3df14', 'redis 8897端口', '{\"source\":\"#{redis_8897,1}\",\"global\":false,\"ignoreCase\":false,\"matchIndex\":0}', 0, 'etl-adv-count/config/tpl/config/redis.properties', 'realtime-2', NULL);
INSERT INTO `source_config` VALUES ('36d654d1-7aaa-4912-b05a-fa527a92d9b0', '37363fe8-c813-456e-aa3a-63275a8973f9', '07fcd766-9451-4287-9e4b-f27de4e3df14', 'redis 8894端口', '{\"source\":\"#{redis_8894,1}\",\"global\":false,\"ignoreCase\":false,\"matchIndex\":0}', 0, 'etl-id-kudu/config/tpl/config/id_redis.properties', 'realtime-2', NULL);
INSERT INTO `source_config` VALUES ('36ef53b4-0087-42f9-bf47-179d5150b79e', '46c0879d-a25b-4f8b-bc66-610d6ed88ef4', 'd96de692-4e70-4d52-89f9-3d1deceeee78', 'redis 26480端口', '{\"source\":\"#{redis_26480,3}\",\"global\":false,\"ignoreCase\":false,\"matchIndex\":0}', 0, 'doc/部署准备资料/client-realtime-tpl/worker/config.properties', 'Sun_unix*1101', NULL);
INSERT INTO `source_config` VALUES ('373a32bb-abce-4e16-b1e5-3060dbc99e1a', 'b4779bc3-b64b-4556-8fbf-e1660abc77d7', 'fd6a925b-de4d-440a-84a5-9e6f42c63845', 'es集群1的ip', '{\"source\":\"#{elasticsearch1,2}\",\"global\":false,\"ignoreCase\":false,\"matchIndex\":0}', 0, 'docs/config/tpl/application.properties', '9200', NULL);
INSERT INTO `source_config` VALUES ('37b2aaa5-2669-41b0-a245-60e1e50be971', '37363fe8-c813-456e-aa3a-63275a8973f9', '07fcd766-9451-4287-9e4b-f27de4e3df14', 'impala连接配置（host,登录名,登录密码,端口,仓库名）', '{\"source\":\"#{impala,1}\",\"global\":false,\"ignoreCase\":false,\"matchIndex\":0}', 0, 'etl-single/config/tpl/config/impala_db.properties', 'realtime-1', NULL);
INSERT INTO `source_config` VALUES ('38e253fd-bb3f-4ecf-b96e-2ec834197f71', 'cdac3b88-7578-4a0e-8151-f96627832942', '40ce7785-d4d6-41bf-9d58-ed7ec7e9767c', 'impala连接配置（host,登录名,登录密码,端口,仓库名）', '{\"source\":\"#{impala,2}\",\"global\":false,\"ignoreCase\":false,\"matchIndex\":0}', 0, 'docs/tpl/mkt-postman', 'admin', NULL);
INSERT INTO `source_config` VALUES ('38e8752a-e806-4e9b-9662-e3a3a7386c6e', '37363fe8-c813-456e-aa3a-63275a8973f9', '07fcd766-9451-4287-9e4b-f27de4e3df14', '前端mysql库连接配置（host,登录名,登录密码,端口）', '{\"source\":\"#{mysql,3}\",\"global\":false,\"ignoreCase\":false,\"matchIndex\":0}', 0, 'etl-load-cdh/config/tpl/config_single/front_db.properties', 'zanalytics', NULL);
INSERT INTO `source_config` VALUES ('39895c66-7788-46cd-8367-afe40c6f66c6', '46c0879d-a25b-4f8b-bc66-610d6ed88ef4', 'd96de692-4e70-4d52-89f9-3d1deceeee78', '合并端口外网访问地址(需要加协议http(s))(填网站的)', '{\"source\":\"#{svr.domain.extranet}\",\"global\":false,\"ignoreCase\":false,\"matchIndex\":0}', 0, 'doc/部署准备资料/client-realtime-tpl/receiver/config.properties', 'https://uba.it.pkpm.cn', NULL);
INSERT INTO `source_config` VALUES ('3b43a522-f0c3-4dab-8df4-273e73af73e4', '46c0879d-a25b-4f8b-bc66-610d6ed88ef4', 'd96de692-4e70-4d52-89f9-3d1deceeee78', '微信服务端www访问地址', '{\"source\":\"#{wt.server.domain.extranet}\",\"global\":false,\"ignoreCase\":false,\"matchIndex\":0}', 0, 'doc/部署准备资料/client-realtime-tpl/www/config.properties', 'https://weixin.zhugeio.com', NULL);
INSERT INTO `source_config` VALUES ('3b8a42b4-bec3-45d3-9138-57402b8ed575', '0f0dfcad-40a0-4a99-9bc6-232b4efb22d4', '8d1ab3f3-5a5c-4442-81a9-336cc455ef02', '页面的title信息', '{\"source\":\"#{webapp.word.title}\",\"global\":false,\"ignoreCase\":false,\"matchIndex\":0}', 0, 'spa/config/prod.env.js.tpl', '数据分析', NULL);
INSERT INTO `source_config` VALUES ('3bd47878-e344-41e7-8c42-cae8279bf858', '40e643c4-5254-4ae7-a3cb-bc7a31aeeefc', '43df9041-08b4-4179-a7d5-303f15485253', '触达flow-api服务启动端口【/data/clockwork_api/clockwork.config->flow_api->port】', '{\"source\":\"#{clockwork.flow_api_port}\",\"global\":false,\"ignoreCase\":false,\"matchIndex\":0}', 0, 'config/tpl/clockwork.config', '8888', NULL);
INSERT INTO `source_config` VALUES ('3bdfca89-0505-49d8-8e73-a2bcad7ae187', '0f0dfcad-40a0-4a99-9bc6-232b4efb22d4', '8d1ab3f3-5a5c-4442-81a9-336cc455ef02', 'app扫码下载', '{\"source\":\"#{webapp.show_app_download}\",\"global\":false,\"ignoreCase\":false,\"matchIndex\":0}', 0, 'spa/config/prod.env.js.tpl', 'false', NULL);
INSERT INTO `source_config` VALUES ('3c48b39d-9785-4153-9478-22a7f540d055', '71671909-9834-44b3-b2eb-a0789696eeb6', '47bee3c6-4754-4bda-b3da-b6215fee96e1', 'impala连接配置（host,登录名,登录密码,端口,仓库名）', '{\"source\":\"#{impala,4}\",\"global\":false,\"ignoreCase\":false,\"matchIndex\":0}', 0, 'bin/tpl/config.yml', '21050', NULL);
INSERT INTO `source_config` VALUES ('3c9d7a57-1893-49e4-bfee-50c0c94f1dab', 'cdac3b88-7578-4a0e-8151-f96627832942', '40ce7785-d4d6-41bf-9d58-ed7ec7e9767c', '前端mysql库连接配置（host,登录名,登录密码,端口）', '{\"source\":\"#{mysql,1}\",\"global\":false,\"ignoreCase\":true,\"matchIndex\":0}', 0, 'docs/tpl/mkt-statistics', 'realtime-1', NULL);
INSERT INTO `source_config` VALUES ('3cb165d3-739e-4eb5-938d-99970eddd124', '46c0879d-a25b-4f8b-bc66-610d6ed88ef4', 'd96de692-4e70-4d52-89f9-3d1deceeee78', '前端mysql库连接配置（host,登录名,登录密码,端口）', '{\"source\":\"#{mysql,3}\",\"global\":false,\"ignoreCase\":false,\"matchIndex\":0}', 0, 'doc/部署准备资料/client-realtime-tpl/www/config.properties', 'zanalytics', NULL);
INSERT INTO `source_config` VALUES ('3d43f4fd-1e0b-41b1-8d01-8204b503af7d', '45a9da44-30ae-4660-a2f8-7729b3036d2e', '44e0bfcc-edfd-4d5c-a84d-615d444cee77', 'redis 6379端口', '{\"source\":\"#{redis_6379,1}\",\"global\":false,\"ignoreCase\":false,\"matchIndex\":0}', 0, 'userbehaviorpath_usergroup/ubpa/bin/tpl/redis_subscribe_task.py', 'realtime-1', NULL);
INSERT INTO `source_config` VALUES ('3e01ad44-f8f4-4452-b3ce-6126f0310bad', '04d51d81-5439-4f4b-ad95-ab0610f933ae', '2129aeea-f59f-47e6-af4b-48ab8e3bc374', 'redis 6379端口', '{\"source\":\"#{redis_6379,2}\",\"global\":false,\"ignoreCase\":true,\"matchIndex\":0}', 0, 'docs/config/tpl/', '6379', NULL);
INSERT INTO `source_config` VALUES ('3e878973-abd1-47e4-86e5-4d5dc8e56d67', '45a9da44-30ae-4660-a2f8-7729b3036d2e', '44e0bfcc-edfd-4d5c-a84d-615d444cee77', 'sql查询平台内网服务部署地址', '{\"source\":\"#{svr.domain.intranet.sql.www}\",\"global\":false,\"ignoreCase\":false,\"matchIndex\":0}', 0, 'nginx-single/nginx/conf/nginx.conf-upload', 'realtime-1:9003', NULL);
INSERT INTO `source_config` VALUES ('3ec9dd47-0c7d-415f-b065-b152e7add56e', '37363fe8-c813-456e-aa3a-63275a8973f9', '07fcd766-9451-4287-9e4b-f27de4e3df14', 'redis 8892端口', '{\"source\":\"#{redis_8892,3}\",\"global\":false,\"ignoreCase\":false,\"matchIndex\":0}', 0, 'etl-single/config/tpl/config/redis.properties', NULL, NULL);
INSERT INTO `source_config` VALUES ('3f72dba3-3c0f-4ac0-b1a2-55293294ea68', 'dae89e64-2932-4bec-b3ae-4ac5be585617', '7a5c3982-1c5c-43c5-b4fa-15d9bd89fcdb', 'impala连接配置（host,登录名,登录密码,端口,仓库名）', '{\"source\":\"#{impala,1}\",\"global\":false,\"ignoreCase\":false,\"matchIndex\":0}', 0, 'docs/config/tpl/application-kpt.yml', 'realtime-1', NULL);
INSERT INTO `source_config` VALUES ('3f86d3aa-69dd-4eaa-b50a-8045180a4eac', 'cdac3b88-7578-4a0e-8151-f96627832942', '40ce7785-d4d6-41bf-9d58-ed7ec7e9767c', '前端mysql库连接配置（host,登录名,登录密码,端口）', '{\"source\":\"#{mysql,4}\",\"global\":false,\"ignoreCase\":true,\"matchIndex\":0}', 0, 'docs/tpl/mkt-statistics', '3306', NULL);
INSERT INTO `source_config` VALUES ('3fa504fe-ad41-44b5-b5fa-15536b9df7d5', '37363fe8-c813-456e-aa3a-63275a8973f9', '07fcd766-9451-4287-9e4b-f27de4e3df14', 'redis 6379端口', '{\"source\":\"#{redis_6379,1}\",\"global\":false,\"ignoreCase\":false,\"matchIndex\":0}', 0, 'etl-debug/config/tpl/config/debug_redis.properties', 'realtime-1', NULL);
INSERT INTO `source_config` VALUES ('3fba68e3-f3d4-4ac6-8b02-1d82cb21d956', 'cdac3b88-7578-4a0e-8151-f96627832942', '40ce7785-d4d6-41bf-9d58-ed7ec7e9767c', '前端mysql库连接配置（host,登录名,登录密码,端口）', '{\"source\":\"#{mysql,4}\",\"global\":false,\"ignoreCase\":true,\"matchIndex\":0}', 0, 'docs/tpl/mkt-adapter', '3306', NULL);
INSERT INTO `source_config` VALUES ('401c76b3-990e-4ec2-b91c-d8a9ce913441', '37363fe8-c813-456e-aa3a-63275a8973f9', '07fcd766-9451-4287-9e4b-f27de4e3df14', 'redis 8892端口', '{\"source\":\"#{redis_8892,2}\",\"global\":false,\"ignoreCase\":false,\"matchIndex\":0}', 0, 'etl-id-kudu/config/tpl/config/id_redis.properties', '8892', NULL);
INSERT INTO `source_config` VALUES ('40485710-2bd3-49a8-88ad-58f3ff74acae', '45a9da44-30ae-4660-a2f8-7729b3036d2e', '44e0bfcc-edfd-4d5c-a84d-615d444cee77', '分析api内网服务部署地址（默认1个）', '{\"source\":\"#{svr.domain.intranet.api.www}\",\"global\":false,\"ignoreCase\":false,\"matchIndex\":0}', 0, 'nginx/nginx/conf/nginx.conf', 'realtime-1:8800', NULL);
INSERT INTO `source_config` VALUES ('40c062ef-100d-446a-9ba2-01d5de861adc', '37363fe8-c813-456e-aa3a-63275a8973f9', '07fcd766-9451-4287-9e4b-f27de4e3df14', '前端mysql库连接配置（host,登录名,登录密码,端口）', '{\"source\":\"#{mysql,2}\",\"global\":false,\"ignoreCase\":false,\"matchIndex\":0}', 0, 'etl-id-kudu/config/tpl/config/front_db.properties', 'web', NULL);
INSERT INTO `source_config` VALUES ('40c1629b-8c4b-4ebd-8f73-81c982afd0b6', '37363fe8-c813-456e-aa3a-63275a8973f9', '07fcd766-9451-4287-9e4b-f27de4e3df14', 'impala连接配置（host,登录名,登录密码,端口,仓库名）', '{\"source\":\"#{impala,5/zhugeio}\",\"global\":false,\"ignoreCase\":false,\"matchIndex\":0}', 0, 'etl-paopi/config/tpl/config/config.properties', 'zanalytics', NULL);
INSERT INTO `source_config` VALUES ('4150b42f-65a6-48f3-90dc-d6ba65c04b40', '68e078fb-eb3d-4659-9e38-272e35316e38', 'd2ec6358-ecfc-4afd-a19f-d82f67284927', '资源所在目录&根路由名称', '{\"source\":\"#{m_webapp.assets_public_path}\",\"global\":false,\"ignoreCase\":true,\"matchIndex\":0}', 0, '.env.production.tpl', '/wx-h5', NULL);
INSERT INTO `source_config` VALUES ('41ba3a96-65fd-4b48-b24b-e9e14b9e9a33', '71671909-9834-44b3-b2eb-a0789696eeb6', '47bee3c6-4754-4bda-b3da-b6215fee96e1', 'kudu集群', '{\"source\":\"#{kudu_clusters}\",\"global\":false,\"ignoreCase\":false,\"matchIndex\":0}', 0, 'bin/tpl/config.yml', 'realtime-1:7051,realtime-2:7051,realtime-3:7051', NULL);
INSERT INTO `source_config` VALUES ('41c094bd-df48-400b-8e39-07a5e2c4df45', '37363fe8-c813-456e-aa3a-63275a8973f9', '07fcd766-9451-4287-9e4b-f27de4e3df14', '前端mysql库连接配置（host,登录名,登录密码,端口）', '{\"source\":\"#{mysql,1}\",\"global\":false,\"ignoreCase\":false,\"matchIndex\":0}', 0, 'etl-id-kudu/config/tpl/config/front_db.properties', 'realtime-1', NULL);
INSERT INTO `source_config` VALUES ('41df23ee-de70-40c5-bf09-d6489cbf37ff', '04d51d81-5439-4f4b-ad95-ab0610f933ae', '2129aeea-f59f-47e6-af4b-48ab8e3bc374', '前端mysql库连接配置（host,登录名,登录密码,端口）', '{\"source\":\"#{mysql,2}\",\"global\":false,\"ignoreCase\":true,\"matchIndex\":0}', 0, 'docs/config/tpl/', 'web', NULL);
INSERT INTO `source_config` VALUES ('42a5d0de-2d31-4121-8e0f-1b6d2418faa2', '37363fe8-c813-456e-aa3a-63275a8973f9', '07fcd766-9451-4287-9e4b-f27de4e3df14', 'redis 26480端口', '{\"source\":\"#{redis_26480,3}\",\"global\":false,\"ignoreCase\":false,\"matchIndex\":0}', 0, 'etl-count-et/config/tpl/config/redis.properties', 'Sun_unix*1101', NULL);
INSERT INTO `source_config` VALUES ('43ae231d-9635-4fbe-a34b-5b52f60d03e8', '46c0879d-a25b-4f8b-bc66-610d6ed88ef4', 'd96de692-4e70-4d52-89f9-3d1deceeee78', '合并端口内网访问地址', '{\"source\":\"#{svr.domain.intranet}\",\"global\":false,\"ignoreCase\":true,\"matchIndex\":0}', 0, 'doc/部署准备资料/client-realtime-tpl/www/config.properties', 'realtime-1:80', NULL);
INSERT INTO `source_config` VALUES ('442afbf3-d5c0-4da7-8c2e-8bd4f055d2f8', '0f0dfcad-40a0-4a99-9bc6-232b4efb22d4', '8d1ab3f3-5a5c-4442-81a9-336cc455ef02', '合并端口外网访问地址(需要加协议http(s))(填网站的)', '{\"source\":\"#{svr.domain.extranet}\",\"global\":false,\"ignoreCase\":false,\"matchIndex\":0}', 0, 'spa/config/prod.env.js.tpl', 'https://uba.it.pkpm.cn', NULL);
INSERT INTO `source_config` VALUES ('44da0a45-48c3-4b0c-be14-805b28bb4984', '997e7123-62a2-438a-88cc-122c32965519', 'b27b0e60-a9a0-469e-a5a6-d59d3235a5ea', '触达2.0相关配置', '{\"source\":\"#{mktv2.config->server.postman}\",\"global\":false,\"ignoreCase\":false,\"matchIndex\":0}', 0, 'config/tpl', 'realtime-mkt:1924', NULL);
INSERT INTO `source_config` VALUES ('44fda192-ea2b-4d24-aa63-10f8df764f5f', 'c901f2f3-ee26-4461-b830-7c47e4f4bd6a', '2da9b5de-74d0-4533-860f-8915766b270a', 'kafka服务集群', '{\"source\":\"#{kafka_bootstrap_servers}\",\"global\":false,\"ignoreCase\":false,\"matchIndex\":0}', 0, 'tpl/config/application.yml', 'realtime-1:9092,realtime-2:9092,realtime-3:9092', NULL);
INSERT INTO `source_config` VALUES ('457b01c1-dd9a-4c81-b109-21054e2404b6', '45a9da44-30ae-4660-a2f8-7729b3036d2e', '44e0bfcc-edfd-4d5c-a84d-615d444cee77', 'redis 6379端口', '{\"source\":\"#{redis_6379,2}\",\"global\":false,\"ignoreCase\":false,\"matchIndex\":0}', 0, 'userbehaviorpath_usergroup/behavior_path_hadoop/tpl/behavior_config.yml', '6379', NULL);
INSERT INTO `source_config` VALUES ('45c4d847-c7e3-408f-b957-c986c9f38ade', '04d51d81-5439-4f4b-ad95-ab0610f933ae', '2129aeea-f59f-47e6-af4b-48ab8e3bc374', 'kudu集群', '{\"source\":\"#{kudu_clusters}\",\"global\":false,\"ignoreCase\":true,\"matchIndex\":0}', 0, 'docs/config/tpl/', 'realtime-1:7051,realtime-2:7051,realtime-3:7051', NULL);
INSERT INTO `source_config` VALUES ('4647e1d8-2ca6-4e1b-8df4-1586946fcfeb', '04d51d81-5439-4f4b-ad95-ab0610f933ae', '2129aeea-f59f-47e6-af4b-48ab8e3bc374', 'impala连接配置（host,登录名,登录密码,端口,仓库名）', '{\"source\":\"#{impala,3}\",\"global\":false,\"ignoreCase\":true,\"matchIndex\":0}', 0, 'docs/config/tpl/', 'admin', NULL);
INSERT INTO `source_config` VALUES ('46ac6839-0e74-4b44-9b45-30c0333dd8e4', '45a9da44-30ae-4660-a2f8-7729b3036d2e', '44e0bfcc-edfd-4d5c-a84d-615d444cee77', 'impala连接配置（host,登录名,登录密码,端口,仓库名）', '{\"source\":\"#{impala,5/zhugeio}\",\"global\":false,\"ignoreCase\":false,\"matchIndex\":0}', 0, 'userbehaviorpath_usergroup/getdbdata-tpl.sh', 'zanalytics', NULL);
INSERT INTO `source_config` VALUES ('46cff09b-704d-4078-bf83-04ca5e1d665f', '45a9da44-30ae-4660-a2f8-7729b3036d2e', '44e0bfcc-edfd-4d5c-a84d-615d444cee77', '前端mysql库连接配置（host,登录名,登录密码,端口）', '{\"source\":\"#{mysql,1}\",\"global\":false,\"ignoreCase\":false,\"matchIndex\":0}', 0, 'es-index/zanalytics-index-db/tpl/impala-shell.sh', 'realtime-1', NULL);
INSERT INTO `source_config` VALUES ('470ed907-77c8-422a-9eb1-ffbcbc1454e9', '45a9da44-30ae-4660-a2f8-7729b3036d2e', '44e0bfcc-edfd-4d5c-a84d-615d444cee77', 'sql查询平台内网服务部署地址', '{\"source\":\"#{svr.domain.intranet.sql.www}\",\"global\":false,\"ignoreCase\":false,\"matchIndex\":0}', 0, 'nginx-single/nginx/conf/nginx.conf', 'realtime-1:9003', NULL);
INSERT INTO `source_config` VALUES ('478f8840-6936-46dd-92b8-1da90adfdab5', '46c0879d-a25b-4f8b-bc66-610d6ed88ef4', 'd96de692-4e70-4d52-89f9-3d1deceeee78', '微信客户端clientId，可访问该地址生成：https://weixin.zhugeio.com/s/v1/newClientId', '{\"source\":\"#{wt.client.client_id}\",\"global\":false,\"ignoreCase\":false,\"matchIndex\":0}', 0, 'doc/部署准备资料/client-realtime-tpl/worker/config.properties', '9d3266fd556a4db7b9616d385f8bdf8f', NULL);
INSERT INTO `source_config` VALUES ('4856ac0e-8a66-4f9c-8966-f3e6e0ab3ec5', '40e643c4-5254-4ae7-a3cb-bc7a31aeeefc', '43df9041-08b4-4179-a7d5-303f15485253', 'impala连接配置（host,登录名,登录密码,端口,仓库名）', '{\"source\":\"#{impala,5/zhugeio}\",\"global\":false,\"ignoreCase\":false,\"matchIndex\":0}', 0, 'config/tpl/clockwork.config', 'zanalytics', NULL);
INSERT INTO `source_config` VALUES ('4a2bc3dc-9b43-4799-b5b1-344895fea773', '37363fe8-c813-456e-aa3a-63275a8973f9', '07fcd766-9451-4287-9e4b-f27de4e3df14', 'redis 26480端口', '{\"source\":\"#{redis_26480,3}\",\"global\":false,\"ignoreCase\":false,\"matchIndex\":0}', 0, 'etl-adv-count/config/tpl/config/redis.properties', 'Sun_unix*1101', NULL);
INSERT INTO `source_config` VALUES ('4a533c8f-dace-4a5e-ad7c-a14d8e079f86', '46c0879d-a25b-4f8b-bc66-610d6ed88ef4', 'd96de692-4e70-4d52-89f9-3d1deceeee78', '微信服务端www访问地址', '{\"source\":\"#{wt.server.domain.extranet}\",\"global\":false,\"ignoreCase\":false,\"matchIndex\":0}', 0, 'doc/部署准备资料/client-realtime-tpl/receiver/config.properties', 'https://weixin.zhugeio.com', NULL);
INSERT INTO `source_config` VALUES ('4a9bbf79-a34c-452a-9c3f-00ae336f5082', '0f0dfcad-40a0-4a99-9bc6-232b4efb22d4', '8d1ab3f3-5a5c-4442-81a9-336cc455ef02', '用户信息下载控制开关，true显示下载/false隐藏下载', '{\"source\":\"#{webapp.show_download_button}\",\"global\":false,\"ignoreCase\":false,\"matchIndex\":0}', 0, 'spa/config/prod.env.js.tpl', 'true', NULL);
INSERT INTO `source_config` VALUES ('4ab830e8-7c2f-4da4-bab2-7e3a1b90fdf4', '37363fe8-c813-456e-aa3a-63275a8973f9', '07fcd766-9451-4287-9e4b-f27de4e3df14', 'impala连接配置（host,登录名,登录密码,端口,仓库名）', '{\"source\":\"#{impala,2}\",\"global\":false,\"ignoreCase\":false,\"matchIndex\":0}', 0, 'etl-load-cdh/config/tpl/config/impala_db.properties', 'admin', NULL);
INSERT INTO `source_config` VALUES ('4ac0ab23-8197-437f-8722-d35f63fd0003', '37363fe8-c813-456e-aa3a-63275a8973f9', '07fcd766-9451-4287-9e4b-f27de4e3df14', 'kudu集群', '{\"source\":\"#{kudu_clusters}\",\"global\":false,\"ignoreCase\":false,\"matchIndex\":0}', 0, 'etl-load-cdh/config/tpl/config/config.properties', 'realtime-1:7051,realtime-2:7051,realtime-3:7051', NULL);
INSERT INTO `source_config` VALUES ('4b1f74b6-6365-4932-a1c4-5406af268c2d', '37363fe8-c813-456e-aa3a-63275a8973f9', '07fcd766-9451-4287-9e4b-f27de4e3df14', 'impala连接配置（host,登录名,登录密码,端口,仓库名）', '{\"source\":\"#{impala,5/zhugeio}\",\"global\":false,\"ignoreCase\":false,\"matchIndex\":0}', 0, 'etl-paopi/install/1_init_flush_tables.sql', 'zanalytics', NULL);
INSERT INTO `source_config` VALUES ('4bc2a154-4032-4ab8-b6fd-4224b9bd6b88', '37363fe8-c813-456e-aa3a-63275a8973f9', '07fcd766-9451-4287-9e4b-f27de4e3df14', 'redis 8892端口', '{\"source\":\"#{redis_8892,1}\",\"global\":false,\"ignoreCase\":false,\"matchIndex\":0}', 0, 'etl-single/config/tpl/config/redis.properties', 'realtime-2', NULL);
INSERT INTO `source_config` VALUES ('4c31fb50-065e-4edd-836a-3bd6da5ea4c0', 'b4779bc3-b64b-4556-8fbf-e1660abc77d7', 'fd6a925b-de4d-440a-84a5-9e6f42c63845', '前端mysql库连接配置（host,登录名,登录密码,端口）', '{\"source\":\"#{mysql,1}\",\"global\":false,\"ignoreCase\":false,\"matchIndex\":0}', 0, 'docs/config/tpl/application.properties', 'realtime-1', NULL);
INSERT INTO `source_config` VALUES ('4c6f50ed-3011-4260-8efc-86f975857bd3', '0f0dfcad-40a0-4a99-9bc6-232b4efb22d4', '8d1ab3f3-5a5c-4442-81a9-336cc455ef02', 'webapp相关配置', '{\"source\":\"#{webapp->is_ultralimit}\",\"global\":false,\"ignoreCase\":false,\"matchIndex\":0}', 0, 'spa/config/prod.env.js.tpl', 'false', NULL);
INSERT INTO `source_config` VALUES ('4d326667-7f27-4f18-8e53-a735e09db4ac', 'cdac3b88-7578-4a0e-8151-f96627832942', '40ce7785-d4d6-41bf-9d58-ed7ec7e9767c', 'kudu集群', '{\"source\":\"#{kudu_clusters}\",\"global\":false,\"ignoreCase\":false,\"matchIndex\":0}', 0, 'docs/tpl/mkt-statistics', 'realtime-1:7051,realtime-2:7051,realtime-3:7051', NULL);
INSERT INTO `source_config` VALUES ('4eb8936c-c702-4a52-a175-9cf33a0761ea', 'dae89e64-2932-4bec-b3ae-4ac5be585617', '7a5c3982-1c5c-43c5-b4fa-15d9bd89fcdb', '前端mysql库连接配置（host,登录名,登录密码,端口）', '{\"source\":\"#{mysql,1}\",\"global\":false,\"ignoreCase\":false,\"matchIndex\":0}', 0, 'docs/config/tpl/application-kpt.yml', 'realtime-1', NULL);
INSERT INTO `source_config` VALUES ('4f0d76b1-44f1-4b92-8a2e-c73120f93d4d', '85866bad-811d-44af-952e-bdf1c1f1cd1a', '4a826f66-9c1d-42f7-a328-b1d84ead507f', 'zgsee-pix服务kafka-topic', '{\"source\":\"#{zgsee.pix.kafka_topic}\",\"global\":false,\"ignoreCase\":false,\"matchIndex\":0}', 0, 'config/private/tpl/config.properties', 'zg_see_pix', NULL);
INSERT INTO `source_config` VALUES ('4f22fe98-005e-4658-a38d-a444d8c7c026', 'cdac3b88-7578-4a0e-8151-f96627832942', '40ce7785-d4d6-41bf-9d58-ed7ec7e9767c', '前端mysql库连接配置（host,登录名,登录密码,端口）', '{\"source\":\"#{mysql,2}\",\"global\":false,\"ignoreCase\":true,\"matchIndex\":0}', 0, 'docs/tpl/mkt-statistics', 'web', NULL);
INSERT INTO `source_config` VALUES ('4f7315bf-d37c-46cb-a5a0-74db624b02d7', 'b4779bc3-b64b-4556-8fbf-e1660abc77d7', 'fd6a925b-de4d-440a-84a5-9e6f42c63845', 'es集群1的ip', '{\"source\":\"#{elasticsearch1,1}\",\"global\":false,\"ignoreCase\":false,\"matchIndex\":0}', 0, 'docs/config/tpl/application.properties', 'realtime-2', NULL);
INSERT INTO `source_config` VALUES ('5005348e-ad63-434e-8ba3-a6a991b9ca26', 'c901f2f3-ee26-4461-b830-7c47e4f4bd6a', '2da9b5de-74d0-4533-860f-8915766b270a', '前端mysql库连接配置（host,登录名,登录密码,端口）', '{\"source\":\"#{mysql,3}\",\"global\":false,\"ignoreCase\":false,\"matchIndex\":0}', 0, 'tpl/config/application.yml', 'zanalytics', NULL);
INSERT INTO `source_config` VALUES ('5076b1ea-e56a-4a32-b571-1b58beda238a', 'cdac3b88-7578-4a0e-8151-f96627832942', '40ce7785-d4d6-41bf-9d58-ed7ec7e9767c', '前端mysql库连接配置（host,登录名,登录密码,端口）', '{\"source\":\"#{mysql,4}\",\"global\":false,\"ignoreCase\":true,\"matchIndex\":0}', 0, 'docs/tpl/mkt-batch', '3306', NULL);
INSERT INTO `source_config` VALUES ('508192fc-0266-4f88-bf89-8fbc3df71fc4', '45a9da44-30ae-4660-a2f8-7729b3036d2e', '44e0bfcc-edfd-4d5c-a84d-615d444cee77', 'redis 6379端口', '{\"source\":\"#{redis_6379,3}\",\"global\":false,\"ignoreCase\":false,\"matchIndex\":0}', 0, 'userbehaviorpath_usergroup/ubpa/bin/tpl/ubpa-spark-app.sh', 'Sun_unix*1101', NULL);
INSERT INTO `source_config` VALUES ('50c8e44c-1b30-49b5-99e8-6f052332e2a9', '37363fe8-c813-456e-aa3a-63275a8973f9', '07fcd766-9451-4287-9e4b-f27de4e3df14', 'impala连接配置（host,登录名,登录密码,端口,仓库名）', '{\"source\":\"#{impala,3}\",\"global\":false,\"ignoreCase\":false,\"matchIndex\":0}', 0, 'etl-load-cdh/config/tpl/config/impala_db.properties', 'admin', NULL);
INSERT INTO `source_config` VALUES ('513b53c5-81be-46b4-95e9-12f93d8f79fe', '37363fe8-c813-456e-aa3a-63275a8973f9', '07fcd766-9451-4287-9e4b-f27de4e3df14', '前端mysql库连接配置（host,登录名,登录密码,端口）', '{\"source\":\"#{mysql,2}\",\"global\":false,\"ignoreCase\":false,\"matchIndex\":0}', 0, 'etl-single/config/tpl/config/front_db.properties', 'web', NULL);
INSERT INTO `source_config` VALUES ('51b6e202-2564-4f92-abd5-6a83fadb5486', '45a9da44-30ae-4660-a2f8-7729b3036d2e', '44e0bfcc-edfd-4d5c-a84d-615d444cee77', 'sql查询平台内网服务部署地址', '{\"source\":\"#{svr.domain.intranet.sql.www}\",\"global\":false,\"ignoreCase\":false,\"matchIndex\":0}', 0, 'nginx/nginx/conf/nginx.conf-upload', 'realtime-1:9003', NULL);
INSERT INTO `source_config` VALUES ('51cecec0-6ecb-4fdb-9a47-d03501741aad', '45a9da44-30ae-4660-a2f8-7729b3036d2e', '44e0bfcc-edfd-4d5c-a84d-615d444cee77', 'sql查询平台内网服务部署地址', '{\"source\":\"#{svr.domain.intranet.sql.www}\",\"global\":false,\"ignoreCase\":false,\"matchIndex\":0}', 0, 'nginx/nginx/conf/nginx.conf', 'realtime-1:9003', NULL);
INSERT INTO `source_config` VALUES ('51dfab55-e065-4f28-aaf4-7fbe588f56b2', '37363fe8-c813-456e-aa3a-63275a8973f9', '07fcd766-9451-4287-9e4b-f27de4e3df14', 'impala连接配置（host,登录名,登录密码,端口,仓库名）', '{\"source\":\"#{impala,3}\",\"global\":false,\"ignoreCase\":false,\"matchIndex\":0}', 0, 'etl-paopi/config/tpl/config/impala_db.properties', 'admin', NULL);
INSERT INTO `source_config` VALUES ('52221964-9163-4ec6-9ef5-56cc99220839', '46c0879d-a25b-4f8b-bc66-610d6ed88ef4', 'd96de692-4e70-4d52-89f9-3d1deceeee78', 'redis 26480端口', '{\"source\":\"#{redis_26480,2}\",\"global\":false,\"ignoreCase\":false,\"matchIndex\":0}', 0, 'doc/部署准备资料/client-realtime-tpl/www/config.properties', '26480', NULL);
INSERT INTO `source_config` VALUES ('52d59a8a-5a7f-4711-beb1-8c40db9f434f', '85866bad-811d-44af-952e-bdf1c1f1cd1a', '4a826f66-9c1d-42f7-a328-b1d84ead507f', 'kafka服务集群', '{\"source\":\"#{kafka_bootstrap_servers}\",\"global\":false,\"ignoreCase\":false,\"matchIndex\":0}', 0, 'config/private/tpl/config.properties', 'realtime-1:9092,realtime-2:9092,realtime-3:9092', NULL);
INSERT INTO `source_config` VALUES ('536cba14-e415-4f22-912e-7f3b88c58d4a', 'cdac3b88-7578-4a0e-8151-f96627832942', '40ce7785-d4d6-41bf-9d58-ed7ec7e9767c', 'impala连接配置（host,登录名,登录密码,端口,仓库名）', '{\"source\":\"#{impala,1}\",\"global\":false,\"ignoreCase\":false,\"matchIndex\":0}', 0, 'docs/tpl/mkt-statistics', 'realtime-1', NULL);
INSERT INTO `source_config` VALUES ('541bdc60-4da6-4174-a1a2-348d3950234d', 'cdac3b88-7578-4a0e-8151-f96627832942', '40ce7785-d4d6-41bf-9d58-ed7ec7e9767c', '触达2.0相关配置', '{\"source\":\"#{mktv2.config->kafka_bootstrap_servers}\",\"global\":false,\"ignoreCase\":false,\"matchIndex\":0}', 0, 'docs/tpl/mkt-threshold', 'realtime-1:9092,realtime-2:9092,realtime-3:9092', NULL);
INSERT INTO `source_config` VALUES ('549cefe1-8a5d-4816-913c-b2d39a401d0a', '46c0879d-a25b-4f8b-bc66-610d6ed88ef4', 'd96de692-4e70-4d52-89f9-3d1deceeee78', 'zookeeper服务集群', '{\"source\":\"#{zookeepr_servers}\",\"global\":false,\"ignoreCase\":false,\"matchIndex\":0}', 0, 'doc/部署准备资料/client-realtime-tpl/consumer/config.properties', 'realtime-1:2182,realtime-2:2182,realtime-3:2182', NULL);
INSERT INTO `source_config` VALUES ('555f256c-189e-4e13-80d3-8024f9aa2ee5', '85866bad-811d-44af-952e-bdf1c1f1cd1a', '4a826f66-9c1d-42f7-a328-b1d84ead507f', '前端mysql库连接配置（host,登录名,登录密码,端口）', '{\"source\":\"#{mysql,2}\",\"global\":false,\"ignoreCase\":false,\"matchIndex\":0}', 0, 'config/private/tpl/config.properties', 'web', NULL);
INSERT INTO `source_config` VALUES ('55707a6a-f5bd-4344-b5fa-866902a7c014', 'cdac3b88-7578-4a0e-8151-f96627832942', '40ce7785-d4d6-41bf-9d58-ed7ec7e9767c', '触达2.0相关配置', '{\"source\":\"#{mktv2.config->base_path}\",\"global\":false,\"ignoreCase\":true,\"matchIndex\":0}', 0, 'docs/tpl/mkt-activity', '/data/mkt', NULL);
INSERT INTO `source_config` VALUES ('55ccfe5b-8ce9-449b-9672-e6e03e4f15a6', '37363fe8-c813-456e-aa3a-63275a8973f9', '07fcd766-9451-4287-9e4b-f27de4e3df14', 'redis 8897端口', '{\"source\":\"#{redis_8897,1}\",\"global\":false,\"ignoreCase\":false,\"matchIndex\":0}', 0, 'etl-count-et/config/tpl/config/redis.properties', 'realtime-2', NULL);
INSERT INTO `source_config` VALUES ('55efdc52-17a8-48d2-bc42-be756a45adbf', 'dae89e64-2932-4bec-b3ae-4ac5be585617', '7a5c3982-1c5c-43c5-b4fa-15d9bd89fcdb', 'impala连接配置（host,登录名,登录密码,端口,仓库名）', '{\"source\":\"#{impala,2}\",\"global\":false,\"ignoreCase\":false,\"matchIndex\":0}', 0, 'docs/config/tpl/application-kpt.yml', 'admin', NULL);
INSERT INTO `source_config` VALUES ('5614dfd2-c694-4e8e-bbce-d8b7af6c9246', '85866bad-811d-44af-952e-bdf1c1f1cd1a', '4a826f66-9c1d-42f7-a328-b1d84ead507f', '前端mysql库连接配置（host,登录名,登录密码,端口）', '{\"source\":\"#{mysql,1}\",\"global\":false,\"ignoreCase\":false,\"matchIndex\":0}', 0, 'config/private/tpl/kudu-to-parquet.sh', 'realtime-1', NULL);
INSERT INTO `source_config` VALUES ('56261503-5f69-48d8-b3f1-01aace4fbb59', 'cdac3b88-7578-4a0e-8151-f96627832942', '40ce7785-d4d6-41bf-9d58-ed7ec7e9767c', '前端mysql库连接配置（host,登录名,登录密码,端口）', '{\"source\":\"#{mysql,2}\",\"global\":false,\"ignoreCase\":true,\"matchIndex\":0}', 0, 'docs/tpl/mkt-postman', 'web', NULL);
INSERT INTO `source_config` VALUES ('56464aa9-30b5-4bc3-a8b2-6cff5687aad2', 'b4779bc3-b64b-4556-8fbf-e1660abc77d7', 'fd6a925b-de4d-440a-84a5-9e6f42c63845', '前端mysql库连接配置（host,登录名,登录密码,端口）', '{\"source\":\"#{mysql,2}\",\"global\":false,\"ignoreCase\":false,\"matchIndex\":0}', 0, 'docs/config/tpl/application.properties', 'web', NULL);
INSERT INTO `source_config` VALUES ('56aaee78-efee-4d1f-aef3-1916c8c1e175', '37363fe8-c813-456e-aa3a-63275a8973f9', '07fcd766-9451-4287-9e4b-f27de4e3df14', 'redis 8897端口', '{\"source\":\"#{redis_8897,2}\",\"global\":false,\"ignoreCase\":false,\"matchIndex\":0}', 0, 'etl-count-et/config/tpl/config/redis.properties', '8897', NULL);
INSERT INTO `source_config` VALUES ('56c9e382-48c8-408b-b064-53f3cb8ba758', '37363fe8-c813-456e-aa3a-63275a8973f9', '07fcd766-9451-4287-9e4b-f27de4e3df14', 'redis 8898端口', '{\"source\":\"#{redis_8898,1}\",\"global\":false,\"ignoreCase\":false,\"matchIndex\":0}', 0, 'etl-count/config/tpl/config/redis.properties', 'realtime-2', NULL);
INSERT INTO `source_config` VALUES ('56ca5465-6339-476c-80f8-539151e2c5b5', 'b365bc9c-2dfd-4fe1-afba-5b56d58e65a3', 'ef3e253f-ffe6-4196-8e1e-382f28f6c9d1', '是否在触达内部显示诸葛信息', '{\"source\":\"#{market.show_zg}\",\"global\":false,\"ignoreCase\":false,\"matchIndex\":0}', 0, 'config/constants.js.tpl', 'true', NULL);
INSERT INTO `source_config` VALUES ('57a0cffe-770a-4feb-96f1-016b0f0ee405', '37363fe8-c813-456e-aa3a-63275a8973f9', '07fcd766-9451-4287-9e4b-f27de4e3df14', '前端mysql库连接配置（host,登录名,登录密码,端口）', '{\"source\":\"#{mysql,2}\",\"global\":false,\"ignoreCase\":false,\"matchIndex\":0}', 0, 'etl-gate/config/tpl/config/front_db.properties', 'web', NULL);
INSERT INTO `source_config` VALUES ('5815c24e-a624-49e1-863b-744780d27ae7', 'cdac3b88-7578-4a0e-8151-f96627832942', '40ce7785-d4d6-41bf-9d58-ed7ec7e9767c', '前端mysql库连接配置（host,登录名,登录密码,端口）', '{\"source\":\"#{mysql,1}\",\"global\":false,\"ignoreCase\":false,\"matchIndex\":0}', 0, 'docs/tpl/mkt-activity', 'realtime-1', NULL);
INSERT INTO `source_config` VALUES ('584da473-9e05-46ec-92d5-9cd468e93de7', '04d51d81-5439-4f4b-ad95-ab0610f933ae', '2129aeea-f59f-47e6-af4b-48ab8e3bc374', 'sdkv-tomcat目录,api-tomcat目录', '{\"source\":\"#{tomcat-analysis.path,1}\",\"global\":false,\"ignoreCase\":true,\"matchIndex\":0}', 0, 'docs/config/tpl-service/log4j2.xml', '/data/localization/web/tomcat', NULL);
INSERT INTO `source_config` VALUES ('589ed977-d344-43ea-b5f1-78a181c04d63', '37363fe8-c813-456e-aa3a-63275a8973f9', '07fcd766-9451-4287-9e4b-f27de4e3df14', 'redis 8897端口', '{\"source\":\"#{redis_8897,2}\",\"global\":false,\"ignoreCase\":false,\"matchIndex\":0}', 0, 'etl-single/config/tpl/config/redis.properties', '8897', NULL);
INSERT INTO `source_config` VALUES ('5a491d39-8aba-40f6-84f1-7f975959b729', 'cdac3b88-7578-4a0e-8151-f96627832942', '40ce7785-d4d6-41bf-9d58-ed7ec7e9767c', 'impala连接配置（host,登录名,登录密码,端口,仓库名）', '{\"source\":\"#{impala,3}\",\"global\":false,\"ignoreCase\":false,\"matchIndex\":0}', 0, 'docs/tpl/mkt-postman', 'admin', NULL);
INSERT INTO `source_config` VALUES ('5a7fa2b9-9a26-404c-83d9-1cac52078783', '7c6a4ef0-7af7-40b0-aa69-99bad2d6271d', '41f4d639-5aba-4888-838a-f25459698ddb', '前端mysql库连接配置（host,登录名,登录密码,端口）', '{\"source\":\"#{mysql,1}\",\"global\":false,\"ignoreCase\":false,\"matchIndex\":0}', 0, 'src/config.ts.tpl', 'realtime-1', NULL);
INSERT INTO `source_config` VALUES ('5af4059d-d478-4fb4-89eb-cacea698f82b', '2f46f470-e0ec-4119-bc84-c4d111475889', 'f099031a-7bcd-4d77-af00-8290675eb858', 'ssdb 8888端口', '{\"source\":\"#{ssdb_8888,1}\",\"global\":false,\"ignoreCase\":false,\"matchIndex\":0}', 0, 'docs/config/tpl/', 'realtime-1', NULL);
INSERT INTO `source_config` VALUES ('5ba5773f-afe1-489b-8210-83be6a52ef4b', '37363fe8-c813-456e-aa3a-63275a8973f9', '07fcd766-9451-4287-9e4b-f27de4e3df14', 'impala连接配置（host,登录名,登录密码,端口,仓库名）', '{\"source\":\"#{impala,4}\",\"global\":false,\"ignoreCase\":false,\"matchIndex\":0}', 0, 'etl-paopi/config/tpl/config/impala_db.properties', '21050', NULL);
INSERT INTO `source_config` VALUES ('5bb19dce-92af-4639-b366-9d3b3dd3d6e8', 'dae89e64-2932-4bec-b3ae-4ac5be585617', '7a5c3982-1c5c-43c5-b4fa-15d9bd89fcdb', '前端mysql库连接配置（host,登录名,登录密码,端口）', '{\"source\":\"#{mysql,2}\",\"global\":false,\"ignoreCase\":false,\"matchIndex\":0}', 0, 'docs/config/tpl/application-kpt.yml', 'web', NULL);
INSERT INTO `source_config` VALUES ('5c35810e-11cc-4232-b9b8-8287d9a8fcb7', '37363fe8-c813-456e-aa3a-63275a8973f9', '07fcd766-9451-4287-9e4b-f27de4e3df14', 'redis 8897端口', '{\"source\":\"#{redis_8897,3}\",\"global\":false,\"ignoreCase\":false,\"matchIndex\":0}', 0, 'etl-adv-count/config/tpl/config/redis.properties', NULL, NULL);
INSERT INTO `source_config` VALUES ('5cf631d6-eee8-4bd3-87dd-9a2a504aa40a', 'cdac3b88-7578-4a0e-8151-f96627832942', '40ce7785-d4d6-41bf-9d58-ed7ec7e9767c', 'impala连接配置（host,登录名,登录密码,端口,仓库名）', '{\"source\":\"#{impala,5}\",\"global\":false,\"ignoreCase\":false,\"matchIndex\":0}', 0, 'docs/tpl/mkt-user', 'zanalytics', NULL);
INSERT INTO `source_config` VALUES ('5d7abaf1-979e-45b5-8f6a-18900f7521a9', '40e643c4-5254-4ae7-a3cb-bc7a31aeeefc', '43df9041-08b4-4179-a7d5-303f15485253', 'ssdb 1217端口', '{\"source\":\"#{ssdb_1217,3}\",\"global\":false,\"ignoreCase\":false,\"matchIndex\":0}', 0, 'config/tpl/clockwork.config', NULL, NULL);
INSERT INTO `source_config` VALUES ('5dc58e05-98ff-4496-9542-38dc7950d3c0', '0f0dfcad-40a0-4a99-9bc6-232b4efb22d4', '8d1ab3f3-5a5c-4442-81a9-336cc455ef02', '数据日报开关(有日报必须有微信菜单，有微信菜单可以不用日报)', '{\"source\":\"#{webapp.show_data_daily}\",\"global\":false,\"ignoreCase\":false,\"matchIndex\":0}', 0, 'spa/config/prod.env.js.tpl', 'true', NULL);
INSERT INTO `source_config` VALUES ('5e3b43ff-809c-4b86-9186-80032a7139eb', '85866bad-811d-44af-952e-bdf1c1f1cd1a', '4a826f66-9c1d-42f7-a328-b1d84ead507f', 'impala连接配置（host,登录名,登录密码,端口,仓库名）', '{\"source\":\"#{impala,3}\",\"global\":false,\"ignoreCase\":false,\"matchIndex\":0}', 0, 'config/private/tpl/config.properties', 'admin', NULL);
INSERT INTO `source_config` VALUES ('5f8c8fdb-4834-441c-b1e9-491587650219', '45a9da44-30ae-4660-a2f8-7729b3036d2e', '44e0bfcc-edfd-4d5c-a84d-615d444cee77', '分析api内网服务部署地址（默认1个）', '{\"source\":\"#{svr.domain.intranet.api.www}\",\"global\":false,\"ignoreCase\":false,\"matchIndex\":0}', 0, 'nginx-single/nginx/conf/nginx.conf-upload', 'realtime-1:8800', NULL);
INSERT INTO `source_config` VALUES ('5f9cebc4-dc95-48d8-bf9d-77dc6276d905', '45a9da44-30ae-4660-a2f8-7729b3036d2e', '44e0bfcc-edfd-4d5c-a84d-615d444cee77', 'redis 6379端口', '{\"source\":\"#{redis_6379,3}\",\"global\":false,\"ignoreCase\":false,\"matchIndex\":0}', 0, 'zanalytics_online_debug/online_debug_config.py-tpl', 'Sun_unix*1101', NULL);
INSERT INTO `source_config` VALUES ('606f64ec-2977-4683-a7a8-50878a0e5bee', 'cdac3b88-7578-4a0e-8151-f96627832942', '40ce7785-d4d6-41bf-9d58-ed7ec7e9767c', '触达2.0相关配置', '{\"source\":\"#{mktv2.config->kafka_bootstrap_servers}\",\"global\":false,\"ignoreCase\":false,\"matchIndex\":0}', 0, 'docs/tpl/mkt-batch', 'realtime-1:9092,realtime-2:9092,realtime-3:9092', NULL);
INSERT INTO `source_config` VALUES ('60846166-9a73-4707-88b4-0b7f82e70207', '37363fe8-c813-456e-aa3a-63275a8973f9', '07fcd766-9451-4287-9e4b-f27de4e3df14', 'impala连接配置（host,登录名,登录密码,端口,仓库名）', '{\"source\":\"#{impala,5/zhugeio}\",\"global\":false,\"ignoreCase\":false,\"matchIndex\":0}', 0, 'etl-load-cdh/config/tpl/config/impala_db.properties', 'zanalytics', NULL);
INSERT INTO `source_config` VALUES ('60ecb951-16ed-4cf4-9d95-fd8cfa74364f', '85866bad-811d-44af-952e-bdf1c1f1cd1a', '4a826f66-9c1d-42f7-a328-b1d84ead507f', 'kudu集群', '{\"source\":\"#{kudu_clusters}\",\"global\":false,\"ignoreCase\":false,\"matchIndex\":0}', 0, 'config/private/tpl/config.properties', 'realtime-1:7051,realtime-2:7051,realtime-3:7051', NULL);
INSERT INTO `source_config` VALUES ('61ca5970-079f-4c73-a6f3-3a860cd220bf', '46c0879d-a25b-4f8b-bc66-610d6ed88ef4', 'd96de692-4e70-4d52-89f9-3d1deceeee78', '触达clockwork接收微信回调消息地址【/data/clockwork_api/bin/WeiXinCallbackHook.groovy->port(端口)】', '{\"source\":\"#{clockwork.weixin_callback_url}\",\"global\":false,\"ignoreCase\":false,\"matchIndex\":0}', 0, 'doc/部署准备资料/client-realtime-tpl/consumer/config.properties', 'http://realtime-2:8882', NULL);
INSERT INTO `source_config` VALUES ('625264d7-d01d-4509-82e2-627bf3403272', '45a9da44-30ae-4660-a2f8-7729b3036d2e', '44e0bfcc-edfd-4d5c-a84d-615d444cee77', '分析session/cookie存储域名(填网站的)(不需要加端口)', '{\"source\":\"#{analysis.zhuge_session_domain}\",\"global\":false,\"ignoreCase\":false,\"matchIndex\":0}', 0, 'sql-zeppelin/zeppelin/conf-tpl/args.properties', 'uba.it.pkpm.cn', NULL);
INSERT INTO `source_config` VALUES ('62f834b1-66da-49eb-ad8d-d45ee0c8c751', '46c0879d-a25b-4f8b-bc66-610d6ed88ef4', 'd96de692-4e70-4d52-89f9-3d1deceeee78', '微信客户端clientId，可访问该地址生成：https://weixin.zhugeio.com/s/v1/newClientId', '{\"source\":\"#{wt.client.client_id}\",\"global\":false,\"ignoreCase\":false,\"matchIndex\":0}', 0, 'doc/部署准备资料/client-realtime-tpl/receiver/config.properties', '9d3266fd556a4db7b9616d385f8bdf8f', NULL);
INSERT INTO `source_config` VALUES ('631ea33c-9dd9-4e53-b10e-0fc5d088e518', '40e643c4-5254-4ae7-a3cb-bc7a31aeeefc', '43df9041-08b4-4179-a7d5-303f15485253', 'redis 6371端口（触达）', '{\"source\":\"#{redis_6371,1}\",\"global\":false,\"ignoreCase\":false,\"matchIndex\":0}', 0, 'config/tpl/clockwork.config', 'realtime-2', NULL);
INSERT INTO `source_config` VALUES ('640135bb-b38e-400f-95a7-e5d0e4be1074', '37363fe8-c813-456e-aa3a-63275a8973f9', '07fcd766-9451-4287-9e4b-f27de4e3df14', 'redis 26480端口', '{\"source\":\"#{redis_26480,1}\",\"global\":false,\"ignoreCase\":false,\"matchIndex\":0}', 0, 'etl-count/config/tpl/config/redis.properties', 'realtime-1', NULL);
INSERT INTO `source_config` VALUES ('65b26f8b-62aa-42ae-88fa-72b1af5e4e97', '45a9da44-30ae-4660-a2f8-7729b3036d2e', '44e0bfcc-edfd-4d5c-a84d-615d444cee77', 'debug内网服务部署地址', '{\"source\":\"#{svr.domain.intranet.debug.www}\",\"global\":false,\"ignoreCase\":false,\"matchIndex\":0}', 0, 'nginx/nginx/conf/nginx.conf', 'realtime-1:16688', NULL);
INSERT INTO `source_config` VALUES ('6679a43a-c1f6-491a-a20b-a1385c3e6e2e', 'dae89e64-2932-4bec-b3ae-4ac5be585617', '7a5c3982-1c5c-43c5-b4fa-15d9bd89fcdb', 'ssdb 8888端口', '{\"source\":\"#{ssdb_8888,3}\",\"global\":false,\"ignoreCase\":false,\"matchIndex\":0}', 0, 'docs/config/tpl/application.properties', NULL, NULL);
INSERT INTO `source_config` VALUES ('670222e1-03cb-48e3-8182-0ee4146e5150', 'b4779bc3-b64b-4556-8fbf-e1660abc77d7', 'fd6a925b-de4d-440a-84a5-9e6f42c63845', '前端mysql库连接配置（host,登录名,登录密码,端口）', '{\"source\":\"#{mysql,3}\",\"global\":false,\"ignoreCase\":false,\"matchIndex\":0}', 0, 'docs/config/tpl/application.properties', 'zanalytics', NULL);
INSERT INTO `source_config` VALUES ('6720b539-137b-473b-9190-6fe1e0bb1d28', 'cdac3b88-7578-4a0e-8151-f96627832942', '40ce7785-d4d6-41bf-9d58-ed7ec7e9767c', '前端mysql库连接配置（host,登录名,登录密码,端口）', '{\"source\":\"#{mysql,2}\",\"global\":false,\"ignoreCase\":false,\"matchIndex\":0}', 0, 'docs/tpl/mkt-threshold', 'web', NULL);
INSERT INTO `source_config` VALUES ('686bbf81-79f7-4808-a2b6-a9b5f1d07a04', '46c0879d-a25b-4f8b-bc66-610d6ed88ef4', 'd96de692-4e70-4d52-89f9-3d1deceeee78', 'kafka服务集群', '{\"source\":\"#{kafka_bootstrap_servers}\",\"global\":false,\"ignoreCase\":false,\"matchIndex\":0}', 0, 'doc/部署准备资料/client-realtime-tpl/receiver/config.properties', 'realtime-1:9092,realtime-2:9092,realtime-3:9092', NULL);
INSERT INTO `source_config` VALUES ('6882a7fd-6e6e-40f3-8267-23c2571588ec', '37363fe8-c813-456e-aa3a-63275a8973f9', '07fcd766-9451-4287-9e4b-f27de4e3df14', 'redis 8895端口', '{\"source\":\"#{redis_8895,3}\",\"global\":false,\"ignoreCase\":false,\"matchIndex\":0}', 0, 'etl-dw-kudu/config/tpl/config/redis.properties', NULL, NULL);
INSERT INTO `source_config` VALUES ('68ce53d5-bd0a-49e7-bb57-16850ea3b47d', '46c0879d-a25b-4f8b-bc66-610d6ed88ef4', 'd96de692-4e70-4d52-89f9-3d1deceeee78', '前端mysql库连接配置（host,登录名,登录密码,端口）', '{\"source\":\"#{mysql,2}\",\"global\":false,\"ignoreCase\":false,\"matchIndex\":0}', 0, 'doc/部署准备资料/client-realtime-tpl/consumer/config.properties', 'web', NULL);
INSERT INTO `source_config` VALUES ('68f42382-8aec-449e-8c5d-f9038a272e8d', '45a9da44-30ae-4660-a2f8-7729b3036d2e', '44e0bfcc-edfd-4d5c-a84d-615d444cee77', '前端mysql库连接配置（host,登录名,登录密码,端口）', '{\"source\":\"#{mysql,1}\",\"global\":false,\"ignoreCase\":false,\"matchIndex\":0}', 0, 'es-index/zanalytics-index-db/tpl/2-db1.conf', 'realtime-1', NULL);
INSERT INTO `source_config` VALUES ('69383633-2f87-47f2-8063-4467fe2cde73', '37363fe8-c813-456e-aa3a-63275a8973f9', '07fcd766-9451-4287-9e4b-f27de4e3df14', 'kafka服务集群', '{\"source\":\"#{kafka_bootstrap_servers}\",\"global\":false,\"ignoreCase\":false,\"matchIndex\":0}', 0, 'etl-count/config/tpl/config/config.properties', 'realtime-1:9092,realtime-2:9092,realtime-3:9092', NULL);
INSERT INTO `source_config` VALUES ('69f021f6-1a9c-4796-9cf7-ccae3991ea41', '46c0879d-a25b-4f8b-bc66-610d6ed88ef4', 'd96de692-4e70-4d52-89f9-3d1deceeee78', '微信服务端www访问地址', '{\"source\":\"#{wt.server.domain.extranet}\",\"global\":false,\"ignoreCase\":false,\"matchIndex\":0}', 0, 'doc/部署准备资料/client-realtime-tpl/consumer/config.properties', 'https://weixin.zhugeio.com', NULL);
INSERT INTO `source_config` VALUES ('6a94fb53-a0f1-453b-9255-9bdfdc85af71', '37363fe8-c813-456e-aa3a-63275a8973f9', '07fcd766-9451-4287-9e4b-f27de4e3df14', '前端mysql库连接配置（host,登录名,登录密码,端口）', '{\"source\":\"#{mysql,1}\",\"global\":false,\"ignoreCase\":false,\"matchIndex\":0}', 0, 'etl-single/config/tpl/config/front_db.properties', 'realtime-1', NULL);
INSERT INTO `source_config` VALUES ('6ab3b7d4-7cf6-4aec-ac93-f9df2e836890', '37363fe8-c813-456e-aa3a-63275a8973f9', '07fcd766-9451-4287-9e4b-f27de4e3df14', 'kudu集群', '{\"source\":\"#{kudu_clusters}\",\"global\":false,\"ignoreCase\":false,\"matchIndex\":0}', 0, 'etl-dw-kudu/config/tpl/config/config.properties', 'realtime-1:7051,realtime-2:7051,realtime-3:7051', NULL);
INSERT INTO `source_config` VALUES ('6b2015bd-a878-4049-bce5-315fce86dc94', '37363fe8-c813-456e-aa3a-63275a8973f9', '07fcd766-9451-4287-9e4b-f27de4e3df14', 'redis 6379端口', '{\"source\":\"#{redis_6379,2}\",\"global\":false,\"ignoreCase\":false,\"matchIndex\":0}', 0, 'etl-debug/config/tpl/config/debug_redis.properties', '6379', NULL);
INSERT INTO `source_config` VALUES ('6b921c94-7e32-4e05-ae31-a5a2211be887', '45a9da44-30ae-4660-a2f8-7729b3036d2e', '44e0bfcc-edfd-4d5c-a84d-615d444cee77', '微信内网（receiver）服务部署地址（默认两个）【/data/wt/receiver/config】', '{\"source\":\"#{svr.domain.intranet.weixin.receiver,2}\",\"global\":false,\"ignoreCase\":false,\"matchIndex\":0}', 0, 'nginx/nginx/conf/nginx.conf-upload', 'realtime-2:7713', NULL);
INSERT INTO `source_config` VALUES ('6bb0ba1d-027a-41c7-a8cd-1df999fc90d8', '37363fe8-c813-456e-aa3a-63275a8973f9', '07fcd766-9451-4287-9e4b-f27de4e3df14', 'redis 8897端口', '{\"source\":\"#{redis_8897,3}\",\"global\":false,\"ignoreCase\":false,\"matchIndex\":0}', 0, 'etl-count-et/config/tpl/config/redis.properties', NULL, NULL);
INSERT INTO `source_config` VALUES ('6be62c07-778f-471b-8dc3-eff771edb60f', '37363fe8-c813-456e-aa3a-63275a8973f9', '07fcd766-9451-4287-9e4b-f27de4e3df14', '前端mysql库连接配置（host,登录名,登录密码,端口）', '{\"source\":\"#{mysql,3}\",\"global\":false,\"ignoreCase\":false,\"matchIndex\":0}', 0, 'etl-load-cdh/config/tpl/config/front_db.properties', 'zanalytics', NULL);
INSERT INTO `source_config` VALUES ('6d4f6d64-b781-4bff-846d-2f84e2fff61c', '37363fe8-c813-456e-aa3a-63275a8973f9', '07fcd766-9451-4287-9e4b-f27de4e3df14', 'redis 8897端口', '{\"source\":\"#{redis_8897,1}\",\"global\":false,\"ignoreCase\":false,\"matchIndex\":0}', 0, 'etl-single/config/tpl/config/redis.properties', 'realtime-2', NULL);
INSERT INTO `source_config` VALUES ('6df14de4-da5a-4cbf-953a-62547325df4e', '04d51d81-5439-4f4b-ad95-ab0610f933ae', '2129aeea-f59f-47e6-af4b-48ab8e3bc374', '分析平台版本(7标准版,8MARS版)', '{\"source\":\"#{analysis.menu_version}\",\"global\":false,\"ignoreCase\":true,\"matchIndex\":0}', 0, 'docs/config/tpl/', '7', NULL);
INSERT INTO `source_config` VALUES ('6e227dcb-7e84-43da-8ce7-fbc590874399', 'b4779bc3-b64b-4556-8fbf-e1660abc77d7', 'fd6a925b-de4d-440a-84a5-9e6f42c63845', 'ssdb 8888端口', '{\"source\":\"#{ssdb_8888,1}\",\"global\":false,\"ignoreCase\":false,\"matchIndex\":0}', 0, 'docs/config/tpl/application.properties', 'realtime-1', NULL);
INSERT INTO `source_config` VALUES ('6e73600e-161b-4368-aec8-21b42fff1f69', '45a9da44-30ae-4660-a2f8-7729b3036d2e', '44e0bfcc-edfd-4d5c-a84d-615d444cee77', '微信内网（receiver）服务部署地址（默认两个）【/data/wt/receiver/config】', '{\"source\":\"#{svr.domain.intranet.weixin.receiver,1}\",\"global\":false,\"ignoreCase\":false,\"matchIndex\":0}', 0, 'nginx/nginx/conf/nginx.conf', 'realtime-1:7713', NULL);
INSERT INTO `source_config` VALUES ('6f0d7494-e7e0-42fd-9397-dbcf8740e404', 'cdac3b88-7578-4a0e-8151-f96627832942', '40ce7785-d4d6-41bf-9d58-ed7ec7e9767c', '前端mysql库连接配置（host,登录名,登录密码,端口）', '{\"source\":\"#{mysql,3}\",\"global\":false,\"ignoreCase\":true,\"matchIndex\":0}', 0, 'docs/tpl/mkt-statistics', 'zanalytics', NULL);
INSERT INTO `source_config` VALUES ('6f5dce21-3de4-4eac-aa81-b38409cbc1e9', '37363fe8-c813-456e-aa3a-63275a8973f9', '07fcd766-9451-4287-9e4b-f27de4e3df14', '前端mysql库连接配置（host,登录名,登录密码,端口）', '{\"source\":\"#{mysql,4/3306}\",\"global\":false,\"ignoreCase\":false,\"matchIndex\":0}', 0, 'etl-dw-kudu/config/tpl/config/front_db.properties', '3306', NULL);
INSERT INTO `source_config` VALUES ('6fac6a71-b1c4-474f-8826-527f0cd3f5b6', '45a9da44-30ae-4660-a2f8-7729b3036d2e', '44e0bfcc-edfd-4d5c-a84d-615d444cee77', '分析sdkv内网服务部署地址（默认1个）', '{\"source\":\"#{svr.domain.intranet.sdkv.www}\",\"global\":false,\"ignoreCase\":false,\"matchIndex\":0}', 0, 'nginx-single/nginx/conf/nginx.conf-upload', 'realtime-1:8080', NULL);
INSERT INTO `source_config` VALUES ('6fc91cdc-46a2-4bb6-ba4f-76a7f451ad95', '46c0879d-a25b-4f8b-bc66-610d6ed88ef4', 'd96de692-4e70-4d52-89f9-3d1deceeee78', '合并端口内网访问地址', '{\"source\":\"#{svr.domain.intranet}\",\"global\":false,\"ignoreCase\":true,\"matchIndex\":0}', 0, 'doc/部署准备资料/client-realtime-tpl/worker/config.properties', 'realtime-1:80', NULL);
INSERT INTO `source_config` VALUES ('705f31d5-c468-4ed4-87e0-fdff2e97b361', '0f0dfcad-40a0-4a99-9bc6-232b4efb22d4', '8d1ab3f3-5a5c-4442-81a9-336cc455ef02', 'spa模块静态文件访问目录', '{\"source\":\"#{webapp.assets_public_path}\",\"global\":false,\"ignoreCase\":false,\"matchIndex\":0}', 0, 'spa/config/prod.env.js.tpl', '/webapp/spa/', NULL);
INSERT INTO `source_config` VALUES ('7092f2f0-69ad-4677-9512-630cb301bace', '1e4058bb-b8e6-4ca9-ae31-4065365d51f1', 'e7f7a127-f4c4-4338-8e84-9b7fc73dd4a7', '视屏里的诸葛关键字', '{\"source\":\"#{shiping.show_zg}\",\"global\":false,\"ignoreCase\":false,\"matchIndex\":0}', 0, 'config/buildConfig.js.tpl', 'true', NULL);
INSERT INTO `source_config` VALUES ('70d403c5-474d-4a18-95b1-1868b3ef7c06', '2f46f470-e0ec-4119-bc84-c4d111475889', 'f099031a-7bcd-4d77-af00-8290675eb858', 'ssdb 8888端口', '{\"source\":\"#{ssdb_8888,3}\",\"global\":false,\"ignoreCase\":false,\"matchIndex\":0}', 0, 'docs/config/tpl/', NULL, NULL);
INSERT INTO `source_config` VALUES ('70d7c944-5c3e-4921-90a5-5bea520e1abc', '46c0879d-a25b-4f8b-bc66-610d6ed88ef4', 'd96de692-4e70-4d52-89f9-3d1deceeee78', 'redis 26480端口', '{\"source\":\"#{redis_26480,3}\",\"global\":false,\"ignoreCase\":false,\"matchIndex\":0}', 0, 'doc/部署准备资料/client-realtime-tpl/consumer/config.properties', 'Sun_unix*1101', NULL);
INSERT INTO `source_config` VALUES ('7109bb3d-79e7-423b-b10d-44a5f95b89a3', '45a9da44-30ae-4660-a2f8-7729b3036d2e', '44e0bfcc-edfd-4d5c-a84d-615d444cee77', 'impala连接配置（host,登录名,登录密码,端口,仓库名）', '{\"source\":\"#{impala,1}\",\"global\":false,\"ignoreCase\":false,\"matchIndex\":0}', 0, 'sql-zeppelin/zeppelin/conf-tpl/interpreter.json', 'realtime-1', NULL);
INSERT INTO `source_config` VALUES ('711f56a0-3402-4ffc-a223-00e42788977e', 'cdac3b88-7578-4a0e-8151-f96627832942', '40ce7785-d4d6-41bf-9d58-ed7ec7e9767c', 'impala连接配置（host,登录名,登录密码,端口,仓库名）', '{\"source\":\"#{impala,4}\",\"global\":false,\"ignoreCase\":false,\"matchIndex\":0}', 0, 'docs/tpl/mkt-statistics', '21050', NULL);
INSERT INTO `source_config` VALUES ('721e4a91-6aae-432d-8a7d-2f77cc1a058d', '37363fe8-c813-456e-aa3a-63275a8973f9', '07fcd766-9451-4287-9e4b-f27de4e3df14', 'redis 8897端口', '{\"source\":\"#{redis_8897,3}\",\"global\":false,\"ignoreCase\":false,\"matchIndex\":0}', 0, 'etl-single/config/tpl/config/redis.properties', NULL, NULL);
INSERT INTO `source_config` VALUES ('72723d12-318f-44c2-b433-fb670733be64', '40e643c4-5254-4ae7-a3cb-bc7a31aeeefc', '43df9041-08b4-4179-a7d5-303f15485253', 'ssdb 1218端口', '{\"source\":\"#{ssdb_1218,3}\",\"global\":false,\"ignoreCase\":false,\"matchIndex\":0}', 0, 'config/tpl/clockwork.config', NULL, NULL);
INSERT INTO `source_config` VALUES ('7304c176-e687-4fde-933c-4adc36127a95', 'cdac3b88-7578-4a0e-8151-f96627832942', '40ce7785-d4d6-41bf-9d58-ed7ec7e9767c', 'kafka服务集群', '{\"source\":\"#{kafka_bootstrap_servers}\",\"global\":false,\"ignoreCase\":false,\"matchIndex\":0}', 0, 'docs/tpl/mkt-adapter', 'realtime-1:9092,realtime-2:9092,realtime-3:9092', NULL);
INSERT INTO `source_config` VALUES ('7400aa9b-bd7a-440c-ab43-3b8225c2904f', 'cdac3b88-7578-4a0e-8151-f96627832942', '40ce7785-d4d6-41bf-9d58-ed7ec7e9767c', 'impala连接配置（host,登录名,登录密码,端口,仓库名）', '{\"source\":\"#{impala,1}\",\"global\":false,\"ignoreCase\":false,\"matchIndex\":0}', 0, 'docs/tpl/mkt-postman', 'realtime-1', NULL);
INSERT INTO `source_config` VALUES ('74a6f722-f3b9-48eb-9d3d-aaa15a48773e', '85866bad-811d-44af-952e-bdf1c1f1cd1a', '4a826f66-9c1d-42f7-a328-b1d84ead507f', 'impala连接配置（host,登录名,登录密码,端口,仓库名）', '{\"source\":\"#{impala,1}\",\"global\":false,\"ignoreCase\":false,\"matchIndex\":0}', 0, 'config/private/tpl/config.properties', 'realtime-1', NULL);
INSERT INTO `source_config` VALUES ('74c3e623-c5e3-4ef4-a320-afc05c37623b', '45a9da44-30ae-4660-a2f8-7729b3036d2e', '44e0bfcc-edfd-4d5c-a84d-615d444cee77', '微信内网（receiver）服务部署地址（默认两个）【/data/wt/receiver/config】', '{\"source\":\"#{svr.domain.intranet.weixin.receiver,1}\",\"global\":false,\"ignoreCase\":false,\"matchIndex\":0}', 0, 'nginx-single/nginx/conf/nginx.conf', 'realtime-1:7713', NULL);
INSERT INTO `source_config` VALUES ('74d4b548-9f8b-4a5c-94d5-fd2fa58a1e5a', '0f0dfcad-40a0-4a99-9bc6-232b4efb22d4', '8d1ab3f3-5a5c-4442-81a9-336cc455ef02', '虚拟应用开关', '{\"source\":\"#{webapp.show_virtual_app}\",\"global\":false,\"ignoreCase\":false,\"matchIndex\":0}', 0, 'spa/config/prod.env.js.tpl', 'false', NULL);
INSERT INTO `source_config` VALUES ('7516f1c7-7ad0-402e-ab00-6ebb5b7d6032', '04d51d81-5439-4f4b-ad95-ab0610f933ae', '2129aeea-f59f-47e6-af4b-48ab8e3bc374', 'impala连接配置（host,登录名,登录密码,端口,仓库名）', '{\"source\":\"#{impala,2}\",\"global\":false,\"ignoreCase\":true,\"matchIndex\":0}', 0, 'docs/config/tpl/', 'admin', NULL);
INSERT INTO `source_config` VALUES ('751d1ce2-0868-4f3a-9797-a5966133f664', 'cdac3b88-7578-4a0e-8151-f96627832942', '40ce7785-d4d6-41bf-9d58-ed7ec7e9767c', '前端mysql库连接配置（host,登录名,登录密码,端口）', '{\"source\":\"#{mysql,4}\",\"global\":false,\"ignoreCase\":false,\"matchIndex\":0}', 0, 'docs/tpl/mkt-activity', '3306', NULL);
INSERT INTO `source_config` VALUES ('754ea171-b89f-4b73-aa4b-2a9a56029bbc', 'dae89e64-2932-4bec-b3ae-4ac5be585617', '7a5c3982-1c5c-43c5-b4fa-15d9bd89fcdb', 'impala连接配置（host,登录名,登录密码,端口,仓库名）', '{\"source\":\"#{impala,3}\",\"global\":false,\"ignoreCase\":false,\"matchIndex\":0}', 0, 'docs/config/tpl/application-kpt.yml', 'admin', NULL);
INSERT INTO `source_config` VALUES ('75b37cf2-3f8b-4b6a-b867-d7b852ef582a', '40e643c4-5254-4ae7-a3cb-bc7a31aeeefc', '43df9041-08b4-4179-a7d5-303f15485253', 'ssdb 1218端口', '{\"source\":\"#{ssdb_1218,2}\",\"global\":false,\"ignoreCase\":false,\"matchIndex\":0}', 0, 'config/tpl/clockwork.config', '1218', NULL);
INSERT INTO `source_config` VALUES ('75d1b21e-7b5d-4f3d-81dc-2483ec4df797', 'b4779bc3-b64b-4556-8fbf-e1660abc77d7', 'fd6a925b-de4d-440a-84a5-9e6f42c63845', 'es集群2的ip', '{\"source\":\"#{elasticsearch2,2}\",\"global\":false,\"ignoreCase\":false,\"matchIndex\":0}', 0, 'docs/config/tpl/application.properties', '9200', NULL);
INSERT INTO `source_config` VALUES ('76222b19-b42d-4757-aab8-6699219827a3', '0f0dfcad-40a0-4a99-9bc6-232b4efb22d4', '8d1ab3f3-5a5c-4442-81a9-336cc455ef02', '老模块静态文件访问目录', '{\"source\":\"#{webapp.old_assets_path}\",\"global\":false,\"ignoreCase\":false,\"matchIndex\":0}', 0, 'spa/config/prod.env.js.tpl', '/webapp/', NULL);
INSERT INTO `source_config` VALUES ('7645aa2a-e247-40d5-ab26-608a61ef85ac', '85866bad-811d-44af-952e-bdf1c1f1cd1a', '4a826f66-9c1d-42f7-a328-b1d84ead507f', 'impala连接配置（host,登录名,登录密码,端口,仓库名）', '{\"source\":\"#{impala,5/zhugeio}\",\"global\":false,\"ignoreCase\":false,\"matchIndex\":0}', 0, 'config/private/tpl/config.properties', 'zanalytics', NULL);
INSERT INTO `source_config` VALUES ('76a33f18-1f41-4222-b70d-881998a2cef4', '37363fe8-c813-456e-aa3a-63275a8973f9', '07fcd766-9451-4287-9e4b-f27de4e3df14', 'redis 8892端口', '{\"source\":\"#{redis_8892,1}\",\"global\":false,\"ignoreCase\":false,\"matchIndex\":0}', 0, 'etl-id-kudu/config/tpl/config/id_redis.properties', 'realtime-2', NULL);
INSERT INTO `source_config` VALUES ('77f684be-0ee2-483c-af38-7e7e76972c48', '37363fe8-c813-456e-aa3a-63275a8973f9', '07fcd766-9451-4287-9e4b-f27de4e3df14', 'redis 6379端口', '{\"source\":\"#{redis_6379,1}\",\"global\":false,\"ignoreCase\":false,\"matchIndex\":0}', 0, 'etl-single/config/tpl/config/redis.properties', 'realtime-1', NULL);
INSERT INTO `source_config` VALUES ('7818873e-4d78-4ff1-971a-a008e3dfa5ca', '0f0dfcad-40a0-4a99-9bc6-232b4efb22d4', '8d1ab3f3-5a5c-4442-81a9-336cc455ef02', '是否开启应用备注功能', '{\"source\":\"#{webapp.show_app_account}\",\"global\":false,\"ignoreCase\":false,\"matchIndex\":0}', 0, 'spa/config/prod.env.js.tpl', 'false', NULL);
INSERT INTO `source_config` VALUES ('78286238-e5a9-491c-9084-2629b1ac42da', '7c6a4ef0-7af7-40b0-aa69-99bad2d6271d', '41f4d639-5aba-4888-838a-f25459698ddb', 'node服务socket接口前缀', '{\"source\":\"#{node.api.prefix}\",\"global\":false,\"ignoreCase\":false,\"matchIndex\":0}', 0, 'src/config.ts.tpl', '/analysis/api', NULL);
INSERT INTO `source_config` VALUES ('78775e5a-dbf5-46a5-bf0f-a290954a38ee', '46c0879d-a25b-4f8b-bc66-610d6ed88ef4', 'd96de692-4e70-4d52-89f9-3d1deceeee78', '前端mysql库连接配置（host,登录名,登录密码,端口）', '{\"source\":\"#{mysql,4/3306}\",\"global\":false,\"ignoreCase\":false,\"matchIndex\":0}', 0, 'doc/部署准备资料/client-realtime-tpl/www/config.properties', '3306', NULL);
INSERT INTO `source_config` VALUES ('78ddd37f-2fb0-47c8-8ca0-8c34664ac603', '71671909-9834-44b3-b2eb-a0789696eeb6', '47bee3c6-4754-4bda-b3da-b6215fee96e1', 'redis 6379端口', '{\"source\":\"#{redis_6379,2}\",\"global\":false,\"ignoreCase\":false,\"matchIndex\":0}', 0, 'bin/tpl/config.yml', '6379', NULL);
INSERT INTO `source_config` VALUES ('7931d272-5b9d-49bf-8cc0-329f93b52996', 'cdac3b88-7578-4a0e-8151-f96627832942', '40ce7785-d4d6-41bf-9d58-ed7ec7e9767c', '触达2.0相关配置', '{\"source\":\"#{mktv2.config->server.adapter}\",\"global\":false,\"ignoreCase\":true,\"matchIndex\":0}', 0, 'docs/tpl/README.md', 'realtime-mkt:1920', NULL);
INSERT INTO `source_config` VALUES ('7a17fe2e-9d1a-4746-ba22-b1539bc05552', '45a9da44-30ae-4660-a2f8-7729b3036d2e', '44e0bfcc-edfd-4d5c-a84d-615d444cee77', 'zgsee内网服务部署地址', '{\"source\":\"#{svr.domain.intranet.zgsee.www}\",\"global\":false,\"ignoreCase\":false,\"matchIndex\":0}', 0, 'nginx-single/nginx/conf/nginx.conf', 'realtime-1:18080', NULL);
INSERT INTO `source_config` VALUES ('7a794497-01f2-45a2-9add-5f1a107d148f', '2f46f470-e0ec-4119-bc84-c4d111475889', 'f099031a-7bcd-4d77-af00-8290675eb858', 'redis 26380端口', '{\"source\":\"#{redis_26380,2}\",\"global\":false,\"ignoreCase\":false,\"matchIndex\":0}', 0, 'docs/config/tpl/', '26380', NULL);
INSERT INTO `source_config` VALUES ('7ac394f0-e36d-48a0-862f-aba307be8838', '04d51d81-5439-4f4b-ad95-ab0610f933ae', '2129aeea-f59f-47e6-af4b-48ab8e3bc374', '前端mysql库连接配置（host,登录名,登录密码,端口）', '{\"source\":\"#{mysql,3}\",\"global\":false,\"ignoreCase\":true,\"matchIndex\":0}', 0, 'docs/config/tpl/', 'zanalytics', NULL);
INSERT INTO `source_config` VALUES ('7afd98bc-1290-4fe6-b535-4a0c089bc7d5', '37363fe8-c813-456e-aa3a-63275a8973f9', '07fcd766-9451-4287-9e4b-f27de4e3df14', 'redis 8895端口', '{\"source\":\"#{redis_8895,1}\",\"global\":false,\"ignoreCase\":false,\"matchIndex\":0}', 0, 'etl-dw-kudu/config/tpl/config/redis.properties', 'realtime-2', NULL);
INSERT INTO `source_config` VALUES ('7bb37f4c-d90e-4e51-9b9b-d6562f88ef32', 'cdac3b88-7578-4a0e-8151-f96627832942', '40ce7785-d4d6-41bf-9d58-ed7ec7e9767c', '前端mysql库连接配置（host,登录名,登录密码,端口）', '{\"source\":\"#{mysql,4}\",\"global\":false,\"ignoreCase\":true,\"matchIndex\":0}', 0, 'docs/tpl/mkt-postman', '3306', NULL);
INSERT INTO `source_config` VALUES ('7c8c26b0-4133-4e22-b40c-ece4ccfb0ead', '46c0879d-a25b-4f8b-bc66-610d6ed88ef4', 'd96de692-4e70-4d52-89f9-3d1deceeee78', '微信客户端kafka消费者数量', '{\"source\":\"#{wt.client.consumer_kafka_consumer_num}\",\"global\":false,\"ignoreCase\":false,\"matchIndex\":0}', 0, 'doc/部署准备资料/client-realtime-tpl/consumer/config.properties', '5', NULL);
INSERT INTO `source_config` VALUES ('7cafb698-679b-482c-bc72-1e293dbe3ce8', '45a9da44-30ae-4660-a2f8-7729b3036d2e', '44e0bfcc-edfd-4d5c-a84d-615d444cee77', 'redis 6379端口', '{\"source\":\"#{redis_6379,3}\",\"global\":false,\"ignoreCase\":false,\"matchIndex\":0}', 0, 'userbehaviorpath_usergroup/ubpa/bin/tpl/redis_subscribe_task.py', 'Sun_unix*1101', NULL);
INSERT INTO `source_config` VALUES ('7d2ab474-3e1c-4451-b707-164532a295c6', '37363fe8-c813-456e-aa3a-63275a8973f9', '07fcd766-9451-4287-9e4b-f27de4e3df14', 'redis 8897端口', '{\"source\":\"#{redis_8897,1}\",\"global\":false,\"ignoreCase\":false,\"matchIndex\":0}', 0, 'etl-count/config/tpl/config/redis.properties', 'realtime-2', NULL);
INSERT INTO `source_config` VALUES ('7d68e27c-01b4-4bfc-beb6-32b2c362eb41', '37363fe8-c813-456e-aa3a-63275a8973f9', '07fcd766-9451-4287-9e4b-f27de4e3df14', '前端mysql库连接配置（host,登录名,登录密码,端口）', '{\"source\":\"#{mysql,1}\",\"global\":false,\"ignoreCase\":false,\"matchIndex\":0}', 0, 'etl-dw-kudu/config/tpl/config/front_db.properties', 'realtime-1', NULL);
INSERT INTO `source_config` VALUES ('7d8875c0-14d2-41f8-9137-8c173344e2eb', '04d51d81-5439-4f4b-ad95-ab0610f933ae', '2129aeea-f59f-47e6-af4b-48ab8e3bc374', 'es集群2的ip', '{\"source\":\"#{elasticsearch2,2}\",\"global\":false,\"ignoreCase\":true,\"matchIndex\":0}', 0, 'docs/config/tpl/', '9200', NULL);
INSERT INTO `source_config` VALUES ('7e5b6dd2-811f-40e4-a86c-7d9f45179e6d', 'dae89e64-2932-4bec-b3ae-4ac5be585617', '7a5c3982-1c5c-43c5-b4fa-15d9bd89fcdb', '前端mysql库连接配置（host,登录名,登录密码,端口）', '{\"source\":\"#{mysql,4/3306}\",\"global\":false,\"ignoreCase\":false,\"matchIndex\":0}', 0, 'docs/config/tpl/application-kpt.yml', '3306', NULL);
INSERT INTO `source_config` VALUES ('7f4cc623-d183-46d9-836d-fe6af4804b6c', '2f46f470-e0ec-4119-bc84-c4d111475889', 'f099031a-7bcd-4d77-af00-8290675eb858', 'ssdb 8884端口', '{\"source\":\"#{ssdb_8884,2}\",\"global\":false,\"ignoreCase\":false,\"matchIndex\":0}', 0, 'docs/config/tpl/', '8884', NULL);
INSERT INTO `source_config` VALUES ('803df1fe-7e1d-4617-922b-d130e09b3b29', 'cdac3b88-7578-4a0e-8151-f96627832942', '40ce7785-d4d6-41bf-9d58-ed7ec7e9767c', '前端mysql库连接配置（host,登录名,登录密码,端口）', '{\"source\":\"#{mysql,4}\",\"global\":false,\"ignoreCase\":true,\"matchIndex\":0}', 0, 'docs/tpl/mkt-user', '3306', NULL);
INSERT INTO `source_config` VALUES ('809e4e3d-17b0-4a3e-ab09-32dd1ad53cba', '45a9da44-30ae-4660-a2f8-7729b3036d2e', '44e0bfcc-edfd-4d5c-a84d-615d444cee77', '触达内网（www）服务部署地址（默认两个）【/data/marketing/www/config】', '{\"source\":\"#{svr.domain.intranet.mkt.www,2}\",\"global\":false,\"ignoreCase\":false,\"matchIndex\":0}', 0, 'nginx/nginx/conf/nginx.conf-upload', 'realtime-3:18001', NULL);
INSERT INTO `source_config` VALUES ('817d5dd9-1fa3-45b6-9711-cace02090791', 'dae89e64-2932-4bec-b3ae-4ac5be585617', '7a5c3982-1c5c-43c5-b4fa-15d9bd89fcdb', 'nginx路径', '{\"source\":\"#{nginx.path}\",\"global\":false,\"ignoreCase\":false,\"matchIndex\":0}', 0, 'docs/config/tpl/copyAppKey.sh', '/data/localization/nginx', NULL);
INSERT INTO `source_config` VALUES ('818459f3-9c87-4049-9a25-2284cff7cafe', '68e078fb-eb3d-4659-9e38-272e35316e38', 'd2ec6358-ecfc-4afd-a19f-d82f67284927', '分析平台内部打点上传应用app_key', '{\"source\":\"#{webapp.appkey_zg}\",\"global\":false,\"ignoreCase\":false,\"matchIndex\":0}', 0, '.env.production.tpl', '5f8a935cd15a47419df0e07d0547551b', NULL);
INSERT INTO `source_config` VALUES ('81a16bd2-cbc8-4c2e-81bc-a3d589e216e8', 'cdac3b88-7578-4a0e-8151-f96627832942', '40ce7785-d4d6-41bf-9d58-ed7ec7e9767c', 'impala连接配置（host,登录名,登录密码,端口,仓库名）', '{\"source\":\"#{impala,2}\",\"global\":false,\"ignoreCase\":false,\"matchIndex\":0}', 0, 'docs/tpl/mkt-statistics', 'admin', NULL);
INSERT INTO `source_config` VALUES ('81ae561f-0669-4181-9abf-2fa080ef9b14', '45a9da44-30ae-4660-a2f8-7729b3036d2e', '44e0bfcc-edfd-4d5c-a84d-615d444cee77', 'ssdb 8888端口', '{\"source\":\"#{ssdb_8888,2}\",\"global\":false,\"ignoreCase\":false,\"matchIndex\":0}', 0, 'es-index/zanalytics-index-db/tpl/2-db1.conf', '8888', NULL);
INSERT INTO `source_config` VALUES ('81f02037-5124-41bf-a728-74cd6db555cb', '997e7123-62a2-438a-88cc-122c32965519', 'b27b0e60-a9a0-469e-a5a6-d59d3235a5ea', '触达2.0相关配置', '{\"source\":\"#{mktv2.config->server.activity}\",\"global\":false,\"ignoreCase\":false,\"matchIndex\":0}', 0, 'config/tpl', 'realtime-mkt:1922', NULL);
INSERT INTO `source_config` VALUES ('826bf70a-0d7f-4294-af98-0c77616212a6', '45a9da44-30ae-4660-a2f8-7729b3036d2e', '44e0bfcc-edfd-4d5c-a84d-615d444cee77', '前端mysql库连接配置（host,登录名,登录密码,端口）', '{\"source\":\"#{mysql,2}\",\"global\":false,\"ignoreCase\":false,\"matchIndex\":0}', 0, 'es-index/zanalytics-index-db/tpl/2-db1.conf', 'web', NULL);
INSERT INTO `source_config` VALUES ('826f0635-4b85-4497-b432-ea9a77052696', '8d3c85d6-4bd3-4936-9e0f-ee44cfe312ca', '9d976e67-07e7-4463-8712-8a6de26e8a38', '前端mysql库连接配置（host,登录名,登录密码,端口）', '{\"source\":\"#{mysql,4/3306}\",\"global\":false,\"ignoreCase\":true,\"matchIndex\":0}', 0, 'docs/tpl', '3306', NULL);
INSERT INTO `source_config` VALUES ('82c917c6-8538-4a18-b4b5-1b65d06264ec', '45a9da44-30ae-4660-a2f8-7729b3036d2e', '44e0bfcc-edfd-4d5c-a84d-615d444cee77', 'redis 6379端口', '{\"source\":\"#{redis_6379,2}\",\"global\":false,\"ignoreCase\":false,\"matchIndex\":0}', 0, 'userbehaviorpath_usergroup/ubpa/bin/tpl/redis_subscribe_task.py', '6379', NULL);
INSERT INTO `source_config` VALUES ('8385d670-a9fc-420b-8772-960f9f3c5b2c', 'dae89e64-2932-4bec-b3ae-4ac5be585617', '7a5c3982-1c5c-43c5-b4fa-15d9bd89fcdb', '前端mysql库连接配置（host,登录名,登录密码,端口）', '{\"source\":\"#{mysql,1}\",\"global\":false,\"ignoreCase\":false,\"matchIndex\":0}', 0, 'docs/config/tpl/copyAppKey.sh', 'realtime-1', NULL);
INSERT INTO `source_config` VALUES ('8386fbd8-ef98-4866-a3a2-739303ba6d07', '45a9da44-30ae-4660-a2f8-7729b3036d2e', '44e0bfcc-edfd-4d5c-a84d-615d444cee77', 'zabbix-web-api', '{\"source\":\"#{svr.domain.intranet.zabbix.www}\",\"global\":false,\"ignoreCase\":false,\"matchIndex\":0}', 0, 'nginx-single/nginx/conf/nginx.conf-upload', 'realtime-1:8081', NULL);
INSERT INTO `source_config` VALUES ('8395e154-fdf1-4cfa-8fd8-9a2a8a967c91', '40e643c4-5254-4ae7-a3cb-bc7a31aeeefc', '43df9041-08b4-4179-a7d5-303f15485253', 'redis 6371端口（触达）', '{\"source\":\"#{redis_6371,3}\",\"global\":false,\"ignoreCase\":false,\"matchIndex\":0}', 0, 'config/tpl/clockwork.config', 'Sun_unix*1101', NULL);
INSERT INTO `source_config` VALUES ('83faaca6-ba8b-44d0-861d-f16edb01a315', '45a9da44-30ae-4660-a2f8-7729b3036d2e', '44e0bfcc-edfd-4d5c-a84d-615d444cee77', '微信内网（www）服务部署地址（默认1个）【/data/wt/www/config】', '{\"source\":\"#{svr.domain.intranet.weixin.www}\",\"global\":false,\"ignoreCase\":false,\"matchIndex\":0}', 0, 'nginx-single/nginx/conf/nginx.conf-upload', 'realtime-1:7715', NULL);
INSERT INTO `source_config` VALUES ('8447f2bc-d786-4588-9ef7-7f8dc4c0b687', '45a9da44-30ae-4660-a2f8-7729b3036d2e', '44e0bfcc-edfd-4d5c-a84d-615d444cee77', 'redis 6379端口', '{\"source\":\"#{redis_6379,2}\",\"global\":false,\"ignoreCase\":false,\"matchIndex\":0}', 0, 'userbehaviorpath_usergroup/ubpa/bin/tpl/ubpa-spark-app.sh', '6379', NULL);
INSERT INTO `source_config` VALUES ('845adb35-13b8-404b-ada6-23c6506891ec', '37363fe8-c813-456e-aa3a-63275a8973f9', '07fcd766-9451-4287-9e4b-f27de4e3df14', 'redis 26480端口', '{\"source\":\"#{redis_26480,2}\",\"global\":false,\"ignoreCase\":false,\"matchIndex\":0}', 0, 'etl-adv-count/config/tpl/config/redis.properties', '26480', NULL);
INSERT INTO `source_config` VALUES ('84cde9df-3449-45db-9c6d-e256504a8009', 'cdac3b88-7578-4a0e-8151-f96627832942', '40ce7785-d4d6-41bf-9d58-ed7ec7e9767c', 'impala连接配置（host,登录名,登录密码,端口,仓库名）', '{\"source\":\"#{impala,4}\",\"global\":false,\"ignoreCase\":false,\"matchIndex\":0}', 0, 'docs/tpl/mkt-postman', '21050', NULL);
INSERT INTO `source_config` VALUES ('8583b98b-1b9d-4d5b-b160-6eb2737ffebf', 'cdac3b88-7578-4a0e-8151-f96627832942', '40ce7785-d4d6-41bf-9d58-ed7ec7e9767c', '触达2.0相关配置', '{\"source\":\"#{mktv2.config->server.user}\",\"global\":false,\"ignoreCase\":false,\"matchIndex\":0}', 0, 'docs/tpl/scripts/package/playwell-client/README.md', 'realtime-mkt:1925', NULL);
INSERT INTO `source_config` VALUES ('85885939-3893-4709-bd0e-aaf55232ba63', 'cdac3b88-7578-4a0e-8151-f96627832942', '40ce7785-d4d6-41bf-9d58-ed7ec7e9767c', 'impala连接配置（host,登录名,登录密码,端口,仓库名）', '{\"source\":\"#{impala,4}\",\"global\":false,\"ignoreCase\":false,\"matchIndex\":0}', 0, 'docs/tpl/mkt-user', '21050', NULL);
INSERT INTO `source_config` VALUES ('8840e575-f051-46a4-93c4-b5c37ebea845', '45a9da44-30ae-4660-a2f8-7729b3036d2e', '44e0bfcc-edfd-4d5c-a84d-615d444cee77', '前端mysql库连接配置（host,登录名,登录密码,端口）', '{\"source\":\"#{mysql,3}\",\"global\":false,\"ignoreCase\":false,\"matchIndex\":0}', 0, 'userbehaviorpath_usergroup/getdbdata-tpl.sh', 'zanalytics', NULL);
INSERT INTO `source_config` VALUES ('896af7f9-864a-4bfd-966b-029273355f75', '68e078fb-eb3d-4659-9e38-272e35316e38', 'd2ec6358-ecfc-4afd-a19f-d82f67284927', '微信appid', '{\"source\":\"#{m_webapp.wechart_appid}\",\"global\":false,\"ignoreCase\":false,\"matchIndex\":0}', 0, '.env.production.tpl', 'wx0560f4a03bb55172', NULL);
INSERT INTO `source_config` VALUES ('8995a7b7-7c23-40a1-b7bd-b6f268572ae0', '04d51d81-5439-4f4b-ad95-ab0610f933ae', '2129aeea-f59f-47e6-af4b-48ab8e3bc374', 'impala连接配置（host,登录名,登录密码,端口,仓库名）', '{\"source\":\"#{impala,1}\",\"global\":false,\"ignoreCase\":true,\"matchIndex\":0}', 0, 'docs/config/tpl/', 'realtime-1', NULL);
INSERT INTO `source_config` VALUES ('8a07b167-4cfa-42dc-bd6b-366768e129aa', '37363fe8-c813-456e-aa3a-63275a8973f9', '07fcd766-9451-4287-9e4b-f27de4e3df14', 'impala连接配置（host,登录名,登录密码,端口,仓库名）', '{\"source\":\"#{impala,1}\",\"global\":false,\"ignoreCase\":false,\"matchIndex\":0}', 0, 'etl-load-cdh/config/tpl/config/impala_db.properties', 'realtime-1', NULL);
INSERT INTO `source_config` VALUES ('8a574fe1-f716-4b25-aecd-73f2b707d784', '37363fe8-c813-456e-aa3a-63275a8973f9', '07fcd766-9451-4287-9e4b-f27de4e3df14', 'redis 8897端口', '{\"source\":\"#{redis_8897,2}\",\"global\":false,\"ignoreCase\":false,\"matchIndex\":0}', 0, 'etl-adv-count/config/tpl/config/redis.properties', '8897', NULL);
INSERT INTO `source_config` VALUES ('8bb42bf5-0435-479b-8811-d449c1b40cbe', '46c0879d-a25b-4f8b-bc66-610d6ed88ef4', 'd96de692-4e70-4d52-89f9-3d1deceeee78', '前端mysql库连接配置（host,登录名,登录密码,端口）', '{\"source\":\"#{mysql,4/3306}\",\"global\":false,\"ignoreCase\":false,\"matchIndex\":0}', 0, 'doc/部署准备资料/client-realtime-tpl/consumer/config.properties', '3306', NULL);
INSERT INTO `source_config` VALUES ('8c52f8a2-fd2a-4745-bdf1-8d966168d027', '40e643c4-5254-4ae7-a3cb-bc7a31aeeefc', '43df9041-08b4-4179-a7d5-303f15485253', 'redis 6371端口（触达）', '{\"source\":\"#{redis_6371,2}\",\"global\":false,\"ignoreCase\":false,\"matchIndex\":0}', 0, 'config/tpl/clockwork.config', '6379', NULL);
INSERT INTO `source_config` VALUES ('8ca01cdb-4aed-449d-8e15-ce5f7e1521e4', '45a9da44-30ae-4660-a2f8-7729b3036d2e', '44e0bfcc-edfd-4d5c-a84d-615d444cee77', 'redis 6379端口', '{\"source\":\"#{redis_6379,1}\",\"global\":false,\"ignoreCase\":false,\"matchIndex\":0}', 0, 'userbehaviorpath_usergroup/behavior_path_hadoop/tpl/behavior_config.yml', 'realtime-1', NULL);
INSERT INTO `source_config` VALUES ('8d0d09ba-249b-44a0-b735-8768d4b906c4', 'cdac3b88-7578-4a0e-8151-f96627832942', '40ce7785-d4d6-41bf-9d58-ed7ec7e9767c', '触达2.0相关配置', '{\"source\":\"#{mktv2.config->base_path}\",\"global\":false,\"ignoreCase\":true,\"matchIndex\":0}', 0, 'docs/tpl/mkt-postman', '/data/mkt', NULL);
INSERT INTO `source_config` VALUES ('8d296007-b16e-4efe-a5df-546ba4f6e79d', '45a9da44-30ae-4660-a2f8-7729b3036d2e', '44e0bfcc-edfd-4d5c-a84d-615d444cee77', '前端mysql库连接配置（host,登录名,登录密码,端口）', '{\"source\":\"#{mysql,4/3306}\",\"global\":false,\"ignoreCase\":false,\"matchIndex\":0}', 0, 'userbehaviorpath_usergroup/getdbdata-tpl.sh', '3306', NULL);
INSERT INTO `source_config` VALUES ('8d4ef768-6e69-4224-98fd-0db275b20ace', '45a9da44-30ae-4660-a2f8-7729b3036d2e', '44e0bfcc-edfd-4d5c-a84d-615d444cee77', '触达2.0相关配置', '{\"source\":\"#{mktv2.config->server.www}\",\"global\":false,\"ignoreCase\":false,\"matchIndex\":0}', 0, 'nginx-single/nginx/conf/nginx.conf', 'realtime-mkt:18001', NULL);
INSERT INTO `source_config` VALUES ('8d7ba6c6-e8a7-4dbb-abc6-05c1def5cde9', '45a9da44-30ae-4660-a2f8-7729b3036d2e', '44e0bfcc-edfd-4d5c-a84d-615d444cee77', '合并端口内网访问地址', '{\"source\":\"#{svr.domain.intranet}\",\"global\":false,\"ignoreCase\":false,\"matchIndex\":0}', 0, 'sql-zeppelin/zeppelin/conf-tpl/args.properties', 'realtime-1:80', NULL);
INSERT INTO `source_config` VALUES ('8e9556bb-5012-445b-9798-e9bcb5c2a589', '2f46f470-e0ec-4119-bc84-c4d111475889', 'f099031a-7bcd-4d77-af00-8290675eb858', 'ssdb 8884端口', '{\"source\":\"#{ssdb_8884,1}\",\"global\":false,\"ignoreCase\":false,\"matchIndex\":0}', 0, 'docs/config/tpl/', 'realtime-1', NULL);
INSERT INTO `source_config` VALUES ('8f01474d-4494-447a-847a-f0b0a34a2cb2', '37363fe8-c813-456e-aa3a-63275a8973f9', '07fcd766-9451-4287-9e4b-f27de4e3df14', '前端mysql库连接配置（host,登录名,登录密码,端口）', '{\"source\":\"#{mysql,3}\",\"global\":false,\"ignoreCase\":false,\"matchIndex\":0}', 0, 'etl-id-kudu/config/tpl/config/front_db.properties', 'zanalytics', NULL);
INSERT INTO `source_config` VALUES ('8f6fd8e5-4fe3-48a2-b6a5-e2465360c56a', '04d51d81-5439-4f4b-ad95-ab0610f933ae', '2129aeea-f59f-47e6-af4b-48ab8e3bc374', '合并端口内网访问地址', '{\"source\":\"#{svr.domain.intranet}\",\"global\":false,\"ignoreCase\":true,\"matchIndex\":0}', 0, 'docs/config/tpl/', 'realtime-1:80', NULL);
INSERT INTO `source_config` VALUES ('8fb91fea-0bff-402a-beb8-fbc886fc9e82', '04d51d81-5439-4f4b-ad95-ab0610f933ae', '2129aeea-f59f-47e6-af4b-48ab8e3bc374', 'sdkv-tomcat目录,api-tomcat目录', '{\"source\":\"#{tomcat-analysis.path,1}\",\"global\":false,\"ignoreCase\":true,\"matchIndex\":0}', 0, 'docs/config/tpl/', '/data/localization/web/tomcat', NULL);
INSERT INTO `source_config` VALUES ('8fef4f7d-9a8b-4ce4-92e8-1370e0b3d4d3', '45a9da44-30ae-4660-a2f8-7729b3036d2e', '44e0bfcc-edfd-4d5c-a84d-615d444cee77', '前端mysql库连接配置（host,登录名,登录密码,端口）', '{\"source\":\"#{mysql,3}\",\"global\":false,\"ignoreCase\":false,\"matchIndex\":0}', 0, 'es-index/zanalytics-index-db/tpl/impala-shell.sh', 'zanalytics', NULL);
INSERT INTO `source_config` VALUES ('90010a50-32ac-40c6-9429-ff5d9e394654', 'cdac3b88-7578-4a0e-8151-f96627832942', '40ce7785-d4d6-41bf-9d58-ed7ec7e9767c', '触达2.0相关配置', '{\"source\":\"#{mktv2.config->server.statistics}\",\"global\":false,\"ignoreCase\":false,\"matchIndex\":0}', 0, 'docs/tpl/scripts/package/playwell-client/README.md', 'realtime-mkt:1926', NULL);
INSERT INTO `source_config` VALUES ('923398d4-380b-41ee-bb45-666287698cd1', '46c0879d-a25b-4f8b-bc66-610d6ed88ef4', 'd96de692-4e70-4d52-89f9-3d1deceeee78', '前端mysql库连接配置（host,登录名,登录密码,端口）', '{\"source\":\"#{mysql,4/3306}\",\"global\":false,\"ignoreCase\":false,\"matchIndex\":0}', 0, 'doc/部署准备资料/client-realtime-tpl/worker/config.properties', '3306', NULL);
INSERT INTO `source_config` VALUES ('927bc13c-ef6b-4370-af4c-115b3cd67daa', '0f0dfcad-40a0-4a99-9bc6-232b4efb22d4', '8d1ab3f3-5a5c-4442-81a9-336cc455ef02', '分析平台内部打点上传应用app_key', '{\"source\":\"#{webapp.appkey_zg}\",\"global\":false,\"ignoreCase\":false,\"matchIndex\":0}', 0, 'spa/config/prod.env.js.tpl', '5f8a935cd15a47419df0e07d0547551b', NULL);
INSERT INTO `source_config` VALUES ('92c6fbdd-d373-45f6-a808-90e3560ce4fc', '45a9da44-30ae-4660-a2f8-7729b3036d2e', '44e0bfcc-edfd-4d5c-a84d-615d444cee77', '微信内网（receiver）服务部署地址（默认两个）【/data/wt/receiver/config】', '{\"source\":\"#{svr.domain.intranet.weixin.receiver,2}\",\"global\":false,\"ignoreCase\":false,\"matchIndex\":0}', 0, 'nginx/nginx/conf/nginx.conf', 'realtime-2:7713', NULL);
INSERT INTO `source_config` VALUES ('93531290-f808-4afa-896d-e68ecab20733', '37363fe8-c813-456e-aa3a-63275a8973f9', '07fcd766-9451-4287-9e4b-f27de4e3df14', 'impala连接配置（host,登录名,登录密码,端口,仓库名）', '{\"source\":\"#{impala,5/zhugeio}\",\"global\":false,\"ignoreCase\":true,\"matchIndex\":0}', 0, 'etl-load-cdh/config/tpl/config_single/config.properties', 'zanalytics', NULL);
INSERT INTO `source_config` VALUES ('937384cb-13ad-48d4-8194-b174e0e2cd81', '46c0879d-a25b-4f8b-bc66-610d6ed88ef4', 'd96de692-4e70-4d52-89f9-3d1deceeee78', '前端mysql库连接配置（host,登录名,登录密码,端口）', '{\"source\":\"#{mysql,2}\",\"global\":false,\"ignoreCase\":false,\"matchIndex\":0}', 0, 'doc/部署准备资料/client-realtime-tpl/worker/config.properties', 'web', NULL);
INSERT INTO `source_config` VALUES ('93eb44be-c41e-42e3-b6cb-1a8005dcbaa6', '71671909-9834-44b3-b2eb-a0789696eeb6', '47bee3c6-4754-4bda-b3da-b6215fee96e1', 'kafka服务集群', '{\"source\":\"#{kafka_bootstrap_servers}\",\"global\":false,\"ignoreCase\":false,\"matchIndex\":0}', 0, 'bin/tpl/config.yml', 'realtime-1:9092,realtime-2:9092,realtime-3:9092', NULL);
INSERT INTO `source_config` VALUES ('9418a1f2-73c2-40d9-91d8-14749c1f7a1b', '37363fe8-c813-456e-aa3a-63275a8973f9', '07fcd766-9451-4287-9e4b-f27de4e3df14', 'redis 26480端口', '{\"source\":\"#{redis_26480,1}\",\"global\":false,\"ignoreCase\":false,\"matchIndex\":0}', 0, 'etl-adv-count/config/tpl/config/redis.properties', 'realtime-1', NULL);
INSERT INTO `source_config` VALUES ('95997a24-f973-481d-8ae2-79b0a46902b2', '45a9da44-30ae-4660-a2f8-7729b3036d2e', '44e0bfcc-edfd-4d5c-a84d-615d444cee77', 'ssdb 8888端口', '{\"source\":\"#{ssdb_8888,3}\",\"global\":false,\"ignoreCase\":false,\"matchIndex\":0}', 0, 'sql-zeppelin/zeppelin/conf-tpl/interpreter.json', NULL, NULL);
INSERT INTO `source_config` VALUES ('9619cf27-e760-443e-967f-a8c304910546', 'b4779bc3-b64b-4556-8fbf-e1660abc77d7', 'fd6a925b-de4d-440a-84a5-9e6f42c63845', 'ssdb 8888端口', '{\"source\":\"#{ssdb_8888,3}\",\"global\":false,\"ignoreCase\":false,\"matchIndex\":0}', 0, 'docs/config/tpl/application.properties', NULL, NULL);
INSERT INTO `source_config` VALUES ('966de486-99e4-4d3a-bf3d-fc33e8267fb6', '37363fe8-c813-456e-aa3a-63275a8973f9', '07fcd766-9451-4287-9e4b-f27de4e3df14', 'ssdb 1217端口', '{\"source\":\"#{ssdb_1217,1}\",\"global\":false,\"ignoreCase\":false,\"matchIndex\":0}', 0, 'etl-market-cloud/config/tpl/config/redis.properties', 'realtime-2', NULL);
INSERT INTO `source_config` VALUES ('9803b9e3-897d-4422-aafd-a6308cd4f8c2', 'cdac3b88-7578-4a0e-8151-f96627832942', '40ce7785-d4d6-41bf-9d58-ed7ec7e9767c', '触达2.0相关配置', '{\"source\":\"#{mktv2.config->kafka_bootstrap_servers}\",\"global\":false,\"ignoreCase\":true,\"matchIndex\":0}', 0, 'docs/tpl/mkt-activity', 'realtime-1:9092,realtime-2:9092,realtime-3:9092', NULL);
INSERT INTO `source_config` VALUES ('99615835-9767-402b-aed7-32f4af4f366e', '0f0dfcad-40a0-4a99-9bc6-232b4efb22d4', '8d1ab3f3-5a5c-4442-81a9-336cc455ef02', '根路由', '{\"source\":\"#{webapp.route_base_path}\",\"global\":false,\"ignoreCase\":false,\"matchIndex\":0}', 0, 'spa/config/prod.env.js.tpl', '/webapp/', NULL);
INSERT INTO `source_config` VALUES ('996231de-95be-43ca-887b-4b0b97bd3c17', '37363fe8-c813-456e-aa3a-63275a8973f9', '07fcd766-9451-4287-9e4b-f27de4e3df14', 'impala连接配置（host,登录名,登录密码,端口,仓库名）', '{\"source\":\"#{impala,4}\",\"global\":false,\"ignoreCase\":false,\"matchIndex\":0}', 0, 'etl-dw-kudu/config/tpl/config/impala_db.properties', '21050', NULL);
INSERT INTO `source_config` VALUES ('9a2ea085-9c15-4ed2-a24c-fbd33c358651', 'cdac3b88-7578-4a0e-8151-f96627832942', '40ce7785-d4d6-41bf-9d58-ed7ec7e9767c', 'impala连接配置（host,登录名,登录密码,端口,仓库名）', '{\"source\":\"#{impala,5}\",\"global\":false,\"ignoreCase\":false,\"matchIndex\":0}', 0, 'docs/tpl/mkt-statistics', 'zanalytics', NULL);
INSERT INTO `source_config` VALUES ('9a47131a-3566-47bf-8e74-1f06b6c89e47', '8d3c85d6-4bd3-4936-9e0f-ee44cfe312ca', '9d976e67-07e7-4463-8712-8a6de26e8a38', '前端mysql库连接配置（host,登录名,登录密码,端口）', '{\"source\":\"#{mysql,1}\",\"global\":false,\"ignoreCase\":true,\"matchIndex\":0}', 0, 'docs/tpl', 'realtime-1', NULL);
INSERT INTO `source_config` VALUES ('9a4efd2c-cca4-49ce-961c-a235750960e5', 'cdac3b88-7578-4a0e-8151-f96627832942', '40ce7785-d4d6-41bf-9d58-ed7ec7e9767c', '前端mysql库连接配置（host,登录名,登录密码,端口）', '{\"source\":\"#{mysql,1}\",\"global\":false,\"ignoreCase\":true,\"matchIndex\":0}', 0, 'docs/tpl/mkt-adapter', 'realtime-1', NULL);
INSERT INTO `source_config` VALUES ('9a56b4b5-785e-413e-892f-dad28e71f57a', '37363fe8-c813-456e-aa3a-63275a8973f9', '07fcd766-9451-4287-9e4b-f27de4e3df14', 'impala连接配置（host,登录名,登录密码,端口,仓库名）', '{\"source\":\"#{impala,1}\",\"global\":false,\"ignoreCase\":false,\"matchIndex\":0}', 0, 'etl-dw-kudu/config/tpl/config/impala_db.properties', 'realtime-1', NULL);
INSERT INTO `source_config` VALUES ('9a730feb-48ee-42ba-9b1d-2e866c925252', '40e643c4-5254-4ae7-a3cb-bc7a31aeeefc', '43df9041-08b4-4179-a7d5-303f15485253', '前端mysql库连接配置（host,登录名,登录密码,端口）', '{\"source\":\"#{mysql,2}\",\"global\":false,\"ignoreCase\":true,\"matchIndex\":0}', 0, 'config/tpl/clockwork.config', 'web', NULL);
INSERT INTO `source_config` VALUES ('9a91dd5a-cc2e-4148-b87b-a691b9552e19', '46c0879d-a25b-4f8b-bc66-610d6ed88ef4', 'd96de692-4e70-4d52-89f9-3d1deceeee78', 'redis 26480端口', '{\"source\":\"#{redis_26480,1}\",\"global\":false,\"ignoreCase\":false,\"matchIndex\":0}', 0, 'doc/部署准备资料/client-realtime-tpl/www/config.properties', 'realtime-1', NULL);
INSERT INTO `source_config` VALUES ('9b02b865-2f4c-4021-b526-f2a6bb25ea40', '04d51d81-5439-4f4b-ad95-ab0610f933ae', '2129aeea-f59f-47e6-af4b-48ab8e3bc374', 'redis 26480端口', '{\"source\":\"#{redis_26480,3}\",\"global\":false,\"ignoreCase\":true,\"matchIndex\":0}', 0, 'docs/config/tpl/', 'Sun_unix*1101', NULL);
INSERT INTO `source_config` VALUES ('9bd80cfb-039c-4083-9081-35a06f643e88', '45a9da44-30ae-4660-a2f8-7729b3036d2e', '44e0bfcc-edfd-4d5c-a84d-615d444cee77', '前端mysql库连接配置（host,登录名,登录密码,端口）', '{\"source\":\"#{mysql,3}\",\"global\":false,\"ignoreCase\":false,\"matchIndex\":0}', 0, 'es-index/zanalytics-index-db/tpl/2-db1.conf', 'zanalytics', NULL);
INSERT INTO `source_config` VALUES ('9c79883a-3f6d-4066-af09-418543db0b46', '37363fe8-c813-456e-aa3a-63275a8973f9', '07fcd766-9451-4287-9e4b-f27de4e3df14', 'impala连接配置（host,登录名,登录密码,端口,仓库名）', '{\"source\":\"#{impala,5/zhugeio}\",\"global\":false,\"ignoreCase\":true,\"matchIndex\":0}', 0, 'etl-load-cdh/config/tpl/config/config.properties', 'zanalytics', NULL);
INSERT INTO `source_config` VALUES ('9d01f9f5-3a2d-4d6b-8c00-8170e87734c0', 'b4779bc3-b64b-4556-8fbf-e1660abc77d7', 'fd6a925b-de4d-440a-84a5-9e6f42c63845', 'es集群2的ip', '{\"source\":\"#{elasticsearch2,1}\",\"global\":false,\"ignoreCase\":false,\"matchIndex\":0}', 0, 'docs/config/tpl/application.properties', 'realtime-2', NULL);
INSERT INTO `source_config` VALUES ('9d3b3359-0396-40f5-a3f4-0ee3b73605b8', '0f0dfcad-40a0-4a99-9bc6-232b4efb22d4', '8d1ab3f3-5a5c-4442-81a9-336cc455ef02', '诸葛打点，0关闭，1上传至saas，2上传至私有部署', '{\"source\":\"#{webapp.use_track}\",\"global\":false,\"ignoreCase\":false,\"matchIndex\":0}', 0, 'spa/config/prod.env.js.tpl', '0', NULL);
INSERT INTO `source_config` VALUES ('9d8a8a4f-60ce-4f7c-b7ec-530e733919e7', '45a9da44-30ae-4660-a2f8-7729b3036d2e', '44e0bfcc-edfd-4d5c-a84d-615d444cee77', 'impala连接配置（host,登录名,登录密码,端口,仓库名）', '{\"source\":\"#{impala,5/zhugeio}\",\"global\":false,\"ignoreCase\":false,\"matchIndex\":0}', 0, 'sql-zeppelin/zeppelin/conf-tpl/interpreter.json', 'zanalytics', NULL);
INSERT INTO `source_config` VALUES ('9da83880-891e-48d5-991d-e6b81e064b67', 'cdac3b88-7578-4a0e-8151-f96627832942', '40ce7785-d4d6-41bf-9d58-ed7ec7e9767c', '前端mysql库连接配置（host,登录名,登录密码,端口）', '{\"source\":\"#{mysql,3}\",\"global\":false,\"ignoreCase\":true,\"matchIndex\":0}', 0, 'docs/tpl/mkt-postman', 'zanalytics', NULL);
INSERT INTO `source_config` VALUES ('9dc7c1db-3c89-44d4-8dc2-93cc8f184ee2', '45a9da44-30ae-4660-a2f8-7729b3036d2e', '44e0bfcc-edfd-4d5c-a84d-615d444cee77', '分析sdkv内网服务部署地址（默认1个）', '{\"source\":\"#{svr.domain.intranet.sdkv.www}\",\"global\":false,\"ignoreCase\":false,\"matchIndex\":0}', 0, 'nginx/nginx/conf/nginx.conf-upload', 'realtime-1:8080', NULL);
INSERT INTO `source_config` VALUES ('9dd766a2-1ad0-49e8-a6ed-7f2edc3f8a72', '46c0879d-a25b-4f8b-bc66-610d6ed88ef4', 'd96de692-4e70-4d52-89f9-3d1deceeee78', '微信服务端www访问地址', '{\"source\":\"#{wt.server.domain.extranet}\",\"global\":false,\"ignoreCase\":false,\"matchIndex\":0}', 0, 'doc/部署准备资料/client-realtime-tpl/worker/config.properties', 'https://weixin.zhugeio.com', NULL);
INSERT INTO `source_config` VALUES ('9e1588d6-2362-4147-97db-ce8297ecb6fc', '46c0879d-a25b-4f8b-bc66-610d6ed88ef4', 'd96de692-4e70-4d52-89f9-3d1deceeee78', '微信客户端clientId，可访问该地址生成：https://weixin.zhugeio.com/s/v1/newClientId', '{\"source\":\"#{wt.client.client_id}\",\"global\":false,\"ignoreCase\":false,\"matchIndex\":0}', 0, 'doc/部署准备资料/client-realtime-tpl/consumer/config.properties', '9d3266fd556a4db7b9616d385f8bdf8f', NULL);
INSERT INTO `source_config` VALUES ('9e218a3b-05f6-43d4-95c5-c51c2cf88825', '45a9da44-30ae-4660-a2f8-7729b3036d2e', '44e0bfcc-edfd-4d5c-a84d-615d444cee77', 'zgsee内网服务部署地址', '{\"source\":\"#{svr.domain.intranet.zgsee.www}\",\"global\":false,\"ignoreCase\":false,\"matchIndex\":0}', 0, 'nginx/nginx/conf/nginx.conf', 'realtime-1:18080', NULL);
INSERT INTO `source_config` VALUES ('9fef9f8b-3233-48cb-abc0-7a98c180689b', '45a9da44-30ae-4660-a2f8-7729b3036d2e', '44e0bfcc-edfd-4d5c-a84d-615d444cee77', '分析api内网服务部署地址（默认1个）', '{\"source\":\"#{svr.domain.intranet.api.www}\",\"global\":false,\"ignoreCase\":false,\"matchIndex\":0}', 0, 'nginx-single/nginx/conf/nginx.conf', 'realtime-1:8800', NULL);
INSERT INTO `source_config` VALUES ('a06df176-e169-433b-97af-68a0360b48cb', '37363fe8-c813-456e-aa3a-63275a8973f9', '07fcd766-9451-4287-9e4b-f27de4e3df14', 'redis 26480端口', '{\"source\":\"#{redis_26480,3}\",\"global\":false,\"ignoreCase\":false,\"matchIndex\":0}', 0, 'etl-count/config/tpl/config/redis.properties', 'Sun_unix*1101', NULL);
INSERT INTO `source_config` VALUES ('a120a5c5-63e7-4b45-a691-41bf3617c81d', '45a9da44-30ae-4660-a2f8-7729b3036d2e', '44e0bfcc-edfd-4d5c-a84d-615d444cee77', 'node服务（来源映射、sdk、实时概览、数据接入等）', '{\"source\":\"#{svr.domain.intranet.node}\",\"global\":false,\"ignoreCase\":false,\"matchIndex\":0}', 0, 'nginx/nginx/conf/nginx.conf', 'realtime-3:9004', NULL);
INSERT INTO `source_config` VALUES ('a125268f-42dc-4fce-a1ca-fc64f0ad403d', 'cdac3b88-7578-4a0e-8151-f96627832942', '40ce7785-d4d6-41bf-9d58-ed7ec7e9767c', '触达2.0相关配置', '{\"source\":\"#{mktv2.config->kafka_bootstrap_servers}\",\"global\":false,\"ignoreCase\":false,\"matchIndex\":0}', 0, 'docs/tpl/mkt-postman', 'realtime-1:9092,realtime-2:9092,realtime-3:9092', NULL);
INSERT INTO `source_config` VALUES ('a1ca0a35-ba0e-4915-a897-d195a7a10d04', '37363fe8-c813-456e-aa3a-63275a8973f9', '07fcd766-9451-4287-9e4b-f27de4e3df14', 'impala连接配置（host,登录名,登录密码,端口,仓库名）', '{\"source\":\"#{impala,4}\",\"global\":false,\"ignoreCase\":false,\"matchIndex\":0}', 0, 'etl-load-cdh/config/tpl/config/impala_db.properties', '21050', NULL);
INSERT INTO `source_config` VALUES ('a34ebad9-e0b7-40ba-921d-4023473de834', 'dae89e64-2932-4bec-b3ae-4ac5be585617', '7a5c3982-1c5c-43c5-b4fa-15d9bd89fcdb', 'ssdb 8888端口', '{\"source\":\"#{ssdb_8888,1}\",\"global\":false,\"ignoreCase\":false,\"matchIndex\":0}', 0, 'docs/config/tpl/application.properties', 'realtime-1', NULL);
INSERT INTO `source_config` VALUES ('a377d658-da28-48be-ba19-767bdc741983', 'b4779bc3-b64b-4556-8fbf-e1660abc77d7', 'fd6a925b-de4d-440a-84a5-9e6f42c63845', 'elasticsearch用户名、密码', '{\"source\":\"#{elasticsearch.auth,1}\",\"global\":false,\"ignoreCase\":false,\"matchIndex\":0}', 0, 'docs/config/tpl/application.properties', 'elastic', NULL);
INSERT INTO `source_config` VALUES ('a391fa98-afc7-4acd-90c3-d62723d40edb', 'dae89e64-2932-4bec-b3ae-4ac5be585617', '7a5c3982-1c5c-43c5-b4fa-15d9bd89fcdb', '前端mysql库连接配置（host,登录名,登录密码,端口）', '{\"source\":\"#{mysql,2}\",\"global\":false,\"ignoreCase\":false,\"matchIndex\":0}', 0, 'docs/config/tpl/copyAppKey.sh', 'web', NULL);
INSERT INTO `source_config` VALUES ('a40473f5-6266-4bda-82f0-d766de82e5f1', 'cdac3b88-7578-4a0e-8151-f96627832942', '40ce7785-d4d6-41bf-9d58-ed7ec7e9767c', '前端mysql库连接配置（host,登录名,登录密码,端口）', '{\"source\":\"#{mysql,4}\",\"global\":false,\"ignoreCase\":false,\"matchIndex\":0}', 0, 'docs/tpl/mkt-threshold', '3306', NULL);
INSERT INTO `source_config` VALUES ('a4b0fc43-23e1-46b5-8755-dbf976581005', '45a9da44-30ae-4660-a2f8-7729b3036d2e', '44e0bfcc-edfd-4d5c-a84d-615d444cee77', '微信内网（receiver）服务部署地址（默认两个）【/data/wt/receiver/config】', '{\"source\":\"#{svr.domain.intranet.weixin.receiver,1}\",\"global\":false,\"ignoreCase\":false,\"matchIndex\":0}', 0, 'nginx/nginx/conf/nginx.conf-upload', 'realtime-1:7713', NULL);
INSERT INTO `source_config` VALUES ('a5d8d7c9-043c-4dd1-b012-1a4522e87bc0', '37363fe8-c813-456e-aa3a-63275a8973f9', '07fcd766-9451-4287-9e4b-f27de4e3df14', 'impala连接配置（host,登录名,登录密码,端口,仓库名）', '{\"source\":\"#{impala,5/zhugeio}\",\"global\":false,\"ignoreCase\":false,\"matchIndex\":0}', 0, 'etl-dw-kudu/config/tpl/config/config.properties', 'zanalytics', NULL);
INSERT INTO `source_config` VALUES ('a6a55d84-3853-4a4c-8c3f-829ed2cc822a', '2f46f470-e0ec-4119-bc84-c4d111475889', 'f099031a-7bcd-4d77-af00-8290675eb858', 'es集群1的ip', '{\"source\":\"#{elasticsearch1,2}\",\"global\":false,\"ignoreCase\":false,\"matchIndex\":0}', 0, 'docs/config/tpl/', '9200', NULL);
INSERT INTO `source_config` VALUES ('a805a4ff-0d7b-489b-8efd-8add74ea588d', 'cdac3b88-7578-4a0e-8151-f96627832942', '40ce7785-d4d6-41bf-9d58-ed7ec7e9767c', '触达2.0相关配置', '{\"source\":\"#{mktv2.config->server.adapter}\",\"global\":false,\"ignoreCase\":false,\"matchIndex\":0}', 0, 'docs/tpl/scripts/package/playwell-client/README.md', 'realtime-mkt:1920', NULL);
INSERT INTO `source_config` VALUES ('a960d552-2e1b-49fa-9c12-d4039bd14996', '37363fe8-c813-456e-aa3a-63275a8973f9', '07fcd766-9451-4287-9e4b-f27de4e3df14', 'kudu集群', '{\"source\":\"#{kudu_clusters}\",\"global\":false,\"ignoreCase\":false,\"matchIndex\":0}', 0, 'etl-load-cdh/config/tpl/config_single/config.properties', 'realtime-1:7051,realtime-2:7051,realtime-3:7051', NULL);
INSERT INTO `source_config` VALUES ('a999e4ec-14e1-435c-a1bb-0de26e1a8f74', '85866bad-811d-44af-952e-bdf1c1f1cd1a', '4a826f66-9c1d-42f7-a328-b1d84ead507f', '前端mysql库连接配置（host,登录名,登录密码,端口）', '{\"source\":\"#{mysql,1}\",\"global\":false,\"ignoreCase\":false,\"matchIndex\":0}', 0, 'config/private/tpl/config.properties', 'realtime-1', NULL);
INSERT INTO `source_config` VALUES ('aa03a5aa-f0af-43f1-9d46-ef57a29c3de2', '85866bad-811d-44af-952e-bdf1c1f1cd1a', '4a826f66-9c1d-42f7-a328-b1d84ead507f', 'impala连接配置（host,登录名,登录密码,端口,仓库名）', '{\"source\":\"#{impala,4}\",\"global\":false,\"ignoreCase\":false,\"matchIndex\":0}', 0, 'config/private/tpl/config.properties', '21050', NULL);
INSERT INTO `source_config` VALUES ('aa6c27b7-c91f-4651-a346-1ad5cfcbfc71', '51993461-d59f-4f5b-86a6-742db1d3194a', '7ff4386b-7102-411c-931e-f7e371e33dfa', 'node服务socket接口前缀', '{\"source\":\"#{node.api.socket.prefix}\",\"global\":false,\"ignoreCase\":false,\"matchIndex\":0}', 0, 'config/prod.env.js.tpl', '/analysis/socket', NULL);
INSERT INTO `source_config` VALUES ('ab338e22-4eda-404b-b838-1ae3e06a2274', '51993461-d59f-4f5b-86a6-742db1d3194a', '7ff4386b-7102-411c-931e-f7e371e33dfa', '合并端口外网访问地址(需要加协议http(s))(填网关的)', '{\"source\":\"#{svr.domain.nginx.extranet}\",\"global\":false,\"ignoreCase\":true,\"matchIndex\":0}', 0, 'config/prod.env.js.tpl', 'https://uba.it.pkpm.cn', NULL);
INSERT INTO `source_config` VALUES ('ab53bdc5-8152-4936-bc50-a365ff080753', '37363fe8-c813-456e-aa3a-63275a8973f9', '07fcd766-9451-4287-9e4b-f27de4e3df14', 'redis 8897端口', '{\"source\":\"#{redis_8897,3}\",\"global\":false,\"ignoreCase\":false,\"matchIndex\":0}', 0, 'etl-count/config/tpl/config/redis.properties', NULL, NULL);
INSERT INTO `source_config` VALUES ('ab981397-7222-479f-9f2e-66def896aa14', '37363fe8-c813-456e-aa3a-63275a8973f9', '07fcd766-9451-4287-9e4b-f27de4e3df14', 'impala连接配置（host,登录名,登录密码,端口,仓库名）', '{\"source\":\"#{impala,3}\",\"global\":false,\"ignoreCase\":false,\"matchIndex\":0}', 0, 'etl-single/config/tpl/config/impala_db.properties', 'admin', NULL);
INSERT INTO `source_config` VALUES ('abc966b5-a943-4f32-90b8-9fadad1db5f4', 'cdac3b88-7578-4a0e-8151-f96627832942', '40ce7785-d4d6-41bf-9d58-ed7ec7e9767c', '触达2.0相关配置', '{\"source\":\"#{mktv2.config->server.postman}\",\"global\":false,\"ignoreCase\":false,\"matchIndex\":0}', 0, 'docs/tpl/scripts/package/playwell-client/README.md', 'realtime-mkt:1924', NULL);
INSERT INTO `source_config` VALUES ('abddfe16-6ad1-4b63-8a08-55fe81025503', '04d51d81-5439-4f4b-ad95-ab0610f933ae', '2129aeea-f59f-47e6-af4b-48ab8e3bc374', 'es集群名称', '{\"source\":\"#{elasticsearch_cluster_name}\",\"global\":false,\"ignoreCase\":true,\"matchIndex\":0}', 0, 'docs/config/tpl/', 'elasticsearch', NULL);
INSERT INTO `source_config` VALUES ('accb16a7-1720-4bd6-815c-90fcb4c26f91', '37363fe8-c813-456e-aa3a-63275a8973f9', '07fcd766-9451-4287-9e4b-f27de4e3df14', '前端mysql库连接配置（host,登录名,登录密码,端口）', '{\"source\":\"#{mysql,4/3306}\",\"global\":false,\"ignoreCase\":false,\"matchIndex\":0}', 0, 'etl-paopi/config/tpl/config/front_db.properties', '3306', NULL);
INSERT INTO `source_config` VALUES ('acf573ba-7f3d-4929-8b4d-b84ce7e6b0d3', '45a9da44-30ae-4660-a2f8-7729b3036d2e', '44e0bfcc-edfd-4d5c-a84d-615d444cee77', '前端mysql库连接配置（host,登录名,登录密码,端口）', '{\"source\":\"#{mysql,2}\",\"global\":false,\"ignoreCase\":false,\"matchIndex\":0}', 0, 'es-index/zanalytics-index-db/tpl/impala-shell.sh', 'web', NULL);
INSERT INTO `source_config` VALUES ('add70631-5d9e-4b97-b018-7226ce517e72', '0f0dfcad-40a0-4a99-9bc6-232b4efb22d4', '8d1ab3f3-5a5c-4442-81a9-336cc455ef02', '显示logo', '{\"source\":\"#{webapp.show_logo}\",\"global\":false,\"ignoreCase\":false,\"matchIndex\":0}', 0, 'spa/config/prod.env.js.tpl', 'true', NULL);
INSERT INTO `source_config` VALUES ('ae8971b0-b0e7-4a17-ad35-acf350df8535', 'cdac3b88-7578-4a0e-8151-f96627832942', '40ce7785-d4d6-41bf-9d58-ed7ec7e9767c', '触达2.0相关配置', '{\"source\":\"#{mktv2.config->server.threshold}\",\"global\":false,\"ignoreCase\":false,\"matchIndex\":0}', 0, 'docs/tpl/scripts/package/playwell-client/README.md', 'realtime-mkt:1923', NULL);
INSERT INTO `source_config` VALUES ('af24d748-2bd2-4ec7-89b9-e100a42bce32', '37363fe8-c813-456e-aa3a-63275a8973f9', '07fcd766-9451-4287-9e4b-f27de4e3df14', '前端mysql库连接配置（host,登录名,登录密码,端口）', '{\"source\":\"#{mysql,4/3306}\",\"global\":false,\"ignoreCase\":false,\"matchIndex\":0}', 0, 'etl-paopi/config/tpl/config/hive_db.properties', '3306', NULL);
INSERT INTO `source_config` VALUES ('afedf39f-dd8f-45d6-b457-aa108b9defda', '37363fe8-c813-456e-aa3a-63275a8973f9', '07fcd766-9451-4287-9e4b-f27de4e3df14', 'ssdb 1217端口', '{\"source\":\"#{ssdb_1217,3}\",\"global\":false,\"ignoreCase\":false,\"matchIndex\":0}', 0, 'etl-market-cloud/config/tpl/config/redis.properties', NULL, NULL);
INSERT INTO `source_config` VALUES ('b097f960-7e40-4ec6-9106-1433342dd093', 'cdac3b88-7578-4a0e-8151-f96627832942', '40ce7785-d4d6-41bf-9d58-ed7ec7e9767c', '前端mysql库连接配置（host,登录名,登录密码,端口）', '{\"source\":\"#{mysql,1}\",\"global\":false,\"ignoreCase\":false,\"matchIndex\":0}', 0, 'docs/tpl/mkt-threshold', 'realtime-1', NULL);
INSERT INTO `source_config` VALUES ('b0b5ab55-1fa8-4cf3-8591-151560d9d60d', 'cdac3b88-7578-4a0e-8151-f96627832942', '40ce7785-d4d6-41bf-9d58-ed7ec7e9767c', '触达2.0相关配置', '{\"source\":\"#{mktv2.config->base_path}\",\"global\":false,\"ignoreCase\":true,\"matchIndex\":0}', 0, 'docs/tpl/mkt-threshold', '/data/mkt', NULL);
INSERT INTO `source_config` VALUES ('b107b59f-1a95-422c-9196-086974a50e99', '45a9da44-30ae-4660-a2f8-7729b3036d2e', '44e0bfcc-edfd-4d5c-a84d-615d444cee77', 'redis 6379端口', '{\"source\":\"#{redis_6379,3}\",\"global\":false,\"ignoreCase\":false,\"matchIndex\":0}', 0, 'userbehaviorpath_usergroup/behavior_path_hadoop/tpl/behavior_config.yml', 'Sun_unix*1101', NULL);
INSERT INTO `source_config` VALUES ('b1390639-11d4-4ede-828b-3a75fae527b0', '45a9da44-30ae-4660-a2f8-7729b3036d2e', '44e0bfcc-edfd-4d5c-a84d-615d444cee77', '微信内网（www）服务部署地址（默认1个）【/data/wt/www/config】', '{\"source\":\"#{svr.domain.intranet.weixin.www}\",\"global\":false,\"ignoreCase\":false,\"matchIndex\":0}', 0, 'nginx/nginx/conf/nginx.conf', 'realtime-1:7715', NULL);
INSERT INTO `source_config` VALUES ('b2d6a465-37a6-47e5-9483-2c326cc3d844', '45a9da44-30ae-4660-a2f8-7729b3036d2e', '44e0bfcc-edfd-4d5c-a84d-615d444cee77', 'zgsee内网服务部署地址', '{\"source\":\"#{svr.domain.intranet.zgsee.www}\",\"global\":false,\"ignoreCase\":false,\"matchIndex\":0}', 0, 'nginx/nginx/conf/nginx.conf-upload', 'realtime-1:18080', NULL);
INSERT INTO `source_config` VALUES ('b3b54103-1185-441f-892d-a0ccc6c0e6b1', 'cdac3b88-7578-4a0e-8151-f96627832942', '40ce7785-d4d6-41bf-9d58-ed7ec7e9767c', '前端mysql库连接配置（host,登录名,登录密码,端口）', '{\"source\":\"#{mysql,1}\",\"global\":false,\"ignoreCase\":true,\"matchIndex\":0}', 0, 'docs/tpl/mkt-user', 'realtime-1', NULL);
INSERT INTO `source_config` VALUES ('b3e10cd8-d8ec-4394-8871-3e283c10b422', '46c0879d-a25b-4f8b-bc66-610d6ed88ef4', 'd96de692-4e70-4d52-89f9-3d1deceeee78', '触达clockwork接收微信回调消息地址【/data/clockwork_api/bin/WeiXinCallbackHook.groovy->port(端口)】', '{\"source\":\"#{clockwork.weixin_callback_url}\",\"global\":false,\"ignoreCase\":false,\"matchIndex\":0}', 0, 'doc/部署准备资料/client-realtime-tpl/worker/config.properties', 'http://realtime-2:8882', NULL);
INSERT INTO `source_config` VALUES ('b3e5cda6-38b1-41a0-8642-7a58ade9d372', 'cdac3b88-7578-4a0e-8151-f96627832942', '40ce7785-d4d6-41bf-9d58-ed7ec7e9767c', 'impala连接配置（host,登录名,登录密码,端口,仓库名）', '{\"source\":\"#{impala,1}\",\"global\":false,\"ignoreCase\":false,\"matchIndex\":0}', 0, 'docs/tpl/mkt-batch', 'realtime-1', NULL);
INSERT INTO `source_config` VALUES ('b3f3f8fb-b03e-4787-acaf-8cc1b5fab936', '37363fe8-c813-456e-aa3a-63275a8973f9', '07fcd766-9451-4287-9e4b-f27de4e3df14', 'impala连接配置（host,登录名,登录密码,端口,仓库名）', '{\"source\":\"#{impala,5}\",\"global\":false,\"ignoreCase\":false,\"matchIndex\":0}', 0, 'etl-single/config/tpl/config/impala_db.properties', 'zanalytics', NULL);
INSERT INTO `source_config` VALUES ('b4205866-8558-4c3a-90b8-5a85f918c6ec', 'cdac3b88-7578-4a0e-8151-f96627832942', '40ce7785-d4d6-41bf-9d58-ed7ec7e9767c', 'impala连接配置（host,登录名,登录密码,端口,仓库名）', '{\"source\":\"#{impala,1}\",\"global\":false,\"ignoreCase\":false,\"matchIndex\":0}', 0, 'docs/tpl/mkt-user', 'realtime-1', NULL);
INSERT INTO `source_config` VALUES ('b45d1d0b-79c0-4676-912b-ec8e17f3e2a0', '40e643c4-5254-4ae7-a3cb-bc7a31aeeefc', '43df9041-08b4-4179-a7d5-303f15485253', 'impala连接配置（host,登录名,登录密码,端口,仓库名）', '{\"source\":\"#{impala,4}\",\"global\":false,\"ignoreCase\":false,\"matchIndex\":0}', 0, 'config/tpl/clockwork.config', '21050', NULL);
INSERT INTO `source_config` VALUES ('b5059660-e736-46ad-b20a-2e4f4b2fd745', '04d51d81-5439-4f4b-ad95-ab0610f933ae', '2129aeea-f59f-47e6-af4b-48ab8e3bc374', '前端mysql库连接配置（host,登录名,登录密码,端口）', '{\"source\":\"#{mysql,1}\",\"global\":false,\"ignoreCase\":true,\"matchIndex\":0}', 0, 'docs/config/tpl/', 'realtime-1', NULL);
INSERT INTO `source_config` VALUES ('b5c3f404-26c9-4e79-9ab2-b13f33c01e1c', '37363fe8-c813-456e-aa3a-63275a8973f9', '07fcd766-9451-4287-9e4b-f27de4e3df14', 'ssdb 1218端口', '{\"source\":\"#{ssdb_1218,2}\",\"global\":false,\"ignoreCase\":false,\"matchIndex\":0}', 0, 'etl-market-cloud/config/tpl/config/redis.properties', '1218', NULL);
INSERT INTO `source_config` VALUES ('b5d573f9-f422-46ea-abe5-83ea1abf65b6', '40e643c4-5254-4ae7-a3cb-bc7a31aeeefc', '43df9041-08b4-4179-a7d5-303f15485253', '前端mysql库连接配置（host,登录名,登录密码,端口）', '{\"source\":\"#{mysql,4/3306}\",\"global\":false,\"ignoreCase\":true,\"matchIndex\":0}', 0, 'config/tpl/clockwork.config', '3306', NULL);
INSERT INTO `source_config` VALUES ('b6accd32-e717-4fbc-bd75-0b34e94e8936', '46c0879d-a25b-4f8b-bc66-610d6ed88ef4', 'd96de692-4e70-4d52-89f9-3d1deceeee78', 'kafka服务集群', '{\"source\":\"#{kafka_bootstrap_servers}\",\"global\":false,\"ignoreCase\":false,\"matchIndex\":0}', 0, 'doc/部署准备资料/client-realtime-tpl/consumer/config.properties', 'realtime-1:9092,realtime-2:9092,realtime-3:9092', NULL);
INSERT INTO `source_config` VALUES ('b7367c04-c036-4db4-8758-7513de88fb42', '45a9da44-30ae-4660-a2f8-7729b3036d2e', '44e0bfcc-edfd-4d5c-a84d-615d444cee77', '触达内网（www）服务部署地址（默认两个）【/data/marketing/www/config】', '{\"source\":\"#{svr.domain.intranet.mkt.www,1}\",\"global\":false,\"ignoreCase\":false,\"matchIndex\":0}', 0, 'nginx/nginx/conf/nginx.conf-upload', 'realtime-2:18001', NULL);
INSERT INTO `source_config` VALUES ('b7cf9e82-3834-49fa-8e68-0df432aed7ff', '45a9da44-30ae-4660-a2f8-7729b3036d2e', '44e0bfcc-edfd-4d5c-a84d-615d444cee77', 'redis 6379端口', '{\"source\":\"#{redis_6379,1}\",\"global\":false,\"ignoreCase\":false,\"matchIndex\":0}', 0, 'userbehaviorpath_usergroup/ubpa/bin/tpl/worker.py', 'realtime-1', NULL);
INSERT INTO `source_config` VALUES ('b84fd564-7103-4501-8eb3-b340e330a2e2', '04d51d81-5439-4f4b-ad95-ab0610f933ae', '2129aeea-f59f-47e6-af4b-48ab8e3bc374', 'redis 26480端口', '{\"source\":\"#{redis_26480,2}\",\"global\":false,\"ignoreCase\":true,\"matchIndex\":0}', 0, 'docs/config/tpl/', '26480', NULL);
INSERT INTO `source_config` VALUES ('b8e111b4-2232-4523-a067-480298c6d453', '37363fe8-c813-456e-aa3a-63275a8973f9', '07fcd766-9451-4287-9e4b-f27de4e3df14', 'impala连接配置（host,登录名,登录密码,端口,仓库名）', '{\"source\":\"#{impala,1}\",\"global\":false,\"ignoreCase\":false,\"matchIndex\":0}', 0, 'etl-paopi/config/tpl/config/impala_db.properties', 'realtime-1', NULL);
INSERT INTO `source_config` VALUES ('b8f6bf73-23b2-4443-8f96-c62b38b1dad9', '37363fe8-c813-456e-aa3a-63275a8973f9', '07fcd766-9451-4287-9e4b-f27de4e3df14', 'impala连接配置（host,登录名,登录密码,端口,仓库名）', '{\"source\":\"#{impala,4}\",\"global\":false,\"ignoreCase\":false,\"matchIndex\":0}', 0, 'etl-single/config/tpl/config/impala_db.properties', '21050', NULL);
INSERT INTO `source_config` VALUES ('b9faf5dd-57fd-4320-8694-e28166b397cd', 'b365bc9c-2dfd-4fe1-afba-5b56d58e65a3', 'ef3e253f-ffe6-4196-8e1e-382f28f6c9d1', 'node服务socket接口前缀', '{\"source\":\"#{node.api.prefix}\",\"global\":false,\"ignoreCase\":false,\"matchIndex\":0}', 0, 'config/constants.js.tpl', '/analysis/api', NULL);
INSERT INTO `source_config` VALUES ('bd32a0c6-b06e-41da-8a7f-21899ed1c6ea', '85866bad-811d-44af-952e-bdf1c1f1cd1a', '4a826f66-9c1d-42f7-a328-b1d84ead507f', 'zgsee-kafka-topic', '{\"source\":\"#{zgsee.kafka_source_topic}\",\"global\":false,\"ignoreCase\":false,\"matchIndex\":0}', 0, 'config/private/tpl/config.properties', 'zg_see', NULL);
INSERT INTO `source_config` VALUES ('bd59b14d-591f-442f-a1c6-7fb00cf897b8', '45a9da44-30ae-4660-a2f8-7729b3036d2e', '44e0bfcc-edfd-4d5c-a84d-615d444cee77', 'redis 6379端口', '{\"source\":\"#{redis_6379,1}\",\"global\":false,\"ignoreCase\":false,\"matchIndex\":0}', 0, 'userbehaviorpath_usergroup/ubpa/bin/tpl/ubpa-spark-app.sh', 'realtime-1', NULL);
INSERT INTO `source_config` VALUES ('bdcc9d9d-3fda-4e3e-a647-9a85bcc298da', '46c0879d-a25b-4f8b-bc66-610d6ed88ef4', 'd96de692-4e70-4d52-89f9-3d1deceeee78', '前端mysql库连接配置（host,登录名,登录密码,端口）', '{\"source\":\"#{mysql,1}\",\"global\":false,\"ignoreCase\":false,\"matchIndex\":0}', 0, 'doc/部署准备资料/client-realtime-tpl/www/config.properties', 'realtime-1', NULL);
INSERT INTO `source_config` VALUES ('be735284-1183-4c3c-9b55-6f6d5373c446', '37363fe8-c813-456e-aa3a-63275a8973f9', '07fcd766-9451-4287-9e4b-f27de4e3df14', 'impala连接配置（host,登录名,登录密码,端口,仓库名）', '{\"source\":\"#{impala,2}\",\"global\":false,\"ignoreCase\":false,\"matchIndex\":0}', 0, 'etl-dw-kudu/config/tpl/config/impala_db.properties', 'admin', NULL);
INSERT INTO `source_config` VALUES ('bea3deb7-e26a-478f-a8a2-0b53edd10e95', 'cdac3b88-7578-4a0e-8151-f96627832942', '40ce7785-d4d6-41bf-9d58-ed7ec7e9767c', '前端mysql库连接配置（host,登录名,登录密码,端口）', '{\"source\":\"#{mysql,3}\",\"global\":false,\"ignoreCase\":true,\"matchIndex\":0}', 0, 'docs/tpl/mkt-user', 'zanalytics', NULL);
INSERT INTO `source_config` VALUES ('bea6512d-f49e-4f4b-a635-6ff49020b446', '0f0dfcad-40a0-4a99-9bc6-232b4efb22d4', '8d1ab3f3-5a5c-4442-81a9-336cc455ef02', '获取模块日期默认值', '{\"source\":\"#{webapp.channel_date_config}\",\"global\":false,\"ignoreCase\":false,\"matchIndex\":0}', 0, 'spa/config/prod.env.js.tpl', '0', NULL);
INSERT INTO `source_config` VALUES ('bfc744d6-d63b-4ec4-8d9f-8d79e8bbca06', 'b365bc9c-2dfd-4fe1-afba-5b56d58e65a3', 'ef3e253f-ffe6-4196-8e1e-382f28f6c9d1', '资源所在目录', '{\"source\":\"#{market.assets_public_path}\",\"global\":false,\"ignoreCase\":true,\"matchIndex\":0}', 0, 'config/constants.js.tpl', '/market/', NULL);
INSERT INTO `source_config` VALUES ('c0206d0c-b195-4a40-b3c4-8d9634744e32', '37363fe8-c813-456e-aa3a-63275a8973f9', '07fcd766-9451-4287-9e4b-f27de4e3df14', '前端mysql库连接配置（host,登录名,登录密码,端口）', '{\"source\":\"#{mysql,4/3306}\",\"global\":false,\"ignoreCase\":false,\"matchIndex\":0}', 0, 'etl-load-cdh/config/tpl/config/front_db.properties', '3306', NULL);
INSERT INTO `source_config` VALUES ('c069bec4-39d8-4461-a87b-f8ff777b6f46', '45a9da44-30ae-4660-a2f8-7729b3036d2e', '44e0bfcc-edfd-4d5c-a84d-615d444cee77', 'impala连接配置（host,登录名,登录密码,端口,仓库名）', '{\"source\":\"#{impala,4}\",\"global\":false,\"ignoreCase\":false,\"matchIndex\":0}', 0, 'sql-zeppelin/zeppelin/conf-tpl/interpreter.json', '21050', NULL);
INSERT INTO `source_config` VALUES ('c16167cc-0a77-46b9-bcbf-467e4b784cf9', '45a9da44-30ae-4660-a2f8-7729b3036d2e', '44e0bfcc-edfd-4d5c-a84d-615d444cee77', 'impala连接配置（host,登录名,登录密码,端口,仓库名）', '{\"source\":\"#{impala,5/zhugeio}\",\"global\":false,\"ignoreCase\":false,\"matchIndex\":0}', 0, 'es-index/zanalytics-index-db/tpl/impala-shell.sh', 'zanalytics', NULL);
INSERT INTO `source_config` VALUES ('c167adf3-f7bf-44c2-a68d-841aba8fdb90', '1e4058bb-b8e6-4ca9-ae31-4065365d51f1', 'e7f7a127-f4c4-4338-8e84-9b7fc73dd4a7', '分析session/cookie存储域名(填网站的)(不需要加端口)', '{\"source\":\"#{analysis.zhuge_session_domain}\",\"global\":false,\"ignoreCase\":true,\"matchIndex\":0}', 0, 'config/buildConfig.js.tpl', 'uba.it.pkpm.cn', NULL);
INSERT INTO `source_config` VALUES ('c17c7d34-a1b1-44c1-bd4b-ec976234e464', '0f0dfcad-40a0-4a99-9bc6-232b4efb22d4', '8d1ab3f3-5a5c-4442-81a9-336cc455ef02', 'node服务socket接口前缀', '{\"source\":\"#{node.api.prefix}\",\"global\":false,\"ignoreCase\":false,\"matchIndex\":0}', 0, 'spa/config/prod.env.js.tpl', '/analysis/api', NULL);
INSERT INTO `source_config` VALUES ('c1a57307-25af-436d-bda7-8331592afaa5', '37363fe8-c813-456e-aa3a-63275a8973f9', '07fcd766-9451-4287-9e4b-f27de4e3df14', 'redis 8894端口', '{\"source\":\"#{redis_8894,2}\",\"global\":false,\"ignoreCase\":false,\"matchIndex\":0}', 0, 'etl-id-kudu/config/tpl/config/id_redis.properties', '8894', NULL);
INSERT INTO `source_config` VALUES ('c1e46366-47f7-45f1-ba7b-bb086ae476ef', '0f0dfcad-40a0-4a99-9bc6-232b4efb22d4', '8d1ab3f3-5a5c-4442-81a9-336cc455ef02', 'webapp相关配置', '{\"source\":\"#{webapp->is_mars_ui}\",\"global\":false,\"ignoreCase\":false,\"matchIndex\":0}', 0, 'spa/config/prod.env.js.tpl', 'false', NULL);
INSERT INTO `source_config` VALUES ('c232fe5b-d86c-4442-8028-d949068fa3aa', '37363fe8-c813-456e-aa3a-63275a8973f9', '07fcd766-9451-4287-9e4b-f27de4e3df14', 'kafka服务集群', '{\"source\":\"#{kafka_bootstrap_servers}\",\"global\":false,\"ignoreCase\":false,\"matchIndex\":0}', 0, 'etl-debug/config/tpl/config/config.properties', 'realtime-1:9092,realtime-2:9092,realtime-3:9092', NULL);
INSERT INTO `source_config` VALUES ('c24755e6-7ff9-47f8-8706-bd1c8f96f2f8', '85866bad-811d-44af-952e-bdf1c1f1cd1a', '4a826f66-9c1d-42f7-a328-b1d84ead507f', 'impala连接配置（host,登录名,登录密码,端口,仓库名）', '{\"source\":\"#{impala,5/zhugeio}\",\"global\":false,\"ignoreCase\":false,\"matchIndex\":0}', 0, 'config/private/tpl/kudu-to-parquet.sh', 'zanalytics', NULL);
INSERT INTO `source_config` VALUES ('c2829233-9651-4f04-b81c-8fe4f32cd9a8', 'b4779bc3-b64b-4556-8fbf-e1660abc77d7', 'fd6a925b-de4d-440a-84a5-9e6f42c63845', 'es集群名称', '{\"source\":\"#{elasticsearch_cluster_name}\",\"global\":false,\"ignoreCase\":false,\"matchIndex\":0}', 0, 'docs/config/tpl/application.properties', 'elasticsearch', NULL);
INSERT INTO `source_config` VALUES ('c291bc52-40c8-4e95-935f-c5a8a96ed737', '46c0879d-a25b-4f8b-bc66-610d6ed88ef4', 'd96de692-4e70-4d52-89f9-3d1deceeee78', '前端mysql库连接配置（host,登录名,登录密码,端口）', '{\"source\":\"#{mysql,1}\",\"global\":false,\"ignoreCase\":false,\"matchIndex\":0}', 0, 'doc/部署准备资料/client-realtime-tpl/consumer/config.properties', 'realtime-1', NULL);
INSERT INTO `source_config` VALUES ('c2b93147-d81a-4a58-8bc9-877598e5811b', '7c6a4ef0-7af7-40b0-aa69-99bad2d6271d', '41f4d639-5aba-4888-838a-f25459698ddb', '', '{\"source\":\"#{node->ssoApi}\",\"global\":false,\"ignoreCase\":false,\"matchIndex\":0}', 0, 'src/config.ts.tpl', NULL, NULL);
INSERT INTO `source_config` VALUES ('c2f7e5be-15cd-4b87-89a9-6873219cb3dd', '04d51d81-5439-4f4b-ad95-ab0610f933ae', '2129aeea-f59f-47e6-af4b-48ab8e3bc374', 'redis 6379端口', '{\"source\":\"#{redis_6379,3}\",\"global\":false,\"ignoreCase\":true,\"matchIndex\":0}', 0, 'docs/config/tpl/', 'Sun_unix*1101', NULL);
INSERT INTO `source_config` VALUES ('c3447b08-d967-4820-95ed-571546c42cb6', 'cdac3b88-7578-4a0e-8151-f96627832942', '40ce7785-d4d6-41bf-9d58-ed7ec7e9767c', 'impala连接配置（host,登录名,登录密码,端口,仓库名）', '{\"source\":\"#{impala,4}\",\"global\":false,\"ignoreCase\":false,\"matchIndex\":0}', 0, 'docs/tpl/mkt-batch', '21050', NULL);
INSERT INTO `source_config` VALUES ('c3d6a58a-b7de-4108-912b-69b89af0c66a', '2f46f470-e0ec-4119-bc84-c4d111475889', 'f099031a-7bcd-4d77-af00-8290675eb858', 'redis 26380端口', '{\"source\":\"#{redis_26380,3}\",\"global\":false,\"ignoreCase\":false,\"matchIndex\":0}', 0, 'docs/config/tpl/', 'Sun_unix*1101', NULL);
INSERT INTO `source_config` VALUES ('c416ee7f-bfe6-4dbe-9576-b4a383b9de7a', '45a9da44-30ae-4660-a2f8-7729b3036d2e', '44e0bfcc-edfd-4d5c-a84d-615d444cee77', '微信内网（receiver）服务部署地址（默认两个）【/data/wt/receiver/config】', '{\"source\":\"#{svr.domain.intranet.weixin.receiver,1}\",\"global\":false,\"ignoreCase\":false,\"matchIndex\":0}', 0, 'nginx-single/nginx/conf/nginx.conf-upload', 'realtime-1:7713', NULL);
INSERT INTO `source_config` VALUES ('c44ed41d-dfdd-42f9-94ed-beb967231ac4', '37363fe8-c813-456e-aa3a-63275a8973f9', '07fcd766-9451-4287-9e4b-f27de4e3df14', 'redis 8892端口', '{\"source\":\"#{redis_8892,3}\",\"global\":false,\"ignoreCase\":false,\"matchIndex\":0}', 0, 'etl-id-kudu/config/tpl/config/id_redis.properties', NULL, NULL);
INSERT INTO `source_config` VALUES ('c4b3a2d9-ec1a-451e-a636-575bd035472a', 'cdac3b88-7578-4a0e-8151-f96627832942', '40ce7785-d4d6-41bf-9d58-ed7ec7e9767c', '前端mysql库连接配置（host,登录名,登录密码,端口）', '{\"source\":\"#{mysql,1}\",\"global\":false,\"ignoreCase\":true,\"matchIndex\":0}', 0, 'docs/tpl/mkt-batch', 'realtime-1', NULL);
INSERT INTO `source_config` VALUES ('c4cce0a9-6a36-4ac6-ae8f-b28ff31c13b0', '2f46f470-e0ec-4119-bc84-c4d111475889', 'f099031a-7bcd-4d77-af00-8290675eb858', 'es集群1的ip', '{\"source\":\"#{elasticsearch1,1}\",\"global\":false,\"ignoreCase\":false,\"matchIndex\":0}', 0, 'docs/config/tpl/', 'realtime-2', NULL);
INSERT INTO `source_config` VALUES ('c4e1f2e2-9bad-4538-8077-9ac89f28a89d', 'cdac3b88-7578-4a0e-8151-f96627832942', '40ce7785-d4d6-41bf-9d58-ed7ec7e9767c', '触达2.0相关配置', '{\"source\":\"#{mktv2.config->server.threshold}\",\"global\":false,\"ignoreCase\":true,\"matchIndex\":0}', 0, 'docs/tpl/README.md', 'realtime-mkt:1923', NULL);
INSERT INTO `source_config` VALUES ('c4f5b365-6ba1-4ad2-a61b-31748523b15d', '37363fe8-c813-456e-aa3a-63275a8973f9', '07fcd766-9451-4287-9e4b-f27de4e3df14', 'redis 6379端口', '{\"source\":\"#{redis_6379,3}\",\"global\":false,\"ignoreCase\":false,\"matchIndex\":0}', 0, 'etl-debug/config/tpl/config/debug_redis.properties', 'Sun_unix*1101', NULL);
INSERT INTO `source_config` VALUES ('c52ed261-07d8-4c46-8e90-81bea703f17a', '46c0879d-a25b-4f8b-bc66-610d6ed88ef4', 'd96de692-4e70-4d52-89f9-3d1deceeee78', '前端mysql库连接配置（host,登录名,登录密码,端口）', '{\"source\":\"#{mysql,3}\",\"global\":false,\"ignoreCase\":false,\"matchIndex\":0}', 0, 'doc/部署准备资料/client-realtime-tpl/consumer/config.properties', 'zanalytics', NULL);
INSERT INTO `source_config` VALUES ('c5bf64ea-68a3-46ef-96c6-c5353e6dad9e', '7c6a4ef0-7af7-40b0-aa69-99bad2d6271d', '41f4d639-5aba-4888-838a-f25459698ddb', '', '{\"source\":\"#{node->ssoLoginUrl}\",\"global\":false,\"ignoreCase\":false,\"matchIndex\":0}', 0, 'src/config.ts.tpl', NULL, NULL);
INSERT INTO `source_config` VALUES ('c5e5d38e-9e5d-4f16-aa77-34d0292e92ef', '45a9da44-30ae-4660-a2f8-7729b3036d2e', '44e0bfcc-edfd-4d5c-a84d-615d444cee77', '分析api内网服务部署地址（默认1个）', '{\"source\":\"#{svr.domain.intranet.api.www}\",\"global\":false,\"ignoreCase\":false,\"matchIndex\":0}', 0, 'nginx/nginx/conf/nginx.conf-upload', 'realtime-1:8800', NULL);
INSERT INTO `source_config` VALUES ('c5f7c12a-8580-4e36-a965-a893c0e4723a', '37363fe8-c813-456e-aa3a-63275a8973f9', '07fcd766-9451-4287-9e4b-f27de4e3df14', '前端mysql库连接配置（host,登录名,登录密码,端口）', '{\"source\":\"#{mysql,4/3306}\",\"global\":false,\"ignoreCase\":false,\"matchIndex\":0}', 0, 'etl-id-kudu/config/tpl/config/front_db.properties', '3306', NULL);
INSERT INTO `source_config` VALUES ('c7a15df0-7677-46a2-ad68-64831eb0aff9', '68e078fb-eb3d-4659-9e38-272e35316e38', 'd2ec6358-ecfc-4afd-a19f-d82f67284927', '固定日报发送周期', '{\"source\":\"#{m_webapp.send_period}\",\"global\":false,\"ignoreCase\":false,\"matchIndex\":0}', 0, '.env.production.tpl', '', NULL);
INSERT INTO `source_config` VALUES ('c7becb9f-82a6-4020-b10c-5497bdac7c52', '45a9da44-30ae-4660-a2f8-7729b3036d2e', '44e0bfcc-edfd-4d5c-a84d-615d444cee77', 'es查询服务', '{\"source\":\"#{svr.domain.intranet.es.www}\",\"global\":false,\"ignoreCase\":false,\"matchIndex\":0}', 0, 'nginx/nginx/conf/nginx.conf-upload', 'realtime-2:7808', NULL);
INSERT INTO `source_config` VALUES ('ca0ffe08-e5e4-4666-9e12-3adeefa14e90', '37363fe8-c813-456e-aa3a-63275a8973f9', '07fcd766-9451-4287-9e4b-f27de4e3df14', 'redis 8897端口', '{\"source\":\"#{redis_8897,2}\",\"global\":false,\"ignoreCase\":false,\"matchIndex\":0}', 0, 'etl-count/config/tpl/config/redis.properties', '8897', NULL);
INSERT INTO `source_config` VALUES ('cab1ee7f-7855-4610-b230-b5b7c8020415', '45a9da44-30ae-4660-a2f8-7729b3036d2e', '44e0bfcc-edfd-4d5c-a84d-615d444cee77', '分析sdkv内网服务部署地址（默认1个）', '{\"source\":\"#{svr.domain.intranet.sdkv.www}\",\"global\":false,\"ignoreCase\":false,\"matchIndex\":0}', 0, 'nginx/nginx/conf/nginx.conf', 'realtime-1:8080', NULL);
INSERT INTO `source_config` VALUES ('cad495ee-616c-4f2a-b5ee-59de4b5a1cb4', '45a9da44-30ae-4660-a2f8-7729b3036d2e', '44e0bfcc-edfd-4d5c-a84d-615d444cee77', 'ssdb 8888端口', '{\"source\":\"#{ssdb_8888,1}\",\"global\":false,\"ignoreCase\":false,\"matchIndex\":0}', 0, 'sql-zeppelin/zeppelin/conf-tpl/interpreter.json', 'realtime-1', NULL);
INSERT INTO `source_config` VALUES ('cb00e395-8343-4ebd-b966-b986f42e3dce', '2f46f470-e0ec-4119-bc84-c4d111475889', 'f099031a-7bcd-4d77-af00-8290675eb858', 'redis 26555端口', '{\"source\":\"#{redis_26555,2}\",\"global\":false,\"ignoreCase\":false,\"matchIndex\":0}', 0, 'docs/config/tpl/', '26555', NULL);
INSERT INTO `source_config` VALUES ('cbe1bb0a-a8dd-46f0-8350-e12f6ceae9bd', '45a9da44-30ae-4660-a2f8-7729b3036d2e', '44e0bfcc-edfd-4d5c-a84d-615d444cee77', '微信内网（www）服务部署地址（默认1个）【/data/wt/www/config】', '{\"source\":\"#{svr.domain.intranet.weixin.www}\",\"global\":false,\"ignoreCase\":false,\"matchIndex\":0}', 0, 'nginx/nginx/conf/nginx.conf-upload', 'realtime-1:7715', NULL);
INSERT INTO `source_config` VALUES ('cc6882ce-26fa-4546-a618-4abcd0390ef3', '46c0879d-a25b-4f8b-bc66-610d6ed88ef4', 'd96de692-4e70-4d52-89f9-3d1deceeee78', 'redis 26480端口', '{\"source\":\"#{redis_26480,2}\",\"global\":false,\"ignoreCase\":false,\"matchIndex\":0}', 0, 'doc/部署准备资料/client-realtime-tpl/worker/config.properties', '26480', NULL);
INSERT INTO `source_config` VALUES ('cdaf95cd-58b2-4f1d-8cfb-34eb4704b2a6', 'cdac3b88-7578-4a0e-8151-f96627832942', '40ce7785-d4d6-41bf-9d58-ed7ec7e9767c', '前端mysql库连接配置（host,登录名,登录密码,端口）', '{\"source\":\"#{mysql,3}\",\"global\":false,\"ignoreCase\":false,\"matchIndex\":0}', 0, 'docs/tpl/mkt-threshold', 'zanalytics', NULL);
INSERT INTO `source_config` VALUES ('cdb2a789-41f2-40ff-b884-6148e40a4c60', '2f46f470-e0ec-4119-bc84-c4d111475889', 'f099031a-7bcd-4d77-af00-8290675eb858', 'ssdb 8884端口', '{\"source\":\"#{ssdb_8884,3}\",\"global\":false,\"ignoreCase\":false,\"matchIndex\":0}', 0, 'docs/config/tpl/', NULL, NULL);
INSERT INTO `source_config` VALUES ('cdbe8089-607a-4644-befc-2f78808b0707', '45a9da44-30ae-4660-a2f8-7729b3036d2e', '44e0bfcc-edfd-4d5c-a84d-615d444cee77', '触达内网（www）服务部署地址（默认两个）【/data/marketing/www/config】', '{\"source\":\"#{svr.domain.intranet.mkt.www,1}\",\"global\":false,\"ignoreCase\":false,\"matchIndex\":0}', 0, 'nginx-single/nginx/conf/nginx.conf-upload', 'realtime-2:18001', NULL);
INSERT INTO `source_config` VALUES ('ce032ccd-762a-4ec8-b80a-51fadaa0b83a', '45a9da44-30ae-4660-a2f8-7729b3036d2e', '44e0bfcc-edfd-4d5c-a84d-615d444cee77', '分析sdkv内网服务部署地址（默认1个）', '{\"source\":\"#{svr.domain.intranet.sdkv.www}\",\"global\":false,\"ignoreCase\":false,\"matchIndex\":0}', 0, 'nginx-single/nginx/conf/nginx.conf', 'realtime-1:8080', NULL);
INSERT INTO `source_config` VALUES ('ce839ab7-fa56-4458-8c69-ce9e2fe80e59', '45a9da44-30ae-4660-a2f8-7729b3036d2e', '44e0bfcc-edfd-4d5c-a84d-615d444cee77', '触达2.0相关配置', '{\"source\":\"#{mktv2.config->server.www}\",\"global\":false,\"ignoreCase\":false,\"matchIndex\":0}', 0, 'nginx/nginx/conf/nginx.conf', 'realtime-mkt:18001', NULL);
INSERT INTO `source_config` VALUES ('ceaac175-e187-4b73-8811-ee2c6d0a0e5c', '40e643c4-5254-4ae7-a3cb-bc7a31aeeefc', '43df9041-08b4-4179-a7d5-303f15485253', '前端mysql库连接配置（host,登录名,登录密码,端口）', '{\"source\":\"#{mysql,1}\",\"global\":false,\"ignoreCase\":true,\"matchIndex\":0}', 0, 'config/tpl/clockwork.config', 'realtime-1', NULL);
INSERT INTO `source_config` VALUES ('cef2b3c5-04f4-4c21-8060-ab594b96bf09', '37363fe8-c813-456e-aa3a-63275a8973f9', '07fcd766-9451-4287-9e4b-f27de4e3df14', 'redis 26480端口', '{\"source\":\"#{redis_26480,1}\",\"global\":false,\"ignoreCase\":false,\"matchIndex\":0}', 0, 'etl-count-et/config/tpl/config/redis.properties', 'realtime-1', NULL);
INSERT INTO `source_config` VALUES ('cfb7ecd8-b1cc-4874-a9d8-012690849f91', '37363fe8-c813-456e-aa3a-63275a8973f9', '07fcd766-9451-4287-9e4b-f27de4e3df14', 'ssdb 8888端口', '{\"source\":\"#{ssdb_8888,1}\",\"global\":false,\"ignoreCase\":false,\"matchIndex\":0}', 0, 'etl-paopi/config/tpl/config/redis.properties', 'realtime-1', NULL);
INSERT INTO `source_config` VALUES ('d07f8ef1-41f2-43cd-aede-03b14ab9c558', 'cdac3b88-7578-4a0e-8151-f96627832942', '40ce7785-d4d6-41bf-9d58-ed7ec7e9767c', '触达2.0相关配置', '{\"source\":\"#{mktv2.config->server.user}\",\"global\":false,\"ignoreCase\":true,\"matchIndex\":0}', 0, 'docs/tpl/README.md', 'realtime-mkt:1925', NULL);
INSERT INTO `source_config` VALUES ('d08501e2-923b-4549-8424-4ad8ac2cc116', 'cdac3b88-7578-4a0e-8151-f96627832942', '40ce7785-d4d6-41bf-9d58-ed7ec7e9767c', '前端mysql库连接配置（host,登录名,登录密码,端口）', '{\"source\":\"#{mysql,2}\",\"global\":false,\"ignoreCase\":true,\"matchIndex\":0}', 0, 'docs/tpl/mkt-batch', 'web', NULL);
INSERT INTO `source_config` VALUES ('d15f3bb4-3c7f-4a68-a567-df17d348fcdb', 'b4779bc3-b64b-4556-8fbf-e1660abc77d7', 'fd6a925b-de4d-440a-84a5-9e6f42c63845', '前端mysql库连接配置（host,登录名,登录密码,端口）', '{\"source\":\"#{mysql,4/3306}\",\"global\":false,\"ignoreCase\":false,\"matchIndex\":0}', 0, 'docs/config/tpl/application.properties', '3306', NULL);
INSERT INTO `source_config` VALUES ('d23fe1b1-8842-4520-a4b7-5f911798347b', 'c901f2f3-ee26-4461-b830-7c47e4f4bd6a', '2da9b5de-74d0-4533-860f-8915766b270a', '前端mysql库连接配置（host,登录名,登录密码,端口）', '{\"source\":\"#{mysql,1}\",\"global\":false,\"ignoreCase\":false,\"matchIndex\":0}', 0, 'tpl/config/application.yml', 'realtime-1', NULL);
INSERT INTO `source_config` VALUES ('d292ba82-f044-4561-aa72-b05d1a88f9b4', '37363fe8-c813-456e-aa3a-63275a8973f9', '07fcd766-9451-4287-9e4b-f27de4e3df14', 'ssdb 1217端口', '{\"source\":\"#{ssdb_1217,2}\",\"global\":false,\"ignoreCase\":false,\"matchIndex\":0}', 0, 'etl-market-cloud/config/tpl/config/redis.properties', '1217', NULL);
INSERT INTO `source_config` VALUES ('d49c280a-d3c6-4549-831b-93c605608fdc', '37363fe8-c813-456e-aa3a-63275a8973f9', '07fcd766-9451-4287-9e4b-f27de4e3df14', 'impala连接配置（host,登录名,登录密码,端口,仓库名）', '{\"source\":\"#{impala,5}\",\"global\":false,\"ignoreCase\":false,\"matchIndex\":0}', 0, 'etl-single/config/tpl/config/dw_config.properties', 'zanalytics', NULL);
INSERT INTO `source_config` VALUES ('d4b26902-eac0-48d8-a88b-d5620c0c0b63', '46c0879d-a25b-4f8b-bc66-610d6ed88ef4', 'd96de692-4e70-4d52-89f9-3d1deceeee78', '微信客户端clientId，可访问该地址生成：https://weixin.zhugeio.com/s/v1/newClientId', '{\"source\":\"#{wt.client.client_id}\",\"global\":false,\"ignoreCase\":false,\"matchIndex\":0}', 0, 'doc/部署准备资料/client-realtime-tpl/www/config.properties', '9d3266fd556a4db7b9616d385f8bdf8f', NULL);
INSERT INTO `source_config` VALUES ('d512f81d-bb6e-46c9-a063-9dea64ffb3ec', '37363fe8-c813-456e-aa3a-63275a8973f9', '07fcd766-9451-4287-9e4b-f27de4e3df14', '触达api访问地址（内网）【触达clockwork对应的nginx地址】', '{\"source\":\"#{clockwork.flow_api.domain.intranet}\",\"global\":false,\"ignoreCase\":false,\"matchIndex\":0}', 0, 'etl-market-cloud/config/tpl/config/config.properties', 'http://realtime-1:8008', NULL);
INSERT INTO `source_config` VALUES ('d6668f6d-f476-4242-99b6-ad868eb48021', '37363fe8-c813-456e-aa3a-63275a8973f9', '07fcd766-9451-4287-9e4b-f27de4e3df14', 'impala/hive元数据库连接配置（host,登录名,登录密码）', '{\"source\":\"#{mysql_hive,2}\",\"global\":false,\"ignoreCase\":false,\"matchIndex\":0}', 0, 'etl-paopi/config/tpl/config/hive_db.properties', 'hive', NULL);
INSERT INTO `source_config` VALUES ('d67a7e65-50f1-4ba8-992f-1c08f2ca4af8', '45a9da44-30ae-4660-a2f8-7729b3036d2e', '44e0bfcc-edfd-4d5c-a84d-615d444cee77', 'es查询服务', '{\"source\":\"#{svr.domain.intranet.es.www}\",\"global\":false,\"ignoreCase\":false,\"matchIndex\":0}', 0, 'nginx-single/nginx/conf/nginx.conf-upload', 'realtime-2:7808', NULL);
INSERT INTO `source_config` VALUES ('d73456ed-3856-447a-bf67-48ef380974a6', '0f0dfcad-40a0-4a99-9bc6-232b4efb22d4', '8d1ab3f3-5a5c-4442-81a9-336cc455ef02', '登录跳转域名白名单，前端使用样例：^(http://localhost:3000)|(http://test.zhugeio.com:8080)|()', '{\"source\":\"#{webapp.login_destination_white_list}\",\"global\":false,\"ignoreCase\":false,\"matchIndex\":0}', 0, 'spa/config/prod.env.js.tpl', '', NULL);
INSERT INTO `source_config` VALUES ('d780c2dd-7cc6-4efb-a6a1-1df1270bf6f8', 'cdac3b88-7578-4a0e-8151-f96627832942', '40ce7785-d4d6-41bf-9d58-ed7ec7e9767c', '前端mysql库连接配置（host,登录名,登录密码,端口）', '{\"source\":\"#{mysql,3}\",\"global\":false,\"ignoreCase\":true,\"matchIndex\":0}', 0, 'docs/tpl/mkt-adapter', 'zanalytics', NULL);
INSERT INTO `source_config` VALUES ('d9798115-b51a-4ae6-99e9-12461ff182dc', '04d51d81-5439-4f4b-ad95-ab0610f933ae', '2129aeea-f59f-47e6-af4b-48ab8e3bc374', 'ssdb 8888端口', '{\"source\":\"#{ssdb_8888,3}\",\"global\":false,\"ignoreCase\":true,\"matchIndex\":0}', 0, 'docs/config/tpl/', NULL, NULL);
INSERT INTO `source_config` VALUES ('d9cc75ae-a3c1-4e63-b8ea-8eee1aa2a529', '04d51d81-5439-4f4b-ad95-ab0610f933ae', '2129aeea-f59f-47e6-af4b-48ab8e3bc374', 'redis 26480端口', '{\"source\":\"#{redis_26480,1}\",\"global\":false,\"ignoreCase\":true,\"matchIndex\":0}', 0, 'docs/config/tpl/', 'realtime-1', NULL);
INSERT INTO `source_config` VALUES ('dafcf3af-1110-41e6-bdac-562590ad0151', '45a9da44-30ae-4660-a2f8-7729b3036d2e', '44e0bfcc-edfd-4d5c-a84d-615d444cee77', 'debug内网服务部署地址', '{\"source\":\"#{svr.domain.intranet.debug.www}\",\"global\":false,\"ignoreCase\":false,\"matchIndex\":0}', 0, 'nginx/nginx/conf/nginx.conf-upload', 'realtime-1:16688', NULL);
INSERT INTO `source_config` VALUES ('db1b1523-eb5f-40d9-8a2f-d688d7fac6a5', '1e4058bb-b8e6-4ca9-ae31-4065365d51f1', 'e7f7a127-f4c4-4338-8e84-9b7fc73dd4a7', '视屏项目调用分析平台的接口', '{\"source\":\"#{shiping.mapping_analysis_api}\",\"global\":false,\"ignoreCase\":false,\"matchIndex\":0}', 0, 'config/buildConfig.js.tpl', '', NULL);
INSERT INTO `source_config` VALUES ('dba50a81-8208-4a0f-a6fb-9285658f85be', '37363fe8-c813-456e-aa3a-63275a8973f9', '07fcd766-9451-4287-9e4b-f27de4e3df14', 'kafka服务集群', '{\"source\":\"#{kafka_bootstrap_servers}\",\"global\":false,\"ignoreCase\":false,\"matchIndex\":0}', 0, 'etl-gate/config/tpl/config/config.properties', 'realtime-1:9092,realtime-2:9092,realtime-3:9092', NULL);
INSERT INTO `source_config` VALUES ('dbadd32b-7ce7-42d1-81a8-7004cfa68f92', '45a9da44-30ae-4660-a2f8-7729b3036d2e', '44e0bfcc-edfd-4d5c-a84d-615d444cee77', '前端mysql库连接配置（host,登录名,登录密码,端口）', '{\"source\":\"#{mysql,1}\",\"global\":false,\"ignoreCase\":false,\"matchIndex\":0}', 0, 'userbehaviorpath_usergroup/getdbdata-tpl.sh', 'realtime-1', NULL);
INSERT INTO `source_config` VALUES ('dc0cd335-0bd5-4a8b-8f3e-ddc88af67d5e', '46c0879d-a25b-4f8b-bc66-610d6ed88ef4', 'd96de692-4e70-4d52-89f9-3d1deceeee78', '合并端口外网访问地址(需要加协议http(s))(填网站的)', '{\"source\":\"#{svr.domain.extranet}\",\"global\":false,\"ignoreCase\":false,\"matchIndex\":0}', 0, 'doc/部署准备资料/client-realtime-tpl/www/config.properties', 'https://uba.it.pkpm.cn', NULL);
INSERT INTO `source_config` VALUES ('dc887c34-4b3e-467e-bebd-fddeced6e0bd', '0f0dfcad-40a0-4a99-9bc6-232b4efb22d4', '8d1ab3f3-5a5c-4442-81a9-336cc455ef02', '合并端口外网访问地址(需要加协议http(s))(填网关的)', '{\"source\":\"#{svr.domain.nginx.extranet}\",\"global\":false,\"ignoreCase\":false,\"matchIndex\":0}', 0, 'spa/config/prod.env.js.tpl', 'https://uba.it.pkpm.cn', NULL);
INSERT INTO `source_config` VALUES ('dd4cf4f6-4ae6-4b51-9aec-9e0f270c9069', '2f46f470-e0ec-4119-bc84-c4d111475889', 'f099031a-7bcd-4d77-af00-8290675eb858', 'es集群2的ip', '{\"source\":\"#{elasticsearch2,2}\",\"global\":false,\"ignoreCase\":false,\"matchIndex\":0}', 0, 'docs/config/tpl/', '9200', NULL);
INSERT INTO `source_config` VALUES ('de2e4dd1-5d02-43f0-96e9-29a11665f295', 'b365bc9c-2dfd-4fe1-afba-5b56d58e65a3', 'ef3e253f-ffe6-4196-8e1e-382f28f6c9d1', '登录地址', '{\"source\":\"#{market.login_url}\",\"global\":false,\"ignoreCase\":false,\"matchIndex\":0}', 0, 'config/constants.js.tpl', '/webapp/app/login', NULL);
INSERT INTO `source_config` VALUES ('de486645-b4c3-48f3-af6d-cb78069de1b7', '45a9da44-30ae-4660-a2f8-7729b3036d2e', '44e0bfcc-edfd-4d5c-a84d-615d444cee77', 'es查询服务', '{\"source\":\"#{svr.domain.intranet.es.www}\",\"global\":false,\"ignoreCase\":false,\"matchIndex\":0}', 0, 'nginx-single/nginx/conf/nginx.conf', 'realtime-2:7808', NULL);
INSERT INTO `source_config` VALUES ('df2a0fbb-107e-409a-a2b0-765e20ec090e', '45a9da44-30ae-4660-a2f8-7729b3036d2e', '44e0bfcc-edfd-4d5c-a84d-615d444cee77', 'redis 6379端口', '{\"source\":\"#{redis_6379,2}\",\"global\":false,\"ignoreCase\":false,\"matchIndex\":0}', 0, 'zanalytics_online_debug/online_debug_config.py-tpl', '6379', NULL);
INSERT INTO `source_config` VALUES ('df7e015a-8dd7-45b4-b8e0-2a692e4636d7', '37363fe8-c813-456e-aa3a-63275a8973f9', '07fcd766-9451-4287-9e4b-f27de4e3df14', 'redis 8898端口', '{\"source\":\"#{redis_8898,3}\",\"global\":false,\"ignoreCase\":false,\"matchIndex\":0}', 0, 'etl-count/config/tpl/config/redis.properties', NULL, NULL);
INSERT INTO `source_config` VALUES ('dff3df3f-8700-4f08-91d6-09bcf1b0a7a4', '04d51d81-5439-4f4b-ad95-ab0610f933ae', '2129aeea-f59f-47e6-af4b-48ab8e3bc374', 'redis 6379端口', '{\"source\":\"#{redis_6379,1}\",\"global\":false,\"ignoreCase\":true,\"matchIndex\":0}', 0, 'docs/config/tpl/', 'realtime-1', NULL);
INSERT INTO `source_config` VALUES ('e01bc9bb-ab9e-417b-a102-33c84f312318', '37363fe8-c813-456e-aa3a-63275a8973f9', '07fcd766-9451-4287-9e4b-f27de4e3df14', 'kafka服务集群', '{\"source\":\"#{kafka_bootstrap_servers}\",\"global\":false,\"ignoreCase\":false,\"matchIndex\":0}', 0, 'etl-market-cloud/config/tpl/config/config.properties', 'realtime-1:9092,realtime-2:9092,realtime-3:9092', NULL);
INSERT INTO `source_config` VALUES ('e07183bc-d403-49a9-ba13-1e7437af60a9', 'dae89e64-2932-4bec-b3ae-4ac5be585617', '7a5c3982-1c5c-43c5-b4fa-15d9bd89fcdb', '合并端口内网访问地址', '{\"source\":\"#{svr.domain.intranet}\",\"global\":false,\"ignoreCase\":false,\"matchIndex\":0}', 0, 'docs/config/tpl/application.properties', 'realtime-1:80', NULL);
INSERT INTO `source_config` VALUES ('e0a8fdf9-597d-472b-859e-6865f9f4568c', '46c0879d-a25b-4f8b-bc66-610d6ed88ef4', 'd96de692-4e70-4d52-89f9-3d1deceeee78', '合并端口内网访问地址', '{\"source\":\"#{svr.domain.intranet}\",\"global\":false,\"ignoreCase\":true,\"matchIndex\":0}', 0, 'doc/部署准备资料/client-realtime-tpl/consumer/config.properties', 'realtime-1:80', NULL);
INSERT INTO `source_config` VALUES ('e0a9b321-779e-41d2-b79f-b1d78b9005ed', '2f46f470-e0ec-4119-bc84-c4d111475889', 'f099031a-7bcd-4d77-af00-8290675eb858', 'redis 26555端口', '{\"source\":\"#{redis_26555,3}\",\"global\":false,\"ignoreCase\":false,\"matchIndex\":0}', 0, 'docs/config/tpl/', 'Sun_unix*1101', NULL);
INSERT INTO `source_config` VALUES ('e12db527-e59f-4695-b4b5-80464fea59fb', '71671909-9834-44b3-b2eb-a0789696eeb6', '47bee3c6-4754-4bda-b3da-b6215fee96e1', 'impala连接配置（host,登录名,登录密码,端口,仓库名）', '{\"source\":\"#{impala,1}\",\"global\":false,\"ignoreCase\":false,\"matchIndex\":0}', 0, 'bin/tpl/config.yml', 'realtime-1', NULL);
INSERT INTO `source_config` VALUES ('e2e9fd39-78de-4eeb-b6ba-23b2a509ec72', '45a9da44-30ae-4660-a2f8-7729b3036d2e', '44e0bfcc-edfd-4d5c-a84d-615d444cee77', 'debug内网服务部署地址', '{\"source\":\"#{svr.domain.intranet.debug.www}\",\"global\":false,\"ignoreCase\":false,\"matchIndex\":0}', 0, 'nginx-single/nginx/conf/nginx.conf', 'realtime-1:16688', NULL);
INSERT INTO `source_config` VALUES ('e305072a-3194-4e01-b933-f88eb7020d5f', '37363fe8-c813-456e-aa3a-63275a8973f9', '07fcd766-9451-4287-9e4b-f27de4e3df14', '前端mysql库连接配置（host,登录名,登录密码,端口）', '{\"source\":\"#{mysql,1}\",\"global\":false,\"ignoreCase\":false,\"matchIndex\":0}', 0, 'etl-paopi/config/tpl/config/front_db.properties', 'realtime-1', NULL);
INSERT INTO `source_config` VALUES ('e30ed86c-76b6-4a56-965d-cf8ebbeb7737', '45a9da44-30ae-4660-a2f8-7729b3036d2e', '44e0bfcc-edfd-4d5c-a84d-615d444cee77', '前端mysql库连接配置（host,登录名,登录密码,端口）', '{\"source\":\"#{mysql,4/3306}\",\"global\":false,\"ignoreCase\":false,\"matchIndex\":0}', 0, 'es-index/zanalytics-index-db/tpl/impala-shell.sh', '3306', NULL);
INSERT INTO `source_config` VALUES ('e36dcd97-8c64-4e4e-a107-b40876d0e193', 'c901f2f3-ee26-4461-b830-7c47e4f4bd6a', '2da9b5de-74d0-4533-860f-8915766b270a', '前端mysql库连接配置（host,登录名,登录密码,端口）', '{\"source\":\"#{mysql,2}\",\"global\":false,\"ignoreCase\":false,\"matchIndex\":0}', 0, 'tpl/config/application.yml', 'web', NULL);
INSERT INTO `source_config` VALUES ('e37826fe-3e7b-42ed-bcbd-afffca581bf3', '45a9da44-30ae-4660-a2f8-7729b3036d2e', '44e0bfcc-edfd-4d5c-a84d-615d444cee77', 'ssdb 8888端口', '{\"source\":\"#{ssdb_8888,2}\",\"global\":false,\"ignoreCase\":false,\"matchIndex\":0}', 0, 'sql-zeppelin/zeppelin/conf-tpl/interpreter.json', '8888', NULL);
INSERT INTO `source_config` VALUES ('e4d3cc22-0a40-4370-bb97-d29dc87b4fcd', '0f0dfcad-40a0-4a99-9bc6-232b4efb22d4', '8d1ab3f3-5a5c-4442-81a9-336cc455ef02', 'android-sdkv名称', '{\"source\":\"#{webapp.word.and_sdk}\",\"global\":false,\"ignoreCase\":false,\"matchIndex\":0}', 0, 'spa/config/prod.env.js.tpl', 'ZhugeSDK', NULL);
INSERT INTO `source_config` VALUES ('e7511b31-a951-45f2-8b2f-d520b64174e4', '37363fe8-c813-456e-aa3a-63275a8973f9', '07fcd766-9451-4287-9e4b-f27de4e3df14', 'impala连接配置（host,登录名,登录密码,端口,仓库名）', '{\"source\":\"#{impala,2}\",\"global\":false,\"ignoreCase\":false,\"matchIndex\":0}', 0, 'etl-single/config/tpl/config/impala_db.properties', 'admin', NULL);
INSERT INTO `source_config` VALUES ('e7ea6235-e232-420a-a476-7fc135a612a4', '37363fe8-c813-456e-aa3a-63275a8973f9', '07fcd766-9451-4287-9e4b-f27de4e3df14', '前端mysql库连接配置（host,登录名,登录密码,端口）', '{\"source\":\"#{mysql,4/3306}\",\"global\":false,\"ignoreCase\":false,\"matchIndex\":0}', 0, 'etl-gate/config/tpl/config/front_db.properties', '3306', NULL);
INSERT INTO `source_config` VALUES ('e7f1880a-76a4-4e72-a039-77fa6d1ca8e5', '37363fe8-c813-456e-aa3a-63275a8973f9', '07fcd766-9451-4287-9e4b-f27de4e3df14', 'ssdb 1218端口', '{\"source\":\"#{ssdb_1218,1}\",\"global\":false,\"ignoreCase\":false,\"matchIndex\":0}', 0, 'etl-market-cloud/config/tpl/config/redis.properties', 'realtime-3', NULL);
INSERT INTO `source_config` VALUES ('e8621a98-a4d0-4620-812b-2d0908acc7dd', '0f0dfcad-40a0-4a99-9bc6-232b4efb22d4', '8d1ab3f3-5a5c-4442-81a9-336cc455ef02', 'ios-sdkv名称', '{\"source\":\"#{webapp.word.ios_sdk}\",\"global\":false,\"ignoreCase\":false,\"matchIndex\":0}', 0, 'spa/config/prod.env.js.tpl', 'Zhuge', NULL);
INSERT INTO `source_config` VALUES ('e88402c2-5202-45c5-9a46-825c51bc71e1', '40e643c4-5254-4ae7-a3cb-bc7a31aeeefc', '43df9041-08b4-4179-a7d5-303f15485253', '前端mysql库连接配置（host,登录名,登录密码,端口）', '{\"source\":\"#{mysql,3}\",\"global\":false,\"ignoreCase\":true,\"matchIndex\":0}', 0, 'config/tpl/clockwork.config', 'zanalytics', NULL);
INSERT INTO `source_config` VALUES ('e8a4bdfe-43bd-488a-a356-5b875d2f2efc', '37363fe8-c813-456e-aa3a-63275a8973f9', '07fcd766-9451-4287-9e4b-f27de4e3df14', 'redis 26480端口', '{\"source\":\"#{redis_26480,2}\",\"global\":false,\"ignoreCase\":false,\"matchIndex\":0}', 0, 'etl-count/config/tpl/config/redis.properties', '26480', NULL);
INSERT INTO `source_config` VALUES ('e8e093ee-f56c-4f70-a018-391bb36cfdfd', '45a9da44-30ae-4660-a2f8-7729b3036d2e', '44e0bfcc-edfd-4d5c-a84d-615d444cee77', 'debug内网服务部署地址', '{\"source\":\"#{svr.domain.intranet.debug.www}\",\"global\":false,\"ignoreCase\":false,\"matchIndex\":0}', 0, 'nginx-single/nginx/conf/nginx.conf-upload', 'realtime-1:16688', NULL);
INSERT INTO `source_config` VALUES ('e91cfb96-2bed-4462-95c5-0c2e6588f5db', '37363fe8-c813-456e-aa3a-63275a8973f9', '07fcd766-9451-4287-9e4b-f27de4e3df14', 'kafka服务集群', '{\"source\":\"#{kafka_bootstrap_servers}\",\"global\":false,\"ignoreCase\":false,\"matchIndex\":0}', 0, 'etl-dw-kudu/config/tpl/config/config.properties', 'realtime-1:9092,realtime-2:9092,realtime-3:9092', NULL);
INSERT INTO `source_config` VALUES ('e939a135-d26e-4ebd-bddb-1aaeae35b08e', '37363fe8-c813-456e-aa3a-63275a8973f9', '07fcd766-9451-4287-9e4b-f27de4e3df14', '前端mysql库连接配置（host,登录名,登录密码,端口）', '{\"source\":\"#{mysql,2}\",\"global\":false,\"ignoreCase\":false,\"matchIndex\":0}', 0, 'etl-load-cdh/config/tpl/config/front_db.properties', 'web', NULL);
INSERT INTO `source_config` VALUES ('e9dc7a8d-345a-4d35-a885-c9faef12f5f6', '46c0879d-a25b-4f8b-bc66-610d6ed88ef4', 'd96de692-4e70-4d52-89f9-3d1deceeee78', '前端mysql库连接配置（host,登录名,登录密码,端口）', '{\"source\":\"#{mysql,2}\",\"global\":false,\"ignoreCase\":false,\"matchIndex\":0}', 0, 'doc/部署准备资料/client-realtime-tpl/www/config.properties', 'web', NULL);
INSERT INTO `source_config` VALUES ('e9ece0c4-23ef-4a50-8b0e-3a78be0fcca3', '37363fe8-c813-456e-aa3a-63275a8973f9', '07fcd766-9451-4287-9e4b-f27de4e3df14', 'ssdb 1218端口', '{\"source\":\"#{ssdb_1218,3}\",\"global\":false,\"ignoreCase\":false,\"matchIndex\":0}', 0, 'etl-market-cloud/config/tpl/config/redis.properties', NULL, NULL);
INSERT INTO `source_config` VALUES ('e9fc75f4-2ef6-4582-84cd-8ac5fa1325c5', '7c6a4ef0-7af7-40b0-aa69-99bad2d6271d', '41f4d639-5aba-4888-838a-f25459698ddb', '合并端口内网访问地址', '{\"source\":\"#{svr.domain.intranet}\",\"global\":false,\"ignoreCase\":true,\"matchIndex\":0}', 0, 'src/config.ts.tpl', 'realtime-1:80', NULL);
INSERT INTO `source_config` VALUES ('ea794ba6-c1d0-4b4b-a8ab-44432111a2f6', 'c901f2f3-ee26-4461-b830-7c47e4f4bd6a', '2da9b5de-74d0-4533-860f-8915766b270a', '前端mysql库连接配置（host,登录名,登录密码,端口）', '{\"source\":\"#{mysql,4/3306}\",\"global\":false,\"ignoreCase\":false,\"matchIndex\":0}', 0, 'tpl/config/application.yml', '3306', NULL);
INSERT INTO `source_config` VALUES ('ead44e40-901c-437f-b2e3-1a58de4e4725', '04d51d81-5439-4f4b-ad95-ab0610f933ae', '2129aeea-f59f-47e6-af4b-48ab8e3bc374', 'es集群2的ip', '{\"source\":\"#{elasticsearch2,1}\",\"global\":false,\"ignoreCase\":true,\"matchIndex\":0}', 0, 'docs/config/tpl/', 'realtime-2', NULL);
INSERT INTO `source_config` VALUES ('eb565e3b-1af5-40d7-a679-d40db7e0f1a3', '46c0879d-a25b-4f8b-bc66-610d6ed88ef4', 'd96de692-4e70-4d52-89f9-3d1deceeee78', '前端mysql库连接配置（host,登录名,登录密码,端口）', '{\"source\":\"#{mysql,1}\",\"global\":false,\"ignoreCase\":false,\"matchIndex\":0}', 0, 'doc/部署准备资料/client-realtime-tpl/worker/config.properties', 'realtime-1', NULL);
INSERT INTO `source_config` VALUES ('ebb3c061-1141-41f3-81d4-d11e87cb62c1', '04d51d81-5439-4f4b-ad95-ab0610f933ae', '2129aeea-f59f-47e6-af4b-48ab8e3bc374', 'ssdb 8888端口', '{\"source\":\"#{ssdb_8888,1}\",\"global\":false,\"ignoreCase\":true,\"matchIndex\":0}', 0, 'docs/config/tpl/', 'realtime-1', NULL);
INSERT INTO `source_config` VALUES ('ec02882a-9808-446e-bace-c9448b3d9f3e', '04d51d81-5439-4f4b-ad95-ab0610f933ae', '2129aeea-f59f-47e6-af4b-48ab8e3bc374', 'es集群1的ip', '{\"source\":\"#{elasticsearch1,2}\",\"global\":false,\"ignoreCase\":true,\"matchIndex\":0}', 0, 'docs/config/tpl/', '9200', NULL);
INSERT INTO `source_config` VALUES ('ec32a649-ec36-4101-84f4-eb607e614a07', '37363fe8-c813-456e-aa3a-63275a8973f9', '07fcd766-9451-4287-9e4b-f27de4e3df14', 'redis 8894端口', '{\"source\":\"#{redis_8894,3}\",\"global\":false,\"ignoreCase\":false,\"matchIndex\":0}', 0, 'etl-id-kudu/config/tpl/config/id_redis.properties', NULL, NULL);
INSERT INTO `source_config` VALUES ('ed114732-b572-4bc3-8c18-d97436eba200', '45a9da44-30ae-4660-a2f8-7729b3036d2e', '44e0bfcc-edfd-4d5c-a84d-615d444cee77', 'es查询服务', '{\"source\":\"#{svr.domain.intranet.es.www}\",\"global\":false,\"ignoreCase\":false,\"matchIndex\":0}', 0, 'nginx/nginx/conf/nginx.conf', 'realtime-2:7808', NULL);
INSERT INTO `source_config` VALUES ('ee237e83-b48a-4004-9f01-2b282a5dea6b', 'cdac3b88-7578-4a0e-8151-f96627832942', '40ce7785-d4d6-41bf-9d58-ed7ec7e9767c', 'impala连接配置（host,登录名,登录密码,端口,仓库名）', '{\"source\":\"#{impala,2}\",\"global\":false,\"ignoreCase\":false,\"matchIndex\":0}', 0, 'docs/tpl/mkt-user', 'admin', NULL);
INSERT INTO `source_config` VALUES ('eeb5217f-6b86-4022-8b3f-5d2bed0ee747', '46c0879d-a25b-4f8b-bc66-610d6ed88ef4', 'd96de692-4e70-4d52-89f9-3d1deceeee78', '微信客户端kafka-topic', '{\"source\":\"#{wt.client.kafka_topic}\",\"global\":false,\"ignoreCase\":false,\"matchIndex\":0}', 0, 'doc/部署准备资料/client-realtime-tpl/consumer/config.properties', 'wt-weixin-topic', NULL);
INSERT INTO `source_config` VALUES ('eeffaf41-65b2-4f31-99fc-437e95d100e8', '0f0dfcad-40a0-4a99-9bc6-232b4efb22d4', '8d1ab3f3-5a5c-4442-81a9-336cc455ef02', '视屏根路径', '{\"source\":\"#{webapp.shiping_root_path}\",\"global\":false,\"ignoreCase\":false,\"matchIndex\":0}', 0, 'spa/config/prod.env.js.tpl', 'shiping', NULL);
INSERT INTO `source_config` VALUES ('ef3e206c-cfee-4e04-95fa-fe2f1e61fde7', '0f0dfcad-40a0-4a99-9bc6-232b4efb22d4', '8d1ab3f3-5a5c-4442-81a9-336cc455ef02', '登录图片验证码开关', '{\"source\":\"#{webapp.login_img_code}\",\"global\":false,\"ignoreCase\":false,\"matchIndex\":0}', 0, 'spa/config/prod.env.js.tpl', 'false', NULL);
INSERT INTO `source_config` VALUES ('ef4712ca-300c-4fde-8d01-ef9bb959092c', 'b4779bc3-b64b-4556-8fbf-e1660abc77d7', 'fd6a925b-de4d-440a-84a5-9e6f42c63845', 'ssdb 8888端口', '{\"source\":\"#{ssdb_8888,2}\",\"global\":false,\"ignoreCase\":false,\"matchIndex\":0}', 0, 'docs/config/tpl/application.properties', '8888', NULL);
INSERT INTO `source_config` VALUES ('f028e6a1-22c2-4533-acc9-2decc7334a9e', '85866bad-811d-44af-952e-bdf1c1f1cd1a', '4a826f66-9c1d-42f7-a328-b1d84ead507f', '前端mysql库连接配置（host,登录名,登录密码,端口）', '{\"source\":\"#{mysql,3}\",\"global\":false,\"ignoreCase\":false,\"matchIndex\":0}', 0, 'config/private/tpl/kudu-to-parquet.sh', 'zanalytics', NULL);
INSERT INTO `source_config` VALUES ('f031deb8-9e63-4e5a-baa4-ff3c9f34e0fd', '04d51d81-5439-4f4b-ad95-ab0610f933ae', '2129aeea-f59f-47e6-af4b-48ab8e3bc374', 'es集群1的ip', '{\"source\":\"#{elasticsearch1,1}\",\"global\":false,\"ignoreCase\":true,\"matchIndex\":0}', 0, 'docs/config/tpl/', 'realtime-2', NULL);
INSERT INTO `source_config` VALUES ('f06db94a-126b-400a-bb8c-71ea255f6e55', 'cdac3b88-7578-4a0e-8151-f96627832942', '40ce7785-d4d6-41bf-9d58-ed7ec7e9767c', '触达2.0相关配置', '{\"source\":\"#{mktv2.config->server.batch}\",\"global\":false,\"ignoreCase\":true,\"matchIndex\":0}', 0, 'docs/tpl/README.md', 'realtime-mkt:1927', NULL);
INSERT INTO `source_config` VALUES ('f0e7600b-9bda-42d6-80ea-238248b61271', '04d51d81-5439-4f4b-ad95-ab0610f933ae', '2129aeea-f59f-47e6-af4b-48ab8e3bc374', '前端mysql库连接配置（host,登录名,登录密码,端口）', '{\"source\":\"#{mysql,4/3306}\",\"global\":false,\"ignoreCase\":true,\"matchIndex\":0}', 0, 'docs/config/tpl/', '3306', NULL);
INSERT INTO `source_config` VALUES ('f17866df-5967-48e3-9486-629bd3d105c3', '0f0dfcad-40a0-4a99-9bc6-232b4efb22d4', '8d1ab3f3-5a5c-4442-81a9-336cc455ef02', '分析平台的可视化埋点', '{\"source\":\"#{webapp.show_visualizer_track}\",\"global\":false,\"ignoreCase\":false,\"matchIndex\":0}', 0, 'spa/config/prod.env.js.tpl', 'true', NULL);
INSERT INTO `source_config` VALUES ('f1a75cb0-e57b-45ad-91ed-515fa6a2c531', '40e643c4-5254-4ae7-a3cb-bc7a31aeeefc', '43df9041-08b4-4179-a7d5-303f15485253', 'ssdb 1218端口', '{\"source\":\"#{ssdb_1218,1}\",\"global\":false,\"ignoreCase\":false,\"matchIndex\":0}', 0, 'config/tpl/clockwork.config', 'realtime-3', NULL);
INSERT INTO `source_config` VALUES ('f1dd8fd0-f764-4779-97b1-b879248ace2d', '68e078fb-eb3d-4659-9e38-272e35316e38', 'd2ec6358-ecfc-4afd-a19f-d82f67284927', '合并端口外网访问地址(需要加协议http(s))(填网关的)', '{\"source\":\"#{svr.domain.nginx.extranet}\",\"global\":false,\"ignoreCase\":false,\"matchIndex\":0}', 0, '.env.production.tpl', 'https://uba.it.pkpm.cn', NULL);
INSERT INTO `source_config` VALUES ('f31255f5-2e83-4caa-b6aa-b1f19680d79a', '7c6a4ef0-7af7-40b0-aa69-99bad2d6271d', '41f4d639-5aba-4888-838a-f25459698ddb', '', '{\"source\":\"#{node->isSSO}\",\"global\":false,\"ignoreCase\":false,\"matchIndex\":0}', 0, 'src/config.ts.tpl', 'false', NULL);
INSERT INTO `source_config` VALUES ('f31d9dbe-86e8-4acc-b15b-4f41b10ac751', '37363fe8-c813-456e-aa3a-63275a8973f9', '07fcd766-9451-4287-9e4b-f27de4e3df14', 'kafka服务集群', '{\"source\":\"#{kafka_bootstrap_servers}\",\"global\":false,\"ignoreCase\":false,\"matchIndex\":0}', 0, 'etl-count-et/config/tpl/config/config.properties', 'realtime-1:9092,realtime-2:9092,realtime-3:9092', NULL);
INSERT INTO `source_config` VALUES ('f3bf95c8-5f30-422c-910e-94cc4b19c16d', '45a9da44-30ae-4660-a2f8-7729b3036d2e', '44e0bfcc-edfd-4d5c-a84d-615d444cee77', '前端mysql库连接配置（host,登录名,登录密码,端口）', '{\"source\":\"#{mysql,4/3306}\",\"global\":false,\"ignoreCase\":false,\"matchIndex\":0}', 0, 'userbehaviorpath_usergroup/behavior_path_hadoop/tpl/behavior_config.yml', '3306', NULL);
INSERT INTO `source_config` VALUES ('f49c5e92-ec9a-48f1-94b9-9e231d0e6ba4', 'cdac3b88-7578-4a0e-8151-f96627832942', '40ce7785-d4d6-41bf-9d58-ed7ec7e9767c', '触达2.0相关配置', '{\"source\":\"#{mktv2.config->base_path}\",\"global\":false,\"ignoreCase\":true,\"matchIndex\":0}', 0, 'docs/tpl/mkt-adapter', '/data/mkt', NULL);
INSERT INTO `source_config` VALUES ('f4e40d6e-6ca5-44b4-8f2e-1f37121fb5f2', 'b365bc9c-2dfd-4fe1-afba-5b56d58e65a3', 'ef3e253f-ffe6-4196-8e1e-382f28f6c9d1', '用户信息下载控制开关，true显示下载/false隐藏下载', '{\"source\":\"#{webapp.show_download_button}\",\"global\":false,\"ignoreCase\":false,\"matchIndex\":0}', 0, 'config/constants.js.tpl', 'true', NULL);
INSERT INTO `source_config` VALUES ('f61828c9-afb6-49e3-8db7-05807cfd1675', '37363fe8-c813-456e-aa3a-63275a8973f9', '07fcd766-9451-4287-9e4b-f27de4e3df14', 'impala连接配置（host,登录名,登录密码,端口,仓库名）', '{\"source\":\"#{impala,5/zhugeio}\",\"global\":false,\"ignoreCase\":false,\"matchIndex\":0}', 0, 'etl-dw-kudu/config/tpl/config/impala_db.properties', 'zanalytics', NULL);
INSERT INTO `source_config` VALUES ('f6430d82-9c43-4f2f-a1b1-aae1d58499ad', '85866bad-811d-44af-952e-bdf1c1f1cd1a', '4a826f66-9c1d-42f7-a328-b1d84ead507f', '前端mysql库连接配置（host,登录名,登录密码,端口）', '{\"source\":\"#{mysql,2}\",\"global\":false,\"ignoreCase\":false,\"matchIndex\":0}', 0, 'config/private/tpl/kudu-to-parquet.sh', 'web', NULL);
INSERT INTO `source_config` VALUES ('f68a4ff5-5932-4ef6-b75a-ae0b3f05d1ce', '04d51d81-5439-4f4b-ad95-ab0610f933ae', '2129aeea-f59f-47e6-af4b-48ab8e3bc374', 'ssdb 8888端口', '{\"source\":\"#{ssdb_8888,2}\",\"global\":false,\"ignoreCase\":true,\"matchIndex\":0}', 0, 'docs/config/tpl/', '8888', NULL);
INSERT INTO `source_config` VALUES ('f6ab99aa-f799-4129-ab4c-f69266074466', 'dae89e64-2932-4bec-b3ae-4ac5be585617', '7a5c3982-1c5c-43c5-b4fa-15d9bd89fcdb', 'impala连接配置（host,登录名,登录密码,端口,仓库名）', '{\"source\":\"#{impala,5/zhugeio}\",\"global\":false,\"ignoreCase\":false,\"matchIndex\":0}', 0, 'docs/config/tpl/application-kpt.yml', 'zanalytics', NULL);
INSERT INTO `source_config` VALUES ('f6b7e8d0-4493-4584-aa0a-0f16e87e29d0', 'cdac3b88-7578-4a0e-8151-f96627832942', '40ce7785-d4d6-41bf-9d58-ed7ec7e9767c', '触达2.0相关配置', '{\"source\":\"#{mktv2.config->server.activity}\",\"global\":false,\"ignoreCase\":false,\"matchIndex\":0}', 0, 'docs/tpl/scripts/package/playwell-client/README.md', 'realtime-mkt:1922', NULL);
INSERT INTO `source_config` VALUES ('f74bf8bd-518d-451e-aba5-75bfd6708d16', '71671909-9834-44b3-b2eb-a0789696eeb6', '47bee3c6-4754-4bda-b3da-b6215fee96e1', 'redis 6379端口', '{\"source\":\"#{redis_6379,1}\",\"global\":false,\"ignoreCase\":false,\"matchIndex\":0}', 0, 'bin/tpl/config.yml', 'realtime-1', NULL);
INSERT INTO `source_config` VALUES ('f783db2b-bf96-49b0-ae54-b1fdda8f317a', 'cdac3b88-7578-4a0e-8151-f96627832942', '40ce7785-d4d6-41bf-9d58-ed7ec7e9767c', '前端mysql库连接配置（host,登录名,登录密码,端口）', '{\"source\":\"#{mysql,3}\",\"global\":false,\"ignoreCase\":true,\"matchIndex\":0}', 0, 'docs/tpl/mkt-batch', 'zanalytics', NULL);
INSERT INTO `source_config` VALUES ('f822236d-3b3f-4f82-b7fb-1792975994ac', '46c0879d-a25b-4f8b-bc66-610d6ed88ef4', 'd96de692-4e70-4d52-89f9-3d1deceeee78', 'redis 26480端口', '{\"source\":\"#{redis_26480,2}\",\"global\":false,\"ignoreCase\":false,\"matchIndex\":0}', 0, 'doc/部署准备资料/client-realtime-tpl/consumer/config.properties', '26480', NULL);
INSERT INTO `source_config` VALUES ('f94a0099-fcf1-422a-8f74-479dcc298670', '85866bad-811d-44af-952e-bdf1c1f1cd1a', '4a826f66-9c1d-42f7-a328-b1d84ead507f', '前端mysql库连接配置（host,登录名,登录密码,端口）', '{\"source\":\"#{mysql,3}\",\"global\":false,\"ignoreCase\":false,\"matchIndex\":0}', 0, 'config/private/tpl/config.properties', 'zanalytics', NULL);
INSERT INTO `source_config` VALUES ('f978e213-be92-4e29-8bbc-53702d43f3e6', 'cdac3b88-7578-4a0e-8151-f96627832942', '40ce7785-d4d6-41bf-9d58-ed7ec7e9767c', '前端mysql库连接配置（host,登录名,登录密码,端口）', '{\"source\":\"#{mysql,2}\",\"global\":false,\"ignoreCase\":false,\"matchIndex\":0}', 0, 'docs/tpl/mkt-activity', 'web', NULL);
INSERT INTO `source_config` VALUES ('f9ba7177-b56c-4ceb-af63-4349186ca22d', 'cdac3b88-7578-4a0e-8151-f96627832942', '40ce7785-d4d6-41bf-9d58-ed7ec7e9767c', '前端mysql库连接配置（host,登录名,登录密码,端口）', '{\"source\":\"#{mysql,1}\",\"global\":false,\"ignoreCase\":true,\"matchIndex\":0}', 0, 'docs/tpl/mkt-postman', 'realtime-1', NULL);
INSERT INTO `source_config` VALUES ('f9ea48ae-c778-409b-9cb5-7af2b0050290', 'cdac3b88-7578-4a0e-8151-f96627832942', '40ce7785-d4d6-41bf-9d58-ed7ec7e9767c', 'impala连接配置（host,登录名,登录密码,端口,仓库名）', '{\"source\":\"#{impala,5}\",\"global\":false,\"ignoreCase\":false,\"matchIndex\":0}', 0, 'docs/tpl/mkt-batch', 'zanalytics', NULL);
INSERT INTO `source_config` VALUES ('fa6c3383-2b76-4abc-adb4-7cd00ca71cd2', '40e643c4-5254-4ae7-a3cb-bc7a31aeeefc', '43df9041-08b4-4179-a7d5-303f15485253', '微信客户端clientId，可访问该地址生成：https://weixin.zhugeio.com/s/v1/newClientId', '{\"source\":\"#{wt.client.client_id}\",\"global\":false,\"ignoreCase\":false,\"matchIndex\":0}', 0, 'config/tpl/clockwork.config', '9d3266fd556a4db7b9616d385f8bdf8f', NULL);
INSERT INTO `source_config` VALUES ('fa6cb6b5-54f9-4862-91cf-75fd24feaff5', '37363fe8-c813-456e-aa3a-63275a8973f9', '07fcd766-9451-4287-9e4b-f27de4e3df14', 'impala连接配置（host,登录名,登录密码,端口,仓库名）', '{\"source\":\"#{impala,4}\",\"global\":false,\"ignoreCase\":false,\"matchIndex\":0}', 0, 'etl-load-cdh/config/tpl/config_single/impala_db.properties', '21050', NULL);
INSERT INTO `source_config` VALUES ('fa975190-34cd-4819-9258-9d77c54b7354', 'cdac3b88-7578-4a0e-8151-f96627832942', '40ce7785-d4d6-41bf-9d58-ed7ec7e9767c', '触达2.0相关配置', '{\"source\":\"#{mktv2.config->kafka_bootstrap_servers}\",\"global\":false,\"ignoreCase\":false,\"matchIndex\":0}', 0, 'docs/tpl/mkt-adapter', 'realtime-1:9092,realtime-2:9092,realtime-3:9092', NULL);
INSERT INTO `source_config` VALUES ('fb0e128e-5340-434f-8ca2-45e13b382b37', 'b4779bc3-b64b-4556-8fbf-e1660abc77d7', 'fd6a925b-de4d-440a-84a5-9e6f42c63845', 'elasticsearch用户名、密码', '{\"source\":\"#{elasticsearch.auth,2}\",\"global\":false,\"ignoreCase\":false,\"matchIndex\":0}', 0, 'docs/config/tpl/application.properties', 'Sun_unix*1101', NULL);
INSERT INTO `source_config` VALUES ('fb5c986e-0573-498e-ae9c-863e94e97777', 'cdac3b88-7578-4a0e-8151-f96627832942', '40ce7785-d4d6-41bf-9d58-ed7ec7e9767c', 'impala连接配置（host,登录名,登录密码,端口,仓库名）', '{\"source\":\"#{impala,3}\",\"global\":false,\"ignoreCase\":false,\"matchIndex\":0}', 0, 'docs/tpl/mkt-batch', 'admin', NULL);
INSERT INTO `source_config` VALUES ('fc58879d-fd08-4332-9b3d-9501670929b4', '45a9da44-30ae-4660-a2f8-7729b3036d2e', '44e0bfcc-edfd-4d5c-a84d-615d444cee77', '微信内网（receiver）服务部署地址（默认两个）【/data/wt/receiver/config】', '{\"source\":\"#{svr.domain.intranet.weixin.receiver,2}\",\"global\":false,\"ignoreCase\":false,\"matchIndex\":0}', 0, 'nginx-single/nginx/conf/nginx.conf', 'realtime-2:7713', NULL);
INSERT INTO `source_config` VALUES ('fca30651-fdce-4f82-9956-21450d91229d', '85866bad-811d-44af-952e-bdf1c1f1cd1a', '4a826f66-9c1d-42f7-a328-b1d84ead507f', 'impala连接配置（host,登录名,登录密码,端口,仓库名）', '{\"source\":\"#{impala,2}\",\"global\":false,\"ignoreCase\":false,\"matchIndex\":0}', 0, 'config/private/tpl/config.properties', 'admin', NULL);
INSERT INTO `source_config` VALUES ('fcd0e2c1-d9bc-4878-b27a-9c065e7b0f24', '37363fe8-c813-456e-aa3a-63275a8973f9', '07fcd766-9451-4287-9e4b-f27de4e3df14', 'redis 26480端口', '{\"source\":\"#{redis_26480,2}\",\"global\":false,\"ignoreCase\":false,\"matchIndex\":0}', 0, 'etl-count-et/config/tpl/config/redis.properties', '26480', NULL);
INSERT INTO `source_config` VALUES ('fdb48188-bf3a-448f-a152-e48cbb2eaea1', '40e643c4-5254-4ae7-a3cb-bc7a31aeeefc', '43df9041-08b4-4179-a7d5-303f15485253', 'impala连接配置（host,登录名,登录密码,端口,仓库名）', '{\"source\":\"#{impala,1}\",\"global\":false,\"ignoreCase\":false,\"matchIndex\":0}', 0, 'config/tpl/clockwork.config', 'realtime-1', NULL);
INSERT INTO `source_config` VALUES ('fe4f8783-1264-4760-9856-661d709d918c', '85866bad-811d-44af-952e-bdf1c1f1cd1a', '4a826f66-9c1d-42f7-a328-b1d84ead507f', 'impala连接配置（host,登录名,登录密码,端口,仓库名）', '{\"source\":\"#{impala,5}\",\"global\":false,\"ignoreCase\":false,\"matchIndex\":0}', 0, 'config/private/tpl/config.properties', 'zanalytics', NULL);
INSERT INTO `source_config` VALUES ('fe892b92-d800-418e-9bcd-716d6a8c9401', '37363fe8-c813-456e-aa3a-63275a8973f9', '07fcd766-9451-4287-9e4b-f27de4e3df14', 'impala连接配置（host,登录名,登录密码,端口,仓库名）', '{\"source\":\"#{impala,3}\",\"global\":false,\"ignoreCase\":false,\"matchIndex\":0}', 0, 'etl-dw-kudu/config/tpl/config/impala_db.properties', 'admin', NULL);
INSERT INTO `source_config` VALUES ('febf0c24-facc-4452-a85a-4ed9c0761833', '7c6a4ef0-7af7-40b0-aa69-99bad2d6271d', '41f4d639-5aba-4888-838a-f25459698ddb', 'redis 26555端口', '{\"source\":\"#{redis_26555,1}\",\"global\":false,\"ignoreCase\":true,\"matchIndex\":0}', 0, 'src/config.ts.tpl', 'realtime-1', NULL);
INSERT INTO `source_config` VALUES ('fed51f20-3814-4a3f-8b76-d616f444a89b', '68e078fb-eb3d-4659-9e38-272e35316e38', 'd2ec6358-ecfc-4afd-a19f-d82f67284927', '诸葛打点，0关闭，1上传至saas，2上传至私有部署', '{\"source\":\"#{webapp.use_track}\",\"global\":false,\"ignoreCase\":false,\"matchIndex\":0}', 0, '.env.production.tpl', '0', NULL);
INSERT INTO `source_config` VALUES ('ff2f3885-f93b-463a-9765-abcc78e2002a', '1e4058bb-b8e6-4ca9-ae31-4065365d51f1', 'e7f7a127-f4c4-4338-8e84-9b7fc73dd4a7', '视屏资源所在目录', '{\"source\":\"#{shiping.assets_public_path}\",\"global\":false,\"ignoreCase\":false,\"matchIndex\":0}', 0, 'config/buildConfig.js.tpl', '/shiping/', NULL);
INSERT INTO `source_config` VALUES ('ffdc99fb-b6a9-4b27-863e-0aa44d4b2c86', '7c6a4ef0-7af7-40b0-aa69-99bad2d6271d', '41f4d639-5aba-4888-838a-f25459698ddb', '分析平台版本(7标准版,8MARS版)', '{\"source\":\"#{analysis.menu_version}\",\"global\":false,\"ignoreCase\":false,\"matchIndex\":0}', 0, 'src/config.ts.tpl', '7', NULL);
INSERT INTO `source_config` VALUES ('fff5193c-0dab-4d69-991e-9772891401e7', '45a9da44-30ae-4660-a2f8-7729b3036d2e', '44e0bfcc-edfd-4d5c-a84d-615d444cee77', 'es集群1的ip', '{\"source\":\"#{elasticsearch1,1}\",\"global\":false,\"ignoreCase\":false,\"matchIndex\":0}', 0, 'es-index/zanalytics-index-db/tpl/2-db1.conf', 'realtime-2', NULL);
COMMIT;

-- ----------------------------
-- Table structure for source_version
-- ----------------------------
DROP TABLE IF EXISTS `source_version`;
CREATE TABLE `source_version` (
  `id` varchar(50) NOT NULL DEFAULT '',
  `source_id` varchar(50) DEFAULT NULL,
  `version` varchar(50) DEFAULT NULL COMMENT '版本号',
  `description` varchar(200) DEFAULT NULL COMMENT '版本描述信息',
  `publish_time` bigint DEFAULT NULL COMMENT '版本发布时间',
  `status` int DEFAULT NULL COMMENT '版本状态：0：废弃；1：正常；2: 归档',
  `readme_doc` text COMMENT 'readme说明文档',
  `build_doc` text COMMENT '部署文档',
  `update_doc` text COMMENT '更新文档',
  `compile_orders` text COMMENT '编译命令组。字符串数组json',
  `source_type` varchar(10) DEFAULT NULL COMMENT '版本来源类型：branch/tag/commit',
  `source_value` varchar(100) DEFAULT NULL COMMENT '版本来源值：branch/tag/commitId',
  `creator_id` varchar(50) DEFAULT NULL COMMENT '创建者id',
  `output_name` varchar(255) CHARACTER SET utf8 COLLATE utf8_general_ci DEFAULT NULL COMMENT '输出文件路径',
  `branch_id` varchar(50) DEFAULT NULL COMMENT '分支id',
  `public_type` int DEFAULT NULL COMMENT '0 git 1 下载',
  `public_git` int DEFAULT NULL,
  `build_update_doc` text COMMENT '部署更新文档',
  PRIMARY KEY (`id`),
  KEY `source_id` (`source_id`),
  KEY `creator_id` (`creator_id`),
  CONSTRAINT `source_version_ibfk_1` FOREIGN KEY (`source_id`) REFERENCES `git_source` (`id`),
  CONSTRAINT `source_version_ibfk_2` FOREIGN KEY (`creator_id`) REFERENCES `user` (`id`)
) ENGINE=InnoDB DEFAULT CHARSET=utf8mb3 COMMENT='gitSource版本';

-- ----------------------------
-- Records of source_version
-- ----------------------------
BEGIN;
INSERT INTO `source_version` VALUES ('07fcd766-9451-4287-9e4b-f27de4e3df14', '37363fe8-c813-456e-aa3a-63275a8973f9', '1.0.0', 'etl-数据解密和初步过滤', 1640755124799, 2, NULL, NULL, NULL, '[]', 'commit', '7580b07aa526171550b0c466500723cc633970ce', 'f975eb7e-cea4-4a1d-b515-7e6da94b1899', '', '2adb04c3-4559-4239-bddc-1910ec83039a', 1, NULL, NULL);
INSERT INTO `source_version` VALUES ('2129aeea-f59f-47e6-af4b-48ab8e3bc374', '04d51d81-5439-4f4b-ad95-ab0610f933ae', '1.0.0', '分析平台sdkv', 1640755119699, 2, NULL, NULL, NULL, '[]', 'commit', '719267c3afd8e0d44e79046613ca08ef71ad3ace', 'f975eb7e-cea4-4a1d-b515-7e6da94b1899', '', '0579e662-f44b-4177-b216-0654ac59d198', 1, NULL, NULL);
INSERT INTO `source_version` VALUES ('2a259bdd-cbb7-4317-b1da-a1c27ffd583d', 'c2c43a72-6413-43b6-8cc5-3707945b32f0', '1.0.0', '视屏pix', 1640755124081, 2, NULL, NULL, NULL, '[]', 'commit', '9f4e65abb42d36453aa45ff6e76289220be41df7', 'f975eb7e-cea4-4a1d-b515-7e6da94b1899', '', 'f856880f-e535-4c05-a929-82520752f49b', 1, NULL, NULL);
INSERT INTO `source_version` VALUES ('2da9b5de-74d0-4533-860f-8915766b270a', 'c901f2f3-ee26-4461-b830-7c47e4f4bd6a', '1.0.0', '虚拟应用etl', 1640755127733, 2, NULL, NULL, NULL, '[]', 'commit', 'f404d0800bdb2730eb80c4cc916e53ba661d4d3a', 'f975eb7e-cea4-4a1d-b515-7e6da94b1899', '', '487f444a-c8e0-4278-a17c-e9f8850b9312', 1, NULL, NULL);
INSERT INTO `source_version` VALUES ('40ce7785-d4d6-41bf-9d58-ed7ec7e9767c', 'cdac3b88-7578-4a0e-8151-f96627832942', '1.0.0', '营销2.0活动引擎主服务', 1640755121755, 2, NULL, NULL, NULL, '[]', 'commit', 'f02926ba208dfaf7e8b8a0212b48090c05bb2569', 'f975eb7e-cea4-4a1d-b515-7e6da94b1899', '', '50270704-f720-48a8-8777-737fdbd004ed', 1, NULL, NULL);
INSERT INTO `source_version` VALUES ('41f4d639-5aba-4888-838a-f25459698ddb', '7c6a4ef0-7af7-40b0-aa69-99bad2d6271d', '1.0.0', '分析平台node服务（来源映射、实时概览、数据接入等）', 1640755128849, 2, NULL, NULL, NULL, '[]', 'commit', 'd7d227979de26dddf5efa9d4f1fd0573f8ea128d', 'f975eb7e-cea4-4a1d-b515-7e6da94b1899', '', '40b595a4-d4d1-4cb7-9226-9776e7a56725', 1, NULL, NULL);
INSERT INTO `source_version` VALUES ('43df9041-08b4-4179-a7d5-303f15485253', '40e643c4-5254-4ae7-a3cb-bc7a31aeeefc', '1.0.0', '触达clockwork', 1640755120869, 2, NULL, NULL, NULL, '[]', 'commit', 'd4327fcc301e9f4d17652941903e16e856606fee', 'f975eb7e-cea4-4a1d-b515-7e6da94b1899', '', '6d14a0df-ace5-48c0-857b-11fb62964329', 1, NULL, NULL);
INSERT INTO `source_version` VALUES ('44e0bfcc-edfd-4d5c-a84d-615d444cee77', '45a9da44-30ae-4660-a2f8-7729b3036d2e', '1.0.0', '集群版nginx相关', 1640755116731, 2, NULL, NULL, NULL, '[]', 'commit', 'd97ea5c0b9f0e4043ed9e2c86b663690c3a43539', 'f975eb7e-cea4-4a1d-b515-7e6da94b1899', '', 'f23ef329-8be8-4b90-9013-de0f93840496', 1, NULL, NULL);
INSERT INTO `source_version` VALUES ('47bee3c6-4754-4bda-b3da-b6215fee96e1', '71671909-9834-44b3-b2eb-a0789696eeb6', '1.0.0', '维度表扩展服务', 1640755132448, 2, NULL, NULL, NULL, '[]', 'commit', '7edb591f8ca49d83892abdf2ffce1fb7c3d9d161', 'f975eb7e-cea4-4a1d-b515-7e6da94b1899', '', '330d1d81-aa72-4724-8aa8-521b5c821f3a', 1, NULL, NULL);
INSERT INTO `source_version` VALUES ('4a826f66-9c1d-42f7-a328-b1d84ead507f', '85866bad-811d-44af-952e-bdf1c1f1cd1a', '1.0.0', '视屏init', 1640755123604, 2, NULL, NULL, NULL, '[]', 'commit', '46c274fb93a67d61fb9df2007c69973fdb05ac61', 'f975eb7e-cea4-4a1d-b515-7e6da94b1899', '', '1a7dbda6-64d8-4762-957e-3e0fc685b2bc', 1, NULL, NULL);
INSERT INTO `source_version` VALUES ('7a5c3982-1c5c-43c5-b4fa-15d9bd89fcdb', 'dae89e64-2932-4bec-b3ae-4ac5be585617', '1.0.0', '视屏web', 1640755123102, 2, NULL, NULL, NULL, '[]', 'commit', '531a41e6e70c2ac4fc4206e450e32add82b05e21', 'f975eb7e-cea4-4a1d-b515-7e6da94b1899', '', 'b19955a6-a909-4b56-811f-f481d1f0a3ad', 1, NULL, NULL);
INSERT INTO `source_version` VALUES ('7ff4386b-7102-411c-931e-f7e371e33dfa', '51993461-d59f-4f5b-86a6-742db1d3194a', '1.0.0', 'js sdk', 1640755131063, 2, NULL, NULL, NULL, '[]', 'commit', '6ef894866d66b13ac05e3fa606244f571965443c', 'f975eb7e-cea4-4a1d-b515-7e6da94b1899', '', '16681dcb-9b1d-4a01-b7b4-49642a8c597d', 1, NULL, NULL);
INSERT INTO `source_version` VALUES ('8d1ab3f3-5a5c-4442-81a9-336cc455ef02', '0f0dfcad-40a0-4a99-9bc6-232b4efb22d4', '1.0.0', '分析平台前端', 1640755128292, 2, NULL, NULL, NULL, '[]', 'commit', '87a642c6dfdc2115495547fda44273e405dcaea2', 'f975eb7e-cea4-4a1d-b515-7e6da94b1899', '', '7b541f87-00c4-455c-bf7c-23168fa9eca4', 1, NULL, NULL);
INSERT INTO `source_version` VALUES ('8f23c0a7-1fad-4a6f-a9d1-39405f1fd52e', '68e078fb-eb3d-4659-9e38-272e35316e38', '1.0.1', '12我2', 1640920437715, 1, NULL, 'null\n # <1.0.0>更新内容\n  null', NULL, '[]', 'commit', '93ca16b5226264660fb6eb3aa262a64b8146e011', 'f975eb7e-cea4-4a1d-b515-7e6da94b1899', '', '7afe8898-2700-47ae-94e2-3d1fbf805519', 0, 471, NULL);
INSERT INTO `source_version` VALUES ('9d976e67-07e7-4463-8712-8a6de26e8a38', '8d3c85d6-4bd3-4936-9e0f-ee44cfe312ca', '1.0.0', '私有部署工具集', 1640755131497, 2, NULL, NULL, NULL, '[]', 'commit', '76429f985777052b53bf409e6e962002912a98af', 'f975eb7e-cea4-4a1d-b515-7e6da94b1899', '', 'ca325f3d-8ffb-481b-a643-1ccf2560ed37', 1, NULL, NULL);
INSERT INTO `source_version` VALUES ('ab8453b0-216d-4e01-80ce-0749a8fce3ed', '7d341f59-b0ce-4ed2-95b9-bbdfad64ab3c', '1.0.0', 'API扩展服务', 1640755131929, 2, NULL, NULL, NULL, '[]', 'commit', 'eb7966bd8c26e31d2f95b09e9ea98caae1bd2473', 'f975eb7e-cea4-4a1d-b515-7e6da94b1899', '', '79431cd1-1f56-49e2-a3ba-4f337f2160d5', 1, NULL, NULL);
INSERT INTO `source_version` VALUES ('b27b0e60-a9a0-469e-a5a6-d59d3235a5ea', '997e7123-62a2-438a-88cc-122c32965519', '1.0.0', '触达www', 1640755121301, 2, NULL, NULL, NULL, '[]', 'commit', '5c34b9c9f8b4785d9238cb6e6ab436d19c3904be', 'f975eb7e-cea4-4a1d-b515-7e6da94b1899', '', 'e3a73360-a439-4f08-bf12-201e1f3f5951', 1, NULL, NULL);
INSERT INTO `source_version` VALUES ('d2ec6358-ecfc-4afd-a19f-d82f67284927', '68e078fb-eb3d-4659-9e38-272e35316e38', '1.0.0', 'h5', 1640755130581, 2, NULL, NULL, NULL, '[]', 'commit', 'd561d32c16536b17dc85dfb4c4b9a025f473c34c', 'f975eb7e-cea4-4a1d-b515-7e6da94b1899', '', '7afe8898-2700-47ae-94e2-3d1fbf805519', 1, NULL, NULL);
INSERT INTO `source_version` VALUES ('d96de692-4e70-4d52-89f9-3d1deceeee78', '46c0879d-a25b-4f8b-bc66-610d6ed88ef4', '1.0.0', '微信', 1640755119189, 2, NULL, NULL, NULL, '[]', 'commit', '80de4af1eeb9849f61f5419032afe019830c993a', 'f975eb7e-cea4-4a1d-b515-7e6da94b1899', '', 'dfb8370a-5903-4ede-bdaa-3069b274e5b9', 1, NULL, NULL);
INSERT INTO `source_version` VALUES ('e7f7a127-f4c4-4338-8e84-9b7fc73dd4a7', '1e4058bb-b8e6-4ca9-ae31-4065365d51f1', '1.0.0', '视屏前端', 1640755129435, 2, NULL, NULL, NULL, '[]', 'commit', '645329ebc37fbb07d304dd26ab7ba1e4c037d662', 'f975eb7e-cea4-4a1d-b515-7e6da94b1899', '', 'a6effe1d-131f-4cd9-b766-e75f5f8dd09f', 1, NULL, NULL);
INSERT INTO `source_version` VALUES ('ef3e253f-ffe6-4196-8e1e-382f28f6c9d1', 'b365bc9c-2dfd-4fe1-afba-5b56d58e65a3', '1.0.0', '触达前端', 1640755130126, 2, NULL, NULL, NULL, '[]', 'commit', '0a02842f25b0d25290e1f7ad01cb54ea7309feea', 'f975eb7e-cea4-4a1d-b515-7e6da94b1899', '', 'd9b48323-f1c5-4b0a-88b5-8a0f5f73ca64', 1, NULL, NULL);
INSERT INTO `source_version` VALUES ('f099031a-7bcd-4d77-af00-8290675eb858', '2f46f470-e0ec-4119-bc84-c4d111475889', '1.0.0', '分析平台api', 1640755120410, 2, NULL, NULL, NULL, '[]', 'commit', 'fcb6679e655ab18f8b0b20bff6a4602bab81fc56', 'f975eb7e-cea4-4a1d-b515-7e6da94b1899', '', '062c1e84-d6f4-47a8-8b4e-07afdd265b1d', 1, NULL, NULL);
INSERT INTO `source_version` VALUES ('fd6a925b-de4d-440a-84a5-9e6f42c63845', 'b4779bc3-b64b-4556-8fbf-e1660abc77d7', '1.0.0', 'es建立索引数据服务', 1640755117833, 2, NULL, NULL, NULL, '[]', 'commit', 'ee0f4eada0df7ef41c5166f48a2dab5099b5e71c', 'f975eb7e-cea4-4a1d-b515-7e6da94b1899', '', '57f13728-d1cd-4d6a-abd7-a3796c344491', 1, NULL, NULL);
COMMIT;

-- ----------------------------
-- Table structure for sys
-- ----------------------------
DROP TABLE IF EXISTS `sys`;
CREATE TABLE `sys` (
  `git_token` varchar(100) DEFAULT NULL COMMENT 'git账号token，用于调用git的API',
  `git_account` varchar(100) DEFAULT NULL COMMENT 'git账号登录名',
  `inited` tinyint(1) DEFAULT NULL COMMENT '系统是否已初始化',
  `git_ssh` varchar(1000) DEFAULT NULL COMMENT 'git ssh keys',
  `git_host` varchar(100) DEFAULT NULL COMMENT 'git库host地址,用于API调用',
  `id` int(10) unsigned zerofill NOT NULL AUTO_INCREMENT,
  PRIMARY KEY (`id`)
) ENGINE=InnoDB AUTO_INCREMENT=15 DEFAULT CHARSET=utf8mb3;

-- ----------------------------
-- Records of sys
-- ----------------------------
BEGIN;
INSERT INTO `sys` VALUES ('Y7ioaQhuetsCB9UYy9py', '260245435@qq.com', 1, '21e23', 'https://gl.zhugeio.com/', 0000000014);
COMMIT;

-- ----------------------------
-- Table structure for template
-- ----------------------------
DROP TABLE IF EXISTS `template`;
CREATE TABLE `template` (
  `id` varchar(50) NOT NULL DEFAULT '' COMMENT '模板id',
  `name` varchar(100) DEFAULT NULL COMMENT '模板名称',
  `description` text CHARACTER SET utf8 COLLATE utf8_general_ci COMMENT '描述信息',
  `creator_id` varchar(50) CHARACTER SET utf8 COLLATE utf8_general_ci NOT NULL COMMENT '创建人id',
  `create_time` datetime DEFAULT NULL COMMENT '创建时间',
  `enable` int NOT NULL DEFAULT '1' COMMENT '禁用状态 0为禁用 1为启用',
  PRIMARY KEY (`id`),
  KEY `creator_id_user_id` (`creator_id`),
  CONSTRAINT `creator_id_user_id` FOREIGN KEY (`creator_id`) REFERENCES `user` (`id`)
) ENGINE=InnoDB DEFAULT CHARSET=utf8mb3;

-- ----------------------------
-- Records of template
-- ----------------------------
BEGIN;
INSERT INTO `template` VALUES ('766088b6-7e2f-4fec-9fa7-8c6a17753f79', '初始模版', '从旧编译平台迁移数据做的初始模版', 'f975eb7e-cea4-4a1d-b515-7e6da94b1899', '2021-12-29 16:31:43', 1);
COMMIT;

-- ----------------------------
-- Table structure for template_config
-- ----------------------------
DROP TABLE IF EXISTS `template_config`;
CREATE TABLE `template_config` (
  `id` varchar(50) NOT NULL DEFAULT '',
  `template_id` varchar(50) DEFAULT NULL COMMENT '模板id',
  `template_version_id` varchar(50) DEFAULT NULL COMMENT '模板版本id',
  `template_version_git_id` varchar(50) DEFAULT NULL COMMENT '模板版本中git项id',
  `git_source_config_id` varchar(50) DEFAULT NULL COMMENT '模板版本中git项的配置项id',
  `target_value` varchar(100) CHARACTER SET utf8 COLLATE utf8_general_ci DEFAULT NULL COMMENT '默认值',
  `is_hidden` tinyint(1) NOT NULL DEFAULT '0' COMMENT '是否隐藏',
  `global_config_id` varchar(50) DEFAULT NULL COMMENT '全局配置id',
  PRIMARY KEY (`id`),
  KEY `template_id` (`template_id`),
  KEY `template_version_id` (`template_version_id`),
  KEY `template_version_git_id` (`template_version_git_id`),
  KEY `git_source_config_id` (`git_source_config_id`),
  KEY `global_config_id` (`global_config_id`),
  CONSTRAINT `template_config_ibfk_5` FOREIGN KEY (`global_config_id`) REFERENCES `template_global_config` (`id`),
  CONSTRAINT `template_config_ibfk_6` FOREIGN KEY (`template_id`) REFERENCES `template` (`id`),
  CONSTRAINT `template_config_ibfk_7` FOREIGN KEY (`template_version_id`) REFERENCES `template_version` (`id`),
  CONSTRAINT `template_config_ibfk_8` FOREIGN KEY (`template_version_git_id`) REFERENCES `template_version_git` (`id`),
  CONSTRAINT `template_config_ibfk_9` FOREIGN KEY (`git_source_config_id`) REFERENCES `source_config` (`id`)
) ENGINE=InnoDB DEFAULT CHARSET=utf8mb3 COMMENT='模板对应git源局部配置';

-- ----------------------------
-- Records of template_config
-- ----------------------------
BEGIN;
INSERT INTO `template_config` VALUES ('0010f4c4-c94a-4253-b11b-5c2b5cef51fa', '766088b6-7e2f-4fec-9fa7-8c6a17753f79', 'bcad95b5-172c-49dc-9cc4-8cb67e29fcff', '978b812d-230f-4b7b-89fd-06e3ef461451', '2018672a-65ec-430a-997e-10ccb329d075', NULL, 0, NULL);
INSERT INTO `template_config` VALUES ('00643ba6-8338-4b31-b380-4a76e605aa7b', '766088b6-7e2f-4fec-9fa7-8c6a17753f79', 'bcad95b5-172c-49dc-9cc4-8cb67e29fcff', 'ad1152b8-0a99-4821-a253-9431c337be83', '0a3af30a-8189-469b-8d51-0f52bfaf1ed3', 'realtime-1:80', 0, '2cbd95d8-4efa-4bd1-a661-d5466ddbffb5');
INSERT INTO `template_config` VALUES ('006f9832-bc52-47a2-8048-20bdf34ffa4a', '766088b6-7e2f-4fec-9fa7-8c6a17753f79', 'bcad95b5-172c-49dc-9cc4-8cb67e29fcff', 'a1ea234c-2821-4b77-8049-0bb0b1ea3d30', 'e8621a98-a4d0-4620-812b-2d0908acc7dd', 'Zhuge', 0, NULL);
INSERT INTO `template_config` VALUES ('007aaa9d-cb41-4d2a-89c0-3ddd5c8b5fe7', '766088b6-7e2f-4fec-9fa7-8c6a17753f79', 'bcad95b5-172c-49dc-9cc4-8cb67e29fcff', 'ddc64e36-980e-4aef-883c-44582c4a3062', 'c069bec4-39d8-4461-a87b-f8ff777b6f46', '21050', 0, '0616d122-9276-4b6f-8ce7-b528aeb1c756');
INSERT INTO `template_config` VALUES ('00947578-bbd8-4a1e-9e7a-92b6b424a0ff', '766088b6-7e2f-4fec-9fa7-8c6a17753f79', 'bcad95b5-172c-49dc-9cc4-8cb67e29fcff', '32bdaf26-8a8b-492b-9f99-14391bd784cb', '56464aa9-30b5-4bc3-a8b2-6cff5687aad2', 'web', 0, '052efc70-ed54-4ba1-87f1-af5f6a8cccf3');
INSERT INTO `template_config` VALUES ('01647171-d85b-44b8-849e-f6f6260cf69b', '766088b6-7e2f-4fec-9fa7-8c6a17753f79', 'bcad95b5-172c-49dc-9cc4-8cb67e29fcff', '978b812d-230f-4b7b-89fd-06e3ef461451', 'd49c280a-d3c6-4549-831b-93c605608fdc', 'zanalytics', 0, 'e7408c2d-af06-44f7-9195-6e010d6e7261');
INSERT INTO `template_config` VALUES ('01a81101-c011-4b7a-b5c5-d738369d1fe9', '766088b6-7e2f-4fec-9fa7-8c6a17753f79', 'bcad95b5-172c-49dc-9cc4-8cb67e29fcff', 'ebc0794a-51ea-4035-9cce-1fca20a47cfb', '81a16bd2-cbc8-4c2e-81bc-a3d589e216e8', 'admin', 0, '84276ec4-1d1e-442f-ab04-c4486c81e001');
INSERT INTO `template_config` VALUES ('01c55aeb-5463-44a9-9316-243ba70f142a', '766088b6-7e2f-4fec-9fa7-8c6a17753f79', 'bcad95b5-172c-49dc-9cc4-8cb67e29fcff', '978b812d-230f-4b7b-89fd-06e3ef461451', '0e9081a4-788e-4b8a-aac7-86971e27796c', '6379', 0, '3daf56c9-9647-4b8e-a65a-648ba92ec826');
INSERT INTO `template_config` VALUES ('0254e6e5-de95-4f5f-bd0c-e7da9861ff34', '766088b6-7e2f-4fec-9fa7-8c6a17753f79', 'bcad95b5-172c-49dc-9cc4-8cb67e29fcff', '978b812d-230f-4b7b-89fd-06e3ef461451', '3ec9dd47-0c7d-415f-b065-b152e7add56e', NULL, 0, NULL);
INSERT INTO `template_config` VALUES ('03286006-21c4-4953-9e97-ad7f597ddcf7', '766088b6-7e2f-4fec-9fa7-8c6a17753f79', 'bcad95b5-172c-49dc-9cc4-8cb67e29fcff', 'ddc64e36-980e-4aef-883c-44582c4a3062', '257bc243-e138-40df-86e0-92780c5df8f2', 'realtime-1', 0, '60cd1e20-4661-4196-85a2-a0909049cb42');
INSERT INTO `template_config` VALUES ('046b1496-2a6d-47cb-ab78-cc3383f22098', '766088b6-7e2f-4fec-9fa7-8c6a17753f79', 'bcad95b5-172c-49dc-9cc4-8cb67e29fcff', '978b812d-230f-4b7b-89fd-06e3ef461451', '37b2aaa5-2669-41b0-a245-60e1e50be971', 'realtime-1', 0, '60cd1e20-4661-4196-85a2-a0909049cb42');
INSERT INTO `template_config` VALUES ('04e840db-ece2-4167-968a-c7aa67c4cb31', '766088b6-7e2f-4fec-9fa7-8c6a17753f79', 'bcad95b5-172c-49dc-9cc4-8cb67e29fcff', 'ebc0794a-51ea-4035-9cce-1fca20a47cfb', '260e6745-92d7-46d3-a2da-275211663c7b', 'admin', 0, '84276ec4-1d1e-442f-ab04-c4486c81e001');
INSERT INTO `template_config` VALUES ('0594b0b0-57ac-477a-9118-2f35ce7f6b8c', '766088b6-7e2f-4fec-9fa7-8c6a17753f79', 'bcad95b5-172c-49dc-9cc4-8cb67e29fcff', '57e40fe3-940a-4db8-aa9d-bd84ba8f495c', 'c5bf64ea-68a3-46ef-96c6-c5353e6dad9e', NULL, 0, NULL);
INSERT INTO `template_config` VALUES ('0788dd3c-82db-4c3d-b177-ecb994fda634', '766088b6-7e2f-4fec-9fa7-8c6a17753f79', 'bcad95b5-172c-49dc-9cc4-8cb67e29fcff', 'c2c54454-21c2-4e87-858d-47999d4a25f6', '52221964-9163-4ec6-9ef5-56cc99220839', '26480', 0, '269a5a46-1834-4b27-afd4-96c4b60e9f84');
INSERT INTO `template_config` VALUES ('0961bf13-5bb7-43a2-aa00-afcea00e4ea1', '766088b6-7e2f-4fec-9fa7-8c6a17753f79', 'bcad95b5-172c-49dc-9cc4-8cb67e29fcff', 'ddc64e36-980e-4aef-883c-44582c4a3062', '8d7ba6c6-e8a7-4dbb-abc6-05c1def5cde9', 'realtime-1:80', 0, '2cbd95d8-4efa-4bd1-a661-d5466ddbffb5');
INSERT INTO `template_config` VALUES ('0992942f-854c-4adc-a8cc-422440395c4d', '766088b6-7e2f-4fec-9fa7-8c6a17753f79', 'bcad95b5-172c-49dc-9cc4-8cb67e29fcff', 'ddc64e36-980e-4aef-883c-44582c4a3062', '0dfa8736-4d3c-466e-b38a-698de7e163dd', 'realtime-3:18001', 0, '353d5b75-7909-4b80-8f62-cb119b97ab1a');
INSERT INTO `template_config` VALUES ('09ccdb6f-b675-46aa-8bb5-3bb475e914b0', '766088b6-7e2f-4fec-9fa7-8c6a17753f79', 'bcad95b5-172c-49dc-9cc4-8cb67e29fcff', '978b812d-230f-4b7b-89fd-06e3ef461451', '4ab830e8-7c2f-4da4-bab2-7e3a1b90fdf4', 'admin', 0, '84276ec4-1d1e-442f-ab04-c4486c81e001');
INSERT INTO `template_config` VALUES ('0a19b482-c40e-4f0c-9349-bd06182b2fff', '766088b6-7e2f-4fec-9fa7-8c6a17753f79', 'bcad95b5-172c-49dc-9cc4-8cb67e29fcff', 'ad1152b8-0a99-4821-a253-9431c337be83', '631ea33c-9dd9-4e53-b10e-0fc5d088e518', 'realtime-2', 0, '9814e678-d100-4d29-b56f-748725a63e71');
INSERT INTO `template_config` VALUES ('0a1ef52b-62ee-426a-bee1-2a0e8abcf50a', '766088b6-7e2f-4fec-9fa7-8c6a17753f79', 'bcad95b5-172c-49dc-9cc4-8cb67e29fcff', 'ddc64e36-980e-4aef-883c-44582c4a3062', '2180c57c-3379-43c9-8e85-bbc595e70795', 'web', 0, '052efc70-ed54-4ba1-87f1-af5f6a8cccf3');
INSERT INTO `template_config` VALUES ('0a570ec1-6974-4274-a0e8-d3e78a92b72e', '766088b6-7e2f-4fec-9fa7-8c6a17753f79', 'bcad95b5-172c-49dc-9cc4-8cb67e29fcff', '978b812d-230f-4b7b-89fd-06e3ef461451', 'ab53bdc5-8152-4936-bc50-a365ff080753', NULL, 0, NULL);
INSERT INTO `template_config` VALUES ('0b2af56c-96da-44e9-b504-be10c2549763', '766088b6-7e2f-4fec-9fa7-8c6a17753f79', 'bcad95b5-172c-49dc-9cc4-8cb67e29fcff', 'ddc64e36-980e-4aef-883c-44582c4a3062', 'de486645-b4c3-48f3-af6d-cb78069de1b7', 'realtime-2:7808', 0, '773e7a8c-21fe-4f41-aa5d-5b3954044207');
INSERT INTO `template_config` VALUES ('0b862462-1090-47c1-89c3-3877b91fafde', '766088b6-7e2f-4fec-9fa7-8c6a17753f79', 'bcad95b5-172c-49dc-9cc4-8cb67e29fcff', '978b812d-230f-4b7b-89fd-06e3ef461451', 'a5d8d7c9-043c-4dd1-b012-1a4522e87bc0', 'zanalytics', 0, 'e7408c2d-af06-44f7-9195-6e010d6e7261');
INSERT INTO `template_config` VALUES ('0bd20523-a3b3-43ba-9cdb-1dfa61dc5ad3', '766088b6-7e2f-4fec-9fa7-8c6a17753f79', 'bcad95b5-172c-49dc-9cc4-8cb67e29fcff', 'f92c2bfd-85e6-4d56-97cb-ebe440f09313', '8fb91fea-0bff-402a-beb8-fbc886fc9e82', '/data/localization/web/tomcat', 0, '3f93bc95-e7a4-4aa3-bb14-6666c004c0d0');
INSERT INTO `template_config` VALUES ('0bfd9f51-cf8a-45d9-9e0b-efc812ba5061', '766088b6-7e2f-4fec-9fa7-8c6a17753f79', 'bcad95b5-172c-49dc-9cc4-8cb67e29fcff', '978b812d-230f-4b7b-89fd-06e3ef461451', '0a4c4e0e-f52b-4808-b10d-4e8581d11988', '8888', 0, '19613156-b0f1-40f9-ba94-4d83852256ae');
INSERT INTO `template_config` VALUES ('0d1cb1d9-f714-470b-9ed2-789823fcd47d', '766088b6-7e2f-4fec-9fa7-8c6a17753f79', 'bcad95b5-172c-49dc-9cc4-8cb67e29fcff', 'ebc0794a-51ea-4035-9cce-1fca20a47cfb', 'f978e213-be92-4e29-8bbc-53702d43f3e6', 'web', 0, '052efc70-ed54-4ba1-87f1-af5f6a8cccf3');
INSERT INTO `template_config` VALUES ('0d1f34ab-4f0a-46c2-ab38-12939eda4feb', '766088b6-7e2f-4fec-9fa7-8c6a17753f79', 'bcad95b5-172c-49dc-9cc4-8cb67e29fcff', 'f92c2bfd-85e6-4d56-97cb-ebe440f09313', 'f031deb8-9e63-4e5a-baa4-ff3c9f34e0fd', 'realtime-2', 0, '9814e678-d100-4d29-b56f-748725a63e71');
INSERT INTO `template_config` VALUES ('0d5d7346-dc50-4d8c-9b42-4487bcbd2685', '766088b6-7e2f-4fec-9fa7-8c6a17753f79', 'bcad95b5-172c-49dc-9cc4-8cb67e29fcff', '978b812d-230f-4b7b-89fd-06e3ef461451', '36d654d1-7aaa-4912-b05a-fa527a92d9b0', 'realtime-2', 0, '9814e678-d100-4d29-b56f-748725a63e71');
INSERT INTO `template_config` VALUES ('0e08c7bb-0de2-47e7-b5b6-ccbe8575a7c5', '766088b6-7e2f-4fec-9fa7-8c6a17753f79', 'bcad95b5-172c-49dc-9cc4-8cb67e29fcff', 'ddc64e36-980e-4aef-883c-44582c4a3062', '2b6f1e0c-43eb-4e80-9831-322009693528', 'realtime-3:9004', 0, '0337d085-5ebb-4f55-a06a-69ad66f04b09');
INSERT INTO `template_config` VALUES ('0e97bd6e-adac-49fc-9231-7c3c9f9ed2d9', '766088b6-7e2f-4fec-9fa7-8c6a17753f79', 'bcad95b5-172c-49dc-9cc4-8cb67e29fcff', 'ddc64e36-980e-4aef-883c-44582c4a3062', 'b7367c04-c036-4db4-8758-7513de88fb42', 'realtime-2:18001', 0, '09b34633-d6c2-4e96-93a7-d654a22b2f95');
INSERT INTO `template_config` VALUES ('10842383-cdb7-4db4-90e4-32d93c1891be', '766088b6-7e2f-4fec-9fa7-8c6a17753f79', 'bcad95b5-172c-49dc-9cc4-8cb67e29fcff', 'a1ea234c-2821-4b77-8049-0bb0b1ea3d30', 'add70631-5d9e-4b97-b018-7226ce517e72', 'true', 0, 'c1ddc83c-3ce3-4e1a-86ed-c4240bb3241d');
INSERT INTO `template_config` VALUES ('10d8c3ff-2a02-4f46-a60a-e2df8f8cf00f', '766088b6-7e2f-4fec-9fa7-8c6a17753f79', 'bcad95b5-172c-49dc-9cc4-8cb67e29fcff', 'ad1152b8-0a99-4821-a253-9431c337be83', '5d7abaf1-979e-45b5-8f6a-18900f7521a9', NULL, 0, NULL);
INSERT INTO `template_config` VALUES ('11b806c5-fdd4-400f-9d0e-4450865af92f', '766088b6-7e2f-4fec-9fa7-8c6a17753f79', 'bcad95b5-172c-49dc-9cc4-8cb67e29fcff', '978b812d-230f-4b7b-89fd-06e3ef461451', '7d68e27c-01b4-4bfc-beb6-32b2c362eb41', 'realtime-1', 0, '60cd1e20-4661-4196-85a2-a0909049cb42');
INSERT INTO `template_config` VALUES ('11c1f2dd-e885-4685-8c3b-626cf4bec332', '766088b6-7e2f-4fec-9fa7-8c6a17753f79', 'bcad95b5-172c-49dc-9cc4-8cb67e29fcff', 'ebc0794a-51ea-4035-9cce-1fca20a47cfb', 'f9ea48ae-c778-409b-9cb5-7af2b0050290', 'zanalytics', 0, 'e7408c2d-af06-44f7-9195-6e010d6e7261');
INSERT INTO `template_config` VALUES ('13a24973-1a40-412a-a340-ea3ae493d72a', '766088b6-7e2f-4fec-9fa7-8c6a17753f79', 'bcad95b5-172c-49dc-9cc4-8cb67e29fcff', '32bdaf26-8a8b-492b-9f99-14391bd784cb', 'ef4712ca-300c-4fde-8d01-ef9bb959092c', '8888', 0, '19613156-b0f1-40f9-ba94-4d83852256ae');
INSERT INTO `template_config` VALUES ('148edae5-ee77-4fd1-8f54-911ff300742e', '766088b6-7e2f-4fec-9fa7-8c6a17753f79', 'bcad95b5-172c-49dc-9cc4-8cb67e29fcff', '978b812d-230f-4b7b-89fd-06e3ef461451', '166b73f7-a86c-4c63-91fe-bd8699375a2e', 'zanalytics', 0, 'e7408c2d-af06-44f7-9195-6e010d6e7261');
INSERT INTO `template_config` VALUES ('14944087-6605-4d34-9760-e8b78bf6514a', '766088b6-7e2f-4fec-9fa7-8c6a17753f79', 'bcad95b5-172c-49dc-9cc4-8cb67e29fcff', '978b812d-230f-4b7b-89fd-06e3ef461451', '845adb35-13b8-404b-ada6-23c6506891ec', '26480', 0, '269a5a46-1834-4b27-afd4-96c4b60e9f84');
INSERT INTO `template_config` VALUES ('15c99a51-d42b-4b6f-a548-dcac0f188590', '766088b6-7e2f-4fec-9fa7-8c6a17753f79', 'bcad95b5-172c-49dc-9cc4-8cb67e29fcff', 'ebc0794a-51ea-4035-9cce-1fca20a47cfb', '5a491d39-8aba-40f6-84f1-7f975959b729', 'admin', 0, '84276ec4-1d1e-442f-ab04-c4486c81e001');
INSERT INTO `template_config` VALUES ('15e45817-736c-4cfb-b7f1-417ab3dfb097', '766088b6-7e2f-4fec-9fa7-8c6a17753f79', 'bcad95b5-172c-49dc-9cc4-8cb67e29fcff', 'f92c2bfd-85e6-4d56-97cb-ebe440f09313', 'f68a4ff5-5932-4ef6-b75a-ae0b3f05d1ce', '8888', 0, '19613156-b0f1-40f9-ba94-4d83852256ae');
INSERT INTO `template_config` VALUES ('16ef84ab-0dca-471f-93b1-cc268893ae8a', '766088b6-7e2f-4fec-9fa7-8c6a17753f79', 'bcad95b5-172c-49dc-9cc4-8cb67e29fcff', 'ad1152b8-0a99-4821-a253-9431c337be83', '1e1a85f0-5d6a-4630-9650-a97e1cbae8b5', 'https://uba.it.pkpm.cn', 0, '7ab36d31-3cb4-403f-acf6-cecaf4d632df');
INSERT INTO `template_config` VALUES ('17313dd7-18c4-4d55-8d5f-356a1900e935', '766088b6-7e2f-4fec-9fa7-8c6a17753f79', 'bcad95b5-172c-49dc-9cc4-8cb67e29fcff', 'ebc0794a-51ea-4035-9cce-1fca20a47cfb', '5815c24e-a624-49e1-863b-744780d27ae7', 'realtime-1', 0, '60cd1e20-4661-4196-85a2-a0909049cb42');
INSERT INTO `template_config` VALUES ('1769ab96-04b0-431a-8694-45a1f25b98ae', '766088b6-7e2f-4fec-9fa7-8c6a17753f79', 'bcad95b5-172c-49dc-9cc4-8cb67e29fcff', 'c2c54454-21c2-4e87-858d-47999d4a25f6', '39895c66-7788-46cd-8367-afe40c6f66c6', 'https://uba.it.pkpm.cn', 0, '7ab36d31-3cb4-403f-acf6-cecaf4d632df');
INSERT INTO `template_config` VALUES ('1800d4c0-c38a-409b-be2d-575828c1885b', '766088b6-7e2f-4fec-9fa7-8c6a17753f79', 'bcad95b5-172c-49dc-9cc4-8cb67e29fcff', 'bacd30d5-971c-4e09-baa7-4eb6b3e78664', '4eb8936c-c702-4a52-a175-9cf33a0761ea', 'realtime-1', 0, '60cd1e20-4661-4196-85a2-a0909049cb42');
INSERT INTO `template_config` VALUES ('1808ad3b-ca79-41af-bab4-cad5f8fb6105', '766088b6-7e2f-4fec-9fa7-8c6a17753f79', 'bcad95b5-172c-49dc-9cc4-8cb67e29fcff', '978b812d-230f-4b7b-89fd-06e3ef461451', 'af24d748-2bd2-4ec7-89b9-e100a42bce32', '3306', 0, 'd3aee553-5e29-429e-8389-2d9fa63aa32f');
INSERT INTO `template_config` VALUES ('18acc654-b5ae-4437-b70e-34a45f010d1f', '766088b6-7e2f-4fec-9fa7-8c6a17753f79', 'bcad95b5-172c-49dc-9cc4-8cb67e29fcff', 'c2c54454-21c2-4e87-858d-47999d4a25f6', '69f021f6-1a9c-4796-9cf7-ccae3991ea41', 'https://weixin.zhugeio.com', 0, '20994bd5-9f90-4a16-a726-574f9ff623c4');
INSERT INTO `template_config` VALUES ('18bbcdcd-b8da-41e2-b79a-0b569886e518', '766088b6-7e2f-4fec-9fa7-8c6a17753f79', 'bcad95b5-172c-49dc-9cc4-8cb67e29fcff', 'ebc0794a-51ea-4035-9cce-1fca20a47cfb', 'a805a4ff-0d7b-489b-8efd-8add74ea588d', 'realtime-mkt:1920', 0, '8df8f6d7-e8fa-4857-a590-cce766b46ac9');
INSERT INTO `template_config` VALUES ('18c807f5-a3a4-4f9d-a7f5-ba9b73f33858', '766088b6-7e2f-4fec-9fa7-8c6a17753f79', 'bcad95b5-172c-49dc-9cc4-8cb67e29fcff', '07b2ba6d-5641-4389-a5a7-6f91f5dc2e29', 'bfc744d6-d63b-4ec4-8d9f-8d79e8bbca06', '/market/', 0, NULL);
INSERT INTO `template_config` VALUES ('18cce72b-6da1-43a5-beb4-9a722254385d', '766088b6-7e2f-4fec-9fa7-8c6a17753f79', 'bcad95b5-172c-49dc-9cc4-8cb67e29fcff', 'bbf20ef9-716c-4e0e-b259-ead25a804151', 'aa03a5aa-f0af-43f1-9d46-ef57a29c3de2', '21050', 0, '0616d122-9276-4b6f-8ce7-b528aeb1c756');
INSERT INTO `template_config` VALUES ('18d6541d-5215-4987-ab2c-fdef83fa662e', '766088b6-7e2f-4fec-9fa7-8c6a17753f79', 'bcad95b5-172c-49dc-9cc4-8cb67e29fcff', '32bdaf26-8a8b-492b-9f99-14391bd784cb', 'c2829233-9651-4f04-b81c-8fe4f32cd9a8', 'elasticsearch', 0, NULL);
INSERT INTO `template_config` VALUES ('1aa548ce-3391-4a7d-ba8b-7bc0b6d3d814', '766088b6-7e2f-4fec-9fa7-8c6a17753f79', 'bcad95b5-172c-49dc-9cc4-8cb67e29fcff', 'a1ea234c-2821-4b77-8049-0bb0b1ea3d30', '17384177-1d61-4791-ae22-bbdb843fbe1a', 'true', 0, 'c1ddc83c-3ce3-4e1a-86ed-c4240bb3241d');
INSERT INTO `template_config` VALUES ('1aaad21d-0523-42f9-836f-8309ebb9e429', '766088b6-7e2f-4fec-9fa7-8c6a17753f79', 'bcad95b5-172c-49dc-9cc4-8cb67e29fcff', '0ef3213a-6674-4924-9a2c-f0ed25ef92b6', 'cdb2a789-41f2-40ff-b884-6148e40a4c60', NULL, 0, NULL);
INSERT INTO `template_config` VALUES ('1aca5319-05c4-46ec-9b42-62dc4fa00de0', '766088b6-7e2f-4fec-9fa7-8c6a17753f79', 'bcad95b5-172c-49dc-9cc4-8cb67e29fcff', 'ad1152b8-0a99-4821-a253-9431c337be83', '0923bfc0-c125-4087-ba76-37b19a395365', '1217', 0, NULL);
INSERT INTO `template_config` VALUES ('1ad1f3ee-f505-44e5-bf71-1a0f29e2a274', '766088b6-7e2f-4fec-9fa7-8c6a17753f79', 'bcad95b5-172c-49dc-9cc4-8cb67e29fcff', 'ebc0794a-51ea-4035-9cce-1fca20a47cfb', '4f22fe98-005e-4658-a38d-a444d8c7c026', 'web', 0, '052efc70-ed54-4ba1-87f1-af5f6a8cccf3');
INSERT INTO `template_config` VALUES ('1b037de8-ba68-4d3c-9171-e4fbfcd552db', '766088b6-7e2f-4fec-9fa7-8c6a17753f79', 'bcad95b5-172c-49dc-9cc4-8cb67e29fcff', 'ebc0794a-51ea-4035-9cce-1fca20a47cfb', '6f0d7494-e7e0-42fd-9397-dbcf8740e404', 'zanalytics', 0, 'e7408c2d-af06-44f7-9195-6e010d6e7261');
INSERT INTO `template_config` VALUES ('1b2635a4-86c7-4699-9b3b-ef8c39784b21', '766088b6-7e2f-4fec-9fa7-8c6a17753f79', 'bcad95b5-172c-49dc-9cc4-8cb67e29fcff', 'ddc64e36-980e-4aef-883c-44582c4a3062', '22cb74b2-ac8d-4183-bc93-9dc5585485e6', 'realtime-3:9004', 0, '0337d085-5ebb-4f55-a06a-69ad66f04b09');
INSERT INTO `template_config` VALUES ('1b7778cd-4091-482a-bddd-14d435282061', '766088b6-7e2f-4fec-9fa7-8c6a17753f79', 'bcad95b5-172c-49dc-9cc4-8cb67e29fcff', '07b2ba6d-5641-4389-a5a7-6f91f5dc2e29', 'f4e40d6e-6ca5-44b4-8f2e-1f37121fb5f2', 'true', 0, 'c1ddc83c-3ce3-4e1a-86ed-c4240bb3241d');
INSERT INTO `template_config` VALUES ('1baa866a-2372-4b26-8ebb-9f04680f037c', '766088b6-7e2f-4fec-9fa7-8c6a17753f79', 'bcad95b5-172c-49dc-9cc4-8cb67e29fcff', 'ebc0794a-51ea-4035-9cce-1fca20a47cfb', '24fc7938-1843-4011-ab18-a662750054f9', '/data/mkt', 0, '772ab379-bf43-4430-95e7-6d5f8028cf65');
INSERT INTO `template_config` VALUES ('1c495cc2-c570-44f9-acf3-844678947009', '766088b6-7e2f-4fec-9fa7-8c6a17753f79', 'bcad95b5-172c-49dc-9cc4-8cb67e29fcff', '978b812d-230f-4b7b-89fd-06e3ef461451', '6f5dce21-3de4-4eac-aa81-b38409cbc1e9', '3306', 0, 'd3aee553-5e29-429e-8389-2d9fa63aa32f');
INSERT INTO `template_config` VALUES ('1d8d928f-c757-472e-a1ee-91ffad44830c', '766088b6-7e2f-4fec-9fa7-8c6a17753f79', 'bcad95b5-172c-49dc-9cc4-8cb67e29fcff', 'bbf20ef9-716c-4e0e-b259-ead25a804151', 'c24755e6-7ff9-47f8-8706-bd1c8f96f2f8', 'zanalytics', 0, 'e7408c2d-af06-44f7-9195-6e010d6e7261');
INSERT INTO `template_config` VALUES ('1ebc06c3-7565-43df-990c-7950abca3779', '766088b6-7e2f-4fec-9fa7-8c6a17753f79', 'bcad95b5-172c-49dc-9cc4-8cb67e29fcff', 'a1ea234c-2821-4b77-8049-0bb0b1ea3d30', '76222b19-b42d-4757-aab8-6699219827a3', '/webapp/', 0, '77808bcb-2aae-41ab-b504-2a832ba22a3a');
INSERT INTO `template_config` VALUES ('1ece8fc0-e3ad-4dc8-8ea3-c671b81dead7', '766088b6-7e2f-4fec-9fa7-8c6a17753f79', 'bcad95b5-172c-49dc-9cc4-8cb67e29fcff', 'a1ea234c-2821-4b77-8049-0bb0b1ea3d30', 'd73456ed-3856-447a-bf67-48ef380974a6', '', 0, NULL);
INSERT INTO `template_config` VALUES ('1f06ec4e-beed-413f-af6d-084505bf611d', '766088b6-7e2f-4fec-9fa7-8c6a17753f79', 'bcad95b5-172c-49dc-9cc4-8cb67e29fcff', '32bdaf26-8a8b-492b-9f99-14391bd784cb', '373a32bb-abce-4e16-b1e5-3060dbc99e1a', '9200', 0, '137af99a-69e0-46a5-920e-680b5e6e4478');
INSERT INTO `template_config` VALUES ('1f19e04b-2afd-4e65-859b-ab565819673e', '766088b6-7e2f-4fec-9fa7-8c6a17753f79', 'bcad95b5-172c-49dc-9cc4-8cb67e29fcff', 'c2c54454-21c2-4e87-858d-47999d4a25f6', 'b6accd32-e717-4fbc-bd75-0b34e94e8936', 'realtime-1:9092,realtime-2:9092,realtime-3:9092', 0, '1e326ee1-01d9-4d2c-899b-552b257dc6ff');
INSERT INTO `template_config` VALUES ('1f1d4caf-44c5-4a3c-ab78-3b827db36b5a', '766088b6-7e2f-4fec-9fa7-8c6a17753f79', 'bcad95b5-172c-49dc-9cc4-8cb67e29fcff', '32bdaf26-8a8b-492b-9f99-14391bd784cb', 'd15f3bb4-3c7f-4a68-a567-df17d348fcdb', '3306', 0, 'd3aee553-5e29-429e-8389-2d9fa63aa32f');
INSERT INTO `template_config` VALUES ('1f446c71-e275-4caf-ad5c-fe6f18bede55', '766088b6-7e2f-4fec-9fa7-8c6a17753f79', 'bcad95b5-172c-49dc-9cc4-8cb67e29fcff', 'c2c54454-21c2-4e87-858d-47999d4a25f6', '2f892482-c84d-4e23-9b74-a808e2cd5c2d', 'realtime-1', 0, '60cd1e20-4661-4196-85a2-a0909049cb42');
INSERT INTO `template_config` VALUES ('1f534806-eb69-457d-bd6b-2ab286c3f077', '766088b6-7e2f-4fec-9fa7-8c6a17753f79', 'bcad95b5-172c-49dc-9cc4-8cb67e29fcff', 'ebc0794a-51ea-4035-9cce-1fca20a47cfb', '56261503-5f69-48d8-b3f1-01aace4fbb59', 'web', 0, '052efc70-ed54-4ba1-87f1-af5f6a8cccf3');
INSERT INTO `template_config` VALUES ('1f5a2c2d-5de8-4154-9e90-d580fa68d251', '766088b6-7e2f-4fec-9fa7-8c6a17753f79', 'bcad95b5-172c-49dc-9cc4-8cb67e29fcff', '6faa2db5-a941-4178-9085-f9811c62c4dc', '9a47131a-3566-47bf-8e74-1f06b6c89e47', 'realtime-1', 0, '60cd1e20-4661-4196-85a2-a0909049cb42');
INSERT INTO `template_config` VALUES ('1fe2a567-27b2-403a-8541-0addab38a4c1', '766088b6-7e2f-4fec-9fa7-8c6a17753f79', 'bcad95b5-172c-49dc-9cc4-8cb67e29fcff', 'ebc0794a-51ea-4035-9cce-1fca20a47cfb', 'abc966b5-a943-4f32-90b8-9fadad1db5f4', 'realtime-mkt:1924', 0, '7b08b4a1-085d-4c7a-80ad-5f48e2a09d58');
INSERT INTO `template_config` VALUES ('20b200c7-e89f-4acb-8aa5-b2fe4edf8b68', '766088b6-7e2f-4fec-9fa7-8c6a17753f79', 'bcad95b5-172c-49dc-9cc4-8cb67e29fcff', 'c2c54454-21c2-4e87-858d-47999d4a25f6', '8bb42bf5-0435-479b-8811-d449c1b40cbe', '3306', 0, 'd3aee553-5e29-429e-8389-2d9fa63aa32f');
INSERT INTO `template_config` VALUES ('2165e3b8-2f13-4226-98b2-78647dea784d', '766088b6-7e2f-4fec-9fa7-8c6a17753f79', 'bcad95b5-172c-49dc-9cc4-8cb67e29fcff', 'c2c54454-21c2-4e87-858d-47999d4a25f6', '286d7fdc-2711-425a-9044-e6ad9868061a', 'Sun_unix*1101', 0, 'c568fcdd-d9e3-4c1a-84f2-6eebe21c39ed');
INSERT INTO `template_config` VALUES ('227b7402-d346-4242-8465-27ebe147f289', '766088b6-7e2f-4fec-9fa7-8c6a17753f79', 'bcad95b5-172c-49dc-9cc4-8cb67e29fcff', 'ddc64e36-980e-4aef-883c-44582c4a3062', '2efc5d5e-4e6d-4a18-8c3c-cfc137d1fb15', 'realtime-3:9004', 0, '0337d085-5ebb-4f55-a06a-69ad66f04b09');
INSERT INTO `template_config` VALUES ('22cc7011-5ee6-4222-a725-114d46976d5a', '766088b6-7e2f-4fec-9fa7-8c6a17753f79', 'bcad95b5-172c-49dc-9cc4-8cb67e29fcff', 'bbf20ef9-716c-4e0e-b259-ead25a804151', '4f0d76b1-44f1-4b92-8a2e-c73120f93d4d', 'zg_see_pix', 0, NULL);
INSERT INTO `template_config` VALUES ('233f8d17-82a5-4f5a-b6e6-7b25663e69b4', '766088b6-7e2f-4fec-9fa7-8c6a17753f79', 'bcad95b5-172c-49dc-9cc4-8cb67e29fcff', 'bacd30d5-971c-4e09-baa7-4eb6b3e78664', '5bb19dce-92af-4639-b366-9d3b3dd3d6e8', 'web', 0, '052efc70-ed54-4ba1-87f1-af5f6a8cccf3');
INSERT INTO `template_config` VALUES ('236bf16b-59c9-420c-aea4-9ebcc6473912', '766088b6-7e2f-4fec-9fa7-8c6a17753f79', 'bcad95b5-172c-49dc-9cc4-8cb67e29fcff', 'bacd30d5-971c-4e09-baa7-4eb6b3e78664', '55efdc52-17a8-48d2-bc42-be756a45adbf', 'admin', 0, '84276ec4-1d1e-442f-ab04-c4486c81e001');
INSERT INTO `template_config` VALUES ('2397fbe1-09e2-40f1-8a96-468c9787c62c', '766088b6-7e2f-4fec-9fa7-8c6a17753f79', 'bcad95b5-172c-49dc-9cc4-8cb67e29fcff', 'c2c54454-21c2-4e87-858d-47999d4a25f6', '937384cb-13ad-48d4-8194-b174e0e2cd81', 'web', 0, '052efc70-ed54-4ba1-87f1-af5f6a8cccf3');
INSERT INTO `template_config` VALUES ('23cf78bb-0a04-49a9-aaf9-50e2ccc671c7', '766088b6-7e2f-4fec-9fa7-8c6a17753f79', 'bcad95b5-172c-49dc-9cc4-8cb67e29fcff', 'bbf20ef9-716c-4e0e-b259-ead25a804151', '5e3b43ff-809c-4b86-9186-80032a7139eb', 'admin', 0, '84276ec4-1d1e-442f-ab04-c4486c81e001');
INSERT INTO `template_config` VALUES ('24324605-a9d5-4bf7-af49-748fd1fb8661', '766088b6-7e2f-4fec-9fa7-8c6a17753f79', 'bcad95b5-172c-49dc-9cc4-8cb67e29fcff', 'f92c2bfd-85e6-4d56-97cb-ebe440f09313', '584da473-9e05-46ec-92d5-9cd468e93de7', '/data/localization/web/tomcat', 0, '3f93bc95-e7a4-4aa3-bb14-6666c004c0d0');
INSERT INTO `template_config` VALUES ('247fe81a-b693-4389-aa6e-272047f65fee', '766088b6-7e2f-4fec-9fa7-8c6a17753f79', 'bcad95b5-172c-49dc-9cc4-8cb67e29fcff', '978b812d-230f-4b7b-89fd-06e3ef461451', '03859191-6d93-407c-a9e3-157f64547c92', NULL, 0, NULL);
INSERT INTO `template_config` VALUES ('24fd2504-ce98-4d7d-97f6-54a67371fdc7', '766088b6-7e2f-4fec-9fa7-8c6a17753f79', 'bcad95b5-172c-49dc-9cc4-8cb67e29fcff', 'ddc64e36-980e-4aef-883c-44582c4a3062', 'a4b0fc43-23e1-46b5-8755-dbf976581005', 'realtime-1:7713', 0, NULL);
INSERT INTO `template_config` VALUES ('25255266-0be6-49d0-adf4-60944371a0ff', '766088b6-7e2f-4fec-9fa7-8c6a17753f79', 'bcad95b5-172c-49dc-9cc4-8cb67e29fcff', '978b812d-230f-4b7b-89fd-06e3ef461451', 'dba50a81-8208-4a0f-a6fb-9285658f85be', 'realtime-1:9092,realtime-2:9092,realtime-3:9092', 0, '1e326ee1-01d9-4d2c-899b-552b257dc6ff');
INSERT INTO `template_config` VALUES ('2529916f-fd10-4a66-b7c5-417220d6d0df', '766088b6-7e2f-4fec-9fa7-8c6a17753f79', 'bcad95b5-172c-49dc-9cc4-8cb67e29fcff', 'dafbb59a-383b-43f1-b31c-a566720734b9', '3c48b39d-9785-4153-9478-22a7f540d055', '21050', 0, '0616d122-9276-4b6f-8ce7-b528aeb1c756');
INSERT INTO `template_config` VALUES ('25aee077-8663-4f16-917a-7c0f8d837a98', '766088b6-7e2f-4fec-9fa7-8c6a17753f79', 'bcad95b5-172c-49dc-9cc4-8cb67e29fcff', 'a1ea234c-2821-4b77-8049-0bb0b1ea3d30', '99615835-9767-402b-aed7-32f4af4f366e', '/webapp/', 0, '77808bcb-2aae-41ab-b504-2a832ba22a3a');
INSERT INTO `template_config` VALUES ('25d3729f-bf0f-4414-bda3-44eba5ea5bab', '766088b6-7e2f-4fec-9fa7-8c6a17753f79', 'bcad95b5-172c-49dc-9cc4-8cb67e29fcff', 'a1ea234c-2821-4b77-8049-0bb0b1ea3d30', 'bea6512d-f49e-4f4b-a635-6ff49020b446', '0', 0, '2fe18562-c2cd-4c92-be05-5ee076c17cd0');
INSERT INTO `template_config` VALUES ('26682be9-04a6-49b7-b56e-3c3993e1fe54', '766088b6-7e2f-4fec-9fa7-8c6a17753f79', 'bcad95b5-172c-49dc-9cc4-8cb67e29fcff', 'a1ea234c-2821-4b77-8049-0bb0b1ea3d30', '170cb05a-91b0-469b-ae6e-f6af32624165', 'true', 0, 'c1ddc83c-3ce3-4e1a-86ed-c4240bb3241d');
INSERT INTO `template_config` VALUES ('27401d87-2672-4d39-8d9f-8456da365b0c', '766088b6-7e2f-4fec-9fa7-8c6a17753f79', 'bcad95b5-172c-49dc-9cc4-8cb67e29fcff', 'ddc64e36-980e-4aef-883c-44582c4a3062', 'cbe1bb0a-a8dd-46f0-8350-e12f6ceae9bd', 'realtime-1:7715', 0, '94965f5d-e04e-4611-a3c4-657f36223c8d');
INSERT INTO `template_config` VALUES ('286ecc6e-46bd-47a5-b276-067a74452719', '766088b6-7e2f-4fec-9fa7-8c6a17753f79', 'bcad95b5-172c-49dc-9cc4-8cb67e29fcff', 'bacd30d5-971c-4e09-baa7-4eb6b3e78664', 'a34ebad9-e0b7-40ba-921d-4023473de834', 'realtime-1', 0, '60cd1e20-4661-4196-85a2-a0909049cb42');
INSERT INTO `template_config` VALUES ('28b919d6-ce34-4ab5-92df-fc376f8da8fb', '766088b6-7e2f-4fec-9fa7-8c6a17753f79', 'bcad95b5-172c-49dc-9cc4-8cb67e29fcff', 'bacd30d5-971c-4e09-baa7-4eb6b3e78664', '01dc30a0-8817-45e4-a393-3cd7dd25a76d', 'https://uba.it.pkpm.cn', 0, '7ab36d31-3cb4-403f-acf6-cecaf4d632df');
INSERT INTO `template_config` VALUES ('28e5eb6a-d407-4cf0-9de5-2942fb09aa8c', '766088b6-7e2f-4fec-9fa7-8c6a17753f79', 'bcad95b5-172c-49dc-9cc4-8cb67e29fcff', '57e40fe3-940a-4db8-aa9d-bd84ba8f495c', 'febf0c24-facc-4452-a85a-4ed9c0761833', 'realtime-1', 0, '60cd1e20-4661-4196-85a2-a0909049cb42');
INSERT INTO `template_config` VALUES ('291f5589-ab27-4aa6-a0c1-bf2ecaf35a14', '766088b6-7e2f-4fec-9fa7-8c6a17753f79', 'bcad95b5-172c-49dc-9cc4-8cb67e29fcff', 'ebc0794a-51ea-4035-9cce-1fca20a47cfb', '85885939-3893-4709-bd0e-aaf55232ba63', '21050', 0, '0616d122-9276-4b6f-8ce7-b528aeb1c756');
INSERT INTO `template_config` VALUES ('298d6103-a631-4866-87bb-5a36585a0f61', '766088b6-7e2f-4fec-9fa7-8c6a17753f79', 'bcad95b5-172c-49dc-9cc4-8cb67e29fcff', 'f92c2bfd-85e6-4d56-97cb-ebe440f09313', '7d8875c0-14d2-41f8-9137-8c173344e2eb', '9200', 0, '137af99a-69e0-46a5-920e-680b5e6e4478');
INSERT INTO `template_config` VALUES ('2a2443fc-5bef-4179-b7da-e0655e2e62b2', '766088b6-7e2f-4fec-9fa7-8c6a17753f79', 'bcad95b5-172c-49dc-9cc4-8cb67e29fcff', 'bbf20ef9-716c-4e0e-b259-ead25a804151', '52d59a8a-5a7f-4711-beb1-8c40db9f434f', 'realtime-1:9092,realtime-2:9092,realtime-3:9092', 0, '1e326ee1-01d9-4d2c-899b-552b257dc6ff');
INSERT INTO `template_config` VALUES ('2ad619e7-0054-4687-b12f-388547054fbe', '766088b6-7e2f-4fec-9fa7-8c6a17753f79', 'bcad95b5-172c-49dc-9cc4-8cb67e29fcff', 'a1ea234c-2821-4b77-8049-0bb0b1ea3d30', 'dc887c34-4b3e-467e-bebd-fddeced6e0bd', 'https://uba.it.pkpm.cn', 0, '7ab36d31-3cb4-403f-acf6-cecaf4d632df');
INSERT INTO `template_config` VALUES ('2bdc049c-0da2-455e-a234-a3c72074aabd', '766088b6-7e2f-4fec-9fa7-8c6a17753f79', 'bcad95b5-172c-49dc-9cc4-8cb67e29fcff', '0ef3213a-6674-4924-9a2c-f0ed25ef92b6', 'cb00e395-8343-4ebd-b966-b986f42e3dce', '26555', 0, NULL);
INSERT INTO `template_config` VALUES ('2bdc5122-bf3b-4ff0-a994-5dbd31326f89', '766088b6-7e2f-4fec-9fa7-8c6a17753f79', 'bcad95b5-172c-49dc-9cc4-8cb67e29fcff', 'ddc64e36-980e-4aef-883c-44582c4a3062', '7109bb3d-79e7-423b-b10d-44a5f95b89a3', 'realtime-1', 0, '60cd1e20-4661-4196-85a2-a0909049cb42');
INSERT INTO `template_config` VALUES ('2df86824-3989-4470-a0c1-58333c95a5d7', '766088b6-7e2f-4fec-9fa7-8c6a17753f79', 'bcad95b5-172c-49dc-9cc4-8cb67e29fcff', 'a1ea234c-2821-4b77-8049-0bb0b1ea3d30', '7818873e-4d78-4ff1-971a-a008e3dfa5ca', 'false', 0, '91b176d3-b160-4839-914d-2142af1bbf47');
INSERT INTO `template_config` VALUES ('2e25764c-6767-4364-b836-9ce89518a4b4', '766088b6-7e2f-4fec-9fa7-8c6a17753f79', 'bcad95b5-172c-49dc-9cc4-8cb67e29fcff', 'ebc0794a-51ea-4035-9cce-1fca20a47cfb', '08513143-85c6-40c4-b1a3-432e96260000', 'realtime-mkt:1924', 0, '7b08b4a1-085d-4c7a-80ad-5f48e2a09d58');
INSERT INTO `template_config` VALUES ('2e695ff2-421e-445d-bfed-95642a520afd', '766088b6-7e2f-4fec-9fa7-8c6a17753f79', 'bcad95b5-172c-49dc-9cc4-8cb67e29fcff', 'ddc64e36-980e-4aef-883c-44582c4a3062', '9e218a3b-05f6-43d4-95c5-c51c2cf88825', 'realtime-1:18080', 0, '88da82a1-365f-499e-8ffe-509dfe7e5567');
INSERT INTO `template_config` VALUES ('2eed17b8-7ce7-48cb-a251-91064ad36eeb', '766088b6-7e2f-4fec-9fa7-8c6a17753f79', 'bcad95b5-172c-49dc-9cc4-8cb67e29fcff', '0ef3213a-6674-4924-9a2c-f0ed25ef92b6', 'c3d6a58a-b7de-4108-912b-69b89af0c66a', 'Sun_unix*1101', 0, 'c568fcdd-d9e3-4c1a-84f2-6eebe21c39ed');
INSERT INTO `template_config` VALUES ('2f31c780-cc07-418a-83b1-63468f45914f', '766088b6-7e2f-4fec-9fa7-8c6a17753f79', 'bcad95b5-172c-49dc-9cc4-8cb67e29fcff', 'ebc0794a-51ea-4035-9cce-1fca20a47cfb', '8d0d09ba-249b-44a0-b735-8768d4b906c4', '/data/mkt', 0, '772ab379-bf43-4430-95e7-6d5f8028cf65');
INSERT INTO `template_config` VALUES ('2fa51807-d867-4e15-b573-120756b3a8b9', '766088b6-7e2f-4fec-9fa7-8c6a17753f79', 'bcad95b5-172c-49dc-9cc4-8cb67e29fcff', '0ef3213a-6674-4924-9a2c-f0ed25ef92b6', 'dd4cf4f6-4ae6-4b51-9aec-9e0f270c9069', '9200', 0, '137af99a-69e0-46a5-920e-680b5e6e4478');
INSERT INTO `template_config` VALUES ('30635e47-25aa-44cf-a07f-1a4c68971ba3', '766088b6-7e2f-4fec-9fa7-8c6a17753f79', 'bcad95b5-172c-49dc-9cc4-8cb67e29fcff', 'ebc0794a-51ea-4035-9cce-1fca20a47cfb', '711f56a0-3402-4ffc-a223-00e42788977e', '21050', 0, '0616d122-9276-4b6f-8ce7-b528aeb1c756');
INSERT INTO `template_config` VALUES ('318b7c9e-964b-4930-91c7-dcefa7bf107a', '766088b6-7e2f-4fec-9fa7-8c6a17753f79', 'bcad95b5-172c-49dc-9cc4-8cb67e29fcff', '0ef3213a-6674-4924-9a2c-f0ed25ef92b6', '7f4cc623-d183-46d9-836d-fe6af4804b6c', '8884', 0, NULL);
INSERT INTO `template_config` VALUES ('31c3e70e-ff94-42d8-a164-492ad2ba3b8f', '766088b6-7e2f-4fec-9fa7-8c6a17753f79', 'bcad95b5-172c-49dc-9cc4-8cb67e29fcff', '589ea155-95d4-476e-b9e2-8c2ecd99f1fe', 'fed51f20-3814-4a3f-8b76-d616f444a89b', '0', 0, '2fe18562-c2cd-4c92-be05-5ee076c17cd0');
INSERT INTO `template_config` VALUES ('31de8aef-7515-49eb-b9a2-bb4b0ce75d4f', '766088b6-7e2f-4fec-9fa7-8c6a17753f79', 'bcad95b5-172c-49dc-9cc4-8cb67e29fcff', 'ddc64e36-980e-4aef-883c-44582c4a3062', '9d8a8a4f-60ce-4f7c-b7ec-530e733919e7', 'zanalytics', 0, 'e7408c2d-af06-44f7-9195-6e010d6e7261');
INSERT INTO `template_config` VALUES ('31ee130e-18c8-41f5-9f0e-663a9485baf1', '766088b6-7e2f-4fec-9fa7-8c6a17753f79', 'bcad95b5-172c-49dc-9cc4-8cb67e29fcff', 'ddc64e36-980e-4aef-883c-44582c4a3062', 'fc58879d-fd08-4332-9b3d-9501670929b4', 'realtime-2:7713', 0, NULL);
INSERT INTO `template_config` VALUES ('31ff00c7-dcfc-4443-96be-5c72071ab0ac', '766088b6-7e2f-4fec-9fa7-8c6a17753f79', 'bcad95b5-172c-49dc-9cc4-8cb67e29fcff', '978b812d-230f-4b7b-89fd-06e3ef461451', '4bc2a154-4032-4ab8-b6fd-4224b9bd6b88', 'realtime-2', 0, '9814e678-d100-4d29-b56f-748725a63e71');
INSERT INTO `template_config` VALUES ('32e05762-8b90-4fd4-92c2-22169e5d167e', '766088b6-7e2f-4fec-9fa7-8c6a17753f79', 'bcad95b5-172c-49dc-9cc4-8cb67e29fcff', '0ef3213a-6674-4924-9a2c-f0ed25ef92b6', 'a6a55d84-3853-4a4c-8c3f-829ed2cc822a', '9200', 0, '137af99a-69e0-46a5-920e-680b5e6e4478');
INSERT INTO `template_config` VALUES ('335aa767-cd0c-4f90-8282-8f4f731a78a1', '766088b6-7e2f-4fec-9fa7-8c6a17753f79', 'bcad95b5-172c-49dc-9cc4-8cb67e29fcff', 'ddc64e36-980e-4aef-883c-44582c4a3062', '0cd59d82-901d-49a9-a86c-1ce116a62de3', 'realtime-1:8081', 0, '45105f5b-9ec9-427e-adce-a0fc07917809');
INSERT INTO `template_config` VALUES ('34412f95-085f-40ba-b379-20abf6b96e57', '766088b6-7e2f-4fec-9fa7-8c6a17753f79', 'bcad95b5-172c-49dc-9cc4-8cb67e29fcff', '978b812d-230f-4b7b-89fd-06e3ef461451', 'e939a135-d26e-4ebd-bddb-1aaeae35b08e', 'web', 0, '052efc70-ed54-4ba1-87f1-af5f6a8cccf3');
INSERT INTO `template_config` VALUES ('345738a2-378e-4a51-bbce-582d125a1e7b', '766088b6-7e2f-4fec-9fa7-8c6a17753f79', 'bcad95b5-172c-49dc-9cc4-8cb67e29fcff', 'ddc64e36-980e-4aef-883c-44582c4a3062', 'a120a5c5-63e7-4b45-a691-41bf3617c81d', 'realtime-3:9004', 0, '0337d085-5ebb-4f55-a06a-69ad66f04b09');
INSERT INTO `template_config` VALUES ('34608496-e08a-4baf-94cc-6f83cb68d13c', '766088b6-7e2f-4fec-9fa7-8c6a17753f79', 'bcad95b5-172c-49dc-9cc4-8cb67e29fcff', 'ad1152b8-0a99-4821-a253-9431c337be83', 'fdb48188-bf3a-448f-a152-e48cbb2eaea1', 'realtime-1', 0, '60cd1e20-4661-4196-85a2-a0909049cb42');
INSERT INTO `template_config` VALUES ('347087a3-41e6-4799-b108-8f774d3786d5', '766088b6-7e2f-4fec-9fa7-8c6a17753f79', 'bcad95b5-172c-49dc-9cc4-8cb67e29fcff', '32bdaf26-8a8b-492b-9f99-14391bd784cb', '670222e1-03cb-48e3-8182-0ee4146e5150', 'zanalytics', 0, 'e7408c2d-af06-44f7-9195-6e010d6e7261');
INSERT INTO `template_config` VALUES ('3499d24d-2531-493f-b579-bc8ca00825c9', '766088b6-7e2f-4fec-9fa7-8c6a17753f79', 'bcad95b5-172c-49dc-9cc4-8cb67e29fcff', 'ddc64e36-980e-4aef-883c-44582c4a3062', '8ca01cdb-4aed-449d-8e15-ce5f7e1521e4', 'realtime-1', 0, '60cd1e20-4661-4196-85a2-a0909049cb42');
INSERT INTO `template_config` VALUES ('34b9a3e7-1ff0-49cd-9252-262a03e540af', '766088b6-7e2f-4fec-9fa7-8c6a17753f79', 'bcad95b5-172c-49dc-9cc4-8cb67e29fcff', '978b812d-230f-4b7b-89fd-06e3ef461451', '145f8d95-248a-4d3c-aa8b-c3bb078d938b', 'zanalytics', 0, 'e7408c2d-af06-44f7-9195-6e010d6e7261');
INSERT INTO `template_config` VALUES ('34c9bd55-0bbc-4a94-81f8-47fa91866205', '766088b6-7e2f-4fec-9fa7-8c6a17753f79', 'bcad95b5-172c-49dc-9cc4-8cb67e29fcff', 'f92c2bfd-85e6-4d56-97cb-ebe440f09313', '3e01ad44-f8f4-4452-b3ce-6126f0310bad', '6379', 0, '3daf56c9-9647-4b8e-a65a-648ba92ec826');
INSERT INTO `template_config` VALUES ('34e930e8-10b9-492b-8d9f-7b2d83baedb3', '766088b6-7e2f-4fec-9fa7-8c6a17753f79', 'bcad95b5-172c-49dc-9cc4-8cb67e29fcff', 'f92c2bfd-85e6-4d56-97cb-ebe440f09313', 'b84fd564-7103-4501-8eb3-b340e330a2e2', '26480', 0, '269a5a46-1834-4b27-afd4-96c4b60e9f84');
INSERT INTO `template_config` VALUES ('35b9bff8-123b-49dc-9410-10983d02db4b', '766088b6-7e2f-4fec-9fa7-8c6a17753f79', 'bcad95b5-172c-49dc-9cc4-8cb67e29fcff', 'ddc64e36-980e-4aef-883c-44582c4a3062', '8fef4f7d-9a8b-4ce4-92e8-1370e0b3d4d3', 'zanalytics', 0, 'e7408c2d-af06-44f7-9195-6e010d6e7261');
INSERT INTO `template_config` VALUES ('35ba65ab-1ce9-4fd6-b555-dabe550201f8', '766088b6-7e2f-4fec-9fa7-8c6a17753f79', 'bcad95b5-172c-49dc-9cc4-8cb67e29fcff', 'c2c54454-21c2-4e87-858d-47999d4a25f6', '9e1588d6-2362-4147-97db-ce8297ecb6fc', '9d3266fd556a4db7b9616d385f8bdf8f', 0, NULL);
INSERT INTO `template_config` VALUES ('36489ec3-1f2b-4831-b0cf-a6a897fb86e1', '766088b6-7e2f-4fec-9fa7-8c6a17753f79', 'bcad95b5-172c-49dc-9cc4-8cb67e29fcff', '978b812d-230f-4b7b-89fd-06e3ef461451', '0c028a34-619c-427c-958d-46376ffe10ed', 'admin', 0, '84276ec4-1d1e-442f-ab04-c4486c81e001');
INSERT INTO `template_config` VALUES ('364cb93b-4ede-4e08-ab0b-c83c8c14646e', '766088b6-7e2f-4fec-9fa7-8c6a17753f79', 'bcad95b5-172c-49dc-9cc4-8cb67e29fcff', 'ebc0794a-51ea-4035-9cce-1fca20a47cfb', 'b0b5ab55-1fa8-4cf3-8591-151560d9d60d', '/data/mkt', 0, '772ab379-bf43-4430-95e7-6d5f8028cf65');
INSERT INTO `template_config` VALUES ('36cfc096-7696-461a-a3cd-fa6d52cbfbe4', '766088b6-7e2f-4fec-9fa7-8c6a17753f79', 'bcad95b5-172c-49dc-9cc4-8cb67e29fcff', 'ddc64e36-980e-4aef-883c-44582c4a3062', 'b107b59f-1a95-422c-9196-086974a50e99', 'Sun_unix*1101', 0, 'c568fcdd-d9e3-4c1a-84f2-6eebe21c39ed');
INSERT INTO `template_config` VALUES ('38b0fd4e-38d9-429e-8ef2-9927b02abd82', '766088b6-7e2f-4fec-9fa7-8c6a17753f79', 'bcad95b5-172c-49dc-9cc4-8cb67e29fcff', '978b812d-230f-4b7b-89fd-06e3ef461451', '35225c40-a00d-4103-95e7-cddaf8f3456d', 'realtime-2', 0, '9814e678-d100-4d29-b56f-748725a63e71');
INSERT INTO `template_config` VALUES ('39b8295f-2ac6-4c3b-a3d4-70f04b660a0d', '766088b6-7e2f-4fec-9fa7-8c6a17753f79', 'bcad95b5-172c-49dc-9cc4-8cb67e29fcff', 'c2c54454-21c2-4e87-858d-47999d4a25f6', 'd4b26902-eac0-48d8-a88b-d5620c0c0b63', '9d3266fd556a4db7b9616d385f8bdf8f', 0, NULL);
INSERT INTO `template_config` VALUES ('3a053521-5356-4758-bfb5-4d9d801ea000', '766088b6-7e2f-4fec-9fa7-8c6a17753f79', 'bcad95b5-172c-49dc-9cc4-8cb67e29fcff', 'ebc0794a-51ea-4035-9cce-1fca20a47cfb', 'a40473f5-6266-4bda-82f0-d766de82e5f1', '3306', 0, 'd3aee553-5e29-429e-8389-2d9fa63aa32f');
INSERT INTO `template_config` VALUES ('3ba5494c-0919-42da-9fd0-56039dbfd98a', '766088b6-7e2f-4fec-9fa7-8c6a17753f79', 'bcad95b5-172c-49dc-9cc4-8cb67e29fcff', 'ddc64e36-980e-4aef-883c-44582c4a3062', '8d296007-b16e-4efe-a5df-546ba4f6e79d', '3306', 0, 'd3aee553-5e29-429e-8389-2d9fa63aa32f');
INSERT INTO `template_config` VALUES ('3c03d5fa-07c6-4145-b8a5-d0d6fdcede53', '766088b6-7e2f-4fec-9fa7-8c6a17753f79', 'bcad95b5-172c-49dc-9cc4-8cb67e29fcff', 'ddc64e36-980e-4aef-883c-44582c4a3062', '18b113db-c556-4adb-b62f-e7c2f8f74ba1', 'realtime-1:8081', 0, '45105f5b-9ec9-427e-adce-a0fc07917809');
INSERT INTO `template_config` VALUES ('3c0a9afa-1cb2-4ad1-b370-717ecca76ec2', '766088b6-7e2f-4fec-9fa7-8c6a17753f79', 'bcad95b5-172c-49dc-9cc4-8cb67e29fcff', '978b812d-230f-4b7b-89fd-06e3ef461451', '9418a1f2-73c2-40d9-91d8-14749c1f7a1b', 'realtime-1', 0, '60cd1e20-4661-4196-85a2-a0909049cb42');
INSERT INTO `template_config` VALUES ('3d590be6-9d29-431f-986b-ab4a5253bcc4', '766088b6-7e2f-4fec-9fa7-8c6a17753f79', 'bcad95b5-172c-49dc-9cc4-8cb67e29fcff', '0ef3213a-6674-4924-9a2c-f0ed25ef92b6', 'e0a9b321-779e-41d2-b79f-b1d78b9005ed', 'Sun_unix*1101', 0, 'c568fcdd-d9e3-4c1a-84f2-6eebe21c39ed');
INSERT INTO `template_config` VALUES ('3d817e57-528b-4fda-ab22-deb660ba3d3e', '766088b6-7e2f-4fec-9fa7-8c6a17753f79', 'bcad95b5-172c-49dc-9cc4-8cb67e29fcff', 'ebc0794a-51ea-4035-9cce-1fca20a47cfb', 'a125268f-42dc-4fce-a1ca-fc64f0ad403d', 'realtime-1:9092,realtime-2:9092,realtime-3:9092', 0, '1e326ee1-01d9-4d2c-899b-552b257dc6ff');
INSERT INTO `template_config` VALUES ('3e680e99-0446-4d56-a6d8-e5b61a6d78ac', '766088b6-7e2f-4fec-9fa7-8c6a17753f79', 'bcad95b5-172c-49dc-9cc4-8cb67e29fcff', 'ddc64e36-980e-4aef-883c-44582c4a3062', 'cad495ee-616c-4f2a-b5ee-59de4b5a1cb4', 'realtime-1', 0, '60cd1e20-4661-4196-85a2-a0909049cb42');
INSERT INTO `template_config` VALUES ('3eaf1eb9-cdd0-4933-8b86-b3db8b806371', '766088b6-7e2f-4fec-9fa7-8c6a17753f79', 'bcad95b5-172c-49dc-9cc4-8cb67e29fcff', 'ddc64e36-980e-4aef-883c-44582c4a3062', '65b26f8b-62aa-42ae-88fa-72b1af5e4e97', 'realtime-1:16688', 0, 'b1485b91-d042-4790-9d57-c00c48254a97');
INSERT INTO `template_config` VALUES ('3f90f29e-cfe7-41a5-952e-81589db5d531', '766088b6-7e2f-4fec-9fa7-8c6a17753f79', 'bcad95b5-172c-49dc-9cc4-8cb67e29fcff', '0ef3213a-6674-4924-9a2c-f0ed25ef92b6', '02ab2d7a-05a1-4813-a8dd-f032c44602a1', 'realtime-1', 0, '60cd1e20-4661-4196-85a2-a0909049cb42');
INSERT INTO `template_config` VALUES ('3fbb973b-a151-4778-9ad9-df93e0740459', '766088b6-7e2f-4fec-9fa7-8c6a17753f79', 'bcad95b5-172c-49dc-9cc4-8cb67e29fcff', 'ad1152b8-0a99-4821-a253-9431c337be83', 'ceaac175-e187-4b73-8811-ee2c6d0a0e5c', 'realtime-1', 0, '60cd1e20-4661-4196-85a2-a0909049cb42');
INSERT INTO `template_config` VALUES ('40be78f9-4cf8-4df2-a47c-d1f4bd6d89fe', '766088b6-7e2f-4fec-9fa7-8c6a17753f79', 'bcad95b5-172c-49dc-9cc4-8cb67e29fcff', '978b812d-230f-4b7b-89fd-06e3ef461451', 'c0206d0c-b195-4a40-b3c4-8d9634744e32', '3306', 0, 'd3aee553-5e29-429e-8389-2d9fa63aa32f');
INSERT INTO `template_config` VALUES ('41475daf-78b7-434d-a9f8-50215abd3967', '766088b6-7e2f-4fec-9fa7-8c6a17753f79', 'bcad95b5-172c-49dc-9cc4-8cb67e29fcff', '978b812d-230f-4b7b-89fd-06e3ef461451', '1ba89e6c-e68c-48d0-b0c4-946a31a28e77', '8895', 0, NULL);
INSERT INTO `template_config` VALUES ('423e3722-da4c-4d1f-b1b0-dfba7e4b0372', '766088b6-7e2f-4fec-9fa7-8c6a17753f79', 'bcad95b5-172c-49dc-9cc4-8cb67e29fcff', 'ddc64e36-980e-4aef-883c-44582c4a3062', '8d4ef768-6e69-4224-98fd-0db275b20ace', 'realtime-mkt:18001', 0, '49aafe8c-25ab-4fb7-ba66-6efd989a6551');
INSERT INTO `template_config` VALUES ('428bc0d5-0bd4-4283-9bb1-43ad49195722', '766088b6-7e2f-4fec-9fa7-8c6a17753f79', 'bcad95b5-172c-49dc-9cc4-8cb67e29fcff', '978b812d-230f-4b7b-89fd-06e3ef461451', 'd512f81d-bb6e-46c9-a063-9dea64ffb3ec', 'http://realtime-1:8008', 0, NULL);
INSERT INTO `template_config` VALUES ('440bc0d6-042c-46ae-8576-50a179beb422', '766088b6-7e2f-4fec-9fa7-8c6a17753f79', 'bcad95b5-172c-49dc-9cc4-8cb67e29fcff', 'bacd30d5-971c-4e09-baa7-4eb6b3e78664', '817d5dd9-1fa3-45b6-9711-cace02090791', '/data/localization/nginx', 0, NULL);
INSERT INTO `template_config` VALUES ('44a983a3-0f2e-4323-95d2-b1b230ec93fa', '766088b6-7e2f-4fec-9fa7-8c6a17753f79', 'bcad95b5-172c-49dc-9cc4-8cb67e29fcff', 'ddc64e36-980e-4aef-883c-44582c4a3062', 'e8e093ee-f56c-4f70-a018-391bb36cfdfd', 'realtime-1:16688', 0, 'b1485b91-d042-4790-9d57-c00c48254a97');
INSERT INTO `template_config` VALUES ('452bb4d8-c63f-4f59-ac71-76d273112401', '766088b6-7e2f-4fec-9fa7-8c6a17753f79', 'bcad95b5-172c-49dc-9cc4-8cb67e29fcff', '32bdaf26-8a8b-492b-9f99-14391bd784cb', '4c31fb50-065e-4edd-836a-3bd6da5ea4c0', 'realtime-1', 0, '60cd1e20-4661-4196-85a2-a0909049cb42');
INSERT INTO `template_config` VALUES ('4544bb95-2419-402d-85e4-8fd09fcf4ea2', '766088b6-7e2f-4fec-9fa7-8c6a17753f79', 'bcad95b5-172c-49dc-9cc4-8cb67e29fcff', 'bacd30d5-971c-4e09-baa7-4eb6b3e78664', '2e00de96-f979-4662-9ee5-482033947e4e', '21050', 0, '0616d122-9276-4b6f-8ce7-b528aeb1c756');
INSERT INTO `template_config` VALUES ('45b01b4c-4940-4bc5-bfb0-b9a95b2878d3', '766088b6-7e2f-4fec-9fa7-8c6a17753f79', 'bcad95b5-172c-49dc-9cc4-8cb67e29fcff', '978b812d-230f-4b7b-89fd-06e3ef461451', 'cfb7ecd8-b1cc-4874-a9d8-012690849f91', 'realtime-1', 0, '60cd1e20-4661-4196-85a2-a0909049cb42');
INSERT INTO `template_config` VALUES ('45d0ffec-11be-4c4c-a159-2eeb93b04c2a', '766088b6-7e2f-4fec-9fa7-8c6a17753f79', 'bcad95b5-172c-49dc-9cc4-8cb67e29fcff', '978b812d-230f-4b7b-89fd-06e3ef461451', '3fa504fe-ad41-44b5-b5fa-15536b9df7d5', 'realtime-1', 0, '60cd1e20-4661-4196-85a2-a0909049cb42');
INSERT INTO `template_config` VALUES ('4651c15e-c39c-4b3f-afb2-0df5f21e0cab', '766088b6-7e2f-4fec-9fa7-8c6a17753f79', 'bcad95b5-172c-49dc-9cc4-8cb67e29fcff', '589ea155-95d4-476e-b9e2-8c2ecd99f1fe', 'c7a15df0-7677-46a2-ad68-64831eb0aff9', '', 0, NULL);
INSERT INTO `template_config` VALUES ('4680512f-18c3-4062-a5da-d472656cadab', '766088b6-7e2f-4fec-9fa7-8c6a17753f79', 'bcad95b5-172c-49dc-9cc4-8cb67e29fcff', '07b2ba6d-5641-4389-a5a7-6f91f5dc2e29', '56ca5465-6339-476c-80f8-539151e2c5b5', 'true', 0, 'c1ddc83c-3ce3-4e1a-86ed-c4240bb3241d');
INSERT INTO `template_config` VALUES ('46eb7b7a-73e0-4da1-8050-bb24aa51eee1', '766088b6-7e2f-4fec-9fa7-8c6a17753f79', 'bcad95b5-172c-49dc-9cc4-8cb67e29fcff', 'ebc0794a-51ea-4035-9cce-1fca20a47cfb', '16378944-6c2d-4da7-8eb3-15b5c52abca5', 'admin', 0, '84276ec4-1d1e-442f-ab04-c4486c81e001');
INSERT INTO `template_config` VALUES ('477eb8fc-d83a-451d-90b8-17fd42e69690', '766088b6-7e2f-4fec-9fa7-8c6a17753f79', 'bcad95b5-172c-49dc-9cc4-8cb67e29fcff', 'c2c54454-21c2-4e87-858d-47999d4a25f6', 'dc0cd335-0bd5-4a8b-8f3e-ddc88af67d5e', 'https://uba.it.pkpm.cn', 0, '7ab36d31-3cb4-403f-acf6-cecaf4d632df');
INSERT INTO `template_config` VALUES ('4852a5e0-a116-4398-8f12-030641e61421', '766088b6-7e2f-4fec-9fa7-8c6a17753f79', 'bcad95b5-172c-49dc-9cc4-8cb67e29fcff', 'ebc0794a-51ea-4035-9cce-1fca20a47cfb', '27ad4e31-5af8-4b40-a223-3480d4783e1d', 'web', 0, '052efc70-ed54-4ba1-87f1-af5f6a8cccf3');
INSERT INTO `template_config` VALUES ('48584975-78a3-4ec4-b4e6-f192f88bc2e9', '766088b6-7e2f-4fec-9fa7-8c6a17753f79', 'bcad95b5-172c-49dc-9cc4-8cb67e29fcff', '978b812d-230f-4b7b-89fd-06e3ef461451', '2a7bd8c6-9d01-4d1a-afd3-baad0c27704f', 'zanalytics', 0, 'e7408c2d-af06-44f7-9195-6e010d6e7261');
INSERT INTO `template_config` VALUES ('48e9b48a-e63d-42e0-82ea-f3388c8bfc39', '766088b6-7e2f-4fec-9fa7-8c6a17753f79', 'bcad95b5-172c-49dc-9cc4-8cb67e29fcff', 'ddc64e36-980e-4aef-883c-44582c4a3062', 'e37826fe-3e7b-42ed-bcbd-afffca581bf3', '8888', 0, '19613156-b0f1-40f9-ba94-4d83852256ae');
INSERT INTO `template_config` VALUES ('491ec9e3-a1a8-4d34-98f3-13b7f5dfbb9e', '766088b6-7e2f-4fec-9fa7-8c6a17753f79', 'bcad95b5-172c-49dc-9cc4-8cb67e29fcff', 'c2c54454-21c2-4e87-858d-47999d4a25f6', '3b43a522-f0c3-4dab-8df4-273e73af73e4', 'https://weixin.zhugeio.com', 0, '20994bd5-9f90-4a16-a726-574f9ff623c4');
INSERT INTO `template_config` VALUES ('4945a5b4-b10c-4d10-9446-9aaff104da0a', '766088b6-7e2f-4fec-9fa7-8c6a17753f79', 'bcad95b5-172c-49dc-9cc4-8cb67e29fcff', '978b812d-230f-4b7b-89fd-06e3ef461451', 'a06df176-e169-433b-97af-68a0360b48cb', 'Sun_unix*1101', 0, 'c568fcdd-d9e3-4c1a-84f2-6eebe21c39ed');
INSERT INTO `template_config` VALUES ('49499eaa-fc51-44d0-bfa6-4c634a0c6d1b', '766088b6-7e2f-4fec-9fa7-8c6a17753f79', 'bcad95b5-172c-49dc-9cc4-8cb67e29fcff', 'c2c54454-21c2-4e87-858d-47999d4a25f6', '68ce53d5-bd0a-49e7-bb57-16850ea3b47d', 'web', 0, '052efc70-ed54-4ba1-87f1-af5f6a8cccf3');
INSERT INTO `template_config` VALUES ('498678a1-b3ed-4499-a25c-49b5f9f51873', '766088b6-7e2f-4fec-9fa7-8c6a17753f79', 'bcad95b5-172c-49dc-9cc4-8cb67e29fcff', 'a1ea234c-2821-4b77-8049-0bb0b1ea3d30', '705f31d5-c468-4ed4-87e0-fdff2e97b361', '/webapp/spa/', 0, NULL);
INSERT INTO `template_config` VALUES ('49d527fd-ac90-47ac-ad94-8d475b137ea3', '766088b6-7e2f-4fec-9fa7-8c6a17753f79', 'bcad95b5-172c-49dc-9cc4-8cb67e29fcff', '978b812d-230f-4b7b-89fd-06e3ef461451', '5ba5773f-afe1-489b-8210-83be6a52ef4b', '21050', 0, '0616d122-9276-4b6f-8ce7-b528aeb1c756');
INSERT INTO `template_config` VALUES ('4a3e688e-aa97-4cc3-a2b2-eafc6d15be75', '766088b6-7e2f-4fec-9fa7-8c6a17753f79', 'bcad95b5-172c-49dc-9cc4-8cb67e29fcff', 'ddc64e36-980e-4aef-883c-44582c4a3062', '40485710-2bd3-49a8-88ad-58f3ff74acae', 'realtime-1:8800', 0, '876880fb-e42d-4a22-90ad-e33ef5de2efe');
INSERT INTO `template_config` VALUES ('4a56e557-5892-499d-809c-bc72b28f8d27', '766088b6-7e2f-4fec-9fa7-8c6a17753f79', 'bcad95b5-172c-49dc-9cc4-8cb67e29fcff', 'aac0b8cd-8514-4609-819f-9af6d114e6ae', '04a387e2-633a-4c98-990c-e7e252a4cc2f', 'realtime-1:2182,realtime-2:2182,realtime-3:2182', 0, NULL);
INSERT INTO `template_config` VALUES ('4af50681-14ff-4295-bbb2-eea2ec854c26', '766088b6-7e2f-4fec-9fa7-8c6a17753f79', 'bcad95b5-172c-49dc-9cc4-8cb67e29fcff', '32bdaf26-8a8b-492b-9f99-14391bd784cb', 'a377d658-da28-48be-ba19-767bdc741983', 'elastic', 0, NULL);
INSERT INTO `template_config` VALUES ('4b70910d-f85e-4e07-af4b-5e157e3a74c3', '766088b6-7e2f-4fec-9fa7-8c6a17753f79', 'bcad95b5-172c-49dc-9cc4-8cb67e29fcff', '978b812d-230f-4b7b-89fd-06e3ef461451', 'c44ed41d-dfdd-42f9-94ed-beb967231ac4', NULL, 0, NULL);
INSERT INTO `template_config` VALUES ('4b7eca4b-528b-4bc6-a0a3-9bc222aa06b0', '766088b6-7e2f-4fec-9fa7-8c6a17753f79', 'bcad95b5-172c-49dc-9cc4-8cb67e29fcff', 'bbf20ef9-716c-4e0e-b259-ead25a804151', 'fca30651-fdce-4f82-9956-21450d91229d', 'admin', 0, '84276ec4-1d1e-442f-ab04-c4486c81e001');
INSERT INTO `template_config` VALUES ('4c623ee6-63d2-4ec1-83ad-73568dd7e9aa', '766088b6-7e2f-4fec-9fa7-8c6a17753f79', 'bcad95b5-172c-49dc-9cc4-8cb67e29fcff', 'd312cbb7-4209-4a1b-90ea-83cbcf30c29d', '5005348e-ad63-434e-8ba3-a6a991b9ca26', 'zanalytics', 0, 'e7408c2d-af06-44f7-9195-6e010d6e7261');
INSERT INTO `template_config` VALUES ('4cc33e1c-dbc1-4f86-9fa5-e8a2f4f3f447', '766088b6-7e2f-4fec-9fa7-8c6a17753f79', 'bcad95b5-172c-49dc-9cc4-8cb67e29fcff', '978b812d-230f-4b7b-89fd-06e3ef461451', '170bbcf8-bf30-43fb-ac0c-9b079de86b67', 'zanalytics', 0, 'e7408c2d-af06-44f7-9195-6e010d6e7261');
INSERT INTO `template_config` VALUES ('4ccb1b71-f1ab-4b52-b487-f7db28983489', '766088b6-7e2f-4fec-9fa7-8c6a17753f79', 'bcad95b5-172c-49dc-9cc4-8cb67e29fcff', '978b812d-230f-4b7b-89fd-06e3ef461451', 'f31d9dbe-86e8-4acc-b15b-4f41b10ac751', 'realtime-1:9092,realtime-2:9092,realtime-3:9092', 0, '1e326ee1-01d9-4d2c-899b-552b257dc6ff');
INSERT INTO `template_config` VALUES ('4cccddb0-b2d5-449f-a6a6-998ffae08783', '766088b6-7e2f-4fec-9fa7-8c6a17753f79', 'bcad95b5-172c-49dc-9cc4-8cb67e29fcff', 'bbf20ef9-716c-4e0e-b259-ead25a804151', 'f6430d82-9c43-4f2f-a1b1-aae1d58499ad', 'web', 0, '052efc70-ed54-4ba1-87f1-af5f6a8cccf3');
INSERT INTO `template_config` VALUES ('4cf2e4e6-2ee0-4ef1-8400-0710bb0e5175', '766088b6-7e2f-4fec-9fa7-8c6a17753f79', 'bcad95b5-172c-49dc-9cc4-8cb67e29fcff', '32bdaf26-8a8b-492b-9f99-14391bd784cb', '6e227dcb-7e84-43da-8ce7-fbc590874399', 'realtime-1', 0, '60cd1e20-4661-4196-85a2-a0909049cb42');
INSERT INTO `template_config` VALUES ('4d770745-1393-4445-9470-4fe0aee73e33', '766088b6-7e2f-4fec-9fa7-8c6a17753f79', 'bcad95b5-172c-49dc-9cc4-8cb67e29fcff', '978b812d-230f-4b7b-89fd-06e3ef461451', 'c1a57307-25af-436d-bda7-8331592afaa5', '8894', 0, NULL);
INSERT INTO `template_config` VALUES ('4d9c0ba3-7d84-4199-961c-27287779a0b7', '766088b6-7e2f-4fec-9fa7-8c6a17753f79', 'bcad95b5-172c-49dc-9cc4-8cb67e29fcff', 'dafbb59a-383b-43f1-b31c-a566720734b9', '31d364f1-8701-4e4a-b769-ccc801881885', 'zanalytics', 0, 'e7408c2d-af06-44f7-9195-6e010d6e7261');
INSERT INTO `template_config` VALUES ('4dc06cb8-8114-4152-8af4-b983818b11d9', '766088b6-7e2f-4fec-9fa7-8c6a17753f79', 'bcad95b5-172c-49dc-9cc4-8cb67e29fcff', 'dafbb59a-383b-43f1-b31c-a566720734b9', 'f74bf8bd-518d-451e-aba5-75bfd6708d16', 'realtime-1', 0, '60cd1e20-4661-4196-85a2-a0909049cb42');
INSERT INTO `template_config` VALUES ('4dc3cff3-e28e-466f-85ae-6d8df428a5ab', '766088b6-7e2f-4fec-9fa7-8c6a17753f79', 'bcad95b5-172c-49dc-9cc4-8cb67e29fcff', '978b812d-230f-4b7b-89fd-06e3ef461451', '40c1629b-8c4b-4ebd-8f73-81c982afd0b6', 'zanalytics', 0, 'e7408c2d-af06-44f7-9195-6e010d6e7261');
INSERT INTO `template_config` VALUES ('4dd941c9-05da-4ca4-9a0a-88983719ef4e', '766088b6-7e2f-4fec-9fa7-8c6a17753f79', 'bcad95b5-172c-49dc-9cc4-8cb67e29fcff', '978b812d-230f-4b7b-89fd-06e3ef461451', '42a5d0de-2d31-4121-8e0f-1b6d2418faa2', 'Sun_unix*1101', 0, 'c568fcdd-d9e3-4c1a-84f2-6eebe21c39ed');
INSERT INTO `template_config` VALUES ('4deeadf8-6e97-433d-9708-4156407a2a02', '766088b6-7e2f-4fec-9fa7-8c6a17753f79', 'bcad95b5-172c-49dc-9cc4-8cb67e29fcff', '978b812d-230f-4b7b-89fd-06e3ef461451', '2a620aa7-7171-46d0-9449-300ea0785888', 'Sun_unix*1101', 0, 'c568fcdd-d9e3-4c1a-84f2-6eebe21c39ed');
INSERT INTO `template_config` VALUES ('4e3cd12c-2e07-4134-bd6b-80ccc14af84c', '766088b6-7e2f-4fec-9fa7-8c6a17753f79', 'bcad95b5-172c-49dc-9cc4-8cb67e29fcff', '978b812d-230f-4b7b-89fd-06e3ef461451', '16dd51fa-13db-449a-9dbe-8c57d3e25f00', 'zanalytics', 0, 'e7408c2d-af06-44f7-9195-6e010d6e7261');
INSERT INTO `template_config` VALUES ('4e577eb4-9788-41b1-abf9-377ec43e3b9d', '766088b6-7e2f-4fec-9fa7-8c6a17753f79', 'bcad95b5-172c-49dc-9cc4-8cb67e29fcff', 'ddc64e36-980e-4aef-883c-44582c4a3062', '6b921c94-7e32-4e05-ae31-a5a2211be887', 'realtime-2:7713', 0, NULL);
INSERT INTO `template_config` VALUES ('4e6a43aa-9db4-4f21-a005-d5a94305ed2c', '766088b6-7e2f-4fec-9fa7-8c6a17753f79', 'bcad95b5-172c-49dc-9cc4-8cb67e29fcff', 'ebc0794a-51ea-4035-9cce-1fca20a47cfb', '1709d1bb-c74c-4c42-99fe-e94c7eed7990', 'zanalytics', 0, 'e7408c2d-af06-44f7-9195-6e010d6e7261');
INSERT INTO `template_config` VALUES ('4e92393c-a003-4c2a-8ee7-e665ca1728fd', '766088b6-7e2f-4fec-9fa7-8c6a17753f79', 'bcad95b5-172c-49dc-9cc4-8cb67e29fcff', 'c2c54454-21c2-4e87-858d-47999d4a25f6', '6fc91cdc-46a2-4bb6-ba4f-76a7f451ad95', 'realtime-1:80', 0, '2cbd95d8-4efa-4bd1-a661-d5466ddbffb5');
INSERT INTO `template_config` VALUES ('4f8527e6-20a7-4290-a432-5b6351fb1735', '766088b6-7e2f-4fec-9fa7-8c6a17753f79', 'bcad95b5-172c-49dc-9cc4-8cb67e29fcff', 'f92c2bfd-85e6-4d56-97cb-ebe440f09313', '260111f3-c8af-468d-ae90-a7a182f5a5a5', 'https://uba.it.pkpm.cn', 0, '7ab36d31-3cb4-403f-acf6-cecaf4d632df');
INSERT INTO `template_config` VALUES ('4fb92831-fff0-4356-a0c7-ff2f8ff37a05', '766088b6-7e2f-4fec-9fa7-8c6a17753f79', 'bcad95b5-172c-49dc-9cc4-8cb67e29fcff', 'da90f995-b14e-4cec-a72a-07f880a846af', '0e4e5f12-71d1-4bcd-b799-97197de7df4e', 'https://uba.it.pkpm.cn', 0, '7ab36d31-3cb4-403f-acf6-cecaf4d632df');
INSERT INTO `template_config` VALUES ('502f5c51-22e5-49ad-9258-697ce2164388', '766088b6-7e2f-4fec-9fa7-8c6a17753f79', 'bcad95b5-172c-49dc-9cc4-8cb67e29fcff', 'ad1152b8-0a99-4821-a253-9431c337be83', '72723d12-318f-44c2-b433-fb670733be64', NULL, 0, NULL);
INSERT INTO `template_config` VALUES ('5079c8e0-f237-40bf-b441-015eaa9c3596', '766088b6-7e2f-4fec-9fa7-8c6a17753f79', 'bcad95b5-172c-49dc-9cc4-8cb67e29fcff', '589ea155-95d4-476e-b9e2-8c2ecd99f1fe', 'f1dd8fd0-f764-4779-97b1-b879248ace2d', 'https://uba.it.pkpm.cn', 0, '7ab36d31-3cb4-403f-acf6-cecaf4d632df');
INSERT INTO `template_config` VALUES ('50b57992-c0c6-4b19-8e09-84ed8ce57613', '766088b6-7e2f-4fec-9fa7-8c6a17753f79', 'bcad95b5-172c-49dc-9cc4-8cb67e29fcff', 'ebc0794a-51ea-4035-9cce-1fca20a47cfb', '02e8972c-f2ca-4455-9183-c3d2fba233e7', 'admin', 0, '84276ec4-1d1e-442f-ab04-c4486c81e001');
INSERT INTO `template_config` VALUES ('51ae3349-8916-4a93-bfbe-763ffd7e5797', '766088b6-7e2f-4fec-9fa7-8c6a17753f79', 'bcad95b5-172c-49dc-9cc4-8cb67e29fcff', 'ebc0794a-51ea-4035-9cce-1fca20a47cfb', '7304c176-e687-4fde-933c-4adc36127a95', 'realtime-1:9092,realtime-2:9092,realtime-3:9092', 0, '1e326ee1-01d9-4d2c-899b-552b257dc6ff');
INSERT INTO `template_config` VALUES ('51b8956d-1865-413c-b61d-b3831b4a9525', '766088b6-7e2f-4fec-9fa7-8c6a17753f79', 'bcad95b5-172c-49dc-9cc4-8cb67e29fcff', 'ebc0794a-51ea-4035-9cce-1fca20a47cfb', '238d7722-78e7-4b93-bf72-7f464aec8fa3', 'realtime-mkt:1927', 0, '3b221fcd-082c-4012-888d-07908f30a781');
INSERT INTO `template_config` VALUES ('529dfd0c-44f4-4fc5-a2bc-6667a8991ddf', '766088b6-7e2f-4fec-9fa7-8c6a17753f79', 'bcad95b5-172c-49dc-9cc4-8cb67e29fcff', 'ddc64e36-980e-4aef-883c-44582c4a3062', 'c416ee7f-bfe6-4dbe-9576-b4a383b9de7a', 'realtime-1:7713', 0, NULL);
INSERT INTO `template_config` VALUES ('52f5dce6-6c9e-4841-be9b-98d3085b3fb3', '766088b6-7e2f-4fec-9fa7-8c6a17753f79', 'bcad95b5-172c-49dc-9cc4-8cb67e29fcff', 'ddc64e36-980e-4aef-883c-44582c4a3062', '293538f1-e79e-4ac4-ae71-01b406333ec3', 'realtime-2:7713', 0, NULL);
INSERT INTO `template_config` VALUES ('530ea705-b1e9-4f42-8734-48beca0d8d19', '766088b6-7e2f-4fec-9fa7-8c6a17753f79', 'bcad95b5-172c-49dc-9cc4-8cb67e29fcff', '978b812d-230f-4b7b-89fd-06e3ef461451', '76a33f18-1f41-4222-b70d-881998a2cef4', 'realtime-2', 0, '9814e678-d100-4d29-b56f-748725a63e71');
INSERT INTO `template_config` VALUES ('53502bba-389f-4dab-9e14-fd97a2b40edc', '766088b6-7e2f-4fec-9fa7-8c6a17753f79', 'bcad95b5-172c-49dc-9cc4-8cb67e29fcff', 'd312cbb7-4209-4a1b-90ea-83cbcf30c29d', 'e36dcd97-8c64-4e4e-a107-b40876d0e193', 'web', 0, '052efc70-ed54-4ba1-87f1-af5f6a8cccf3');
INSERT INTO `template_config` VALUES ('543cac74-7e9b-42de-bf32-6628c571d752', '766088b6-7e2f-4fec-9fa7-8c6a17753f79', 'bcad95b5-172c-49dc-9cc4-8cb67e29fcff', '978b812d-230f-4b7b-89fd-06e3ef461451', 'c232fe5b-d86c-4442-8028-d949068fa3aa', 'realtime-1:9092,realtime-2:9092,realtime-3:9092', 0, '1e326ee1-01d9-4d2c-899b-552b257dc6ff');
INSERT INTO `template_config` VALUES ('5586441f-3f75-48cc-80a6-64d1e98a0b40', '766088b6-7e2f-4fec-9fa7-8c6a17753f79', 'bcad95b5-172c-49dc-9cc4-8cb67e29fcff', 'ebc0794a-51ea-4035-9cce-1fca20a47cfb', '4d326667-7f27-4f18-8e53-a735e09db4ac', 'realtime-1:7051,realtime-2:7051,realtime-3:7051', 0, '8830d915-f7fe-40b6-bc3e-af8ad5ef0eb9');
INSERT INTO `template_config` VALUES ('5598449f-ee75-4c31-8a9f-d352174ca7c6', '766088b6-7e2f-4fec-9fa7-8c6a17753f79', 'bcad95b5-172c-49dc-9cc4-8cb67e29fcff', 'c2c54454-21c2-4e87-858d-47999d4a25f6', 'c52ed261-07d8-4c46-8e90-81bea703f17a', 'zanalytics', 0, 'e7408c2d-af06-44f7-9195-6e010d6e7261');
INSERT INTO `template_config` VALUES ('55c6eb3d-4207-4c67-8bb8-9626d832ff5b', '766088b6-7e2f-4fec-9fa7-8c6a17753f79', 'bcad95b5-172c-49dc-9cc4-8cb67e29fcff', 'ca42ac55-68e0-4f5d-ba7d-d840cf2e1128', '1235ea44-17c5-46c3-aa33-b2a161ab5922', 'realtime-mkt:1927', 0, '3b221fcd-082c-4012-888d-07908f30a781');
INSERT INTO `template_config` VALUES ('562d0c84-ff22-4f3a-be61-9c630cb5ff28', '766088b6-7e2f-4fec-9fa7-8c6a17753f79', 'bcad95b5-172c-49dc-9cc4-8cb67e29fcff', 'c2c54454-21c2-4e87-858d-47999d4a25f6', '36ef53b4-0087-42f9-bf47-179d5150b79e', 'Sun_unix*1101', 0, 'c568fcdd-d9e3-4c1a-84f2-6eebe21c39ed');
INSERT INTO `template_config` VALUES ('56cbdfdd-170f-4d16-bbd5-eb4afd4ae73e', '766088b6-7e2f-4fec-9fa7-8c6a17753f79', 'bcad95b5-172c-49dc-9cc4-8cb67e29fcff', 'c2c54454-21c2-4e87-858d-47999d4a25f6', '23296ae4-f1a0-4d02-a261-6b6c1cc7f735', 'wt-weixin-topic', 0, '43df83ff-9dd6-41e7-a070-27b3e36f0fde');
INSERT INTO `template_config` VALUES ('582de58b-3fca-4102-ba97-af5366a9412c', '766088b6-7e2f-4fec-9fa7-8c6a17753f79', 'bcad95b5-172c-49dc-9cc4-8cb67e29fcff', '0ef3213a-6674-4924-9a2c-f0ed25ef92b6', '70d403c5-474d-4a18-95b1-1868b3ef7c06', NULL, 0, NULL);
INSERT INTO `template_config` VALUES ('5878fd51-3ce2-4841-a41d-0145ff41f590', '766088b6-7e2f-4fec-9fa7-8c6a17753f79', 'bcad95b5-172c-49dc-9cc4-8cb67e29fcff', '978b812d-230f-4b7b-89fd-06e3ef461451', '40c062ef-100d-446a-9ba2-01d5de861adc', 'web', 0, '052efc70-ed54-4ba1-87f1-af5f6a8cccf3');
INSERT INTO `template_config` VALUES ('5958d7b1-43a0-442d-b3d6-e68cf576df82', '766088b6-7e2f-4fec-9fa7-8c6a17753f79', 'bcad95b5-172c-49dc-9cc4-8cb67e29fcff', '978b812d-230f-4b7b-89fd-06e3ef461451', '6be62c07-778f-471b-8dc3-eff771edb60f', 'zanalytics', 0, 'e7408c2d-af06-44f7-9195-6e010d6e7261');
INSERT INTO `template_config` VALUES ('5b8ff2ec-b4ad-4a32-b76c-e1c4711531e4', '766088b6-7e2f-4fec-9fa7-8c6a17753f79', 'bcad95b5-172c-49dc-9cc4-8cb67e29fcff', '978b812d-230f-4b7b-89fd-06e3ef461451', '640135bb-b38e-400f-95a7-e5d0e4be1074', 'realtime-1', 0, '60cd1e20-4661-4196-85a2-a0909049cb42');
INSERT INTO `template_config` VALUES ('5c8db188-b801-4c10-8645-d958246e412e', '766088b6-7e2f-4fec-9fa7-8c6a17753f79', 'bcad95b5-172c-49dc-9cc4-8cb67e29fcff', '978b812d-230f-4b7b-89fd-06e3ef461451', 'ab981397-7222-479f-9f2e-66def896aa14', 'admin', 0, '84276ec4-1d1e-442f-ab04-c4486c81e001');
INSERT INTO `template_config` VALUES ('5cf2a16d-464d-4ef6-878d-60abd4402332', '766088b6-7e2f-4fec-9fa7-8c6a17753f79', 'bcad95b5-172c-49dc-9cc4-8cb67e29fcff', 'a1ea234c-2821-4b77-8049-0bb0b1ea3d30', '9d3b3359-0396-40f5-a3f4-0ee3b73605b8', '0', 0, '2fe18562-c2cd-4c92-be05-5ee076c17cd0');
INSERT INTO `template_config` VALUES ('5d585f62-eb50-4c10-b26e-123ac4436351', '766088b6-7e2f-4fec-9fa7-8c6a17753f79', 'bcad95b5-172c-49dc-9cc4-8cb67e29fcff', 'ddc64e36-980e-4aef-883c-44582c4a3062', 'c7becb9f-82a6-4020-b10c-5497bdac7c52', 'realtime-2:7808', 0, '773e7a8c-21fe-4f41-aa5d-5b3954044207');
INSERT INTO `template_config` VALUES ('5d7b0a3b-1ab5-4b8b-85b3-0452ab092eae', '766088b6-7e2f-4fec-9fa7-8c6a17753f79', 'bcad95b5-172c-49dc-9cc4-8cb67e29fcff', 'ebc0794a-51ea-4035-9cce-1fca20a47cfb', '0750e375-424a-4ef4-860c-6d84331bc637', 'zanalytics', 0, 'e7408c2d-af06-44f7-9195-6e010d6e7261');
INSERT INTO `template_config` VALUES ('5f1bd2dd-e9db-4ded-b395-52f14aab8d07', '766088b6-7e2f-4fec-9fa7-8c6a17753f79', 'bcad95b5-172c-49dc-9cc4-8cb67e29fcff', 'ddc64e36-980e-4aef-883c-44582c4a3062', '625264d7-d01d-4509-82e2-627bf3403272', 'uba.it.pkpm.cn', 0, NULL);
INSERT INTO `template_config` VALUES ('5f5aee74-9131-4846-9b2e-34b4a31a801e', '766088b6-7e2f-4fec-9fa7-8c6a17753f79', 'bcad95b5-172c-49dc-9cc4-8cb67e29fcff', 'ebc0794a-51ea-4035-9cce-1fca20a47cfb', 'b3e5cda6-38b1-41a0-8642-7a58ade9d372', 'realtime-1', 0, '60cd1e20-4661-4196-85a2-a0909049cb42');
INSERT INTO `template_config` VALUES ('5faf4f36-b370-4fe4-ab27-0739f48728a8', '766088b6-7e2f-4fec-9fa7-8c6a17753f79', 'bcad95b5-172c-49dc-9cc4-8cb67e29fcff', 'ebc0794a-51ea-4035-9cce-1fca20a47cfb', 'b3b54103-1185-441f-892d-a0ccc6c0e6b1', 'realtime-1', 0, '60cd1e20-4661-4196-85a2-a0909049cb42');
INSERT INTO `template_config` VALUES ('5fbcf3a9-db31-4d43-9847-3165a7e16283', '766088b6-7e2f-4fec-9fa7-8c6a17753f79', 'bcad95b5-172c-49dc-9cc4-8cb67e29fcff', 'dafbb59a-383b-43f1-b31c-a566720734b9', '78ddd37f-2fb0-47c8-8ca0-8c34664ac603', '6379', 0, '3daf56c9-9647-4b8e-a65a-648ba92ec826');
INSERT INTO `template_config` VALUES ('6019f288-499b-43b8-b62e-f8d728525ed1', '766088b6-7e2f-4fec-9fa7-8c6a17753f79', 'bcad95b5-172c-49dc-9cc4-8cb67e29fcff', 'f92c2bfd-85e6-4d56-97cb-ebe440f09313', 'dff3df3f-8700-4f08-91d6-09bcf1b0a7a4', 'realtime-1', 0, '60cd1e20-4661-4196-85a2-a0909049cb42');
INSERT INTO `template_config` VALUES ('609518af-cd45-49c0-b157-89f3f79d907e', '766088b6-7e2f-4fec-9fa7-8c6a17753f79', 'bcad95b5-172c-49dc-9cc4-8cb67e29fcff', '978b812d-230f-4b7b-89fd-06e3ef461451', '1b09b5d3-feb7-4184-889f-9551da2c959d', 'realtime-1', 0, '60cd1e20-4661-4196-85a2-a0909049cb42');
INSERT INTO `template_config` VALUES ('609e8ced-eff8-4424-a20a-a6db93c8ba2b', '766088b6-7e2f-4fec-9fa7-8c6a17753f79', 'bcad95b5-172c-49dc-9cc4-8cb67e29fcff', 'ad1152b8-0a99-4821-a253-9431c337be83', '4856ac0e-8a66-4f9c-8966-f3e6e0ab3ec5', 'zanalytics', 0, 'e7408c2d-af06-44f7-9195-6e010d6e7261');
INSERT INTO `template_config` VALUES ('60de53df-5be3-48dd-b3ec-d42e0e35ec9d', '766088b6-7e2f-4fec-9fa7-8c6a17753f79', 'bcad95b5-172c-49dc-9cc4-8cb67e29fcff', 'ddc64e36-980e-4aef-883c-44582c4a3062', '83faaca6-ba8b-44d0-861d-f16edb01a315', 'realtime-1:7715', 0, '94965f5d-e04e-4611-a3c4-657f36223c8d');
INSERT INTO `template_config` VALUES ('613b13be-a43d-473c-856a-2cc071852670', '766088b6-7e2f-4fec-9fa7-8c6a17753f79', 'bcad95b5-172c-49dc-9cc4-8cb67e29fcff', 'ebc0794a-51ea-4035-9cce-1fca20a47cfb', 'b097f960-7e40-4ec6-9106-1433342dd093', 'realtime-1', 0, '60cd1e20-4661-4196-85a2-a0909049cb42');
INSERT INTO `template_config` VALUES ('61e75fac-88ca-4ae1-8c26-6a1cd5af2d77', '766088b6-7e2f-4fec-9fa7-8c6a17753f79', 'bcad95b5-172c-49dc-9cc4-8cb67e29fcff', '57e40fe3-940a-4db8-aa9d-bd84ba8f495c', 'f31255f5-2e83-4caa-b6aa-b1f19680d79a', 'false', 0, '91b176d3-b160-4839-914d-2142af1bbf47');
INSERT INTO `template_config` VALUES ('62e325e4-6387-4c85-b24b-b1c2be6ac800', '766088b6-7e2f-4fec-9fa7-8c6a17753f79', 'bcad95b5-172c-49dc-9cc4-8cb67e29fcff', '978b812d-230f-4b7b-89fd-06e3ef461451', '721e4a91-6aae-432d-8a7d-2f77cc1a058d', NULL, 0, NULL);
INSERT INTO `template_config` VALUES ('635def53-3422-4a93-b56e-00b02445fd75', '766088b6-7e2f-4fec-9fa7-8c6a17753f79', 'bcad95b5-172c-49dc-9cc4-8cb67e29fcff', '978b812d-230f-4b7b-89fd-06e3ef461451', '28ccef6f-ca06-40ad-bbde-953cb639e2fc', 'web', 0, '052efc70-ed54-4ba1-87f1-af5f6a8cccf3');
INSERT INTO `template_config` VALUES ('63e767c9-55c8-4248-8ef6-dabe0315fccf', '766088b6-7e2f-4fec-9fa7-8c6a17753f79', 'bcad95b5-172c-49dc-9cc4-8cb67e29fcff', 'bbf20ef9-716c-4e0e-b259-ead25a804151', 'bd32a0c6-b06e-41da-8a7f-21899ed1c6ea', 'zg_see', 0, NULL);
INSERT INTO `template_config` VALUES ('63f64c0b-42bc-4484-94f9-495a6adbc8e0', '766088b6-7e2f-4fec-9fa7-8c6a17753f79', 'bcad95b5-172c-49dc-9cc4-8cb67e29fcff', 'c2c54454-21c2-4e87-858d-47999d4a25f6', '686bbf81-79f7-4808-a2b6-a9b5f1d07a04', 'realtime-1:9092,realtime-2:9092,realtime-3:9092', 0, '1e326ee1-01d9-4d2c-899b-552b257dc6ff');
INSERT INTO `template_config` VALUES ('642d75e1-10e0-4d63-aed2-690479fe2781', '766088b6-7e2f-4fec-9fa7-8c6a17753f79', 'bcad95b5-172c-49dc-9cc4-8cb67e29fcff', '978b812d-230f-4b7b-89fd-06e3ef461451', '51dfab55-e065-4f28-aaf4-7fbe588f56b2', 'admin', 0, '84276ec4-1d1e-442f-ab04-c4486c81e001');
INSERT INTO `template_config` VALUES ('64f14abf-dce4-462b-baf7-30527fcd626e', '766088b6-7e2f-4fec-9fa7-8c6a17753f79', 'bcad95b5-172c-49dc-9cc4-8cb67e29fcff', 'ebc0794a-51ea-4035-9cce-1fca20a47cfb', '1b4fdc2d-715b-461a-898e-d0684526234a', 'web', 0, '052efc70-ed54-4ba1-87f1-af5f6a8cccf3');
INSERT INTO `template_config` VALUES ('650f0f6d-8e73-41f4-8301-7b7aafec7b59', '766088b6-7e2f-4fec-9fa7-8c6a17753f79', 'bcad95b5-172c-49dc-9cc4-8cb67e29fcff', '978b812d-230f-4b7b-89fd-06e3ef461451', '6ab3b7d4-7cf6-4aec-ac93-f9df2e836890', 'realtime-1:7051,realtime-2:7051,realtime-3:7051', 0, '8830d915-f7fe-40b6-bc3e-af8ad5ef0eb9');
INSERT INTO `template_config` VALUES ('653a711d-62fa-45b0-9e60-a9227ba86443', '766088b6-7e2f-4fec-9fa7-8c6a17753f79', 'bcad95b5-172c-49dc-9cc4-8cb67e29fcff', 'c2c54454-21c2-4e87-858d-47999d4a25f6', 'e0a8fdf9-597d-472b-859e-6865f9f4568c', 'realtime-1:80', 0, '2cbd95d8-4efa-4bd1-a661-d5466ddbffb5');
INSERT INTO `template_config` VALUES ('65416d8d-930d-4164-8508-3c2157716236', '766088b6-7e2f-4fec-9fa7-8c6a17753f79', 'bcad95b5-172c-49dc-9cc4-8cb67e29fcff', '57e40fe3-940a-4db8-aa9d-bd84ba8f495c', '0e51a5b0-fcef-48f2-a6b4-6ce50b7087fd', '3306', 0, 'd3aee553-5e29-429e-8389-2d9fa63aa32f');
INSERT INTO `template_config` VALUES ('666631a9-dbb1-48ba-94ba-d252f7832ab9', '766088b6-7e2f-4fec-9fa7-8c6a17753f79', 'bcad95b5-172c-49dc-9cc4-8cb67e29fcff', 'aac0b8cd-8514-4609-819f-9af6d114e6ae', '330a6d42-6909-429d-907b-22121bc7513f', '/data/localization/nginx/certs/shiping/pix/', 0, NULL);
INSERT INTO `template_config` VALUES ('67d8d730-c0dc-4f8f-8284-887f0eb0c540', '766088b6-7e2f-4fec-9fa7-8c6a17753f79', 'bcad95b5-172c-49dc-9cc4-8cb67e29fcff', 'ddc64e36-980e-4aef-883c-44582c4a3062', 'e30ed86c-76b6-4a56-965d-cf8ebbeb7737', '3306', 0, 'd3aee553-5e29-429e-8389-2d9fa63aa32f');
INSERT INTO `template_config` VALUES ('681eec6b-8017-4509-b8ff-6ca0275a9207', '766088b6-7e2f-4fec-9fa7-8c6a17753f79', 'bcad95b5-172c-49dc-9cc4-8cb67e29fcff', '978b812d-230f-4b7b-89fd-06e3ef461451', '57a0cffe-770a-4feb-96f1-016b0f0ee405', 'web', 0, '052efc70-ed54-4ba1-87f1-af5f6a8cccf3');
INSERT INTO `template_config` VALUES ('6862d60e-4937-4979-bfa1-9fa3b030f821', '766088b6-7e2f-4fec-9fa7-8c6a17753f79', 'bcad95b5-172c-49dc-9cc4-8cb67e29fcff', 'ebc0794a-51ea-4035-9cce-1fca20a47cfb', '7931d272-5b9d-49bf-8cc0-329f93b52996', 'realtime-mkt:1920', 0, '8df8f6d7-e8fa-4857-a590-cce766b46ac9');
INSERT INTO `template_config` VALUES ('68db3e38-3dc4-42a7-914c-c70a34cecbcf', '766088b6-7e2f-4fec-9fa7-8c6a17753f79', 'bcad95b5-172c-49dc-9cc4-8cb67e29fcff', 'bacd30d5-971c-4e09-baa7-4eb6b3e78664', '754ea171-b89f-4b73-aa4b-2a9a56029bbc', 'admin', 0, '84276ec4-1d1e-442f-ab04-c4486c81e001');
INSERT INTO `template_config` VALUES ('6ac610fc-464e-4d95-80e3-d408c8e3a480', '766088b6-7e2f-4fec-9fa7-8c6a17753f79', 'bcad95b5-172c-49dc-9cc4-8cb67e29fcff', 'c2c54454-21c2-4e87-858d-47999d4a25f6', '61ca5970-079f-4c73-a6f3-3a860cd220bf', 'http://realtime-2:8882', 0, NULL);
INSERT INTO `template_config` VALUES ('6accbff2-e396-4b73-aefb-3f2e4aae46db', '766088b6-7e2f-4fec-9fa7-8c6a17753f79', 'bcad95b5-172c-49dc-9cc4-8cb67e29fcff', 'ddc64e36-980e-4aef-883c-44582c4a3062', '5f8c8fdb-4834-441c-b1e9-491587650219', 'realtime-1:8800', 0, '876880fb-e42d-4a22-90ad-e33ef5de2efe');
INSERT INTO `template_config` VALUES ('6ad1709f-5d66-4352-b5c5-888563114297', '766088b6-7e2f-4fec-9fa7-8c6a17753f79', 'bcad95b5-172c-49dc-9cc4-8cb67e29fcff', '978b812d-230f-4b7b-89fd-06e3ef461451', 'c4f5b365-6ba1-4ad2-a61b-31748523b15d', 'Sun_unix*1101', 0, 'c568fcdd-d9e3-4c1a-84f2-6eebe21c39ed');
INSERT INTO `template_config` VALUES ('6b149345-7787-494b-8200-77a16352a680', '766088b6-7e2f-4fec-9fa7-8c6a17753f79', 'bcad95b5-172c-49dc-9cc4-8cb67e29fcff', '57e40fe3-940a-4db8-aa9d-bd84ba8f495c', 'c2b93147-d81a-4a58-8bc9-877598e5811b', NULL, 0, NULL);
INSERT INTO `template_config` VALUES ('6c57524b-3471-4591-83bd-716756b50d3f', '766088b6-7e2f-4fec-9fa7-8c6a17753f79', 'bcad95b5-172c-49dc-9cc4-8cb67e29fcff', 'bbf20ef9-716c-4e0e-b259-ead25a804151', 'f94a0099-fcf1-422a-8f74-479dcc298670', 'zanalytics', 0, 'e7408c2d-af06-44f7-9195-6e010d6e7261');
INSERT INTO `template_config` VALUES ('6c7074f7-84b9-43d5-93dd-99a4592a9cd1', '766088b6-7e2f-4fec-9fa7-8c6a17753f79', 'bcad95b5-172c-49dc-9cc4-8cb67e29fcff', 'a1ea234c-2821-4b77-8049-0bb0b1ea3d30', 'e4d3cc22-0a40-4370-bb97-d29dc87b4fcd', 'ZhugeSDK', 0, NULL);
INSERT INTO `template_config` VALUES ('6ca23653-0b3e-45b3-ab53-4bc79f3b8541', '766088b6-7e2f-4fec-9fa7-8c6a17753f79', 'bcad95b5-172c-49dc-9cc4-8cb67e29fcff', 'ebc0794a-51ea-4035-9cce-1fca20a47cfb', 'cdaf95cd-58b2-4f1d-8cfb-34eb4704b2a6', 'zanalytics', 0, 'e7408c2d-af06-44f7-9195-6e010d6e7261');
INSERT INTO `template_config` VALUES ('6d221da2-3095-4561-b3af-cf21d67f3f8b', '766088b6-7e2f-4fec-9fa7-8c6a17753f79', 'bcad95b5-172c-49dc-9cc4-8cb67e29fcff', 'f92c2bfd-85e6-4d56-97cb-ebe440f09313', 'b5059660-e736-46ad-b20a-2e4f4b2fd745', 'realtime-1', 0, '60cd1e20-4661-4196-85a2-a0909049cb42');
INSERT INTO `template_config` VALUES ('6d37be36-93a8-49ee-b41c-dffddf8e73c1', '766088b6-7e2f-4fec-9fa7-8c6a17753f79', 'bcad95b5-172c-49dc-9cc4-8cb67e29fcff', 'ebc0794a-51ea-4035-9cce-1fca20a47cfb', 'c4e1f2e2-9bad-4538-8077-9ac89f28a89d', 'realtime-mkt:1923', 0, '294b7309-818a-4c88-b9fb-d06beaa86c15');
INSERT INTO `template_config` VALUES ('6d418a8a-0636-47ae-a144-9f961de5538c', '766088b6-7e2f-4fec-9fa7-8c6a17753f79', 'bcad95b5-172c-49dc-9cc4-8cb67e29fcff', 'ad1152b8-0a99-4821-a253-9431c337be83', '8395e154-fdf1-4cfa-8fd8-9a2a8a967c91', 'Sun_unix*1101', 0, 'c568fcdd-d9e3-4c1a-84f2-6eebe21c39ed');
INSERT INTO `template_config` VALUES ('6dd510bf-f61d-4239-a389-fc209ccfc7b6', '766088b6-7e2f-4fec-9fa7-8c6a17753f79', 'bcad95b5-172c-49dc-9cc4-8cb67e29fcff', 'ddc64e36-980e-4aef-883c-44582c4a3062', '46cff09b-704d-4078-bf83-04ca5e1d665f', 'realtime-1', 0, '60cd1e20-4661-4196-85a2-a0909049cb42');
INSERT INTO `template_config` VALUES ('6e02fc4e-4e8f-4f39-bea3-3280e632ec86', '766088b6-7e2f-4fec-9fa7-8c6a17753f79', 'bcad95b5-172c-49dc-9cc4-8cb67e29fcff', 'ad1152b8-0a99-4821-a253-9431c337be83', '208331e0-4552-42e8-99e4-1f625ba6f0b4', 'Sun_unix*1101', 0, 'c568fcdd-d9e3-4c1a-84f2-6eebe21c39ed');
INSERT INTO `template_config` VALUES ('6f13c346-5215-4f71-b4ca-2ace7d8a1f20', '766088b6-7e2f-4fec-9fa7-8c6a17753f79', 'bcad95b5-172c-49dc-9cc4-8cb67e29fcff', 'bacd30d5-971c-4e09-baa7-4eb6b3e78664', '8385d670-a9fc-420b-8772-960f9f3c5b2c', 'realtime-1', 0, '60cd1e20-4661-4196-85a2-a0909049cb42');
INSERT INTO `template_config` VALUES ('6fbe84d2-348b-4885-9462-c00786c15866', '766088b6-7e2f-4fec-9fa7-8c6a17753f79', 'bcad95b5-172c-49dc-9cc4-8cb67e29fcff', 'ebc0794a-51ea-4035-9cce-1fca20a47cfb', '7bb37f4c-d90e-4e51-9b9b-d6562f88ef32', '3306', 0, 'd3aee553-5e29-429e-8389-2d9fa63aa32f');
INSERT INTO `template_config` VALUES ('6fecb80d-5a9e-4cc9-b6f2-89e8c51b5ca7', '766088b6-7e2f-4fec-9fa7-8c6a17753f79', 'bcad95b5-172c-49dc-9cc4-8cb67e29fcff', 'd312cbb7-4209-4a1b-90ea-83cbcf30c29d', '44fda192-ea2b-4d24-aa63-10f8df764f5f', 'realtime-1:9092,realtime-2:9092,realtime-3:9092', 0, '1e326ee1-01d9-4d2c-899b-552b257dc6ff');
INSERT INTO `template_config` VALUES ('70ca337b-fc42-465a-b029-1ad2ca522b75', '766088b6-7e2f-4fec-9fa7-8c6a17753f79', 'bcad95b5-172c-49dc-9cc4-8cb67e29fcff', '57e40fe3-940a-4db8-aa9d-bd84ba8f495c', '2a5f70cc-fd16-45cb-b2db-2d477fc9570c', 'zanalytics', 0, 'e7408c2d-af06-44f7-9195-6e010d6e7261');
INSERT INTO `template_config` VALUES ('70ef969a-c70d-42d5-b01a-d4bade2f8996', '766088b6-7e2f-4fec-9fa7-8c6a17753f79', 'bcad95b5-172c-49dc-9cc4-8cb67e29fcff', 'ddc64e36-980e-4aef-883c-44582c4a3062', 'ed114732-b572-4bc3-8c18-d97436eba200', 'realtime-2:7808', 0, '773e7a8c-21fe-4f41-aa5d-5b3954044207');
INSERT INTO `template_config` VALUES ('71240005-a852-4e1e-a014-dbd8f816ff43', '766088b6-7e2f-4fec-9fa7-8c6a17753f79', 'bcad95b5-172c-49dc-9cc4-8cb67e29fcff', 'aac0b8cd-8514-4609-819f-9af6d114e6ae', '1091fc2d-1b17-48f6-bb2d-ac83acfb40cb', 'zg_see_pix', 0, NULL);
INSERT INTO `template_config` VALUES ('712d4928-cd5c-42ed-bacc-17c29e77ac95', '766088b6-7e2f-4fec-9fa7-8c6a17753f79', 'bcad95b5-172c-49dc-9cc4-8cb67e29fcff', 'bacd30d5-971c-4e09-baa7-4eb6b3e78664', 'e07183bc-d403-49a9-ba13-1e7437af60a9', 'realtime-1:80', 0, '2cbd95d8-4efa-4bd1-a661-d5466ddbffb5');
INSERT INTO `template_config` VALUES ('721dd111-16d1-47c9-a2c5-4ef837cf2d96', '766088b6-7e2f-4fec-9fa7-8c6a17753f79', 'bcad95b5-172c-49dc-9cc4-8cb67e29fcff', '95ff7d6e-2d8d-4303-acce-755ebbff221a', '06d86f8c-1d96-4b99-9c21-7e7f8d63dc37', '数据分析', 0, '16455ee4-0ce5-4b6e-9ba3-afe762a226fa');
INSERT INTO `template_config` VALUES ('73a6e3da-feb0-4794-9223-1e2bf3d4a5e4', '766088b6-7e2f-4fec-9fa7-8c6a17753f79', 'bcad95b5-172c-49dc-9cc4-8cb67e29fcff', '978b812d-230f-4b7b-89fd-06e3ef461451', 'e9ece0c4-23ef-4a50-8b0e-3a78be0fcca3', NULL, 0, NULL);
INSERT INTO `template_config` VALUES ('73ed1797-175a-4f1d-a23e-7ec6de65763c', '766088b6-7e2f-4fec-9fa7-8c6a17753f79', 'bcad95b5-172c-49dc-9cc4-8cb67e29fcff', 'ddc64e36-980e-4aef-883c-44582c4a3062', 'df2a0fbb-107e-409a-a2b0-765e20ec090e', '6379', 0, '3daf56c9-9647-4b8e-a65a-648ba92ec826');
INSERT INTO `template_config` VALUES ('74981ff4-5e4e-4bb3-9539-ad9486be186e', '766088b6-7e2f-4fec-9fa7-8c6a17753f79', 'bcad95b5-172c-49dc-9cc4-8cb67e29fcff', 'c2c54454-21c2-4e87-858d-47999d4a25f6', '549cefe1-8a5d-4816-913c-b2d39a401d0a', 'realtime-1:2182,realtime-2:2182,realtime-3:2182', 0, NULL);
INSERT INTO `template_config` VALUES ('755ec86c-1fe0-4e93-b0e8-9f10a249564f', '766088b6-7e2f-4fec-9fa7-8c6a17753f79', 'bcad95b5-172c-49dc-9cc4-8cb67e29fcff', 'ddc64e36-980e-4aef-883c-44582c4a3062', '51b6e202-2564-4f92-abd5-6a83fadb5486', 'realtime-1:9003', 0, '249e7c1c-7aab-4d41-a48e-cac383c8009b');
INSERT INTO `template_config` VALUES ('7588db3e-11be-488a-8b28-3e29f470b05b', '766088b6-7e2f-4fec-9fa7-8c6a17753f79', 'bcad95b5-172c-49dc-9cc4-8cb67e29fcff', 'ebc0794a-51ea-4035-9cce-1fca20a47cfb', 'ae8971b0-b0e7-4a17-ad35-acf350df8535', 'realtime-mkt:1923', 0, '294b7309-818a-4c88-b9fb-d06beaa86c15');
INSERT INTO `template_config` VALUES ('75f46c97-bda7-4978-b5df-972fe0dff143', '766088b6-7e2f-4fec-9fa7-8c6a17753f79', 'bcad95b5-172c-49dc-9cc4-8cb67e29fcff', 'ddc64e36-980e-4aef-883c-44582c4a3062', '470ed907-77c8-422a-9eb1-ffbcbc1454e9', 'realtime-1:9003', 0, '249e7c1c-7aab-4d41-a48e-cac383c8009b');
INSERT INTO `template_config` VALUES ('7792ccc1-3374-4f36-8704-a126733e64f5', '766088b6-7e2f-4fec-9fa7-8c6a17753f79', 'bcad95b5-172c-49dc-9cc4-8cb67e29fcff', 'f92c2bfd-85e6-4d56-97cb-ebe440f09313', '30372284-2062-4ac9-b150-ad6ade4bd7a7', 'http://realtime-1:8008', 0, NULL);
INSERT INTO `template_config` VALUES ('779b4ed2-c435-4848-a7b3-9b7fef2d8ad8', '766088b6-7e2f-4fec-9fa7-8c6a17753f79', 'bcad95b5-172c-49dc-9cc4-8cb67e29fcff', '978b812d-230f-4b7b-89fd-06e3ef461451', '56aaee78-efee-4d1f-aef3-1916c8c1e175', '8897', 0, '697eeb97-03c9-486e-8ded-6a9548683a56');
INSERT INTO `template_config` VALUES ('781cb9a8-6311-45f3-8d57-8a92bd15010e', '766088b6-7e2f-4fec-9fa7-8c6a17753f79', 'bcad95b5-172c-49dc-9cc4-8cb67e29fcff', 'ebc0794a-51ea-4035-9cce-1fca20a47cfb', '3c9d7a57-1893-49e4-bfee-50c0c94f1dab', 'realtime-1', 0, '60cd1e20-4661-4196-85a2-a0909049cb42');
INSERT INTO `template_config` VALUES ('78f5007b-a161-4eab-9ad2-f9e1dde95978', '766088b6-7e2f-4fec-9fa7-8c6a17753f79', 'bcad95b5-172c-49dc-9cc4-8cb67e29fcff', 'bacd30d5-971c-4e09-baa7-4eb6b3e78664', '1e38c313-9148-4bf2-a51c-2cbb4c937246', '8888', 0, '19613156-b0f1-40f9-ba94-4d83852256ae');
INSERT INTO `template_config` VALUES ('79200c13-5561-47f2-92b9-efb4ff31cfdb', '766088b6-7e2f-4fec-9fa7-8c6a17753f79', 'bcad95b5-172c-49dc-9cc4-8cb67e29fcff', '978b812d-230f-4b7b-89fd-06e3ef461451', '2c002d2c-8696-4a19-9ae6-2102faa23cfc', 'realtime-1:9092,realtime-2:9092,realtime-3:9092', 0, '1e326ee1-01d9-4d2c-899b-552b257dc6ff');
INSERT INTO `template_config` VALUES ('792584fb-cad6-4000-b9ce-1bba479892e3', '766088b6-7e2f-4fec-9fa7-8c6a17753f79', 'bcad95b5-172c-49dc-9cc4-8cb67e29fcff', '978b812d-230f-4b7b-89fd-06e3ef461451', 'be735284-1183-4c3c-9b55-6f6d5373c446', 'admin', 0, '84276ec4-1d1e-442f-ab04-c4486c81e001');
INSERT INTO `template_config` VALUES ('799a357c-f8df-49ec-a182-d0c3713a319e', '766088b6-7e2f-4fec-9fa7-8c6a17753f79', 'bcad95b5-172c-49dc-9cc4-8cb67e29fcff', '978b812d-230f-4b7b-89fd-06e3ef461451', '0cb70a7c-1dd1-439b-9915-1fac7d0429e6', 'zhugeio', 0, NULL);
INSERT INTO `template_config` VALUES ('7aa8a529-ae73-4af7-a204-42da3e21a277', '766088b6-7e2f-4fec-9fa7-8c6a17753f79', 'bcad95b5-172c-49dc-9cc4-8cb67e29fcff', '978b812d-230f-4b7b-89fd-06e3ef461451', 'df7e015a-8dd7-45b4-b8e0-2a692e4636d7', NULL, 0, NULL);
INSERT INTO `template_config` VALUES ('7baaf9b5-8bf5-47ea-95af-d7bef892d830', '766088b6-7e2f-4fec-9fa7-8c6a17753f79', 'bcad95b5-172c-49dc-9cc4-8cb67e29fcff', 'f92c2bfd-85e6-4d56-97cb-ebe440f09313', 'ec02882a-9808-446e-bace-c9448b3d9f3e', '9200', 0, '137af99a-69e0-46a5-920e-680b5e6e4478');
INSERT INTO `template_config` VALUES ('7c269cdb-10a6-473d-8c6a-fe570b2d2f76', '766088b6-7e2f-4fec-9fa7-8c6a17753f79', 'bcad95b5-172c-49dc-9cc4-8cb67e29fcff', 'c2c54454-21c2-4e87-858d-47999d4a25f6', 'bdcc9d9d-3fda-4e3e-a647-9a85bcc298da', 'realtime-1', 0, '60cd1e20-4661-4196-85a2-a0909049cb42');
INSERT INTO `template_config` VALUES ('7c46ca51-bd87-4507-a16d-483dbbd5a3a4', '766088b6-7e2f-4fec-9fa7-8c6a17753f79', 'bcad95b5-172c-49dc-9cc4-8cb67e29fcff', 'c2c54454-21c2-4e87-858d-47999d4a25f6', 'cc6882ce-26fa-4546-a618-4abcd0390ef3', '26480', 0, '269a5a46-1834-4b27-afd4-96c4b60e9f84');
INSERT INTO `template_config` VALUES ('7c535641-f943-4f33-9767-c1e6313e9b3b', '766088b6-7e2f-4fec-9fa7-8c6a17753f79', 'bcad95b5-172c-49dc-9cc4-8cb67e29fcff', 'ddc64e36-980e-4aef-883c-44582c4a3062', '8386fbd8-ef98-4866-a3a2-739303ba6d07', 'realtime-1:8081', 0, '45105f5b-9ec9-427e-adce-a0fc07917809');
INSERT INTO `template_config` VALUES ('7c67b909-2638-4b19-a310-b54c7f519065', '766088b6-7e2f-4fec-9fa7-8c6a17753f79', 'bcad95b5-172c-49dc-9cc4-8cb67e29fcff', '978b812d-230f-4b7b-89fd-06e3ef461451', '77f684be-0ee2-483c-af38-7e7e76972c48', 'realtime-1', 0, '60cd1e20-4661-4196-85a2-a0909049cb42');
INSERT INTO `template_config` VALUES ('7d29c993-57e5-4146-ad64-cf758f6890c9', '766088b6-7e2f-4fec-9fa7-8c6a17753f79', 'bcad95b5-172c-49dc-9cc4-8cb67e29fcff', 'c2c54454-21c2-4e87-858d-47999d4a25f6', '70d7c944-5c3e-4921-90a5-5bea520e1abc', 'Sun_unix*1101', 0, 'c568fcdd-d9e3-4c1a-84f2-6eebe21c39ed');
INSERT INTO `template_config` VALUES ('7d97a1fd-995f-420b-9f8a-5b02bc74c513', '766088b6-7e2f-4fec-9fa7-8c6a17753f79', 'bcad95b5-172c-49dc-9cc4-8cb67e29fcff', 'ad1152b8-0a99-4821-a253-9431c337be83', 'e88402c2-5202-45c5-9a46-825c51bc71e1', 'zanalytics', 0, 'e7408c2d-af06-44f7-9195-6e010d6e7261');
INSERT INTO `template_config` VALUES ('7e6451a0-c300-4531-9897-b887ae3048ff', '766088b6-7e2f-4fec-9fa7-8c6a17753f79', 'bcad95b5-172c-49dc-9cc4-8cb67e29fcff', 'ebc0794a-51ea-4035-9cce-1fca20a47cfb', 'b4205866-8558-4c3a-90b8-5a85f918c6ec', 'realtime-1', 0, '60cd1e20-4661-4196-85a2-a0909049cb42');
INSERT INTO `template_config` VALUES ('7f8c03de-c6f7-411c-a554-285c7cd301f0', '766088b6-7e2f-4fec-9fa7-8c6a17753f79', 'bcad95b5-172c-49dc-9cc4-8cb67e29fcff', 'c2c54454-21c2-4e87-858d-47999d4a25f6', 'eeb5217f-6b86-4022-8b3f-5d2bed0ee747', 'wt-weixin-topic', 0, '43df83ff-9dd6-41e7-a070-27b3e36f0fde');
INSERT INTO `template_config` VALUES ('7f8c7a2d-81ce-4a96-995e-42231d885974', '766088b6-7e2f-4fec-9fa7-8c6a17753f79', 'bcad95b5-172c-49dc-9cc4-8cb67e29fcff', 'ddc64e36-980e-4aef-883c-44582c4a3062', '9dc7c1db-3c89-44d4-8dc2-93cc8f184ee2', 'realtime-1:8080', 0, '538036a1-c75d-4c93-a9e7-011e10c98c8e');
INSERT INTO `template_config` VALUES ('80259168-c1fe-4163-8591-57f4f77f9d7f', '766088b6-7e2f-4fec-9fa7-8c6a17753f79', 'bcad95b5-172c-49dc-9cc4-8cb67e29fcff', 'a1ea234c-2821-4b77-8049-0bb0b1ea3d30', '442afbf3-d5c0-4da7-8c2e-8bd4f055d2f8', 'https://uba.it.pkpm.cn', 0, '7ab36d31-3cb4-403f-acf6-cecaf4d632df');
INSERT INTO `template_config` VALUES ('81ea6ed7-afc5-4be8-82fe-d470f8be64a0', '766088b6-7e2f-4fec-9fa7-8c6a17753f79', 'bcad95b5-172c-49dc-9cc4-8cb67e29fcff', 'ddc64e36-980e-4aef-883c-44582c4a3062', '457b01c1-dd9a-4c81-b109-21054e2404b6', '6379', 0, '3daf56c9-9647-4b8e-a65a-648ba92ec826');
INSERT INTO `template_config` VALUES ('81fb796a-6cca-45ed-84b0-7a65a564b6b7', '766088b6-7e2f-4fec-9fa7-8c6a17753f79', 'bcad95b5-172c-49dc-9cc4-8cb67e29fcff', 'ddc64e36-980e-4aef-883c-44582c4a3062', 'ce032ccd-762a-4ec8-b80a-51fadaa0b83a', 'realtime-1:8080', 0, '538036a1-c75d-4c93-a9e7-011e10c98c8e');
INSERT INTO `template_config` VALUES ('81fff173-642c-47c6-8087-0c497fa8f74a', '766088b6-7e2f-4fec-9fa7-8c6a17753f79', 'bcad95b5-172c-49dc-9cc4-8cb67e29fcff', 'ebc0794a-51ea-4035-9cce-1fca20a47cfb', '8583b98b-1b9d-4d5b-b160-6eb2737ffebf', 'realtime-mkt:1925', 0, '52afe8bc-872d-461a-b159-6d9ceb5033d6');
INSERT INTO `template_config` VALUES ('830c9da0-d9e5-4a9a-84fe-e17ed41d20c6', '766088b6-7e2f-4fec-9fa7-8c6a17753f79', 'bcad95b5-172c-49dc-9cc4-8cb67e29fcff', '978b812d-230f-4b7b-89fd-06e3ef461451', '55ccfe5b-8ce9-449b-9672-e6e03e4f15a6', 'realtime-2', 0, '9814e678-d100-4d29-b56f-748725a63e71');
INSERT INTO `template_config` VALUES ('838bb2bc-6119-4862-a477-c39f9e0f062d', '766088b6-7e2f-4fec-9fa7-8c6a17753f79', 'bcad95b5-172c-49dc-9cc4-8cb67e29fcff', 'ebc0794a-51ea-4035-9cce-1fca20a47cfb', '9da83880-891e-48d5-991d-e6b81e064b67', 'zanalytics', 0, 'e7408c2d-af06-44f7-9195-6e010d6e7261');
INSERT INTO `template_config` VALUES ('839c4639-5476-45be-a7b9-515f14f2e04b', '766088b6-7e2f-4fec-9fa7-8c6a17753f79', 'bcad95b5-172c-49dc-9cc4-8cb67e29fcff', 'a1ea234c-2821-4b77-8049-0bb0b1ea3d30', '1d278bc2-071c-435b-b622-3934f20d197a', '/analysis/socket', 0, NULL);
INSERT INTO `template_config` VALUES ('84512f9b-f6cc-41e0-a0ca-ef3a9d97c10e', '766088b6-7e2f-4fec-9fa7-8c6a17753f79', 'bcad95b5-172c-49dc-9cc4-8cb67e29fcff', 'bbf20ef9-716c-4e0e-b259-ead25a804151', '7645aa2a-e247-40d5-ab26-608a61ef85ac', 'zanalytics', 0, 'e7408c2d-af06-44f7-9195-6e010d6e7261');
INSERT INTO `template_config` VALUES ('84857455-67ff-4a72-bacc-cfd2b08e5f21', '766088b6-7e2f-4fec-9fa7-8c6a17753f79', 'bcad95b5-172c-49dc-9cc4-8cb67e29fcff', 'ebc0794a-51ea-4035-9cce-1fca20a47cfb', 'fa975190-34cd-4819-9258-9d77c54b7354', 'realtime-1:9092,realtime-2:9092,realtime-3:9092', 0, '1e326ee1-01d9-4d2c-899b-552b257dc6ff');
INSERT INTO `template_config` VALUES ('851b388d-ecd9-4cbc-973b-28f83760fd65', '766088b6-7e2f-4fec-9fa7-8c6a17753f79', 'bcad95b5-172c-49dc-9cc4-8cb67e29fcff', 'dafbb59a-383b-43f1-b31c-a566720734b9', '41ba3a96-65fd-4b48-b24b-e9e14b9e9a33', 'realtime-1:7051,realtime-2:7051,realtime-3:7051', 0, '8830d915-f7fe-40b6-bc3e-af8ad5ef0eb9');
INSERT INTO `template_config` VALUES ('853eb8da-0146-42cf-b1c8-19db9894fb0e', '766088b6-7e2f-4fec-9fa7-8c6a17753f79', 'bcad95b5-172c-49dc-9cc4-8cb67e29fcff', 'ebc0794a-51ea-4035-9cce-1fca20a47cfb', 'd07f8ef1-41f2-43cd-aede-03b14ab9c558', 'realtime-mkt:1925', 0, '52afe8bc-872d-461a-b159-6d9ceb5033d6');
INSERT INTO `template_config` VALUES ('86672dd9-60e4-4cbe-9ddf-00ac83aa9514', '766088b6-7e2f-4fec-9fa7-8c6a17753f79', 'bcad95b5-172c-49dc-9cc4-8cb67e29fcff', 'ddc64e36-980e-4aef-883c-44582c4a3062', '0490ec62-d60f-43ab-b596-e858e9abf0ed', '6379', 0, '3daf56c9-9647-4b8e-a65a-648ba92ec826');
INSERT INTO `template_config` VALUES ('868c04aa-2461-4fe8-8ef8-e2591becc1f2', '766088b6-7e2f-4fec-9fa7-8c6a17753f79', 'bcad95b5-172c-49dc-9cc4-8cb67e29fcff', '978b812d-230f-4b7b-89fd-06e3ef461451', 'b3f3f8fb-b03e-4787-acaf-8cc1b5fab936', 'zanalytics', 0, 'e7408c2d-af06-44f7-9195-6e010d6e7261');
INSERT INTO `template_config` VALUES ('86ad1cdd-0e98-4b68-8b69-d8b83c1d7ac3', '766088b6-7e2f-4fec-9fa7-8c6a17753f79', 'bcad95b5-172c-49dc-9cc4-8cb67e29fcff', 'ddc64e36-980e-4aef-883c-44582c4a3062', '6e73600e-161b-4368-aec8-21b42fff1f69', 'realtime-1:7713', 0, NULL);
INSERT INTO `template_config` VALUES ('86b71cbe-2e74-4726-a0d0-fc676cf15bc9', '766088b6-7e2f-4fec-9fa7-8c6a17753f79', 'bcad95b5-172c-49dc-9cc4-8cb67e29fcff', '32bdaf26-8a8b-492b-9f99-14391bd784cb', 'fb0e128e-5340-434f-8ca2-45e13b382b37', 'Sun_unix*1101', 0, 'c568fcdd-d9e3-4c1a-84f2-6eebe21c39ed');
INSERT INTO `template_config` VALUES ('86d07ad6-4a6e-49ce-8ed0-eac9ba654c1e', '766088b6-7e2f-4fec-9fa7-8c6a17753f79', 'bcad95b5-172c-49dc-9cc4-8cb67e29fcff', '978b812d-230f-4b7b-89fd-06e3ef461451', '9a56b4b5-785e-413e-892f-dad28e71f57a', 'realtime-1', 0, '60cd1e20-4661-4196-85a2-a0909049cb42');
INSERT INTO `template_config` VALUES ('870d4883-e689-4894-bddc-308aa9a52196', '766088b6-7e2f-4fec-9fa7-8c6a17753f79', 'bcad95b5-172c-49dc-9cc4-8cb67e29fcff', 'bbf20ef9-716c-4e0e-b259-ead25a804151', 'fe4f8783-1264-4760-9856-661d709d918c', 'zanalytics', 0, 'e7408c2d-af06-44f7-9195-6e010d6e7261');
INSERT INTO `template_config` VALUES ('877a8f75-0c1d-45c1-b6a1-c14a0bfe90df', '766088b6-7e2f-4fec-9fa7-8c6a17753f79', 'bcad95b5-172c-49dc-9cc4-8cb67e29fcff', 'ebc0794a-51ea-4035-9cce-1fca20a47cfb', 'f6b7e8d0-4493-4584-aa0a-0f16e87e29d0', 'realtime-mkt:1922', 0, '3ab743f1-3464-4c7b-9252-ff5cd6d1c918');
INSERT INTO `template_config` VALUES ('87a1ff4b-0d3e-414e-beb9-73277fb2f498', '766088b6-7e2f-4fec-9fa7-8c6a17753f79', 'bcad95b5-172c-49dc-9cc4-8cb67e29fcff', 'bacd30d5-971c-4e09-baa7-4eb6b3e78664', '7e5b6dd2-811f-40e4-a86c-7d9f45179e6d', '3306', 0, 'd3aee553-5e29-429e-8389-2d9fa63aa32f');
INSERT INTO `template_config` VALUES ('882a2386-6b84-452b-9e63-316908c58295', '766088b6-7e2f-4fec-9fa7-8c6a17753f79', 'bcad95b5-172c-49dc-9cc4-8cb67e29fcff', '978b812d-230f-4b7b-89fd-06e3ef461451', 'e7f1880a-76a4-4e72-a039-77fa6d1ca8e5', 'realtime-3', 0, '360aa9c1-66f7-4ade-bd1c-ae2528793e76');
INSERT INTO `template_config` VALUES ('8836f1af-5fed-4223-bbbd-c3409e24c70f', '766088b6-7e2f-4fec-9fa7-8c6a17753f79', 'bcad95b5-172c-49dc-9cc4-8cb67e29fcff', 'f92c2bfd-85e6-4d56-97cb-ebe440f09313', '25482487-7a63-4f6a-ab32-d9c1a0934384', 'uba.it.pkpm.cn', 0, NULL);
INSERT INTO `template_config` VALUES ('885d393c-5ab4-4d1e-a4cb-9e9eaff3afb2', '766088b6-7e2f-4fec-9fa7-8c6a17753f79', 'bcad95b5-172c-49dc-9cc4-8cb67e29fcff', 'c2c54454-21c2-4e87-858d-47999d4a25f6', '3cb165d3-739e-4eb5-938d-99970eddd124', 'zanalytics', 0, 'e7408c2d-af06-44f7-9195-6e010d6e7261');
INSERT INTO `template_config` VALUES ('887ddc92-84c4-4a0f-884c-f356690f15a8', '766088b6-7e2f-4fec-9fa7-8c6a17753f79', 'bcad95b5-172c-49dc-9cc4-8cb67e29fcff', '978b812d-230f-4b7b-89fd-06e3ef461451', '1f45be06-7c0a-45c6-86f5-7c02fc9d5003', 'realtime-1', 0, '60cd1e20-4661-4196-85a2-a0909049cb42');
INSERT INTO `template_config` VALUES ('88a2a450-47a4-4de7-9bb1-e91b1a26a31e', '766088b6-7e2f-4fec-9fa7-8c6a17753f79', 'bcad95b5-172c-49dc-9cc4-8cb67e29fcff', 'ddc64e36-980e-4aef-883c-44582c4a3062', '3d43f4fd-1e0b-41b1-8d01-8204b503af7d', 'realtime-1', 0, '60cd1e20-4661-4196-85a2-a0909049cb42');
INSERT INTO `template_config` VALUES ('88f5da58-8711-4ac8-937c-11def7e8858d', '766088b6-7e2f-4fec-9fa7-8c6a17753f79', 'bcad95b5-172c-49dc-9cc4-8cb67e29fcff', 'ddc64e36-980e-4aef-883c-44582c4a3062', 'c5e5d38e-9e5d-4f16-aa77-34d0292e92ef', 'realtime-1:8800', 0, '876880fb-e42d-4a22-90ad-e33ef5de2efe');
INSERT INTO `template_config` VALUES ('8972e06a-e197-4e19-b51c-9c039876e279', '766088b6-7e2f-4fec-9fa7-8c6a17753f79', 'bcad95b5-172c-49dc-9cc4-8cb67e29fcff', 'ebc0794a-51ea-4035-9cce-1fca20a47cfb', '5076b1ea-e56a-4a32-b571-1b58beda238a', '3306', 0, 'd3aee553-5e29-429e-8389-2d9fa63aa32f');
INSERT INTO `template_config` VALUES ('89947b68-b9e0-4f57-a23b-25850a310aea', '766088b6-7e2f-4fec-9fa7-8c6a17753f79', 'bcad95b5-172c-49dc-9cc4-8cb67e29fcff', 'ddc64e36-980e-4aef-883c-44582c4a3062', '81ae561f-0669-4181-9abf-2fa080ef9b14', '8888', 0, '19613156-b0f1-40f9-ba94-4d83852256ae');
INSERT INTO `template_config` VALUES ('89be6b49-1966-4d43-8992-15661546f32c', '766088b6-7e2f-4fec-9fa7-8c6a17753f79', 'bcad95b5-172c-49dc-9cc4-8cb67e29fcff', 'ddc64e36-980e-4aef-883c-44582c4a3062', 'acf573ba-7f3d-4929-8b4d-b84ce7e6b0d3', 'web', 0, '052efc70-ed54-4ba1-87f1-af5f6a8cccf3');
INSERT INTO `template_config` VALUES ('8a50c181-3583-46e5-b8f2-ef52061102dc', '766088b6-7e2f-4fec-9fa7-8c6a17753f79', 'bcad95b5-172c-49dc-9cc4-8cb67e29fcff', 'ebc0794a-51ea-4035-9cce-1fca20a47cfb', 'ee237e83-b48a-4004-9f01-2b282a5dea6b', 'admin', 0, '84276ec4-1d1e-442f-ab04-c4486c81e001');
INSERT INTO `template_config` VALUES ('8b09456b-139e-40fa-ad19-b345d421c3eb', '766088b6-7e2f-4fec-9fa7-8c6a17753f79', 'bcad95b5-172c-49dc-9cc4-8cb67e29fcff', 'ddc64e36-980e-4aef-883c-44582c4a3062', '7a17fe2e-9d1a-4746-ba22-b1539bc05552', 'realtime-1:18080', 0, '88da82a1-365f-499e-8ffe-509dfe7e5567');
INSERT INTO `template_config` VALUES ('8bc0c6ad-2ee1-4a17-9b12-5009dc1e0e79', '766088b6-7e2f-4fec-9fa7-8c6a17753f79', 'bcad95b5-172c-49dc-9cc4-8cb67e29fcff', 'a1ea234c-2821-4b77-8049-0bb0b1ea3d30', 'ef3e206c-cfee-4e04-95fa-fe2f1e61fde7', 'false', 0, '91b176d3-b160-4839-914d-2142af1bbf47');
INSERT INTO `template_config` VALUES ('8be0c664-327a-4500-9713-c045efd467c6', '766088b6-7e2f-4fec-9fa7-8c6a17753f79', 'bcad95b5-172c-49dc-9cc4-8cb67e29fcff', '978b812d-230f-4b7b-89fd-06e3ef461451', 'e7511b31-a951-45f2-8b2f-d520b64174e4', 'admin', 0, '84276ec4-1d1e-442f-ab04-c4486c81e001');
INSERT INTO `template_config` VALUES ('8c7bcf45-8c43-4e6b-bfc3-cddc48095bc5', '766088b6-7e2f-4fec-9fa7-8c6a17753f79', 'bcad95b5-172c-49dc-9cc4-8cb67e29fcff', 'ebc0794a-51ea-4035-9cce-1fca20a47cfb', '9a2ea085-9c15-4ed2-a24c-fbd33c358651', 'zanalytics', 0, 'e7408c2d-af06-44f7-9195-6e010d6e7261');
INSERT INTO `template_config` VALUES ('8ce9d76e-b0dc-431b-9d13-95224dcc2802', '766088b6-7e2f-4fec-9fa7-8c6a17753f79', 'bcad95b5-172c-49dc-9cc4-8cb67e29fcff', '978b812d-230f-4b7b-89fd-06e3ef461451', '31cbb550-16a6-477b-b9f2-e3b1fc400111', 'realtime-2', 0, '9814e678-d100-4d29-b56f-748725a63e71');
INSERT INTO `template_config` VALUES ('8cfa975b-70f5-4fb7-aefa-17a487ced636', '766088b6-7e2f-4fec-9fa7-8c6a17753f79', 'bcad95b5-172c-49dc-9cc4-8cb67e29fcff', 'ad1152b8-0a99-4821-a253-9431c337be83', 'b5d573f9-f422-46ea-abe5-83ea1abf65b6', '3306', 0, 'd3aee553-5e29-429e-8389-2d9fa63aa32f');
INSERT INTO `template_config` VALUES ('8fc8b50e-4169-40e5-aef1-5f8471e07a2b', '766088b6-7e2f-4fec-9fa7-8c6a17753f79', 'bcad95b5-172c-49dc-9cc4-8cb67e29fcff', 'c2c54454-21c2-4e87-858d-47999d4a25f6', '43ae231d-9635-4fbe-a34b-5b52f60d03e8', 'realtime-1:80', 0, '2cbd95d8-4efa-4bd1-a661-d5466ddbffb5');
INSERT INTO `template_config` VALUES ('8ff020b5-2609-48e6-b062-34fd455eaa1c', '766088b6-7e2f-4fec-9fa7-8c6a17753f79', 'bcad95b5-172c-49dc-9cc4-8cb67e29fcff', 'ddc64e36-980e-4aef-883c-44582c4a3062', 'cdbe8089-607a-4644-befc-2f78808b0707', 'realtime-2:18001', 0, '09b34633-d6c2-4e96-93a7-d654a22b2f95');
INSERT INTO `template_config` VALUES ('901592d0-f32f-465c-b283-d6cb9aed338a', '766088b6-7e2f-4fec-9fa7-8c6a17753f79', 'bcad95b5-172c-49dc-9cc4-8cb67e29fcff', '978b812d-230f-4b7b-89fd-06e3ef461451', '1445d66f-c437-49c9-acf2-f165826ccc88', 'realtime-1', 0, '60cd1e20-4661-4196-85a2-a0909049cb42');
INSERT INTO `template_config` VALUES ('90167dc0-9a19-40e5-a04d-588bdaa8e828', '766088b6-7e2f-4fec-9fa7-8c6a17753f79', 'bcad95b5-172c-49dc-9cc4-8cb67e29fcff', '57e40fe3-940a-4db8-aa9d-bd84ba8f495c', '5a7fa2b9-9a26-404c-83d9-1cac52078783', 'realtime-1', 0, '60cd1e20-4661-4196-85a2-a0909049cb42');
INSERT INTO `template_config` VALUES ('903796a2-fac5-4fe8-85d8-58da780a0071', '766088b6-7e2f-4fec-9fa7-8c6a17753f79', 'bcad95b5-172c-49dc-9cc4-8cb67e29fcff', 'ebc0794a-51ea-4035-9cce-1fca20a47cfb', '7400aa9b-bd7a-440c-ab43-3b8225c2904f', 'realtime-1', 0, '60cd1e20-4661-4196-85a2-a0909049cb42');
INSERT INTO `template_config` VALUES ('90d7dd50-fa41-428f-b65d-9eb97dd53356', '766088b6-7e2f-4fec-9fa7-8c6a17753f79', 'bcad95b5-172c-49dc-9cc4-8cb67e29fcff', '978b812d-230f-4b7b-89fd-06e3ef461451', 'd292ba82-f044-4561-aa72-b05d1a88f9b4', '1217', 0, NULL);
INSERT INTO `template_config` VALUES ('92e55657-2919-4b15-b347-dd77b501b57e', '766088b6-7e2f-4fec-9fa7-8c6a17753f79', 'bcad95b5-172c-49dc-9cc4-8cb67e29fcff', '978b812d-230f-4b7b-89fd-06e3ef461451', '21407f24-8a11-464b-adef-43715245d872', '8898', 0, NULL);
INSERT INTO `template_config` VALUES ('92e55f41-4330-43ba-8ba7-52a2fc7886bf', '766088b6-7e2f-4fec-9fa7-8c6a17753f79', 'bcad95b5-172c-49dc-9cc4-8cb67e29fcff', '978b812d-230f-4b7b-89fd-06e3ef461451', '56c9e382-48c8-408b-b064-53f3cb8ba758', 'realtime-2', 0, '9814e678-d100-4d29-b56f-748725a63e71');
INSERT INTO `template_config` VALUES ('92f813ae-da6b-47f0-8146-6d03a4bc94cd', '766088b6-7e2f-4fec-9fa7-8c6a17753f79', 'bcad95b5-172c-49dc-9cc4-8cb67e29fcff', '589ea155-95d4-476e-b9e2-8c2ecd99f1fe', '4150b42f-65a6-48f3-90dc-d6ba65c04b40', '/wx-h5', 0, NULL);
INSERT INTO `template_config` VALUES ('944f32c2-7dec-42cf-bbda-d0eaa963c315', '766088b6-7e2f-4fec-9fa7-8c6a17753f79', 'bcad95b5-172c-49dc-9cc4-8cb67e29fcff', '978b812d-230f-4b7b-89fd-06e3ef461451', '7d2ab474-3e1c-4451-b707-164532a295c6', 'realtime-2', 0, '9814e678-d100-4d29-b56f-748725a63e71');
INSERT INTO `template_config` VALUES ('94622452-04c2-4336-9417-6b5a334221aa', '766088b6-7e2f-4fec-9fa7-8c6a17753f79', 'bcad95b5-172c-49dc-9cc4-8cb67e29fcff', 'ebc0794a-51ea-4035-9cce-1fca20a47cfb', '3fba68e3-f3d4-4ac6-8b02-1d82cb21d956', '3306', 0, 'd3aee553-5e29-429e-8389-2d9fa63aa32f');
INSERT INTO `template_config` VALUES ('947615e5-9934-461c-b28e-c4f86f6be662', '766088b6-7e2f-4fec-9fa7-8c6a17753f79', 'bcad95b5-172c-49dc-9cc4-8cb67e29fcff', 'ebc0794a-51ea-4035-9cce-1fca20a47cfb', '157feb30-d72c-41c8-8d5d-4f64a9cc558a', 'realtime-mkt:1926', 0, '38b0f520-0869-4586-998f-70cea7b574b3');
INSERT INTO `template_config` VALUES ('95049d3c-5989-435f-a549-f9042380e546', '766088b6-7e2f-4fec-9fa7-8c6a17753f79', 'bcad95b5-172c-49dc-9cc4-8cb67e29fcff', '978b812d-230f-4b7b-89fd-06e3ef461451', '513b53c5-81be-46b4-95e9-12f93d8f79fe', 'web', 0, '052efc70-ed54-4ba1-87f1-af5f6a8cccf3');
INSERT INTO `template_config` VALUES ('962cdcc5-0901-40ce-8354-6bf11000217e', '766088b6-7e2f-4fec-9fa7-8c6a17753f79', 'bcad95b5-172c-49dc-9cc4-8cb67e29fcff', '95ff7d6e-2d8d-4303-acce-755ebbff221a', 'ff2f3885-f93b-463a-9765-abcc78e2002a', '/shiping/', 0, NULL);
INSERT INTO `template_config` VALUES ('963a0069-9b04-4013-9832-d58d51ddb9b6', '766088b6-7e2f-4fec-9fa7-8c6a17753f79', 'bcad95b5-172c-49dc-9cc4-8cb67e29fcff', '0ef3213a-6674-4924-9a2c-f0ed25ef92b6', '5af4059d-d478-4fb4-89eb-cacea698f82b', 'realtime-1', 0, '60cd1e20-4661-4196-85a2-a0909049cb42');
INSERT INTO `template_config` VALUES ('9664c53d-3bca-4e2a-a982-bc5a5175890f', '766088b6-7e2f-4fec-9fa7-8c6a17753f79', 'bcad95b5-172c-49dc-9cc4-8cb67e29fcff', '978b812d-230f-4b7b-89fd-06e3ef461451', 'e7ea6235-e232-420a-a476-7fc135a612a4', '3306', 0, 'd3aee553-5e29-429e-8389-2d9fa63aa32f');
INSERT INTO `template_config` VALUES ('969d3f87-8933-4647-9c3e-b5e1a36a26d2', '766088b6-7e2f-4fec-9fa7-8c6a17753f79', 'bcad95b5-172c-49dc-9cc4-8cb67e29fcff', '32bdaf26-8a8b-492b-9f99-14391bd784cb', '9619cf27-e760-443e-967f-a8c304910546', NULL, 0, NULL);
INSERT INTO `template_config` VALUES ('97182f08-5231-4fc6-b1ea-3b0eb6a0ee88', '766088b6-7e2f-4fec-9fa7-8c6a17753f79', 'bcad95b5-172c-49dc-9cc4-8cb67e29fcff', '95ff7d6e-2d8d-4303-acce-755ebbff221a', 'c167adf3-f7bf-44c2-a68d-841aba8fdb90', 'uba.it.pkpm.cn', 0, NULL);
INSERT INTO `template_config` VALUES ('97d5af0b-f06d-4a13-bf0f-7ac8143e96ca', '766088b6-7e2f-4fec-9fa7-8c6a17753f79', 'bcad95b5-172c-49dc-9cc4-8cb67e29fcff', 'a1ea234c-2821-4b77-8049-0bb0b1ea3d30', '4a9bbf79-a34c-452a-9c3f-00ae336f5082', 'true', 0, 'c1ddc83c-3ce3-4e1a-86ed-c4240bb3241d');
INSERT INTO `template_config` VALUES ('98050d84-65c0-458f-a6b5-48e8a47b14e4', '766088b6-7e2f-4fec-9fa7-8c6a17753f79', 'bcad95b5-172c-49dc-9cc4-8cb67e29fcff', 'f92c2bfd-85e6-4d56-97cb-ebe440f09313', '2e42ad20-7908-434b-9392-b26aaba1b033', '21050', 0, '0616d122-9276-4b6f-8ce7-b528aeb1c756');
INSERT INTO `template_config` VALUES ('98144765-e757-4340-a610-c5e912fcf4c6', '766088b6-7e2f-4fec-9fa7-8c6a17753f79', 'bcad95b5-172c-49dc-9cc4-8cb67e29fcff', 'ebc0794a-51ea-4035-9cce-1fca20a47cfb', 'd08501e2-923b-4549-8424-4ad8ac2cc116', 'web', 0, '052efc70-ed54-4ba1-87f1-af5f6a8cccf3');
INSERT INTO `template_config` VALUES ('981e63de-db9d-43ac-b97e-a71fea5adeab', '766088b6-7e2f-4fec-9fa7-8c6a17753f79', 'bcad95b5-172c-49dc-9cc4-8cb67e29fcff', 'bacd30d5-971c-4e09-baa7-4eb6b3e78664', '1346d217-8238-4ff1-8f95-a0393ccb2e74', 'zanalytics', 0, 'e7408c2d-af06-44f7-9195-6e010d6e7261');
INSERT INTO `template_config` VALUES ('9903295e-31f9-4989-b09c-4599a493a7bc', '766088b6-7e2f-4fec-9fa7-8c6a17753f79', 'bcad95b5-172c-49dc-9cc4-8cb67e29fcff', '978b812d-230f-4b7b-89fd-06e3ef461451', '12ee589d-a96f-43eb-8af4-b0d9a7c2bf20', 'realtime-1', 0, '60cd1e20-4661-4196-85a2-a0909049cb42');
INSERT INTO `template_config` VALUES ('99110b7c-2517-48ca-909b-518de5d7cdaa', '766088b6-7e2f-4fec-9fa7-8c6a17753f79', 'bcad95b5-172c-49dc-9cc4-8cb67e29fcff', 'f92c2bfd-85e6-4d56-97cb-ebe440f09313', '7ac394f0-e36d-48a0-862f-aba307be8838', 'zanalytics', 0, 'e7408c2d-af06-44f7-9195-6e010d6e7261');
INSERT INTO `template_config` VALUES ('999bde65-3978-4a48-a832-83206911ce28', '766088b6-7e2f-4fec-9fa7-8c6a17753f79', 'bcad95b5-172c-49dc-9cc4-8cb67e29fcff', 'ddc64e36-980e-4aef-883c-44582c4a3062', '8840e575-f051-46a4-93c4-b5c37ebea845', 'zanalytics', 0, 'e7408c2d-af06-44f7-9195-6e010d6e7261');
INSERT INTO `template_config` VALUES ('99e14ca9-b40f-41bd-8df3-55316636335f', '766088b6-7e2f-4fec-9fa7-8c6a17753f79', 'bcad95b5-172c-49dc-9cc4-8cb67e29fcff', '32bdaf26-8a8b-492b-9f99-14391bd784cb', '75d1b21e-7b5d-4f3d-81dc-2483ec4df797', '9200', 0, '137af99a-69e0-46a5-920e-680b5e6e4478');
INSERT INTO `template_config` VALUES ('9a2e72e8-a3bb-4240-ad81-c2b43dbfe7dc', '766088b6-7e2f-4fec-9fa7-8c6a17753f79', 'bcad95b5-172c-49dc-9cc4-8cb67e29fcff', '95ff7d6e-2d8d-4303-acce-755ebbff221a', '7092f2f0-69ad-4677-9512-630cb301bace', 'true', 0, 'c1ddc83c-3ce3-4e1a-86ed-c4240bb3241d');
INSERT INTO `template_config` VALUES ('9a7f353f-7da3-47f2-a9cf-68b0e440b465', '766088b6-7e2f-4fec-9fa7-8c6a17753f79', 'bcad95b5-172c-49dc-9cc4-8cb67e29fcff', '0ef3213a-6674-4924-9a2c-f0ed25ef92b6', '1ea46c12-e93d-41df-b380-263074c479c6', 'realtime-2', 0, '9814e678-d100-4d29-b56f-748725a63e71');
INSERT INTO `template_config` VALUES ('9b8d8a5c-b684-45f1-a349-cd2f9cd53c60', '766088b6-7e2f-4fec-9fa7-8c6a17753f79', 'bcad95b5-172c-49dc-9cc4-8cb67e29fcff', 'ebc0794a-51ea-4035-9cce-1fca20a47cfb', '536cba14-e415-4f22-912e-7f3b88c58d4a', 'realtime-1', 0, '60cd1e20-4661-4196-85a2-a0909049cb42');
INSERT INTO `template_config` VALUES ('9c1bfc9c-4338-4e06-b14a-ec1a0755a769', '766088b6-7e2f-4fec-9fa7-8c6a17753f79', 'bcad95b5-172c-49dc-9cc4-8cb67e29fcff', '978b812d-230f-4b7b-89fd-06e3ef461451', '6bb0ba1d-027a-41c7-a8cd-1df999fc90d8', NULL, 0, NULL);
INSERT INTO `template_config` VALUES ('9ca18773-e284-4c1f-bfc9-7612aad40729', '766088b6-7e2f-4fec-9fa7-8c6a17753f79', 'bcad95b5-172c-49dc-9cc4-8cb67e29fcff', '978b812d-230f-4b7b-89fd-06e3ef461451', '33b9f480-4eb6-4dde-afbe-874fe811581c', 'realtime-1:9092,realtime-2:9092,realtime-3:9092', 0, '1e326ee1-01d9-4d2c-899b-552b257dc6ff');
INSERT INTO `template_config` VALUES ('9ca8b36f-aabd-4978-bc4d-854656576577', '766088b6-7e2f-4fec-9fa7-8c6a17753f79', 'bcad95b5-172c-49dc-9cc4-8cb67e29fcff', 'ca42ac55-68e0-4f5d-ba7d-d840cf2e1128', '81f02037-5124-41bf-a728-74cd6db555cb', 'realtime-mkt:1922', 0, '3ab743f1-3464-4c7b-9252-ff5cd6d1c918');
INSERT INTO `template_config` VALUES ('9ec32c12-3cc4-4633-8d93-1aa9412e4586', '766088b6-7e2f-4fec-9fa7-8c6a17753f79', 'bcad95b5-172c-49dc-9cc4-8cb67e29fcff', 'f92c2bfd-85e6-4d56-97cb-ebe440f09313', '6df14de4-da5a-4cbf-953a-62547325df4e', '7', 0, NULL);
INSERT INTO `template_config` VALUES ('9f4da9fe-7a41-4d6e-9ed6-3c6dc4579be8', '766088b6-7e2f-4fec-9fa7-8c6a17753f79', 'bcad95b5-172c-49dc-9cc4-8cb67e29fcff', '978b812d-230f-4b7b-89fd-06e3ef461451', 'e91cfb96-2bed-4462-95c5-0c2e6588f5db', 'realtime-1:9092,realtime-2:9092,realtime-3:9092', 0, '1e326ee1-01d9-4d2c-899b-552b257dc6ff');
INSERT INTO `template_config` VALUES ('9f7b0b4d-3350-49d5-a96a-c936d71bbcf2', '766088b6-7e2f-4fec-9fa7-8c6a17753f79', 'bcad95b5-172c-49dc-9cc4-8cb67e29fcff', 'a1ea234c-2821-4b77-8049-0bb0b1ea3d30', '3bdfca89-0505-49d8-8e73-a2bcad7ae187', 'false', 0, '91b176d3-b160-4839-914d-2142af1bbf47');
INSERT INTO `template_config` VALUES ('9f9db9db-3ef6-458f-b434-20ccdb53ea3e', '766088b6-7e2f-4fec-9fa7-8c6a17753f79', 'bcad95b5-172c-49dc-9cc4-8cb67e29fcff', 'c2c54454-21c2-4e87-858d-47999d4a25f6', '2a27ce79-dc71-44c9-85e1-76488fd3e74c', 'realtime-1', 0, '60cd1e20-4661-4196-85a2-a0909049cb42');
INSERT INTO `template_config` VALUES ('9fb05734-f6f4-4e68-af52-6a2b48ad524b', '766088b6-7e2f-4fec-9fa7-8c6a17753f79', 'bcad95b5-172c-49dc-9cc4-8cb67e29fcff', '978b812d-230f-4b7b-89fd-06e3ef461451', '5c35810e-11cc-4232-b9b8-8287d9a8fcb7', NULL, 0, NULL);
INSERT INTO `template_config` VALUES ('9fc32160-a76e-4cbe-82c2-4a6e3f868f18', '766088b6-7e2f-4fec-9fa7-8c6a17753f79', 'bcad95b5-172c-49dc-9cc4-8cb67e29fcff', 'bacd30d5-971c-4e09-baa7-4eb6b3e78664', 'a391fa98-afc7-4acd-90c3-d62723d40edb', 'web', 0, '052efc70-ed54-4ba1-87f1-af5f6a8cccf3');
INSERT INTO `template_config` VALUES ('a23097bb-66b1-421f-880a-2b8689071f55', '766088b6-7e2f-4fec-9fa7-8c6a17753f79', 'bcad95b5-172c-49dc-9cc4-8cb67e29fcff', 'c2c54454-21c2-4e87-858d-47999d4a25f6', '7c8c26b0-4133-4e22-b40c-ece4ccfb0ead', '5', 0, NULL);
INSERT INTO `template_config` VALUES ('a2881b20-195c-48c0-8ba5-0eb0ca3e8949', '766088b6-7e2f-4fec-9fa7-8c6a17753f79', 'bcad95b5-172c-49dc-9cc4-8cb67e29fcff', 'ddc64e36-980e-4aef-883c-44582c4a3062', 'fff5193c-0dab-4d69-991e-9772891401e7', 'realtime-2', 0, '9814e678-d100-4d29-b56f-748725a63e71');
INSERT INTO `template_config` VALUES ('a4e871dd-0529-44a8-8989-1aa532ca0958', '766088b6-7e2f-4fec-9fa7-8c6a17753f79', 'bcad95b5-172c-49dc-9cc4-8cb67e29fcff', '978b812d-230f-4b7b-89fd-06e3ef461451', 'fe892b92-d800-418e-9bcd-716d6a8c9401', 'admin', 0, '84276ec4-1d1e-442f-ab04-c4486c81e001');
INSERT INTO `template_config` VALUES ('a4effca6-a062-4851-89d0-6a49e516922f', '766088b6-7e2f-4fec-9fa7-8c6a17753f79', 'bcad95b5-172c-49dc-9cc4-8cb67e29fcff', 'a1ea234c-2821-4b77-8049-0bb0b1ea3d30', '0682bdcb-e149-4f33-8a17-92a1fb4f1838', 'zhugeio', 0, NULL);
INSERT INTO `template_config` VALUES ('a5450ef5-c65d-4329-bff5-ae43aaa7f1af', '766088b6-7e2f-4fec-9fa7-8c6a17753f79', 'bcad95b5-172c-49dc-9cc4-8cb67e29fcff', 'ebc0794a-51ea-4035-9cce-1fca20a47cfb', '55707a6a-f5bd-4344-b5fa-866902a7c014', '/data/mkt', 0, '772ab379-bf43-4430-95e7-6d5f8028cf65');
INSERT INTO `template_config` VALUES ('a61c351f-24fb-42c4-bb77-0ca0ff0d7e6a', '766088b6-7e2f-4fec-9fa7-8c6a17753f79', 'bcad95b5-172c-49dc-9cc4-8cb67e29fcff', '978b812d-230f-4b7b-89fd-06e3ef461451', 'fcd0e2c1-d9bc-4878-b27a-9c065e7b0f24', '26480', 0, '269a5a46-1834-4b27-afd4-96c4b60e9f84');
INSERT INTO `template_config` VALUES ('a67651e7-5baf-4afe-9432-713506977dcf', '766088b6-7e2f-4fec-9fa7-8c6a17753f79', 'bcad95b5-172c-49dc-9cc4-8cb67e29fcff', 'c2c54454-21c2-4e87-858d-47999d4a25f6', '9a91dd5a-cc2e-4148-b87b-a691b9552e19', 'realtime-1', 0, '60cd1e20-4661-4196-85a2-a0909049cb42');
INSERT INTO `template_config` VALUES ('a6e8f104-6ac7-44e5-ba20-60d3d8b6cb55', '766088b6-7e2f-4fec-9fa7-8c6a17753f79', 'bcad95b5-172c-49dc-9cc4-8cb67e29fcff', '57e40fe3-940a-4db8-aa9d-bd84ba8f495c', '208ca478-217a-40c1-beda-ae442ad0673d', 'web', 0, '052efc70-ed54-4ba1-87f1-af5f6a8cccf3');
INSERT INTO `template_config` VALUES ('a7245358-bb36-4c48-9dfd-df9549480117', '766088b6-7e2f-4fec-9fa7-8c6a17753f79', 'bcad95b5-172c-49dc-9cc4-8cb67e29fcff', 'd312cbb7-4209-4a1b-90ea-83cbcf30c29d', 'ea794ba6-c1d0-4b4b-a8ab-44432111a2f6', '3306', 0, 'd3aee553-5e29-429e-8389-2d9fa63aa32f');
INSERT INTO `template_config` VALUES ('a755d4cb-7773-42ce-a333-1960b32da1dc', '766088b6-7e2f-4fec-9fa7-8c6a17753f79', 'bcad95b5-172c-49dc-9cc4-8cb67e29fcff', 'a1ea234c-2821-4b77-8049-0bb0b1ea3d30', 'eeffaf41-65b2-4f31-99fc-437e95d100e8', 'shiping', 0, NULL);
INSERT INTO `template_config` VALUES ('a84c3245-47cd-4e1a-a4bc-87a9114d917f', '766088b6-7e2f-4fec-9fa7-8c6a17753f79', 'bcad95b5-172c-49dc-9cc4-8cb67e29fcff', '978b812d-230f-4b7b-89fd-06e3ef461451', '60846166-9a73-4707-88b4-0b7f82e70207', 'zanalytics', 0, 'e7408c2d-af06-44f7-9195-6e010d6e7261');
INSERT INTO `template_config` VALUES ('a8bcd8a8-22a8-49a7-97c5-89dc5210b29d', '766088b6-7e2f-4fec-9fa7-8c6a17753f79', 'bcad95b5-172c-49dc-9cc4-8cb67e29fcff', 'ebc0794a-51ea-4035-9cce-1fca20a47cfb', '6720b539-137b-473b-9190-6fe1e0bb1d28', 'web', 0, '052efc70-ed54-4ba1-87f1-af5f6a8cccf3');
INSERT INTO `template_config` VALUES ('a901d7dc-bc57-4a11-b6c6-06ed94d45330', '766088b6-7e2f-4fec-9fa7-8c6a17753f79', 'bcad95b5-172c-49dc-9cc4-8cb67e29fcff', 'c2c54454-21c2-4e87-858d-47999d4a25f6', '2071fb45-3f3f-48a2-be75-b32fc730d6e3', 'zanalytics', 0, 'e7408c2d-af06-44f7-9195-6e010d6e7261');
INSERT INTO `template_config` VALUES ('a9850f2a-c4b7-4a3a-b39b-85472fb4afcc', '766088b6-7e2f-4fec-9fa7-8c6a17753f79', 'bcad95b5-172c-49dc-9cc4-8cb67e29fcff', '978b812d-230f-4b7b-89fd-06e3ef461451', 'd6668f6d-f476-4242-99b6-ad868eb48021', 'hive', 0, NULL);
INSERT INTO `template_config` VALUES ('aa6995c5-c700-47cb-b675-aecde3eb290a', '766088b6-7e2f-4fec-9fa7-8c6a17753f79', 'bcad95b5-172c-49dc-9cc4-8cb67e29fcff', 'bbf20ef9-716c-4e0e-b259-ead25a804151', '60ecb951-16ed-4cf4-9d95-fd8cfa74364f', 'realtime-1:7051,realtime-2:7051,realtime-3:7051', 0, '8830d915-f7fe-40b6-bc3e-af8ad5ef0eb9');
INSERT INTO `template_config` VALUES ('aa8be0b5-3a77-4549-b8d2-1545f2228fe7', '766088b6-7e2f-4fec-9fa7-8c6a17753f79', 'bcad95b5-172c-49dc-9cc4-8cb67e29fcff', 'ebc0794a-51ea-4035-9cce-1fca20a47cfb', '803df1fe-7e1d-4617-922b-d130e09b3b29', '3306', 0, 'd3aee553-5e29-429e-8389-2d9fa63aa32f');
INSERT INTO `template_config` VALUES ('ab56f889-1a7e-4e73-bb9b-654530bc389c', '766088b6-7e2f-4fec-9fa7-8c6a17753f79', 'bcad95b5-172c-49dc-9cc4-8cb67e29fcff', 'bbf20ef9-716c-4e0e-b259-ead25a804151', '5614dfd2-c694-4e8e-bbce-d8b7af6c9246', 'realtime-1', 0, '60cd1e20-4661-4196-85a2-a0909049cb42');
INSERT INTO `template_config` VALUES ('ab86c3a5-095c-4a80-8dc0-8469f689bb8e', '766088b6-7e2f-4fec-9fa7-8c6a17753f79', 'bcad95b5-172c-49dc-9cc4-8cb67e29fcff', '978b812d-230f-4b7b-89fd-06e3ef461451', 'ca0ffe08-e5e4-4666-9e12-3adeefa14e90', '8897', 0, '697eeb97-03c9-486e-8ded-6a9548683a56');
INSERT INTO `template_config` VALUES ('abdb747a-c3d9-43cb-bec0-122c25dcfade', '766088b6-7e2f-4fec-9fa7-8c6a17753f79', 'bcad95b5-172c-49dc-9cc4-8cb67e29fcff', '978b812d-230f-4b7b-89fd-06e3ef461451', '41c094bd-df48-400b-8e39-07a5e2c4df45', 'realtime-1', 0, '60cd1e20-4661-4196-85a2-a0909049cb42');
INSERT INTO `template_config` VALUES ('ac69d62d-a0ac-4b3b-91fb-e0051b47a78f', '766088b6-7e2f-4fec-9fa7-8c6a17753f79', 'bcad95b5-172c-49dc-9cc4-8cb67e29fcff', 'bacd30d5-971c-4e09-baa7-4eb6b3e78664', '3f72dba3-3c0f-4ac0-b1a2-55293294ea68', 'realtime-1', 0, '60cd1e20-4661-4196-85a2-a0909049cb42');
INSERT INTO `template_config` VALUES ('ac6bbfa8-97c3-40e4-8035-62c7b1bc782b', '766088b6-7e2f-4fec-9fa7-8c6a17753f79', 'bcad95b5-172c-49dc-9cc4-8cb67e29fcff', '978b812d-230f-4b7b-89fd-06e3ef461451', 'e8a4bdfe-43bd-488a-a356-5b875d2f2efc', '26480', 0, '269a5a46-1834-4b27-afd4-96c4b60e9f84');
INSERT INTO `template_config` VALUES ('acfcca94-51f2-4873-a963-706a4a4eac42', '766088b6-7e2f-4fec-9fa7-8c6a17753f79', 'bcad95b5-172c-49dc-9cc4-8cb67e29fcff', 'ebc0794a-51ea-4035-9cce-1fca20a47cfb', '90010a50-32ac-40c6-9429-ff5d9e394654', 'realtime-mkt:1926', 0, '38b0f520-0869-4586-998f-70cea7b574b3');
INSERT INTO `template_config` VALUES ('acfd5de1-1969-4a06-aa14-7813cc6c231d', '766088b6-7e2f-4fec-9fa7-8c6a17753f79', 'bcad95b5-172c-49dc-9cc4-8cb67e29fcff', '978b812d-230f-4b7b-89fd-06e3ef461451', 'afedf39f-dd8f-45d6-b457-aa108b9defda', NULL, 0, NULL);
INSERT INTO `template_config` VALUES ('ad17c447-23a1-4417-9ab8-109019a258bc', '766088b6-7e2f-4fec-9fa7-8c6a17753f79', 'bcad95b5-172c-49dc-9cc4-8cb67e29fcff', 'ebc0794a-51ea-4035-9cce-1fca20a47cfb', '751d1ce2-0868-4f3a-9797-a5966133f664', '3306', 0, 'd3aee553-5e29-429e-8389-2d9fa63aa32f');
INSERT INTO `template_config` VALUES ('ad1c9270-d8df-466d-b69e-606bf19ef3f5', '766088b6-7e2f-4fec-9fa7-8c6a17753f79', 'bcad95b5-172c-49dc-9cc4-8cb67e29fcff', 'ad1152b8-0a99-4821-a253-9431c337be83', '1ebade8a-c23d-41d0-ae24-87ab4a38d9ad', 'realtime-3', 0, '360aa9c1-66f7-4ade-bd1c-ae2528793e76');
INSERT INTO `template_config` VALUES ('ae11edc9-3c2b-48e5-97d4-339d8af6748c', '766088b6-7e2f-4fec-9fa7-8c6a17753f79', 'bcad95b5-172c-49dc-9cc4-8cb67e29fcff', '0ef3213a-6674-4924-9a2c-f0ed25ef92b6', 'c4cce0a9-6a36-4ac6-ae8f-b28ff31c13b0', 'realtime-2', 0, '9814e678-d100-4d29-b56f-748725a63e71');
INSERT INTO `template_config` VALUES ('ae331233-146d-446f-904b-9d3b6af36391', '766088b6-7e2f-4fec-9fa7-8c6a17753f79', 'bcad95b5-172c-49dc-9cc4-8cb67e29fcff', 'ebc0794a-51ea-4035-9cce-1fca20a47cfb', '3419b3f2-4f9a-4617-b355-2feaab4629ac', '/data/mkt', 0, '772ab379-bf43-4430-95e7-6d5f8028cf65');
INSERT INTO `template_config` VALUES ('ae3d326c-5d70-472c-9f70-5605d77e74d7', '766088b6-7e2f-4fec-9fa7-8c6a17753f79', 'bcad95b5-172c-49dc-9cc4-8cb67e29fcff', 'c2c54454-21c2-4e87-858d-47999d4a25f6', 'eb565e3b-1af5-40d7-a679-d40db7e0f1a3', 'realtime-1', 0, '60cd1e20-4661-4196-85a2-a0909049cb42');
INSERT INTO `template_config` VALUES ('aebfd17d-1710-4b78-b615-0afbf4276f0b', '766088b6-7e2f-4fec-9fa7-8c6a17753f79', 'bcad95b5-172c-49dc-9cc4-8cb67e29fcff', '978b812d-230f-4b7b-89fd-06e3ef461451', '246b67a2-92f6-4c93-8539-e94609ecdf62', '8892', 0, '2e66b887-42b0-4a16-b7f0-58e02ce51f9c');
INSERT INTO `template_config` VALUES ('af529550-42fc-4da7-9e67-a2f97fdfa100', '766088b6-7e2f-4fec-9fa7-8c6a17753f79', 'bcad95b5-172c-49dc-9cc4-8cb67e29fcff', 'ebc0794a-51ea-4035-9cce-1fca20a47cfb', 'c4b3a2d9-ec1a-451e-a636-575bd035472a', 'realtime-1', 0, '60cd1e20-4661-4196-85a2-a0909049cb42');
INSERT INTO `template_config` VALUES ('af57d7b3-41a8-4bcd-be76-2cdc3d6a2f37', '766088b6-7e2f-4fec-9fa7-8c6a17753f79', 'bcad95b5-172c-49dc-9cc4-8cb67e29fcff', '57e40fe3-940a-4db8-aa9d-bd84ba8f495c', '184da187-c727-4276-b5fa-b9f3e8746343', '/analysis/socket', 0, NULL);
INSERT INTO `template_config` VALUES ('afa13c9c-39e4-4bb5-8d3a-676a4436dac2', '766088b6-7e2f-4fec-9fa7-8c6a17753f79', 'bcad95b5-172c-49dc-9cc4-8cb67e29fcff', 'ebc0794a-51ea-4035-9cce-1fca20a47cfb', '3f86d3aa-69dd-4eaa-b50a-8045180a4eac', '3306', 0, 'd3aee553-5e29-429e-8389-2d9fa63aa32f');
INSERT INTO `template_config` VALUES ('aff09f19-f88c-4b8a-a0c2-68fa63a32eca', '766088b6-7e2f-4fec-9fa7-8c6a17753f79', 'bcad95b5-172c-49dc-9cc4-8cb67e29fcff', 'ad1152b8-0a99-4821-a253-9431c337be83', 'b45d1d0b-79c0-4676-912b-ec8e17f3e2a0', '21050', 0, '0616d122-9276-4b6f-8ce7-b528aeb1c756');
INSERT INTO `template_config` VALUES ('b07fd864-5ae6-41a2-b780-f4dfcb1d7ee8', '766088b6-7e2f-4fec-9fa7-8c6a17753f79', 'bcad95b5-172c-49dc-9cc4-8cb67e29fcff', 'c2c54454-21c2-4e87-858d-47999d4a25f6', 'b3e10cd8-d8ec-4394-8871-3e283c10b422', 'http://realtime-2:8882', 0, NULL);
INSERT INTO `template_config` VALUES ('b118454e-6cc9-43b7-905c-1026b16723b2', '766088b6-7e2f-4fec-9fa7-8c6a17753f79', 'bcad95b5-172c-49dc-9cc4-8cb67e29fcff', 'f92c2bfd-85e6-4d56-97cb-ebe440f09313', 'd9cc75ae-a3c1-4e63-b8ea-8eee1aa2a529', 'realtime-1', 0, '60cd1e20-4661-4196-85a2-a0909049cb42');
INSERT INTO `template_config` VALUES ('b1661e98-e318-461f-9836-3cdb0c41b36f', '766088b6-7e2f-4fec-9fa7-8c6a17753f79', 'bcad95b5-172c-49dc-9cc4-8cb67e29fcff', 'ebc0794a-51ea-4035-9cce-1fca20a47cfb', '9a4efd2c-cca4-49ce-961c-a235750960e5', 'realtime-1', 0, '60cd1e20-4661-4196-85a2-a0909049cb42');
INSERT INTO `template_config` VALUES ('b2be26d1-d8e0-49fb-90b4-9245be50da69', '766088b6-7e2f-4fec-9fa7-8c6a17753f79', 'bcad95b5-172c-49dc-9cc4-8cb67e29fcff', '978b812d-230f-4b7b-89fd-06e3ef461451', '4b1f74b6-6365-4932-a1c4-5406af268c2d', 'zanalytics', 0, 'e7408c2d-af06-44f7-9195-6e010d6e7261');
INSERT INTO `template_config` VALUES ('b353ceb0-fac9-4b49-bea1-3f89546cead2', '766088b6-7e2f-4fec-9fa7-8c6a17753f79', 'bcad95b5-172c-49dc-9cc4-8cb67e29fcff', 'a1ea234c-2821-4b77-8049-0bb0b1ea3d30', 'c17c7d34-a1b1-44c1-bd4b-ec976234e464', '/analysis/api', 0, NULL);
INSERT INTO `template_config` VALUES ('b367f1e0-3ace-4028-91fd-042893113d77', '766088b6-7e2f-4fec-9fa7-8c6a17753f79', 'bcad95b5-172c-49dc-9cc4-8cb67e29fcff', 'ddc64e36-980e-4aef-883c-44582c4a3062', 'c16167cc-0a77-46b9-bcbf-467e4b784cf9', 'zanalytics', 0, 'e7408c2d-af06-44f7-9195-6e010d6e7261');
INSERT INTO `template_config` VALUES ('b368437c-1f59-4c07-b64f-4da1cb4134f5', '766088b6-7e2f-4fec-9fa7-8c6a17753f79', 'bcad95b5-172c-49dc-9cc4-8cb67e29fcff', '978b812d-230f-4b7b-89fd-06e3ef461451', '6b2015bd-a878-4049-bce5-315fce86dc94', '6379', 0, '3daf56c9-9647-4b8e-a65a-648ba92ec826');
INSERT INTO `template_config` VALUES ('b389ba2d-59cb-474b-853e-b118d098984c', '766088b6-7e2f-4fec-9fa7-8c6a17753f79', 'bcad95b5-172c-49dc-9cc4-8cb67e29fcff', '95ff7d6e-2d8d-4303-acce-755ebbff221a', 'db1b1523-eb5f-40d9-8a2f-d688d7fac6a5', '', 0, NULL);
INSERT INTO `template_config` VALUES ('b3a827b1-00ed-42e5-98a1-f9330a607059', '766088b6-7e2f-4fec-9fa7-8c6a17753f79', 'bcad95b5-172c-49dc-9cc4-8cb67e29fcff', 'ddc64e36-980e-4aef-883c-44582c4a3062', 'd67a7e65-50f1-4ba8-992f-1c08f2ca4af8', 'realtime-2:7808', 0, '773e7a8c-21fe-4f41-aa5d-5b3954044207');
INSERT INTO `template_config` VALUES ('b46e3a99-a59b-4859-b2b0-d17423079333', '766088b6-7e2f-4fec-9fa7-8c6a17753f79', 'bcad95b5-172c-49dc-9cc4-8cb67e29fcff', 'f92c2bfd-85e6-4d56-97cb-ebe440f09313', 'd9798115-b51a-4ae6-99e9-12461ff182dc', NULL, 0, NULL);
INSERT INTO `template_config` VALUES ('b4b8119c-ac77-4733-bba6-f9d219dbdd7a', '766088b6-7e2f-4fec-9fa7-8c6a17753f79', 'bcad95b5-172c-49dc-9cc4-8cb67e29fcff', 'ddc64e36-980e-4aef-883c-44582c4a3062', '809e4e3d-17b0-4a3e-ab09-32dd1ad53cba', 'realtime-3:18001', 0, '353d5b75-7909-4b80-8f62-cb119b97ab1a');
INSERT INTO `template_config` VALUES ('b55472da-52c4-41c6-819a-06564e5cc103', '766088b6-7e2f-4fec-9fa7-8c6a17753f79', 'bcad95b5-172c-49dc-9cc4-8cb67e29fcff', '978b812d-230f-4b7b-89fd-06e3ef461451', '7afd98bc-1290-4fe6-b535-4a0c089bc7d5', 'realtime-2', 0, '9814e678-d100-4d29-b56f-748725a63e71');
INSERT INTO `template_config` VALUES ('b5d5b224-867d-4901-b141-4c4a588260fc', '766088b6-7e2f-4fec-9fa7-8c6a17753f79', 'bcad95b5-172c-49dc-9cc4-8cb67e29fcff', 'dafbb59a-383b-43f1-b31c-a566720734b9', '93eb44be-c41e-42e3-b6cb-1a8005dcbaa6', 'realtime-1:9092,realtime-2:9092,realtime-3:9092', 0, '1e326ee1-01d9-4d2c-899b-552b257dc6ff');
INSERT INTO `template_config` VALUES ('b5fa085b-336c-4490-a263-814d06712d9e', '766088b6-7e2f-4fec-9fa7-8c6a17753f79', 'bcad95b5-172c-49dc-9cc4-8cb67e29fcff', '589ea155-95d4-476e-b9e2-8c2ecd99f1fe', '818459f3-9c87-4049-9a25-2284cff7cafe', '5f8a935cd15a47419df0e07d0547551b', 0, NULL);
INSERT INTO `template_config` VALUES ('b6449c0a-f33d-414c-8155-fa7d8071db82', '766088b6-7e2f-4fec-9fa7-8c6a17753f79', 'bcad95b5-172c-49dc-9cc4-8cb67e29fcff', '978b812d-230f-4b7b-89fd-06e3ef461451', 'fa6cb6b5-54f9-4862-91cf-75fd24feaff5', '21050', 0, '0616d122-9276-4b6f-8ce7-b528aeb1c756');
INSERT INTO `template_config` VALUES ('b66894b9-8f01-40e6-aff7-0fd7a8b97df5', '766088b6-7e2f-4fec-9fa7-8c6a17753f79', 'bcad95b5-172c-49dc-9cc4-8cb67e29fcff', '978b812d-230f-4b7b-89fd-06e3ef461451', 'b5c3f404-26c9-4e79-9ab2-b13f33c01e1c', '1218', 0, NULL);
INSERT INTO `template_config` VALUES ('b774c3df-e923-4658-9cbe-773b86d36b21', '766088b6-7e2f-4fec-9fa7-8c6a17753f79', 'bcad95b5-172c-49dc-9cc4-8cb67e29fcff', 'a1ea234c-2821-4b77-8049-0bb0b1ea3d30', 'f17866df-5967-48e3-9486-629bd3d105c3', 'true', 0, 'c1ddc83c-3ce3-4e1a-86ed-c4240bb3241d');
INSERT INTO `template_config` VALUES ('b808ff75-b9e6-472a-87e3-98fbabe8ceed', '766088b6-7e2f-4fec-9fa7-8c6a17753f79', 'bcad95b5-172c-49dc-9cc4-8cb67e29fcff', 'bbf20ef9-716c-4e0e-b259-ead25a804151', '74a6f722-f3b9-48eb-9d3d-aaa15a48773e', 'realtime-1', 0, '60cd1e20-4661-4196-85a2-a0909049cb42');
INSERT INTO `template_config` VALUES ('b89afe19-eca0-4901-882c-ab8c2043a590', '766088b6-7e2f-4fec-9fa7-8c6a17753f79', 'bcad95b5-172c-49dc-9cc4-8cb67e29fcff', 'ad1152b8-0a99-4821-a253-9431c337be83', '28d6052a-c091-43af-93ec-a6348bc4cb49', 'realtime-2', 0, '9814e678-d100-4d29-b56f-748725a63e71');
INSERT INTO `template_config` VALUES ('b9853463-5324-4f8a-94a5-22afc4e58f62', '766088b6-7e2f-4fec-9fa7-8c6a17753f79', 'bcad95b5-172c-49dc-9cc4-8cb67e29fcff', '57e40fe3-940a-4db8-aa9d-bd84ba8f495c', '01075019-03d0-4b72-87e5-14ddda0a842e', 'Sun_unix*1101', 0, 'c568fcdd-d9e3-4c1a-84f2-6eebe21c39ed');
INSERT INTO `template_config` VALUES ('ba2201fb-3e25-4fb9-87ef-51e5d2215b10', '766088b6-7e2f-4fec-9fa7-8c6a17753f79', 'bcad95b5-172c-49dc-9cc4-8cb67e29fcff', 'c2c54454-21c2-4e87-858d-47999d4a25f6', '78775e5a-dbf5-46a5-bf0f-a290954a38ee', '3306', 0, 'd3aee553-5e29-429e-8389-2d9fa63aa32f');
INSERT INTO `template_config` VALUES ('ba94ee8f-5b35-4946-a209-567c85ab1a75', '766088b6-7e2f-4fec-9fa7-8c6a17753f79', 'bcad95b5-172c-49dc-9cc4-8cb67e29fcff', 'ddc64e36-980e-4aef-883c-44582c4a3062', 'ce839ab7-fa56-4458-8c69-ce9e2fe80e59', 'realtime-mkt:18001', 0, '49aafe8c-25ab-4fb7-ba66-6efd989a6551');
INSERT INTO `template_config` VALUES ('bb039a8e-4d2a-4dd6-ad48-5ad7503e91d5', '766088b6-7e2f-4fec-9fa7-8c6a17753f79', 'bcad95b5-172c-49dc-9cc4-8cb67e29fcff', 'ddc64e36-980e-4aef-883c-44582c4a3062', '95997a24-f973-481d-8ae2-79b0a46902b2', NULL, 0, NULL);
INSERT INTO `template_config` VALUES ('bb4d1f77-f04a-43b1-a86a-3d5f5e9da00a', '766088b6-7e2f-4fec-9fa7-8c6a17753f79', 'bcad95b5-172c-49dc-9cc4-8cb67e29fcff', 'bbf20ef9-716c-4e0e-b259-ead25a804151', 'f028e6a1-22c2-4533-acc9-2decc7334a9e', 'zanalytics', 0, 'e7408c2d-af06-44f7-9195-6e010d6e7261');
INSERT INTO `template_config` VALUES ('bbb03147-45be-4258-823d-cf502ceba7ed', '766088b6-7e2f-4fec-9fa7-8c6a17753f79', 'bcad95b5-172c-49dc-9cc4-8cb67e29fcff', 'bbf20ef9-716c-4e0e-b259-ead25a804151', 'a999e4ec-14e1-435c-a1bb-0de26e1a8f74', 'realtime-1', 0, '60cd1e20-4661-4196-85a2-a0909049cb42');
INSERT INTO `template_config` VALUES ('bbb11359-fa90-4b27-9045-5287a6584d70', '766088b6-7e2f-4fec-9fa7-8c6a17753f79', 'bcad95b5-172c-49dc-9cc4-8cb67e29fcff', 'ddc64e36-980e-4aef-883c-44582c4a3062', '82c917c6-8538-4a18-b4b5-1b65d06264ec', '6379', 0, '3daf56c9-9647-4b8e-a65a-648ba92ec826');
INSERT INTO `template_config` VALUES ('bc289c7f-4a8c-46fd-88b9-8fe1ac459124', '766088b6-7e2f-4fec-9fa7-8c6a17753f79', 'bcad95b5-172c-49dc-9cc4-8cb67e29fcff', '978b812d-230f-4b7b-89fd-06e3ef461451', '966de486-99e4-4d3a-bf3d-fc33e8267fb6', 'realtime-2', 0, '9814e678-d100-4d29-b56f-748725a63e71');
INSERT INTO `template_config` VALUES ('bc42a3de-1116-4762-b599-9120f5a9b814', '766088b6-7e2f-4fec-9fa7-8c6a17753f79', 'bcad95b5-172c-49dc-9cc4-8cb67e29fcff', 'ddc64e36-980e-4aef-883c-44582c4a3062', '3e878973-abd1-47e4-86e5-4d5dc8e56d67', 'realtime-1:9003', 0, '249e7c1c-7aab-4d41-a48e-cac383c8009b');
INSERT INTO `template_config` VALUES ('bc97dc19-fa86-46c4-b0d1-01d6f04f302d', '766088b6-7e2f-4fec-9fa7-8c6a17753f79', 'bcad95b5-172c-49dc-9cc4-8cb67e29fcff', '07b2ba6d-5641-4389-a5a7-6f91f5dc2e29', 'de2e4dd1-5d02-43f0-96e9-29a11665f295', '/webapp/app/login', 0, NULL);
INSERT INTO `template_config` VALUES ('bcae6e26-4968-44b4-a8a4-06b700d7365f', '766088b6-7e2f-4fec-9fa7-8c6a17753f79', 'bcad95b5-172c-49dc-9cc4-8cb67e29fcff', '978b812d-230f-4b7b-89fd-06e3ef461451', 'a960d552-2e1b-49fa-9c12-d4039bd14996', 'realtime-1:7051,realtime-2:7051,realtime-3:7051', 0, '8830d915-f7fe-40b6-bc3e-af8ad5ef0eb9');
INSERT INTO `template_config` VALUES ('bd2c47ac-3917-412d-b34d-d53e62704519', '766088b6-7e2f-4fec-9fa7-8c6a17753f79', 'bcad95b5-172c-49dc-9cc4-8cb67e29fcff', '978b812d-230f-4b7b-89fd-06e3ef461451', 'accb16a7-1720-4bd6-815c-90fcb4c26f91', '3306', 0, 'd3aee553-5e29-429e-8389-2d9fa63aa32f');
INSERT INTO `template_config` VALUES ('bd555049-c33a-4353-bf50-9b9e4fbf6adc', '766088b6-7e2f-4fec-9fa7-8c6a17753f79', 'bcad95b5-172c-49dc-9cc4-8cb67e29fcff', 'ddc64e36-980e-4aef-883c-44582c4a3062', '261936a3-1524-4166-a204-0723e2984eeb', 'Sun_unix*1101', 0, 'c568fcdd-d9e3-4c1a-84f2-6eebe21c39ed');
INSERT INTO `template_config` VALUES ('bdf27b8c-8dc2-4fc8-a6a8-b9d66b853f84', '766088b6-7e2f-4fec-9fa7-8c6a17753f79', 'bcad95b5-172c-49dc-9cc4-8cb67e29fcff', 'ddc64e36-980e-4aef-883c-44582c4a3062', '21a2e350-ec6a-4f67-9c69-48bdcf736160', 'realtime-1:8081', 0, '45105f5b-9ec9-427e-adce-a0fc07917809');
INSERT INTO `template_config` VALUES ('be9d3c75-65b7-427d-b5b1-0b216a014bd0', '766088b6-7e2f-4fec-9fa7-8c6a17753f79', 'bcad95b5-172c-49dc-9cc4-8cb67e29fcff', 'f92c2bfd-85e6-4d56-97cb-ebe440f09313', '41df23ee-de70-40c5-bf09-d6489cbf37ff', 'web', 0, '052efc70-ed54-4ba1-87f1-af5f6a8cccf3');
INSERT INTO `template_config` VALUES ('c17a80dd-a1dd-4ecd-8bbf-591208d5d6c6', '766088b6-7e2f-4fec-9fa7-8c6a17753f79', 'bcad95b5-172c-49dc-9cc4-8cb67e29fcff', 'ad1152b8-0a99-4821-a253-9431c337be83', 'fa6c3383-2b76-4abc-adb4-7cd00ca71cd2', '9d3266fd556a4db7b9616d385f8bdf8f', 0, NULL);
INSERT INTO `template_config` VALUES ('c1bc03a0-04bb-472f-b045-780a7c03cb31', '766088b6-7e2f-4fec-9fa7-8c6a17753f79', 'bcad95b5-172c-49dc-9cc4-8cb67e29fcff', 'ebc0794a-51ea-4035-9cce-1fca20a47cfb', 'f783db2b-bf96-49b0-ae54-b1fdda8f317a', 'zanalytics', 0, 'e7408c2d-af06-44f7-9195-6e010d6e7261');
INSERT INTO `template_config` VALUES ('c2195ab8-5d4f-405c-bcd5-b9e6927759bb', '766088b6-7e2f-4fec-9fa7-8c6a17753f79', 'bcad95b5-172c-49dc-9cc4-8cb67e29fcff', 'ddc64e36-980e-4aef-883c-44582c4a3062', '826bf70a-0d7f-4294-af98-0c77616212a6', 'web', 0, '052efc70-ed54-4ba1-87f1-af5f6a8cccf3');
INSERT INTO `template_config` VALUES ('c2210e39-1875-4008-8e8d-cca95a6729b6', '766088b6-7e2f-4fec-9fa7-8c6a17753f79', 'bcad95b5-172c-49dc-9cc4-8cb67e29fcff', 'ebc0794a-51ea-4035-9cce-1fca20a47cfb', '606f64ec-2977-4683-a7a8-50878a0e5bee', 'realtime-1:9092,realtime-2:9092,realtime-3:9092', 0, '1e326ee1-01d9-4d2c-899b-552b257dc6ff');
INSERT INTO `template_config` VALUES ('c2691f6a-a366-40a3-9e78-78ef1d0b0bee', '766088b6-7e2f-4fec-9fa7-8c6a17753f79', 'bcad95b5-172c-49dc-9cc4-8cb67e29fcff', '57e40fe3-940a-4db8-aa9d-bd84ba8f495c', 'e9fc75f4-2ef6-4582-84cd-8ac5fa1325c5', 'realtime-1:80', 0, '2cbd95d8-4efa-4bd1-a661-d5466ddbffb5');
INSERT INTO `template_config` VALUES ('c2c5f723-f296-4aa2-9378-3527e5391fea', '766088b6-7e2f-4fec-9fa7-8c6a17753f79', 'bcad95b5-172c-49dc-9cc4-8cb67e29fcff', 'a1ea234c-2821-4b77-8049-0bb0b1ea3d30', '74d4b548-9f8b-4a5c-94d5-fd2fa58a1e5a', 'false', 0, '91b176d3-b160-4839-914d-2142af1bbf47');
INSERT INTO `template_config` VALUES ('c2c8bdfd-cf9a-413d-a580-76b1eb04827e', '766088b6-7e2f-4fec-9fa7-8c6a17753f79', 'bcad95b5-172c-49dc-9cc4-8cb67e29fcff', 'f92c2bfd-85e6-4d56-97cb-ebe440f09313', 'ead44e40-901c-437f-b2e3-1a58de4e4725', 'realtime-2', 0, '9814e678-d100-4d29-b56f-748725a63e71');
INSERT INTO `template_config` VALUES ('c2e5eaf8-043e-4920-a057-83bc9e535ea0', '766088b6-7e2f-4fec-9fa7-8c6a17753f79', 'bcad95b5-172c-49dc-9cc4-8cb67e29fcff', 'ddc64e36-980e-4aef-883c-44582c4a3062', '51cecec0-6ecb-4fdb-9a47-d03501741aad', 'realtime-1:9003', 0, '249e7c1c-7aab-4d41-a48e-cac383c8009b');
INSERT INTO `template_config` VALUES ('c346e8b3-0211-47f9-834a-61233b6df856', '766088b6-7e2f-4fec-9fa7-8c6a17753f79', 'bcad95b5-172c-49dc-9cc4-8cb67e29fcff', 'ddc64e36-980e-4aef-883c-44582c4a3062', '46ac6839-0e74-4b44-9b45-30c0333dd8e4', 'zanalytics', 0, 'e7408c2d-af06-44f7-9195-6e010d6e7261');
INSERT INTO `template_config` VALUES ('c363c977-b0e6-4143-8a36-636c61411047', '766088b6-7e2f-4fec-9fa7-8c6a17753f79', 'bcad95b5-172c-49dc-9cc4-8cb67e29fcff', '978b812d-230f-4b7b-89fd-06e3ef461451', '1bd02305-d207-4020-b307-6c98a1ec73dd', '8893', 0, NULL);
INSERT INTO `template_config` VALUES ('c424a389-0e44-4f78-a56c-a9a1372a9e7a', '766088b6-7e2f-4fec-9fa7-8c6a17753f79', 'bcad95b5-172c-49dc-9cc4-8cb67e29fcff', 'a1ea234c-2821-4b77-8049-0bb0b1ea3d30', '15381ad7-64cb-4ffc-8fcf-e5e89546ec98', 'realtime-1:80', 0, '2cbd95d8-4efa-4bd1-a661-d5466ddbffb5');
INSERT INTO `template_config` VALUES ('c468995d-4cbe-45e5-bc14-f89e577c0d9d', '766088b6-7e2f-4fec-9fa7-8c6a17753f79', 'bcad95b5-172c-49dc-9cc4-8cb67e29fcff', '978b812d-230f-4b7b-89fd-06e3ef461451', '6882a7fd-6e6e-40f3-8267-23c2571588ec', NULL, 0, NULL);
INSERT INTO `template_config` VALUES ('c4a3d9d6-3380-4651-83fe-62d420bd5b71', '766088b6-7e2f-4fec-9fa7-8c6a17753f79', 'bcad95b5-172c-49dc-9cc4-8cb67e29fcff', 'a1ea234c-2821-4b77-8049-0bb0b1ea3d30', '5dc58e05-98ff-4496-9542-38dc7950d3c0', 'true', 0, 'c1ddc83c-3ce3-4e1a-86ed-c4240bb3241d');
INSERT INTO `template_config` VALUES ('c54c77b6-4088-404c-819e-8b69fef40299', '766088b6-7e2f-4fec-9fa7-8c6a17753f79', 'bcad95b5-172c-49dc-9cc4-8cb67e29fcff', '978b812d-230f-4b7b-89fd-06e3ef461451', '8a07b167-4cfa-42dc-bd6b-366768e129aa', 'realtime-1', 0, '60cd1e20-4661-4196-85a2-a0909049cb42');
INSERT INTO `template_config` VALUES ('c54efaf2-3915-4088-b17f-c67ea624bfa1', '766088b6-7e2f-4fec-9fa7-8c6a17753f79', 'bcad95b5-172c-49dc-9cc4-8cb67e29fcff', 'a1ea234c-2821-4b77-8049-0bb0b1ea3d30', '160d351c-b829-4264-a693-9352eadda14e', 'zhuge', 0, NULL);
INSERT INTO `template_config` VALUES ('c5936bb9-617b-45fe-abdc-34fba8444047', '766088b6-7e2f-4fec-9fa7-8c6a17753f79', 'bcad95b5-172c-49dc-9cc4-8cb67e29fcff', 'c2c54454-21c2-4e87-858d-47999d4a25f6', '4a533c8f-dace-4a5e-ad7c-a14d8e079f86', 'https://weixin.zhugeio.com', 0, '20994bd5-9f90-4a16-a726-574f9ff623c4');
INSERT INTO `template_config` VALUES ('c5d43591-9f6d-4f47-8b48-73ea8c8d9840', '766088b6-7e2f-4fec-9fa7-8c6a17753f79', 'bcad95b5-172c-49dc-9cc4-8cb67e29fcff', 'ddc64e36-980e-4aef-883c-44582c4a3062', '275a9fda-eed3-4ec8-be6b-7c83210cb8a6', 'realtime-1', 0, '60cd1e20-4661-4196-85a2-a0909049cb42');
INSERT INTO `template_config` VALUES ('c61e6796-166e-4a86-acd8-ac099424865a', '766088b6-7e2f-4fec-9fa7-8c6a17753f79', 'bcad95b5-172c-49dc-9cc4-8cb67e29fcff', 'ebc0794a-51ea-4035-9cce-1fca20a47cfb', 'f06db94a-126b-400a-bb8c-71ea255f6e55', 'realtime-mkt:1927', 0, '3b221fcd-082c-4012-888d-07908f30a781');
INSERT INTO `template_config` VALUES ('c675059a-cc58-43d4-83ad-801bf7963007', '766088b6-7e2f-4fec-9fa7-8c6a17753f79', 'bcad95b5-172c-49dc-9cc4-8cb67e29fcff', 'c2c54454-21c2-4e87-858d-47999d4a25f6', 'f822236d-3b3f-4f82-b7fb-1792975994ac', '26480', 0, '269a5a46-1834-4b27-afd4-96c4b60e9f84');
INSERT INTO `template_config` VALUES ('c6aebace-fed2-4a91-927e-642d186815c6', '766088b6-7e2f-4fec-9fa7-8c6a17753f79', 'bcad95b5-172c-49dc-9cc4-8cb67e29fcff', 'ebc0794a-51ea-4035-9cce-1fca20a47cfb', '84cde9df-3449-45db-9c6d-e256504a8009', '21050', 0, '0616d122-9276-4b6f-8ce7-b528aeb1c756');
INSERT INTO `template_config` VALUES ('c6da853b-5297-485b-856f-258ff983e3b0', '766088b6-7e2f-4fec-9fa7-8c6a17753f79', 'bcad95b5-172c-49dc-9cc4-8cb67e29fcff', '32bdaf26-8a8b-492b-9f99-14391bd784cb', '9d01f9f5-3a2d-4d6b-8c00-8170e87734c0', 'realtime-2', 0, '9814e678-d100-4d29-b56f-748725a63e71');
INSERT INTO `template_config` VALUES ('c728ba15-cece-4f90-bed2-a81a5d6f0b01', '766088b6-7e2f-4fec-9fa7-8c6a17753f79', 'bcad95b5-172c-49dc-9cc4-8cb67e29fcff', 'ddc64e36-980e-4aef-883c-44582c4a3062', '0699d2bd-dce1-4315-825d-554aa412e94a', 'realtime-1:18080', 0, '88da82a1-365f-499e-8ffe-509dfe7e5567');
INSERT INTO `template_config` VALUES ('c779bb9a-212d-40b1-b318-cba6171a6f91', '766088b6-7e2f-4fec-9fa7-8c6a17753f79', 'bcad95b5-172c-49dc-9cc4-8cb67e29fcff', 'f92c2bfd-85e6-4d56-97cb-ebe440f09313', 'f0e7600b-9bda-42d6-80ea-238248b61271', '3306', 0, 'd3aee553-5e29-429e-8389-2d9fa63aa32f');
INSERT INTO `template_config` VALUES ('c86ed03d-a8c7-4bdb-84c1-acf1f2471f8d', '766088b6-7e2f-4fec-9fa7-8c6a17753f79', 'bcad95b5-172c-49dc-9cc4-8cb67e29fcff', 'c2c54454-21c2-4e87-858d-47999d4a25f6', 'e9dc7a8d-345a-4d35-a885-c9faef12f5f6', 'web', 0, '052efc70-ed54-4ba1-87f1-af5f6a8cccf3');
INSERT INTO `template_config` VALUES ('c8743696-2880-4695-b8ba-a2f617f02293', '766088b6-7e2f-4fec-9fa7-8c6a17753f79', 'bcad95b5-172c-49dc-9cc4-8cb67e29fcff', 'ebc0794a-51ea-4035-9cce-1fca20a47cfb', '541bdc60-4da6-4174-a1a2-348d3950234d', 'realtime-1:9092,realtime-2:9092,realtime-3:9092', 0, '1e326ee1-01d9-4d2c-899b-552b257dc6ff');
INSERT INTO `template_config` VALUES ('ca498e30-ea77-4bdd-9465-4ef4e7a3a536', '766088b6-7e2f-4fec-9fa7-8c6a17753f79', 'bcad95b5-172c-49dc-9cc4-8cb67e29fcff', 'bacd30d5-971c-4e09-baa7-4eb6b3e78664', 'f6ab99aa-f799-4129-ab4c-f69266074466', 'zanalytics', 0, 'e7408c2d-af06-44f7-9195-6e010d6e7261');
INSERT INTO `template_config` VALUES ('cb4d889e-521a-477c-89e7-3e6079b49bf6', '766088b6-7e2f-4fec-9fa7-8c6a17753f79', 'bcad95b5-172c-49dc-9cc4-8cb67e29fcff', '6faa2db5-a941-4178-9085-f9811c62c4dc', '1232ca3d-5683-4fdd-9ac2-5bf74153e3e8', 'web', 0, '052efc70-ed54-4ba1-87f1-af5f6a8cccf3');
INSERT INTO `template_config` VALUES ('cb647647-680a-4819-a711-dfdaccfd2c41', '766088b6-7e2f-4fec-9fa7-8c6a17753f79', 'bcad95b5-172c-49dc-9cc4-8cb67e29fcff', '0ef3213a-6674-4924-9a2c-f0ed25ef92b6', '8e9556bb-5012-445b-9798-e9bcb5c2a589', 'realtime-1', 0, '60cd1e20-4661-4196-85a2-a0909049cb42');
INSERT INTO `template_config` VALUES ('ccbed540-955e-48e9-9fa5-1b21dbeb8157', '766088b6-7e2f-4fec-9fa7-8c6a17753f79', 'bcad95b5-172c-49dc-9cc4-8cb67e29fcff', 'ddc64e36-980e-4aef-883c-44582c4a3062', 'dbadd32b-7ce7-42d1-81a8-7004cfa68f92', 'realtime-1', 0, '60cd1e20-4661-4196-85a2-a0909049cb42');
INSERT INTO `template_config` VALUES ('cd527990-ea16-4946-a11c-9bf373e3b04e', '766088b6-7e2f-4fec-9fa7-8c6a17753f79', 'bcad95b5-172c-49dc-9cc4-8cb67e29fcff', '978b812d-230f-4b7b-89fd-06e3ef461451', '69383633-2f87-47f2-8063-4467fe2cde73', 'realtime-1:9092,realtime-2:9092,realtime-3:9092', 0, '1e326ee1-01d9-4d2c-899b-552b257dc6ff');
INSERT INTO `template_config` VALUES ('cef052d8-2012-40a5-8b2f-045fd7b55247', '766088b6-7e2f-4fec-9fa7-8c6a17753f79', 'bcad95b5-172c-49dc-9cc4-8cb67e29fcff', '57e40fe3-940a-4db8-aa9d-bd84ba8f495c', '78286238-e5a9-491c-9084-2629b1ac42da', '/analysis/api', 0, NULL);
INSERT INTO `template_config` VALUES ('cf5f119b-7217-48fc-b150-76a3793f0012', '766088b6-7e2f-4fec-9fa7-8c6a17753f79', 'bcad95b5-172c-49dc-9cc4-8cb67e29fcff', 'ddc64e36-980e-4aef-883c-44582c4a3062', '111d6c23-a955-40e5-a3f9-f28a8107266e', 'realtime-1:7715', 0, '94965f5d-e04e-4611-a3c4-657f36223c8d');
INSERT INTO `template_config` VALUES ('d087bbd6-504c-438a-8147-c14ddc9668f0', '766088b6-7e2f-4fec-9fa7-8c6a17753f79', 'bcad95b5-172c-49dc-9cc4-8cb67e29fcff', '978b812d-230f-4b7b-89fd-06e3ef461451', '8f01474d-4494-447a-847a-f0b0a34a2cb2', 'zanalytics', 0, 'e7408c2d-af06-44f7-9195-6e010d6e7261');
INSERT INTO `template_config` VALUES ('d1a5ba09-c2d4-4381-8355-9fa75eb251cf', '766088b6-7e2f-4fec-9fa7-8c6a17753f79', 'bcad95b5-172c-49dc-9cc4-8cb67e29fcff', 'bacd30d5-971c-4e09-baa7-4eb6b3e78664', '2c67233a-6d25-44cf-82db-696009b3563d', 'zanalytics', 0, 'e7408c2d-af06-44f7-9195-6e010d6e7261');
INSERT INTO `template_config` VALUES ('d1a5ee1a-8a59-463c-964a-e850969279ff', '766088b6-7e2f-4fec-9fa7-8c6a17753f79', 'bcad95b5-172c-49dc-9cc4-8cb67e29fcff', '978b812d-230f-4b7b-89fd-06e3ef461451', 'ec32a649-ec36-4101-84f4-eb607e614a07', NULL, 0, NULL);
INSERT INTO `template_config` VALUES ('d1f1f1c7-4839-449d-be77-68a7ae439bd0', '766088b6-7e2f-4fec-9fa7-8c6a17753f79', 'bcad95b5-172c-49dc-9cc4-8cb67e29fcff', 'ddc64e36-980e-4aef-883c-44582c4a3062', '6fac6a71-b1c4-474f-8826-527f0cd3f5b6', 'realtime-1:8080', 0, '538036a1-c75d-4c93-a9e7-011e10c98c8e');
INSERT INTO `template_config` VALUES ('d26b28e4-f484-4c74-a442-0bb7d46ffe62', '766088b6-7e2f-4fec-9fa7-8c6a17753f79', 'bcad95b5-172c-49dc-9cc4-8cb67e29fcff', 'ad1152b8-0a99-4821-a253-9431c337be83', '3bd47878-e344-41e7-8c42-cae8279bf858', '8888', 0, '19613156-b0f1-40f9-ba94-4d83852256ae');
INSERT INTO `template_config` VALUES ('d33dd284-b4a4-4a66-adc5-e0a99add5a27', '766088b6-7e2f-4fec-9fa7-8c6a17753f79', 'bcad95b5-172c-49dc-9cc4-8cb67e29fcff', 'c2c54454-21c2-4e87-858d-47999d4a25f6', 'c291bc52-40c8-4e95-935f-c5a8a96ed737', 'realtime-1', 0, '60cd1e20-4661-4196-85a2-a0909049cb42');
INSERT INTO `template_config` VALUES ('d3bde27a-04dd-4fd0-816e-0e4a2059d2e1', '766088b6-7e2f-4fec-9fa7-8c6a17753f79', 'bcad95b5-172c-49dc-9cc4-8cb67e29fcff', 'f92c2bfd-85e6-4d56-97cb-ebe440f09313', 'ebb3c061-1141-41f3-81d4-d11e87cb62c1', 'realtime-1', 0, '60cd1e20-4661-4196-85a2-a0909049cb42');
INSERT INTO `template_config` VALUES ('d3d9a2af-a3f8-4f87-bcf3-6e13dbe49d6d', '766088b6-7e2f-4fec-9fa7-8c6a17753f79', 'bcad95b5-172c-49dc-9cc4-8cb67e29fcff', '978b812d-230f-4b7b-89fd-06e3ef461451', '028cb395-e6fd-47c2-b499-1fb4cc31e0b5', 'web', 0, '052efc70-ed54-4ba1-87f1-af5f6a8cccf3');
INSERT INTO `template_config` VALUES ('d43c482b-f344-42c8-9393-cadbbf239c6d', '766088b6-7e2f-4fec-9fa7-8c6a17753f79', 'bcad95b5-172c-49dc-9cc4-8cb67e29fcff', '978b812d-230f-4b7b-89fd-06e3ef461451', '6d4f6d64-b781-4bff-846d-2f84e2fff61c', 'realtime-2', 0, '9814e678-d100-4d29-b56f-748725a63e71');
INSERT INTO `template_config` VALUES ('d4bdb798-3e87-48fb-9eb7-f370e72985de', '766088b6-7e2f-4fec-9fa7-8c6a17753f79', 'bcad95b5-172c-49dc-9cc4-8cb67e29fcff', '0ef3213a-6674-4924-9a2c-f0ed25ef92b6', '06ce3b7c-4e7a-4903-9b46-3be0ede3eba2', 'realtime-1', 0, '60cd1e20-4661-4196-85a2-a0909049cb42');
INSERT INTO `template_config` VALUES ('d4e55a8a-2e22-4cc5-8b59-3689f7b0f37e', '766088b6-7e2f-4fec-9fa7-8c6a17753f79', 'bcad95b5-172c-49dc-9cc4-8cb67e29fcff', 'ebc0794a-51ea-4035-9cce-1fca20a47cfb', 'd780c2dd-7cc6-4efb-a6a1-1df1270bf6f8', 'zanalytics', 0, 'e7408c2d-af06-44f7-9195-6e010d6e7261');
INSERT INTO `template_config` VALUES ('d50301b1-b307-4d07-bc9c-107cc1eb4587', '766088b6-7e2f-4fec-9fa7-8c6a17753f79', 'bcad95b5-172c-49dc-9cc4-8cb67e29fcff', '57e40fe3-940a-4db8-aa9d-bd84ba8f495c', '0f4e7ef9-244b-44b9-a27b-1d1a1388047a', '26555', 0, NULL);
INSERT INTO `template_config` VALUES ('d526c149-6abe-456d-b57c-ddf83fcf9541', '766088b6-7e2f-4fec-9fa7-8c6a17753f79', 'bcad95b5-172c-49dc-9cc4-8cb67e29fcff', 'ddc64e36-980e-4aef-883c-44582c4a3062', '9fef9f8b-3233-48cb-abc0-7a98c180689b', 'realtime-1:8800', 0, '876880fb-e42d-4a22-90ad-e33ef5de2efe');
INSERT INTO `template_config` VALUES ('d5cad068-cb6d-4c68-9f4b-e022d49b0651', '766088b6-7e2f-4fec-9fa7-8c6a17753f79', 'bcad95b5-172c-49dc-9cc4-8cb67e29fcff', 'ebc0794a-51ea-4035-9cce-1fca20a47cfb', '38e253fd-bb3f-4ecf-b96e-2ec834197f71', 'admin', 0, '84276ec4-1d1e-442f-ab04-c4486c81e001');
INSERT INTO `template_config` VALUES ('d5d09c81-274b-4dd1-852b-13cfd8e941a5', '766088b6-7e2f-4fec-9fa7-8c6a17753f79', 'bcad95b5-172c-49dc-9cc4-8cb67e29fcff', 'a1ea234c-2821-4b77-8049-0bb0b1ea3d30', 'c1e46366-47f7-45f1-ba7b-bb086ae476ef', 'false', 0, '91b176d3-b160-4839-914d-2142af1bbf47');
INSERT INTO `template_config` VALUES ('d6132ba8-74e1-4861-b956-f490673389e3', '766088b6-7e2f-4fec-9fa7-8c6a17753f79', 'bcad95b5-172c-49dc-9cc4-8cb67e29fcff', 'f92c2bfd-85e6-4d56-97cb-ebe440f09313', '24ce76e1-49c1-4d78-bf2b-3142de562b2c', 'zanalytics', 0, 'e7408c2d-af06-44f7-9195-6e010d6e7261');
INSERT INTO `template_config` VALUES ('d63f0434-68cb-4696-9ad8-64154098d9d1', '766088b6-7e2f-4fec-9fa7-8c6a17753f79', 'bcad95b5-172c-49dc-9cc4-8cb67e29fcff', 'ad1152b8-0a99-4821-a253-9431c337be83', '9a730feb-48ee-42ba-9b1d-2e866c925252', 'web', 0, '052efc70-ed54-4ba1-87f1-af5f6a8cccf3');
INSERT INTO `template_config` VALUES ('d643b7e3-76bf-4c7b-b691-0897b7f3b81b', '766088b6-7e2f-4fec-9fa7-8c6a17753f79', 'bcad95b5-172c-49dc-9cc4-8cb67e29fcff', '978b812d-230f-4b7b-89fd-06e3ef461451', 'a1ca0a35-ba0e-4915-a897-d195a7a10d04', '21050', 0, '0616d122-9276-4b6f-8ce7-b528aeb1c756');
INSERT INTO `template_config` VALUES ('d674b1d9-2286-4eb2-b34d-9037745f575f', '766088b6-7e2f-4fec-9fa7-8c6a17753f79', 'bcad95b5-172c-49dc-9cc4-8cb67e29fcff', 'f92c2bfd-85e6-4d56-97cb-ebe440f09313', 'c2f7e5be-15cd-4b87-89a9-6873219cb3dd', 'Sun_unix*1101', 0, 'c568fcdd-d9e3-4c1a-84f2-6eebe21c39ed');
INSERT INTO `template_config` VALUES ('d6e27706-48a2-4910-b8a8-232e0deea65e', '766088b6-7e2f-4fec-9fa7-8c6a17753f79', 'bcad95b5-172c-49dc-9cc4-8cb67e29fcff', 'ebc0794a-51ea-4035-9cce-1fca20a47cfb', 'bea3deb7-e26a-478f-a8a2-0b53edd10e95', 'zanalytics', 0, 'e7408c2d-af06-44f7-9195-6e010d6e7261');
INSERT INTO `template_config` VALUES ('d8295fdc-1edd-4f0a-b015-ffdc8ba3a955', '766088b6-7e2f-4fec-9fa7-8c6a17753f79', 'bcad95b5-172c-49dc-9cc4-8cb67e29fcff', '95ff7d6e-2d8d-4303-acce-755ebbff221a', '22229caf-d927-494c-b6dc-ad71292f0287', 'shiping', 0, NULL);
INSERT INTO `template_config` VALUES ('d86250d3-a02f-414b-acc2-641cd1cc99b4', '766088b6-7e2f-4fec-9fa7-8c6a17753f79', 'bcad95b5-172c-49dc-9cc4-8cb67e29fcff', '978b812d-230f-4b7b-89fd-06e3ef461451', '50c8e44c-1b30-49b5-99e8-6f052332e2a9', 'admin', 0, '84276ec4-1d1e-442f-ab04-c4486c81e001');
INSERT INTO `template_config` VALUES ('d8d7cb43-688e-4e6f-a4c1-fa9583afa801', '766088b6-7e2f-4fec-9fa7-8c6a17753f79', 'bcad95b5-172c-49dc-9cc4-8cb67e29fcff', '978b812d-230f-4b7b-89fd-06e3ef461451', 'f61828c9-afb6-49e3-8db7-05807cfd1675', 'zanalytics', 0, 'e7408c2d-af06-44f7-9195-6e010d6e7261');
INSERT INTO `template_config` VALUES ('d9ea5916-86dd-4b28-8150-a68377effaa8', '766088b6-7e2f-4fec-9fa7-8c6a17753f79', 'bcad95b5-172c-49dc-9cc4-8cb67e29fcff', 'a1ea234c-2821-4b77-8049-0bb0b1ea3d30', '13d6dce7-8f74-4832-884e-74f8b099c4c2', '数据分析', 0, '16455ee4-0ce5-4b6e-9ba3-afe762a226fa');
INSERT INTO `template_config` VALUES ('da6c7054-2878-4a00-969f-9d205f00f93b', '766088b6-7e2f-4fec-9fa7-8c6a17753f79', 'bcad95b5-172c-49dc-9cc4-8cb67e29fcff', 'ddc64e36-980e-4aef-883c-44582c4a3062', 'cab1ee7f-7855-4610-b230-b5b7c8020415', 'realtime-1:8080', 0, '538036a1-c75d-4c93-a9e7-011e10c98c8e');
INSERT INTO `template_config` VALUES ('daaf1bf0-cadd-4446-a844-d75143a5f629', '766088b6-7e2f-4fec-9fa7-8c6a17753f79', 'bcad95b5-172c-49dc-9cc4-8cb67e29fcff', '589ea155-95d4-476e-b9e2-8c2ecd99f1fe', '896af7f9-864a-4bfd-966b-029273355f75', 'wx0560f4a03bb55172', 0, NULL);
INSERT INTO `template_config` VALUES ('db84c75e-cda4-4667-a53e-5a5c7ea6285f', '766088b6-7e2f-4fec-9fa7-8c6a17753f79', 'bcad95b5-172c-49dc-9cc4-8cb67e29fcff', '978b812d-230f-4b7b-89fd-06e3ef461451', 'e305072a-3194-4e01-b933-f88eb7020d5f', 'realtime-1', 0, '60cd1e20-4661-4196-85a2-a0909049cb42');
INSERT INTO `template_config` VALUES ('dc37ea6e-3437-4b9e-a3de-ee746e8632cf', '766088b6-7e2f-4fec-9fa7-8c6a17753f79', 'bcad95b5-172c-49dc-9cc4-8cb67e29fcff', 'f92c2bfd-85e6-4d56-97cb-ebe440f09313', '45c4d847-c7e3-408f-b957-c986c9f38ade', 'realtime-1:7051,realtime-2:7051,realtime-3:7051', 0, '8830d915-f7fe-40b6-bc3e-af8ad5ef0eb9');
INSERT INTO `template_config` VALUES ('dc91f09c-4e5f-45b8-b7e1-e48a8efa9052', '766088b6-7e2f-4fec-9fa7-8c6a17753f79', 'bcad95b5-172c-49dc-9cc4-8cb67e29fcff', 'da90f995-b14e-4cec-a72a-07f880a846af', 'aa6c27b7-c91f-4651-a346-1ad5cfcbfc71', '/analysis/socket', 0, NULL);
INSERT INTO `template_config` VALUES ('dd0497c7-0df2-451a-89a2-7c3da5e9ff08', '766088b6-7e2f-4fec-9fa7-8c6a17753f79', 'bcad95b5-172c-49dc-9cc4-8cb67e29fcff', 'ddc64e36-980e-4aef-883c-44582c4a3062', 'b2d6a465-37a6-47e5-9483-2c326cc3d844', 'realtime-1:18080', 0, '88da82a1-365f-499e-8ffe-509dfe7e5567');
INSERT INTO `template_config` VALUES ('dd19aba6-1040-4a10-9adb-f41d7665ff5b', '766088b6-7e2f-4fec-9fa7-8c6a17753f79', 'bcad95b5-172c-49dc-9cc4-8cb67e29fcff', 'ad1152b8-0a99-4821-a253-9431c337be83', '75b37cf2-3f8b-4b6a-b867-d7b852ef582a', '1218', 0, NULL);
INSERT INTO `template_config` VALUES ('dd2bcaf2-8fe8-4416-bf68-8a1472bc483f', '766088b6-7e2f-4fec-9fa7-8c6a17753f79', 'bcad95b5-172c-49dc-9cc4-8cb67e29fcff', '978b812d-230f-4b7b-89fd-06e3ef461451', '9c79883a-3f6d-4066-af09-418543db0b46', 'zanalytics', 0, 'e7408c2d-af06-44f7-9195-6e010d6e7261');
INSERT INTO `template_config` VALUES ('dd524721-4c58-4a6f-b874-9c76d8aaa147', '766088b6-7e2f-4fec-9fa7-8c6a17753f79', 'bcad95b5-172c-49dc-9cc4-8cb67e29fcff', 'ddc64e36-980e-4aef-883c-44582c4a3062', '68f42382-8aec-449e-8c5d-f9038a272e8d', 'realtime-1', 0, '60cd1e20-4661-4196-85a2-a0909049cb42');
INSERT INTO `template_config` VALUES ('dd842a32-ba6b-4d9e-b5da-6988ec66a21f', '766088b6-7e2f-4fec-9fa7-8c6a17753f79', 'bcad95b5-172c-49dc-9cc4-8cb67e29fcff', '978b812d-230f-4b7b-89fd-06e3ef461451', '996231de-95be-43ca-887b-4b0b97bd3c17', '21050', 0, '0616d122-9276-4b6f-8ce7-b528aeb1c756');
INSERT INTO `template_config` VALUES ('ddbcfc41-1ccb-4fd1-8bfb-e54b9ed8a39b', '766088b6-7e2f-4fec-9fa7-8c6a17753f79', 'bcad95b5-172c-49dc-9cc4-8cb67e29fcff', '978b812d-230f-4b7b-89fd-06e3ef461451', '11f7dd6b-642b-45fb-9407-e9f110c25403', 'realtime-1', 0, '60cd1e20-4661-4196-85a2-a0909049cb42');
INSERT INTO `template_config` VALUES ('dddefb51-f9aa-48f7-83bf-2e4b82129c7c', '766088b6-7e2f-4fec-9fa7-8c6a17753f79', 'bcad95b5-172c-49dc-9cc4-8cb67e29fcff', 'dafbb59a-383b-43f1-b31c-a566720734b9', 'e12db527-e59f-4695-b4b5-80464fea59fb', 'realtime-1', 0, '60cd1e20-4661-4196-85a2-a0909049cb42');
INSERT INTO `template_config` VALUES ('de08474c-9f37-4378-8f2d-f868e4eb3a94', '766088b6-7e2f-4fec-9fa7-8c6a17753f79', 'bcad95b5-172c-49dc-9cc4-8cb67e29fcff', 'ddc64e36-980e-4aef-883c-44582c4a3062', 'dafcf3af-1110-41e6-bdac-562590ad0151', 'realtime-1:16688', 0, 'b1485b91-d042-4790-9d57-c00c48254a97');
INSERT INTO `template_config` VALUES ('de2c63f1-f76d-4bb3-a47c-5ff0302d3f6f', '766088b6-7e2f-4fec-9fa7-8c6a17753f79', 'bcad95b5-172c-49dc-9cc4-8cb67e29fcff', '978b812d-230f-4b7b-89fd-06e3ef461451', '298eaae4-3818-4070-aaf2-36ca46a053c9', 'realtime-1:9092,realtime-2:9092,realtime-3:9092', 0, '1e326ee1-01d9-4d2c-899b-552b257dc6ff');
INSERT INTO `template_config` VALUES ('df572f4b-c66d-4125-a001-81ba58c910b8', '766088b6-7e2f-4fec-9fa7-8c6a17753f79', 'bcad95b5-172c-49dc-9cc4-8cb67e29fcff', 'ddc64e36-980e-4aef-883c-44582c4a3062', '1f543094-469c-48b7-8eee-7b4c4141290f', 'realtime-1', 0, '60cd1e20-4661-4196-85a2-a0909049cb42');
INSERT INTO `template_config` VALUES ('df739476-c696-41ab-bbb1-873f794d378f', '766088b6-7e2f-4fec-9fa7-8c6a17753f79', 'bcad95b5-172c-49dc-9cc4-8cb67e29fcff', '978b812d-230f-4b7b-89fd-06e3ef461451', '8a574fe1-f716-4b25-aecd-73f2b707d784', '8897', 0, '697eeb97-03c9-486e-8ded-6a9548683a56');
INSERT INTO `template_config` VALUES ('df88b83d-125c-413e-8d51-ad276adf410d', '766088b6-7e2f-4fec-9fa7-8c6a17753f79', 'bcad95b5-172c-49dc-9cc4-8cb67e29fcff', 'f92c2bfd-85e6-4d56-97cb-ebe440f09313', '8995a7b7-7c23-40a1-b7bd-b6f268572ae0', 'realtime-1', 0, '60cd1e20-4661-4196-85a2-a0909049cb42');
INSERT INTO `template_config` VALUES ('df8c9a95-eeb9-46d3-9ca6-20892ff897aa', '766088b6-7e2f-4fec-9fa7-8c6a17753f79', 'bcad95b5-172c-49dc-9cc4-8cb67e29fcff', '978b812d-230f-4b7b-89fd-06e3ef461451', 'b8f6bf73-23b2-4443-8f96-c62b38b1dad9', '21050', 0, '0616d122-9276-4b6f-8ce7-b528aeb1c756');
INSERT INTO `template_config` VALUES ('e00a3614-9ab6-40e1-9f00-317130a8c7d2', '766088b6-7e2f-4fec-9fa7-8c6a17753f79', 'bcad95b5-172c-49dc-9cc4-8cb67e29fcff', 'ddc64e36-980e-4aef-883c-44582c4a3062', '5f9cebc4-dc95-48d8-bf9d-77dc6276d905', 'Sun_unix*1101', 0, 'c568fcdd-d9e3-4c1a-84f2-6eebe21c39ed');
INSERT INTO `template_config` VALUES ('e0b0c427-600b-4b5b-94f6-a328a1fbe349', '766088b6-7e2f-4fec-9fa7-8c6a17753f79', 'bcad95b5-172c-49dc-9cc4-8cb67e29fcff', '07b2ba6d-5641-4389-a5a7-6f91f5dc2e29', 'b9faf5dd-57fd-4320-8694-e28166b397cd', '/analysis/api', 0, NULL);
INSERT INTO `template_config` VALUES ('e1117419-583f-4ed4-9771-5311964ec08b', '766088b6-7e2f-4fec-9fa7-8c6a17753f79', 'bcad95b5-172c-49dc-9cc4-8cb67e29fcff', '978b812d-230f-4b7b-89fd-06e3ef461451', '589ed977-d344-43ea-b5f1-78a181c04d63', '8897', 0, '697eeb97-03c9-486e-8ded-6a9548683a56');
INSERT INTO `template_config` VALUES ('e2b14a25-0a9b-49fa-9ba8-01217193fbfe', '766088b6-7e2f-4fec-9fa7-8c6a17753f79', 'bcad95b5-172c-49dc-9cc4-8cb67e29fcff', '978b812d-230f-4b7b-89fd-06e3ef461451', 'e01bc9bb-ab9e-417b-a102-33c84f312318', 'realtime-1:9092,realtime-2:9092,realtime-3:9092', 0, '1e326ee1-01d9-4d2c-899b-552b257dc6ff');
INSERT INTO `template_config` VALUES ('e3349c30-7a73-4120-ac4f-536dd8748fe6', '766088b6-7e2f-4fec-9fa7-8c6a17753f79', 'bcad95b5-172c-49dc-9cc4-8cb67e29fcff', '0ef3213a-6674-4924-9a2c-f0ed25ef92b6', '7a794497-01f2-45a2-9add-5f1a107d148f', '26380', 0, NULL);
INSERT INTO `template_config` VALUES ('e3c1d6b8-f2d6-4dd7-969d-9c03c106f018', '766088b6-7e2f-4fec-9fa7-8c6a17753f79', 'bcad95b5-172c-49dc-9cc4-8cb67e29fcff', 'f92c2bfd-85e6-4d56-97cb-ebe440f09313', '9b02b865-2f4c-4021-b526-f2a6bb25ea40', 'Sun_unix*1101', 0, 'c568fcdd-d9e3-4c1a-84f2-6eebe21c39ed');
INSERT INTO `template_config` VALUES ('e53f3869-0fcd-4766-b8c9-eec636492ad6', '766088b6-7e2f-4fec-9fa7-8c6a17753f79', 'bcad95b5-172c-49dc-9cc4-8cb67e29fcff', 'ddc64e36-980e-4aef-883c-44582c4a3062', 'b7cf9e82-3834-49fa-8e68-0df432aed7ff', 'realtime-1', 0, '60cd1e20-4661-4196-85a2-a0909049cb42');
INSERT INTO `template_config` VALUES ('e58deb0a-7346-4557-abbb-a5d4066a4686', '766088b6-7e2f-4fec-9fa7-8c6a17753f79', 'bcad95b5-172c-49dc-9cc4-8cb67e29fcff', 'a1ea234c-2821-4b77-8049-0bb0b1ea3d30', '122b21d4-3df3-407d-b54e-cf585ca7696a', 'false', 0, '91b176d3-b160-4839-914d-2142af1bbf47');
INSERT INTO `template_config` VALUES ('e5d6b661-832b-40a5-b747-6feb1dcb0971', '766088b6-7e2f-4fec-9fa7-8c6a17753f79', 'bcad95b5-172c-49dc-9cc4-8cb67e29fcff', 'c2c54454-21c2-4e87-858d-47999d4a25f6', '478f8840-6936-46dd-92b8-1da90adfdab5', '9d3266fd556a4db7b9616d385f8bdf8f', 0, NULL);
INSERT INTO `template_config` VALUES ('e66dc554-8f6d-4ee9-a4d8-31dffcee6fdf', '766088b6-7e2f-4fec-9fa7-8c6a17753f79', 'bcad95b5-172c-49dc-9cc4-8cb67e29fcff', 'ebc0794a-51ea-4035-9cce-1fca20a47cfb', '9803b9e3-897d-4422-aafd-a6308cd4f8c2', 'realtime-1:9092,realtime-2:9092,realtime-3:9092', 0, '1e326ee1-01d9-4d2c-899b-552b257dc6ff');
INSERT INTO `template_config` VALUES ('e68a4a4e-425d-4db3-9eb0-ffe595ad57a0', '766088b6-7e2f-4fec-9fa7-8c6a17753f79', 'bcad95b5-172c-49dc-9cc4-8cb67e29fcff', 'ddc64e36-980e-4aef-883c-44582c4a3062', 'b1390639-11d4-4ede-828b-3a75fae527b0', 'realtime-1:7715', 0, '94965f5d-e04e-4611-a3c4-657f36223c8d');
INSERT INTO `template_config` VALUES ('e69040ca-5d52-4722-9a12-78e41069c624', '766088b6-7e2f-4fec-9fa7-8c6a17753f79', 'bcad95b5-172c-49dc-9cc4-8cb67e29fcff', '978b812d-230f-4b7b-89fd-06e3ef461451', 'cef2b3c5-04f4-4c21-8060-ab594b96bf09', 'realtime-1', 0, '60cd1e20-4661-4196-85a2-a0909049cb42');
INSERT INTO `template_config` VALUES ('e6ee3311-06e2-47c9-b92a-babe34a0cb69', '766088b6-7e2f-4fec-9fa7-8c6a17753f79', 'bcad95b5-172c-49dc-9cc4-8cb67e29fcff', 'ddc64e36-980e-4aef-883c-44582c4a3062', '7cafb698-679b-482c-bc72-1e293dbe3ce8', 'Sun_unix*1101', 0, 'c568fcdd-d9e3-4c1a-84f2-6eebe21c39ed');
INSERT INTO `template_config` VALUES ('e7cf1514-f31f-492a-ae29-a5db87197481', '766088b6-7e2f-4fec-9fa7-8c6a17753f79', 'bcad95b5-172c-49dc-9cc4-8cb67e29fcff', 'a1ea234c-2821-4b77-8049-0bb0b1ea3d30', '015caa11-eac0-49a9-a4ad-554695ce6f88', 'uba.it.pkpm.cn', 0, NULL);
INSERT INTO `template_config` VALUES ('e84bf483-24d3-4b67-9a5d-3d9c96573257', '766088b6-7e2f-4fec-9fa7-8c6a17753f79', 'bcad95b5-172c-49dc-9cc4-8cb67e29fcff', '0ef3213a-6674-4924-9a2c-f0ed25ef92b6', '1bc193b2-2dab-4bbf-b9c0-60af654629e7', '8888', 0, '19613156-b0f1-40f9-ba94-4d83852256ae');
INSERT INTO `template_config` VALUES ('e85fb86e-b4a0-4fc9-a2d3-703ccfe0dfcb', '766088b6-7e2f-4fec-9fa7-8c6a17753f79', 'bcad95b5-172c-49dc-9cc4-8cb67e29fcff', 'ebc0794a-51ea-4035-9cce-1fca20a47cfb', '16e28ec7-782c-4347-99a2-38db114af2ec', '/data/mkt', 0, '772ab379-bf43-4430-95e7-6d5f8028cf65');
INSERT INTO `template_config` VALUES ('e8873751-3424-460c-9744-30fbded1966f', '766088b6-7e2f-4fec-9fa7-8c6a17753f79', 'bcad95b5-172c-49dc-9cc4-8cb67e29fcff', 'ddc64e36-980e-4aef-883c-44582c4a3062', '508192fc-0266-4f88-bf89-8fbc3df71fc4', 'Sun_unix*1101', 0, 'c568fcdd-d9e3-4c1a-84f2-6eebe21c39ed');
INSERT INTO `template_config` VALUES ('e8fc6da9-0bdc-4643-9d73-2b9880899bb0', '766088b6-7e2f-4fec-9fa7-8c6a17753f79', 'bcad95b5-172c-49dc-9cc4-8cb67e29fcff', 'ad1152b8-0a99-4821-a253-9431c337be83', '8c52f8a2-fd2a-4745-bdf1-8d966168d027', '6379', 0, '3daf56c9-9647-4b8e-a65a-648ba92ec826');
INSERT INTO `template_config` VALUES ('e8fecb6d-baee-47d2-a187-be956f07135e', '766088b6-7e2f-4fec-9fa7-8c6a17753f79', 'bcad95b5-172c-49dc-9cc4-8cb67e29fcff', 'f92c2bfd-85e6-4d56-97cb-ebe440f09313', '4647e1d8-2ca6-4e1b-8df4-1586946fcfeb', 'admin', 0, '84276ec4-1d1e-442f-ab04-c4486c81e001');
INSERT INTO `template_config` VALUES ('e95b1bec-f2bc-415b-95ce-1c46f631e672', '766088b6-7e2f-4fec-9fa7-8c6a17753f79', 'bcad95b5-172c-49dc-9cc4-8cb67e29fcff', 'ad1152b8-0a99-4821-a253-9431c337be83', '14f4ab3a-91cf-4f52-af3b-fc010c0d574f', '6380', 0, NULL);
INSERT INTO `template_config` VALUES ('e96e95e5-3d4d-4546-8445-5b841cf44986', '766088b6-7e2f-4fec-9fa7-8c6a17753f79', 'bcad95b5-172c-49dc-9cc4-8cb67e29fcff', '6faa2db5-a941-4178-9085-f9811c62c4dc', '26026103-9cf5-4780-9485-281528c848a1', 'zanalytics', 0, 'e7408c2d-af06-44f7-9195-6e010d6e7261');
INSERT INTO `template_config` VALUES ('ea2e6c4f-78bd-4268-857b-02039bf8300c', '766088b6-7e2f-4fec-9fa7-8c6a17753f79', 'bcad95b5-172c-49dc-9cc4-8cb67e29fcff', 'a1ea234c-2821-4b77-8049-0bb0b1ea3d30', '4c6f50ed-3011-4260-8efc-86f975857bd3', 'false', 0, '91b176d3-b160-4839-914d-2142af1bbf47');
INSERT INTO `template_config` VALUES ('eb6408f7-3bcd-40f6-8cf2-3430f3842bc9', '766088b6-7e2f-4fec-9fa7-8c6a17753f79', 'bcad95b5-172c-49dc-9cc4-8cb67e29fcff', 'ebc0794a-51ea-4035-9cce-1fca20a47cfb', 'f9ba7177-b56c-4ceb-af63-4349186ca22d', 'realtime-1', 0, '60cd1e20-4661-4196-85a2-a0909049cb42');
INSERT INTO `template_config` VALUES ('eb678794-5931-4db9-b2fd-51de97d0ffd6', '766088b6-7e2f-4fec-9fa7-8c6a17753f79', 'bcad95b5-172c-49dc-9cc4-8cb67e29fcff', '978b812d-230f-4b7b-89fd-06e3ef461451', 'b8e111b4-2232-4523-a067-480298c6d453', 'realtime-1', 0, '60cd1e20-4661-4196-85a2-a0909049cb42');
INSERT INTO `template_config` VALUES ('eb85feb2-4096-483c-bce2-86f913748c17', '766088b6-7e2f-4fec-9fa7-8c6a17753f79', 'bcad95b5-172c-49dc-9cc4-8cb67e29fcff', 'a1ea234c-2821-4b77-8049-0bb0b1ea3d30', '927bc13c-ef6b-4370-af4c-115b3cd67daa', '5f8a935cd15a47419df0e07d0547551b', 0, NULL);
INSERT INTO `template_config` VALUES ('eb8cdaf6-57c6-4b2a-9910-857b4ab77b38', '766088b6-7e2f-4fec-9fa7-8c6a17753f79', 'bcad95b5-172c-49dc-9cc4-8cb67e29fcff', 'bbf20ef9-716c-4e0e-b259-ead25a804151', '555f256c-189e-4e13-80d3-8024f9aa2ee5', 'web', 0, '052efc70-ed54-4ba1-87f1-af5f6a8cccf3');
INSERT INTO `template_config` VALUES ('eb951b15-aa9e-40b7-a5a2-80a6b91f5070', '766088b6-7e2f-4fec-9fa7-8c6a17753f79', 'bcad95b5-172c-49dc-9cc4-8cb67e29fcff', 'f92c2bfd-85e6-4d56-97cb-ebe440f09313', '8f6fd8e5-4fe3-48a2-b6a5-e2465360c56a', 'realtime-1:80', 0, '2cbd95d8-4efa-4bd1-a661-d5466ddbffb5');
INSERT INTO `template_config` VALUES ('ecace7ff-b484-483c-b3ab-ed3dd0fdac7f', '766088b6-7e2f-4fec-9fa7-8c6a17753f79', 'bcad95b5-172c-49dc-9cc4-8cb67e29fcff', 'ebc0794a-51ea-4035-9cce-1fca20a47cfb', '5cf631d6-eee8-4bd3-87dd-9a2a504aa40a', 'zanalytics', 0, 'e7408c2d-af06-44f7-9195-6e010d6e7261');
INSERT INTO `template_config` VALUES ('ed03ecb6-a231-4bdb-94b0-e962b6a0ce7e', '766088b6-7e2f-4fec-9fa7-8c6a17753f79', 'bcad95b5-172c-49dc-9cc4-8cb67e29fcff', 'ddc64e36-980e-4aef-883c-44582c4a3062', '8447f2bc-d786-4588-9ef7-7f8dc4c0b687', '6379', 0, '3daf56c9-9647-4b8e-a65a-648ba92ec826');
INSERT INTO `template_config` VALUES ('ed7900da-7fad-44b5-9269-b446231273fb', '766088b6-7e2f-4fec-9fa7-8c6a17753f79', 'bcad95b5-172c-49dc-9cc4-8cb67e29fcff', '978b812d-230f-4b7b-89fd-06e3ef461451', '401c76b3-990e-4ec2-b91c-d8a9ce913441', '8892', 0, '2e66b887-42b0-4a16-b7f0-58e02ce51f9c');
INSERT INTO `template_config` VALUES ('edd5f5a4-e2dc-4913-8d71-18755003ff0f', '766088b6-7e2f-4fec-9fa7-8c6a17753f79', 'bcad95b5-172c-49dc-9cc4-8cb67e29fcff', 'ddc64e36-980e-4aef-883c-44582c4a3062', '9bd80cfb-039c-4083-9081-35a06f643e88', 'zanalytics', 0, 'e7408c2d-af06-44f7-9195-6e010d6e7261');
INSERT INTO `template_config` VALUES ('ee19c499-c4c5-4ddd-8023-85342ad87d04', '766088b6-7e2f-4fec-9fa7-8c6a17753f79', 'bcad95b5-172c-49dc-9cc4-8cb67e29fcff', 'ca42ac55-68e0-4f5d-ba7d-d840cf2e1128', '44da0a45-48c3-4b0c-be14-805b28bb4984', 'realtime-mkt:1924', 0, '7b08b4a1-085d-4c7a-80ad-5f48e2a09d58');
INSERT INTO `template_config` VALUES ('ef6705e8-b484-4c60-ab4f-ce14a5cb1588', '766088b6-7e2f-4fec-9fa7-8c6a17753f79', 'bcad95b5-172c-49dc-9cc4-8cb67e29fcff', 'ddc64e36-980e-4aef-883c-44582c4a3062', 'e2e9fd39-78de-4eeb-b6ba-23b2a509ec72', 'realtime-1:16688', 0, 'b1485b91-d042-4790-9d57-c00c48254a97');
INSERT INTO `template_config` VALUES ('ef6894b4-684d-4eed-97ac-17b1aa59328e', '766088b6-7e2f-4fec-9fa7-8c6a17753f79', 'bcad95b5-172c-49dc-9cc4-8cb67e29fcff', '07b2ba6d-5641-4389-a5a7-6f91f5dc2e29', '3376af67-c01f-4e3b-aad7-50fda629be70', '', 0, NULL);
INSERT INTO `template_config` VALUES ('ef6bc2a0-6853-4130-8424-afb133107c00', '766088b6-7e2f-4fec-9fa7-8c6a17753f79', 'bcad95b5-172c-49dc-9cc4-8cb67e29fcff', 'da90f995-b14e-4cec-a72a-07f880a846af', 'ab338e22-4eda-404b-b838-1ae3e06a2274', 'https://uba.it.pkpm.cn', 0, '7ab36d31-3cb4-403f-acf6-cecaf4d632df');
INSERT INTO `template_config` VALUES ('efcda054-fe13-4f78-bfdf-5ed7ca81b582', '766088b6-7e2f-4fec-9fa7-8c6a17753f79', 'bcad95b5-172c-49dc-9cc4-8cb67e29fcff', 'bbf20ef9-716c-4e0e-b259-ead25a804151', '0dabea1d-6f14-4a7e-86fd-d0f5bccb035e', '3306', 0, 'd3aee553-5e29-429e-8389-2d9fa63aa32f');
INSERT INTO `template_config` VALUES ('f0507e32-ef18-4e78-a6fe-c3f5f5c3226d', '766088b6-7e2f-4fec-9fa7-8c6a17753f79', 'bcad95b5-172c-49dc-9cc4-8cb67e29fcff', 'ebc0794a-51ea-4035-9cce-1fca20a47cfb', '06b4a613-e80f-44ad-8f2a-2a210e4e6b74', 'realtime-mkt:1922', 0, '3ab743f1-3464-4c7b-9252-ff5cd6d1c918');
INSERT INTO `template_config` VALUES ('f0b74648-a774-4cd8-bb5f-c11ab0c7ce78', '766088b6-7e2f-4fec-9fa7-8c6a17753f79', 'bcad95b5-172c-49dc-9cc4-8cb67e29fcff', '978b812d-230f-4b7b-89fd-06e3ef461451', '04db4aa7-2cba-40e3-a7e0-cb0f31cf3d53', 'zanalytics', 0, 'e7408c2d-af06-44f7-9195-6e010d6e7261');
INSERT INTO `template_config` VALUES ('f0c70b42-8757-4a45-9cb4-05693bc347e9', '766088b6-7e2f-4fec-9fa7-8c6a17753f79', 'bcad95b5-172c-49dc-9cc4-8cb67e29fcff', 'a1ea234c-2821-4b77-8049-0bb0b1ea3d30', '3b8a42b4-bec3-45d3-9138-57402b8ed575', '数据分析', 0, '16455ee4-0ce5-4b6e-9ba3-afe762a226fa');
INSERT INTO `template_config` VALUES ('f0f2a3bd-6b26-4a6f-96e4-aa739f8eb8f3', '766088b6-7e2f-4fec-9fa7-8c6a17753f79', 'bcad95b5-172c-49dc-9cc4-8cb67e29fcff', 'ebc0794a-51ea-4035-9cce-1fca20a47cfb', 'c3447b08-d967-4820-95ed-571546c42cb6', '21050', 0, '0616d122-9276-4b6f-8ce7-b528aeb1c756');
INSERT INTO `template_config` VALUES ('f101fb0d-6402-4240-9220-176f6085ec12', '766088b6-7e2f-4fec-9fa7-8c6a17753f79', 'bcad95b5-172c-49dc-9cc4-8cb67e29fcff', '978b812d-230f-4b7b-89fd-06e3ef461451', '07aba48b-2e88-44a7-a385-1fa3edc7e656', '8888', 0, '19613156-b0f1-40f9-ba94-4d83852256ae');
INSERT INTO `template_config` VALUES ('f1081c73-71d2-439b-aa99-b74e5c286101', '766088b6-7e2f-4fec-9fa7-8c6a17753f79', 'bcad95b5-172c-49dc-9cc4-8cb67e29fcff', 'c2c54454-21c2-4e87-858d-47999d4a25f6', '62f834b1-66da-49eb-ad8d-d45ee0c8c751', '9d3266fd556a4db7b9616d385f8bdf8f', 0, NULL);
INSERT INTO `template_config` VALUES ('f146fd42-1b2b-47d3-ba6f-b58c1c6d946f', '766088b6-7e2f-4fec-9fa7-8c6a17753f79', 'bcad95b5-172c-49dc-9cc4-8cb67e29fcff', 'f92c2bfd-85e6-4d56-97cb-ebe440f09313', 'abddfe16-6ad1-4b63-8a08-55fe81025503', 'elasticsearch', 0, NULL);
INSERT INTO `template_config` VALUES ('f1bbb2b1-97f4-4358-8ede-556b3db415e8', '766088b6-7e2f-4fec-9fa7-8c6a17753f79', 'bcad95b5-172c-49dc-9cc4-8cb67e29fcff', '978b812d-230f-4b7b-89fd-06e3ef461451', '38e8752a-e806-4e9b-9662-e3a3a7386c6e', 'zanalytics', 0, 'e7408c2d-af06-44f7-9195-6e010d6e7261');
INSERT INTO `template_config` VALUES ('f1f3520f-1f6e-4bf8-8883-76ac156d3df9', '766088b6-7e2f-4fec-9fa7-8c6a17753f79', 'bcad95b5-172c-49dc-9cc4-8cb67e29fcff', 'ddc64e36-980e-4aef-883c-44582c4a3062', '92c6fbdd-d373-45f6-a808-90e3560ce4fc', 'realtime-2:7713', 0, NULL);
INSERT INTO `template_config` VALUES ('f29eaf45-1be2-4c54-8038-a68710118a88', '766088b6-7e2f-4fec-9fa7-8c6a17753f79', 'bcad95b5-172c-49dc-9cc4-8cb67e29fcff', 'ddc64e36-980e-4aef-883c-44582c4a3062', 'bd59b14d-591f-442f-a1c6-7fb00cf897b8', 'realtime-1', 0, '60cd1e20-4661-4196-85a2-a0909049cb42');
INSERT INTO `template_config` VALUES ('f2e76752-4743-460e-9c85-48426f8a1cd5', '766088b6-7e2f-4fec-9fa7-8c6a17753f79', 'bcad95b5-172c-49dc-9cc4-8cb67e29fcff', '6faa2db5-a941-4178-9085-f9811c62c4dc', '826f0635-4b85-4497-b432-ea9a77052696', '3306', 0, 'd3aee553-5e29-429e-8389-2d9fa63aa32f');
INSERT INTO `template_config` VALUES ('f2e7e073-6693-4646-921f-b2b1d8783754', '766088b6-7e2f-4fec-9fa7-8c6a17753f79', 'bcad95b5-172c-49dc-9cc4-8cb67e29fcff', '978b812d-230f-4b7b-89fd-06e3ef461451', 'c5f7c12a-8580-4e36-a965-a893c0e4723a', '3306', 0, 'd3aee553-5e29-429e-8389-2d9fa63aa32f');
INSERT INTO `template_config` VALUES ('f3eccb81-adaf-486c-a87e-0dc93263f972', '766088b6-7e2f-4fec-9fa7-8c6a17753f79', 'bcad95b5-172c-49dc-9cc4-8cb67e29fcff', '978b812d-230f-4b7b-89fd-06e3ef461451', '4a2bc3dc-9b43-4799-b5b1-344895fea773', 'Sun_unix*1101', 0, 'c568fcdd-d9e3-4c1a-84f2-6eebe21c39ed');
INSERT INTO `template_config` VALUES ('f3fc72bb-289e-46f2-9021-f2c09f5c83b5', '766088b6-7e2f-4fec-9fa7-8c6a17753f79', 'bcad95b5-172c-49dc-9cc4-8cb67e29fcff', 'd312cbb7-4209-4a1b-90ea-83cbcf30c29d', '0aeb8679-1ae1-4e6d-a84a-1a3f69764f66', 'realtime-1:2182', 0, NULL);
INSERT INTO `template_config` VALUES ('f44a6b24-75b3-4705-8d91-8b621cf2aac2', '766088b6-7e2f-4fec-9fa7-8c6a17753f79', 'bcad95b5-172c-49dc-9cc4-8cb67e29fcff', '978b812d-230f-4b7b-89fd-06e3ef461451', '6a94fb53-a0f1-453b-9255-9bdfdc85af71', 'realtime-1', 0, '60cd1e20-4661-4196-85a2-a0909049cb42');
INSERT INTO `template_config` VALUES ('f553cad3-ee01-438b-8fd9-b21f61673dee', '766088b6-7e2f-4fec-9fa7-8c6a17753f79', 'bcad95b5-172c-49dc-9cc4-8cb67e29fcff', 'f92c2bfd-85e6-4d56-97cb-ebe440f09313', '7516f1c7-7ad0-402e-ab00-6ebb5b7d6032', 'admin', 0, '84276ec4-1d1e-442f-ab04-c4486c81e001');
INSERT INTO `template_config` VALUES ('f7fe865f-ec8f-45fd-884d-34c2534dddad', '766088b6-7e2f-4fec-9fa7-8c6a17753f79', 'bcad95b5-172c-49dc-9cc4-8cb67e29fcff', 'bacd30d5-971c-4e09-baa7-4eb6b3e78664', '6679a43a-c1f6-491a-a20b-a1385c3e6e2e', NULL, 0, NULL);
INSERT INTO `template_config` VALUES ('f85d0880-4e7d-41b0-94ba-a6c372febbcf', '766088b6-7e2f-4fec-9fa7-8c6a17753f79', 'bcad95b5-172c-49dc-9cc4-8cb67e29fcff', 'ca42ac55-68e0-4f5d-ba7d-d840cf2e1128', '29d57615-143a-4a79-a8bd-d5a41a124f82', 'realtime-mkt:1926', 0, '38b0f520-0869-4586-998f-70cea7b574b3');
INSERT INTO `template_config` VALUES ('f860fc0f-0269-47c0-ba53-59d83f3c8a52', '766088b6-7e2f-4fec-9fa7-8c6a17753f79', 'bcad95b5-172c-49dc-9cc4-8cb67e29fcff', '32bdaf26-8a8b-492b-9f99-14391bd784cb', '4f7315bf-d37c-46cb-a5a0-74db624b02d7', 'realtime-2', 0, '9814e678-d100-4d29-b56f-748725a63e71');
INSERT INTO `template_config` VALUES ('f8e9dced-ebf3-4dbe-b276-c2161f0ab4cb', '766088b6-7e2f-4fec-9fa7-8c6a17753f79', 'bcad95b5-172c-49dc-9cc4-8cb67e29fcff', 'ebc0794a-51ea-4035-9cce-1fca20a47cfb', 'fb5c986e-0573-498e-ae9c-863e94e97777', 'admin', 0, '84276ec4-1d1e-442f-ab04-c4486c81e001');
INSERT INTO `template_config` VALUES ('f9c53f46-df3b-4da4-9fbf-cf1829565fb7', '766088b6-7e2f-4fec-9fa7-8c6a17753f79', 'bcad95b5-172c-49dc-9cc4-8cb67e29fcff', 'ebc0794a-51ea-4035-9cce-1fca20a47cfb', 'f49c5e92-ec9a-48f1-94b9-9e231d0e6ba4', '/data/mkt', 0, '772ab379-bf43-4430-95e7-6d5f8028cf65');
INSERT INTO `template_config` VALUES ('f9dcbd4b-68c8-4f19-8774-65a99b8d1fbf', '766088b6-7e2f-4fec-9fa7-8c6a17753f79', 'bcad95b5-172c-49dc-9cc4-8cb67e29fcff', 'ddc64e36-980e-4aef-883c-44582c4a3062', '74c3e623-c5e3-4ef4-a320-afc05c37623b', 'realtime-1:7713', 0, NULL);
INSERT INTO `template_config` VALUES ('faf23873-67d7-4087-9ba2-a47924f0f4cd', '766088b6-7e2f-4fec-9fa7-8c6a17753f79', 'bcad95b5-172c-49dc-9cc4-8cb67e29fcff', '978b812d-230f-4b7b-89fd-06e3ef461451', '4ac0ab23-8197-437f-8722-d35f63fd0003', 'realtime-1:7051,realtime-2:7051,realtime-3:7051', 0, '8830d915-f7fe-40b6-bc3e-af8ad5ef0eb9');
INSERT INTO `template_config` VALUES ('fb628091-9962-4590-bcb3-4df1b9a79bed', '766088b6-7e2f-4fec-9fa7-8c6a17753f79', 'bcad95b5-172c-49dc-9cc4-8cb67e29fcff', 'c2c54454-21c2-4e87-858d-47999d4a25f6', '9dd766a2-1ad0-49e8-a6ed-7f2edc3f8a72', 'https://weixin.zhugeio.com', 0, '20994bd5-9f90-4a16-a726-574f9ff623c4');
INSERT INTO `template_config` VALUES ('fc373645-364b-49c0-8313-84e7fd7a4a33', '766088b6-7e2f-4fec-9fa7-8c6a17753f79', 'bcad95b5-172c-49dc-9cc4-8cb67e29fcff', '57e40fe3-940a-4db8-aa9d-bd84ba8f495c', 'ffdc99fb-b6a9-4b27-863e-0aa44d4b2c86', '7', 0, NULL);
INSERT INTO `template_config` VALUES ('fd5fc5a5-40e1-4939-ae4a-3b877fe83c77', '766088b6-7e2f-4fec-9fa7-8c6a17753f79', 'bcad95b5-172c-49dc-9cc4-8cb67e29fcff', '978b812d-230f-4b7b-89fd-06e3ef461451', '93531290-f808-4afa-896d-e68ecab20733', 'zanalytics', 0, 'e7408c2d-af06-44f7-9195-6e010d6e7261');
INSERT INTO `template_config` VALUES ('fdc314e7-fbab-40ec-97ae-2beb6e272260', '766088b6-7e2f-4fec-9fa7-8c6a17753f79', 'bcad95b5-172c-49dc-9cc4-8cb67e29fcff', 'd312cbb7-4209-4a1b-90ea-83cbcf30c29d', 'd23fe1b1-8842-4520-a4b7-5f911798347b', 'realtime-1', 0, '60cd1e20-4661-4196-85a2-a0909049cb42');
INSERT INTO `template_config` VALUES ('fdc3e034-40e4-46a3-ae27-e8c60cff8c81', '766088b6-7e2f-4fec-9fa7-8c6a17753f79', 'bcad95b5-172c-49dc-9cc4-8cb67e29fcff', 'c2c54454-21c2-4e87-858d-47999d4a25f6', '923398d4-380b-41ee-bb45-666287698cd1', '3306', 0, 'd3aee553-5e29-429e-8389-2d9fa63aa32f');
INSERT INTO `template_config` VALUES ('fdf0a5a4-5bdd-454f-bc9c-fd9ad5549f8c', '766088b6-7e2f-4fec-9fa7-8c6a17753f79', 'bcad95b5-172c-49dc-9cc4-8cb67e29fcff', 'ad1152b8-0a99-4821-a253-9431c337be83', 'f1a75cb0-e57b-45ad-91ed-515fa6a2c531', 'realtime-3', 0, '360aa9c1-66f7-4ade-bd1c-ae2528793e76');
INSERT INTO `template_config` VALUES ('fe858a11-c866-4627-9529-ad8f9172d869', '766088b6-7e2f-4fec-9fa7-8c6a17753f79', 'bcad95b5-172c-49dc-9cc4-8cb67e29fcff', 'ddc64e36-980e-4aef-883c-44582c4a3062', 'f3bf95c8-5f30-422c-910e-94cc4b19c16d', '3306', 0, 'd3aee553-5e29-429e-8389-2d9fa63aa32f');
COMMIT;

-- ----------------------------
-- Table structure for template_global_config
-- ----------------------------
DROP TABLE IF EXISTS `template_global_config`;
CREATE TABLE `template_global_config` (
  `id` varchar(50) NOT NULL DEFAULT '',
  `name` varchar(50) DEFAULT NULL COMMENT '名称',
  `description` text CHARACTER SET utf8 COLLATE utf8_general_ci COMMENT '描述',
  `template_id` varchar(50) DEFAULT NULL COMMENT '模板id',
  `template_version_id` varchar(50) DEFAULT NULL COMMENT '模板版本id',
  `target_value` text CHARACTER SET utf8 COLLATE utf8_general_ci COMMENT '默认值',
  `is_hidden` tinyint(1) NOT NULL DEFAULT '0' COMMENT '是否隐藏配置项',
  `type` int DEFAULT NULL COMMENT '配置类型',
  PRIMARY KEY (`id`),
  KEY `template_version_id` (`template_version_id`),
  KEY `template_id` (`template_id`),
  CONSTRAINT `template_source_config_ibfk_1` FOREIGN KEY (`template_version_id`) REFERENCES `template_version` (`id`),
  CONSTRAINT `template_source_config_ibfk_2` FOREIGN KEY (`template_id`) REFERENCES `template` (`id`)
) ENGINE=InnoDB DEFAULT CHARSET=utf8mb3 COMMENT='模板中全局配置信息';

-- ----------------------------
-- Records of template_global_config
-- ----------------------------
BEGIN;
INSERT INTO `template_global_config` VALUES ('0337d085-5ebb-4f55-a06a-69ad66f04b09', 'node服务（来源映射、sdk、实时概览、数据接入等）', 'node服务（来源映射、sdk、实时概览、数据接入等）', '766088b6-7e2f-4fec-9fa7-8c6a17753f79', 'bcad95b5-172c-49dc-9cc4-8cb67e29fcff', 'realtime-3:9004', 0, 0);
INSERT INTO `template_global_config` VALUES ('052efc70-ed54-4ba1-87f1-af5f6a8cccf3', '前端mysql库连接配置（host,登录名,登录密码,端口）', '前端mysql库连接配置（host,登录名,登录密码,端口）', '766088b6-7e2f-4fec-9fa7-8c6a17753f79', 'bcad95b5-172c-49dc-9cc4-8cb67e29fcff', 'web', 0, 0);
INSERT INTO `template_global_config` VALUES ('0616d122-9276-4b6f-8ce7-b528aeb1c756', 'impala连接配置（host,登录名,登录密码,端口,仓库名）', 'impala连接配置（host,登录名,登录密码,端口,仓库名）', '766088b6-7e2f-4fec-9fa7-8c6a17753f79', 'bcad95b5-172c-49dc-9cc4-8cb67e29fcff', '21050', 0, 0);
INSERT INTO `template_global_config` VALUES ('09b34633-d6c2-4e96-93a7-d654a22b2f95', '触达内网（www）服务部署地址（默认两个）【/data/marketing/www/config】', '触达内网（www）服务部署地址（默认两个）【/data/marketing/www/config】', '766088b6-7e2f-4fec-9fa7-8c6a17753f79', 'bcad95b5-172c-49dc-9cc4-8cb67e29fcff', 'realtime-2:18001', 0, 0);
INSERT INTO `template_global_config` VALUES ('137af99a-69e0-46a5-920e-680b5e6e4478', 'es集群1的ip', 'es集群1的ip', '766088b6-7e2f-4fec-9fa7-8c6a17753f79', 'bcad95b5-172c-49dc-9cc4-8cb67e29fcff', '9200', 0, 0);
INSERT INTO `template_global_config` VALUES ('16455ee4-0ce5-4b6e-9ba3-afe762a226fa', '页面的title信息', '页面的title信息', '766088b6-7e2f-4fec-9fa7-8c6a17753f79', 'bcad95b5-172c-49dc-9cc4-8cb67e29fcff', '数据分析', 0, 0);
INSERT INTO `template_global_config` VALUES ('19613156-b0f1-40f9-ba94-4d83852256ae', 'ssdb 8888端口', 'ssdb 8888端口', '766088b6-7e2f-4fec-9fa7-8c6a17753f79', 'bcad95b5-172c-49dc-9cc4-8cb67e29fcff', '8888', 0, 0);
INSERT INTO `template_global_config` VALUES ('1e326ee1-01d9-4d2c-899b-552b257dc6ff', 'kafka服务集群', 'kafka服务集群\n 触达2.0相关配置', '766088b6-7e2f-4fec-9fa7-8c6a17753f79', 'bcad95b5-172c-49dc-9cc4-8cb67e29fcff', 'realtime-1:9092,realtime-2:9092,realtime-3:9092', 0, 0);
INSERT INTO `template_global_config` VALUES ('20994bd5-9f90-4a16-a726-574f9ff623c4', '微信服务端www访问地址', '微信服务端www访问地址', '766088b6-7e2f-4fec-9fa7-8c6a17753f79', 'bcad95b5-172c-49dc-9cc4-8cb67e29fcff', 'https://weixin.zhugeio.com', 0, 0);
INSERT INTO `template_global_config` VALUES ('249e7c1c-7aab-4d41-a48e-cac383c8009b', 'sql查询平台内网服务部署地址', 'sql查询平台内网服务部署地址', '766088b6-7e2f-4fec-9fa7-8c6a17753f79', 'bcad95b5-172c-49dc-9cc4-8cb67e29fcff', 'realtime-1:9003', 0, 0);
INSERT INTO `template_global_config` VALUES ('269a5a46-1834-4b27-afd4-96c4b60e9f84', 'redis 26480端口', 'redis 26480端口', '766088b6-7e2f-4fec-9fa7-8c6a17753f79', 'bcad95b5-172c-49dc-9cc4-8cb67e29fcff', '26480', 0, 0);
INSERT INTO `template_global_config` VALUES ('294b7309-818a-4c88-b9fb-d06beaa86c15', '触达2.0相关配置', '触达2.0相关配置', '766088b6-7e2f-4fec-9fa7-8c6a17753f79', 'bcad95b5-172c-49dc-9cc4-8cb67e29fcff', 'realtime-mkt:1923', 0, 0);
INSERT INTO `template_global_config` VALUES ('2cbd95d8-4efa-4bd1-a661-d5466ddbffb5', '合并端口内网访问地址', '合并端口内网访问地址', '766088b6-7e2f-4fec-9fa7-8c6a17753f79', 'bcad95b5-172c-49dc-9cc4-8cb67e29fcff', 'realtime-1:80', 0, 0);
INSERT INTO `template_global_config` VALUES ('2e66b887-42b0-4a16-b7f0-58e02ce51f9c', 'redis 8892端口', 'redis 8892端口', '766088b6-7e2f-4fec-9fa7-8c6a17753f79', 'bcad95b5-172c-49dc-9cc4-8cb67e29fcff', '8892', 0, 0);
INSERT INTO `template_global_config` VALUES ('2fe18562-c2cd-4c92-be05-5ee076c17cd0', '诸葛打点，0关闭，1上传至saas，2上传至私有部署', '诸葛打点，0关闭，1上传至saas，2上传至私有部署', '766088b6-7e2f-4fec-9fa7-8c6a17753f79', 'bcad95b5-172c-49dc-9cc4-8cb67e29fcff', '0', 0, 0);
INSERT INTO `template_global_config` VALUES ('317bb8fe-e04a-4113-b5d2-85a275070ff9', 'es集群1的ip', 'es集群1的ip', '766088b6-7e2f-4fec-9fa7-8c6a17753f79', 'bcad95b5-172c-49dc-9cc4-8cb67e29fcff', '9200', 0, 0);
INSERT INTO `template_global_config` VALUES ('353d5b75-7909-4b80-8f62-cb119b97ab1a', '触达内网（www）服务部署地址（默认两个）【/data/marketing/www/config】', '触达内网（www）服务部署地址（默认两个）【/data/marketing/www/config】', '766088b6-7e2f-4fec-9fa7-8c6a17753f79', 'bcad95b5-172c-49dc-9cc4-8cb67e29fcff', 'realtime-3:18001', 0, 0);
INSERT INTO `template_global_config` VALUES ('360aa9c1-66f7-4ade-bd1c-ae2528793e76', 'redis 6372端口（触达）', 'redis 6372端口（触达）', '766088b6-7e2f-4fec-9fa7-8c6a17753f79', 'bcad95b5-172c-49dc-9cc4-8cb67e29fcff', 'realtime-3', 0, 0);
INSERT INTO `template_global_config` VALUES ('374895e6-9809-48d7-b118-80ba15b0944d', '合并端口内网访问地址', '合并端口内网访问地址', '766088b6-7e2f-4fec-9fa7-8c6a17753f79', 'bcad95b5-172c-49dc-9cc4-8cb67e29fcff', 'realtime-1:80', 0, 0);
INSERT INTO `template_global_config` VALUES ('38b0f520-0869-4586-998f-70cea7b574b3', '触达2.0相关配置', '触达2.0相关配置', '766088b6-7e2f-4fec-9fa7-8c6a17753f79', 'bcad95b5-172c-49dc-9cc4-8cb67e29fcff', 'realtime-mkt:1926', 0, 0);
INSERT INTO `template_global_config` VALUES ('3ab743f1-3464-4c7b-9252-ff5cd6d1c918', '触达2.0相关配置', '触达2.0相关配置', '766088b6-7e2f-4fec-9fa7-8c6a17753f79', 'bcad95b5-172c-49dc-9cc4-8cb67e29fcff', 'realtime-mkt:1922', 0, 0);
INSERT INTO `template_global_config` VALUES ('3b221fcd-082c-4012-888d-07908f30a781', '触达2.0相关配置', '触达2.0相关配置', '766088b6-7e2f-4fec-9fa7-8c6a17753f79', 'bcad95b5-172c-49dc-9cc4-8cb67e29fcff', 'realtime-mkt:1927', 0, 0);
INSERT INTO `template_global_config` VALUES ('3daf56c9-9647-4b8e-a65a-648ba92ec826', 'redis 6379端口', 'redis 6379端口', '766088b6-7e2f-4fec-9fa7-8c6a17753f79', 'bcad95b5-172c-49dc-9cc4-8cb67e29fcff', '6379', 0, 0);
INSERT INTO `template_global_config` VALUES ('3f93bc95-e7a4-4aa3-bb14-6666c004c0d0', 'sdkv-tomcat目录,api-tomcat目录', 'sdkv-tomcat目录,api-tomcat目录', '766088b6-7e2f-4fec-9fa7-8c6a17753f79', 'bcad95b5-172c-49dc-9cc4-8cb67e29fcff', '/data/localization/web/tomcat', 0, 0);
INSERT INTO `template_global_config` VALUES ('43df83ff-9dd6-41e7-a070-27b3e36f0fde', '微信客户端kafka-topic', '微信客户端kafka-topic', '766088b6-7e2f-4fec-9fa7-8c6a17753f79', 'bcad95b5-172c-49dc-9cc4-8cb67e29fcff', 'wt-weixin-topic', 0, 0);
INSERT INTO `template_global_config` VALUES ('45105f5b-9ec9-427e-adce-a0fc07917809', 'zabbix-web-api', 'zabbix-web-api', '766088b6-7e2f-4fec-9fa7-8c6a17753f79', 'bcad95b5-172c-49dc-9cc4-8cb67e29fcff', 'realtime-1:8081', 0, 0);
INSERT INTO `template_global_config` VALUES ('49aafe8c-25ab-4fb7-ba66-6efd989a6551', '触达2.0相关配置', '触达2.0相关配置', '766088b6-7e2f-4fec-9fa7-8c6a17753f79', 'bcad95b5-172c-49dc-9cc4-8cb67e29fcff', 'realtime-mkt:18001', 0, 0);
INSERT INTO `template_global_config` VALUES ('4fc921b5-e37e-45b5-9c85-7d3a99e81380', 'impala连接配置（host,登录名,登录密码,端口,仓库名）', 'impala连接配置（host,登录名,登录密码,端口,仓库名）', '766088b6-7e2f-4fec-9fa7-8c6a17753f79', 'bcad95b5-172c-49dc-9cc4-8cb67e29fcff', '21050', 0, 0);
INSERT INTO `template_global_config` VALUES ('52afe8bc-872d-461a-b159-6d9ceb5033d6', '触达2.0相关配置', '触达2.0相关配置', '766088b6-7e2f-4fec-9fa7-8c6a17753f79', 'bcad95b5-172c-49dc-9cc4-8cb67e29fcff', 'realtime-mkt:1925', 0, 0);
INSERT INTO `template_global_config` VALUES ('538036a1-c75d-4c93-a9e7-011e10c98c8e', '分析sdkv内网服务部署地址（默认1个）', '分析sdkv内网服务部署地址（默认1个）', '766088b6-7e2f-4fec-9fa7-8c6a17753f79', 'bcad95b5-172c-49dc-9cc4-8cb67e29fcff', 'realtime-1:8080', 0, 0);
INSERT INTO `template_global_config` VALUES ('544eca40-187b-4747-993e-8c70c2e47663', '触达内网（www）服务部署地址（默认两个）【/data/marketing/www/config】', '触达内网（www）服务部署地址（默认两个）【/data/marketing/www/config】', '766088b6-7e2f-4fec-9fa7-8c6a17753f79', 'bcad95b5-172c-49dc-9cc4-8cb67e29fcff', 'realtime-2:18001', 0, 0);
INSERT INTO `template_global_config` VALUES ('56012e17-d503-4d16-aaa9-9c077999474c', '触达2.0相关配置', '触达2.0相关配置', '766088b6-7e2f-4fec-9fa7-8c6a17753f79', 'bcad95b5-172c-49dc-9cc4-8cb67e29fcff', 'realtime-mkt:1925', 0, 0);
INSERT INTO `template_global_config` VALUES ('58c9fed4-d11d-4254-a4f9-2e3011ea6d8b', 'redis 6379端口', 'redis 6379端口', '766088b6-7e2f-4fec-9fa7-8c6a17753f79', 'bcad95b5-172c-49dc-9cc4-8cb67e29fcff', '6379', 0, 0);
INSERT INTO `template_global_config` VALUES ('60cd1e20-4661-4196-85a2-a0909049cb42', 'impala连接配置（host,登录名,登录密码,端口,仓库名）', 'impala连接配置（host,登录名,登录密码,端口,仓库名）\n ssdb 8888端口\n 前端mysql库连接配置（host,登录名,登录密码,端口）\n redis 6379端口\n redis 26480端口\n ssdb 8884端口\n redis 26555端口\n impala/hive元数据库连接配置（host,登录名,登录密码）', '766088b6-7e2f-4fec-9fa7-8c6a17753f79', 'bcad95b5-172c-49dc-9cc4-8cb67e29fcff', 'realtime-1', 0, 0);
INSERT INTO `template_global_config` VALUES ('6284b986-c653-4c15-a16b-6f0c44787b67', '页面的title信息', '页面的title信息', '766088b6-7e2f-4fec-9fa7-8c6a17753f79', 'bcad95b5-172c-49dc-9cc4-8cb67e29fcff', '数据分析', 0, 0);
INSERT INTO `template_global_config` VALUES ('63b0e598-6a76-4257-baad-b26267464e1a', 'redis 6372端口（触达）', 'redis 6372端口（触达）', '766088b6-7e2f-4fec-9fa7-8c6a17753f79', 'bcad95b5-172c-49dc-9cc4-8cb67e29fcff', 'realtime-3', 0, 0);
INSERT INTO `template_global_config` VALUES ('697eeb97-03c9-486e-8ded-6a9548683a56', 'redis 8897端口', 'redis 8897端口', '766088b6-7e2f-4fec-9fa7-8c6a17753f79', 'bcad95b5-172c-49dc-9cc4-8cb67e29fcff', '8897', 0, 0);
INSERT INTO `template_global_config` VALUES ('6e941cef-95a6-49f4-923b-73d264500fdb', '分析sdkv内网服务部署地址（默认1个）', '分析sdkv内网服务部署地址（默认1个）', '766088b6-7e2f-4fec-9fa7-8c6a17753f79', 'bcad95b5-172c-49dc-9cc4-8cb67e29fcff', 'realtime-1:8080', 0, 0);
INSERT INTO `template_global_config` VALUES ('772ab379-bf43-4430-95e7-6d5f8028cf65', '触达2.0相关配置', '触达2.0相关配置', '766088b6-7e2f-4fec-9fa7-8c6a17753f79', 'bcad95b5-172c-49dc-9cc4-8cb67e29fcff', '/data/mkt', 0, 0);
INSERT INTO `template_global_config` VALUES ('773e7a8c-21fe-4f41-aa5d-5b3954044207', 'es查询服务', 'es查询服务', '766088b6-7e2f-4fec-9fa7-8c6a17753f79', 'bcad95b5-172c-49dc-9cc4-8cb67e29fcff', 'realtime-2:7808', 0, 0);
INSERT INTO `template_global_config` VALUES ('77808bcb-2aae-41ab-b504-2a832ba22a3a', '老模块静态文件访问目录', '老模块静态文件访问目录', '766088b6-7e2f-4fec-9fa7-8c6a17753f79', 'bcad95b5-172c-49dc-9cc4-8cb67e29fcff', '/webapp/', 0, 0);
INSERT INTO `template_global_config` VALUES ('7a4c800a-8774-4eda-9b8e-5463584bd5b4', 'kafka服务集群', 'kafka服务集群\n 触达2.0相关配置', '766088b6-7e2f-4fec-9fa7-8c6a17753f79', 'bcad95b5-172c-49dc-9cc4-8cb67e29fcff', 'realtime-1:9092,realtime-2:9092,realtime-3:9092', 0, 0);
INSERT INTO `template_global_config` VALUES ('7ab36d31-3cb4-403f-acf6-cecaf4d632df', '合并端口外网访问地址(需要加协议http(s))(填网站的)', '合并端口外网访问地址(需要加协议http(s))(填网站的)\n 合并端口外网访问地址(需要加协议http(s))(填网关的)', '766088b6-7e2f-4fec-9fa7-8c6a17753f79', 'bcad95b5-172c-49dc-9cc4-8cb67e29fcff', 'https://uba.it.pkpm.cn', 0, 0);
INSERT INTO `template_global_config` VALUES ('7b08b4a1-085d-4c7a-80ad-5f48e2a09d58', '触达2.0相关配置', '触达2.0相关配置', '766088b6-7e2f-4fec-9fa7-8c6a17753f79', 'bcad95b5-172c-49dc-9cc4-8cb67e29fcff', 'realtime-mkt:1924', 0, 0);
INSERT INTO `template_global_config` VALUES ('84276ec4-1d1e-442f-ab04-c4486c81e001', 'impala连接配置（host,登录名,登录密码,端口,仓库名）', 'impala连接配置（host,登录名,登录密码,端口,仓库名）', '766088b6-7e2f-4fec-9fa7-8c6a17753f79', 'bcad95b5-172c-49dc-9cc4-8cb67e29fcff', 'admin', 0, 0);
INSERT INTO `template_global_config` VALUES ('876880fb-e42d-4a22-90ad-e33ef5de2efe', '分析api内网服务部署地址（默认1个）', '分析api内网服务部署地址（默认1个）', '766088b6-7e2f-4fec-9fa7-8c6a17753f79', 'bcad95b5-172c-49dc-9cc4-8cb67e29fcff', 'realtime-1:8800', 0, 0);
INSERT INTO `template_global_config` VALUES ('8830d915-f7fe-40b6-bc3e-af8ad5ef0eb9', 'kudu集群', 'kudu集群', '766088b6-7e2f-4fec-9fa7-8c6a17753f79', 'bcad95b5-172c-49dc-9cc4-8cb67e29fcff', 'realtime-1:7051,realtime-2:7051,realtime-3:7051', 0, 0);
INSERT INTO `template_global_config` VALUES ('88da82a1-365f-499e-8ffe-509dfe7e5567', 'zgsee内网服务部署地址', 'zgsee内网服务部署地址', '766088b6-7e2f-4fec-9fa7-8c6a17753f79', 'bcad95b5-172c-49dc-9cc4-8cb67e29fcff', 'realtime-1:18080', 0, 0);
INSERT INTO `template_global_config` VALUES ('8df8f6d7-e8fa-4857-a590-cce766b46ac9', '触达2.0相关配置', '触达2.0相关配置', '766088b6-7e2f-4fec-9fa7-8c6a17753f79', 'bcad95b5-172c-49dc-9cc4-8cb67e29fcff', 'realtime-mkt:1920', 0, 0);
INSERT INTO `template_global_config` VALUES ('8f6a5264-4ab8-491c-b3a9-4338f65afb6a', '触达2.0相关配置', '触达2.0相关配置', '766088b6-7e2f-4fec-9fa7-8c6a17753f79', 'bcad95b5-172c-49dc-9cc4-8cb67e29fcff', 'realtime-mkt:1923', 0, 0);
INSERT INTO `template_global_config` VALUES ('91b176d3-b160-4839-914d-2142af1bbf47', '登录图片验证码开关', '登录图片验证码开关\n 虚拟应用开关\n app扫码下载\n 是否开启应用备注功能\n webapp相关配置\n 是否启用分析平台的视屏功能', '766088b6-7e2f-4fec-9fa7-8c6a17753f79', 'bcad95b5-172c-49dc-9cc4-8cb67e29fcff', 'false', 0, 0);
INSERT INTO `template_global_config` VALUES ('922e9dc8-bd0f-4072-981a-b1faceb310d9', '老模块静态文件访问目录', '老模块静态文件访问目录', '766088b6-7e2f-4fec-9fa7-8c6a17753f79', 'bcad95b5-172c-49dc-9cc4-8cb67e29fcff', '/webapp/', 0, 0);
INSERT INTO `template_global_config` VALUES ('94965f5d-e04e-4611-a3c4-657f36223c8d', '微信内网（www）服务部署地址（默认1个）【/data/wt/www/config】', '微信内网（www）服务部署地址（默认1个）【/data/wt/www/config】', '766088b6-7e2f-4fec-9fa7-8c6a17753f79', 'bcad95b5-172c-49dc-9cc4-8cb67e29fcff', 'realtime-1:7715', 0, 0);
INSERT INTO `template_global_config` VALUES ('9814e678-d100-4d29-b56f-748725a63e71', 'es集群1的ip', 'es集群1的ip\n redis 6371端口（触达）\n redis 8897端口\n redis 8898端口\n ssdb 1217端口\n redis 8892端口\n redis 8893端口\n redis 8894端口\n redis 8895端口', '766088b6-7e2f-4fec-9fa7-8c6a17753f79', 'bcad95b5-172c-49dc-9cc4-8cb67e29fcff', 'realtime-2', 0, 0);
INSERT INTO `template_global_config` VALUES ('98f470fe-5a99-45ed-83aa-9b370464521f', 'node服务（来源映射、sdk、实时概览、数据接入等）', 'node服务（来源映射、sdk、实时概览、数据接入等）', '766088b6-7e2f-4fec-9fa7-8c6a17753f79', 'bcad95b5-172c-49dc-9cc4-8cb67e29fcff', 'realtime-3:9004', 0, 0);
INSERT INTO `template_global_config` VALUES ('9e453386-9a4d-4340-837f-bdc2ddc3b8a2', '触达2.0相关配置', '触达2.0相关配置', '766088b6-7e2f-4fec-9fa7-8c6a17753f79', 'bcad95b5-172c-49dc-9cc4-8cb67e29fcff', 'realtime-mkt:1926', 0, 0);
INSERT INTO `template_global_config` VALUES ('a045138a-c87c-460d-90a7-e0607f6761ed', 'sdkv-tomcat目录,api-tomcat目录', 'sdkv-tomcat目录,api-tomcat目录', '766088b6-7e2f-4fec-9fa7-8c6a17753f79', 'bcad95b5-172c-49dc-9cc4-8cb67e29fcff', '/data/localization/web/tomcat', 0, 0);
INSERT INTO `template_global_config` VALUES ('a29a9323-9f2d-4491-a53b-7c5bb29a30b2', '微信客户端kafka-topic', '微信客户端kafka-topic', '766088b6-7e2f-4fec-9fa7-8c6a17753f79', 'bcad95b5-172c-49dc-9cc4-8cb67e29fcff', 'wt-weixin-topic', 0, 0);
INSERT INTO `template_global_config` VALUES ('a703567f-342d-4184-b475-ec6ac083da4e', '微信服务端www访问地址', '微信服务端www访问地址', '766088b6-7e2f-4fec-9fa7-8c6a17753f79', 'bcad95b5-172c-49dc-9cc4-8cb67e29fcff', 'https://weixin.zhugeio.com', 0, 0);
INSERT INTO `template_global_config` VALUES ('aa1bb628-9676-4cb3-9398-ce9c7c1edb9b', '触达2.0相关配置', '触达2.0相关配置', '766088b6-7e2f-4fec-9fa7-8c6a17753f79', 'bcad95b5-172c-49dc-9cc4-8cb67e29fcff', 'realtime-mkt:18001', 0, 0);
INSERT INTO `template_global_config` VALUES ('afc0711b-f0dd-4ff4-983a-20fa9ec327dd', 'sql查询平台内网服务部署地址', 'sql查询平台内网服务部署地址', '766088b6-7e2f-4fec-9fa7-8c6a17753f79', 'bcad95b5-172c-49dc-9cc4-8cb67e29fcff', 'realtime-1:9003', 0, 0);
INSERT INTO `template_global_config` VALUES ('b1485b91-d042-4790-9d57-c00c48254a97', 'debug内网服务部署地址', 'debug内网服务部署地址', '766088b6-7e2f-4fec-9fa7-8c6a17753f79', 'bcad95b5-172c-49dc-9cc4-8cb67e29fcff', 'realtime-1:16688', 0, 0);
INSERT INTO `template_global_config` VALUES ('b15671d6-ef1d-4710-85d2-bee32b8c07fe', 'redis 26480端口', 'redis 26480端口', '766088b6-7e2f-4fec-9fa7-8c6a17753f79', 'bcad95b5-172c-49dc-9cc4-8cb67e29fcff', '26480', 0, 0);
INSERT INTO `template_global_config` VALUES ('bcd3fce1-f581-402a-9ead-8edc314d492f', '微信内网（www）服务部署地址（默认1个）【/data/wt/www/config】', '微信内网（www）服务部署地址（默认1个）【/data/wt/www/config】', '766088b6-7e2f-4fec-9fa7-8c6a17753f79', 'bcad95b5-172c-49dc-9cc4-8cb67e29fcff', 'realtime-1:7715', 0, 0);
INSERT INTO `template_global_config` VALUES ('be57ebcb-8cc2-40e0-834b-13a0bdcc1b10', 'debug内网服务部署地址', 'debug内网服务部署地址', '766088b6-7e2f-4fec-9fa7-8c6a17753f79', 'bcad95b5-172c-49dc-9cc4-8cb67e29fcff', 'realtime-1:16688', 0, 0);
INSERT INTO `template_global_config` VALUES ('be8b74de-d494-4387-af7e-c4dc3b3f4074', '前端mysql库连接配置（host,登录名,登录密码,端口）', '前端mysql库连接配置（host,登录名,登录密码,端口）', '766088b6-7e2f-4fec-9fa7-8c6a17753f79', 'bcad95b5-172c-49dc-9cc4-8cb67e29fcff', 'web', 0, 0);
INSERT INTO `template_global_config` VALUES ('be8c0d73-7c50-4d2f-b0e6-d252e3c47978', '触达2.0相关配置', '触达2.0相关配置', '766088b6-7e2f-4fec-9fa7-8c6a17753f79', 'bcad95b5-172c-49dc-9cc4-8cb67e29fcff', 'realtime-mkt:1927', 0, 0);
INSERT INTO `template_global_config` VALUES ('c1ddc83c-3ce3-4e1a-86ed-c4240bb3241d', 'deepShare开关', 'deepShare开关\n 数据日报开关(有日报必须有微信菜单，有微信菜单可以不用日报)\n 显示logo\n 分析平台的可视化埋点\n 用户信息下载控制开关，true显示下载/false隐藏下载\n 是否在触达内部显示诸葛信息', '766088b6-7e2f-4fec-9fa7-8c6a17753f79', 'bcad95b5-172c-49dc-9cc4-8cb67e29fcff', 'true', 0, 0);
INSERT INTO `template_global_config` VALUES ('c22b8226-9195-42a1-a7e1-0bb41e9274a1', '触达2.0相关配置', '触达2.0相关配置', '766088b6-7e2f-4fec-9fa7-8c6a17753f79', 'bcad95b5-172c-49dc-9cc4-8cb67e29fcff', '/data/mkt', 0, 0);
INSERT INTO `template_global_config` VALUES ('c327e658-379f-4dda-879b-8564afcccfdc', 'kudu集群', 'kudu集群', '766088b6-7e2f-4fec-9fa7-8c6a17753f79', 'bcad95b5-172c-49dc-9cc4-8cb67e29fcff', 'realtime-1:7051,realtime-2:7051,realtime-3:7051', 0, 0);
INSERT INTO `template_global_config` VALUES ('c3ef87c0-37a2-4fe4-9cc1-1c67120e4ecb', 'redis 8897端口', 'redis 8897端口', '766088b6-7e2f-4fec-9fa7-8c6a17753f79', 'bcad95b5-172c-49dc-9cc4-8cb67e29fcff', '8897', 0, 0);
INSERT INTO `template_global_config` VALUES ('c4643267-9e98-424a-b7a2-1f17dd9b1bf4', 'impala连接配置（host,登录名,登录密码,端口,仓库名）', 'impala连接配置（host,登录名,登录密码,端口,仓库名）', '766088b6-7e2f-4fec-9fa7-8c6a17753f79', 'bcad95b5-172c-49dc-9cc4-8cb67e29fcff', 'admin', 0, 0);
INSERT INTO `template_global_config` VALUES ('c568fcdd-d9e3-4c1a-84f2-6eebe21c39ed', 'redis 6379端口', 'redis 6379端口\n redis 26480端口\n redis 26555端口\n redis 6371端口（触达）', '766088b6-7e2f-4fec-9fa7-8c6a17753f79', 'bcad95b5-172c-49dc-9cc4-8cb67e29fcff', 'Sun_unix*1101', 0, 0);
INSERT INTO `template_global_config` VALUES ('d3aee553-5e29-429e-8389-2d9fa63aa32f', '前端mysql库连接配置（host,登录名,登录密码,端口）', '前端mysql库连接配置（host,登录名,登录密码,端口）', '766088b6-7e2f-4fec-9fa7-8c6a17753f79', 'bcad95b5-172c-49dc-9cc4-8cb67e29fcff', '3306', 0, 0);
INSERT INTO `template_global_config` VALUES ('e482d581-c160-4a9b-a2f5-278d02c7bbbd', '触达2.0相关配置', '触达2.0相关配置', '766088b6-7e2f-4fec-9fa7-8c6a17753f79', 'bcad95b5-172c-49dc-9cc4-8cb67e29fcff', 'realtime-mkt:1924', 0, 0);
INSERT INTO `template_global_config` VALUES ('e4c256e7-25e3-4d57-abe2-4b84c11572a0', 'zabbix-web-api', 'zabbix-web-api', '766088b6-7e2f-4fec-9fa7-8c6a17753f79', 'bcad95b5-172c-49dc-9cc4-8cb67e29fcff', 'realtime-1:8081', 0, 0);
INSERT INTO `template_global_config` VALUES ('e7408c2d-af06-44f7-9195-6e010d6e7261', 'impala连接配置（host,登录名,登录密码,端口,仓库名）', 'impala连接配置（host,登录名,登录密码,端口,仓库名）\n 前端mysql库连接配置（host,登录名,登录密码,端口）', '766088b6-7e2f-4fec-9fa7-8c6a17753f79', 'bcad95b5-172c-49dc-9cc4-8cb67e29fcff', 'zanalytics', 0, 0);
INSERT INTO `template_global_config` VALUES ('e8dfb370-2a89-4458-9a7d-247ec56deb5e', 'redis 8892端口', 'redis 8892端口', '766088b6-7e2f-4fec-9fa7-8c6a17753f79', 'bcad95b5-172c-49dc-9cc4-8cb67e29fcff', '8892', 0, 0);
INSERT INTO `template_global_config` VALUES ('efbde0df-2420-4a33-bb2e-1b3f2fd59411', 'es查询服务', 'es查询服务', '766088b6-7e2f-4fec-9fa7-8c6a17753f79', 'bcad95b5-172c-49dc-9cc4-8cb67e29fcff', 'realtime-2:7808', 0, 0);
INSERT INTO `template_global_config` VALUES ('f13ec8a2-53c5-443d-a31a-168b01654341', 'ssdb 8888端口', 'ssdb 8888端口', '766088b6-7e2f-4fec-9fa7-8c6a17753f79', 'bcad95b5-172c-49dc-9cc4-8cb67e29fcff', '8888', 0, 0);
INSERT INTO `template_global_config` VALUES ('f2ba6712-5421-432d-aa31-d2f52e67e911', '触达内网（www）服务部署地址（默认两个）【/data/marketing/www/config】', '触达内网（www）服务部署地址（默认两个）【/data/marketing/www/config】', '766088b6-7e2f-4fec-9fa7-8c6a17753f79', 'bcad95b5-172c-49dc-9cc4-8cb67e29fcff', 'realtime-3:18001', 0, 0);
INSERT INTO `template_global_config` VALUES ('f34f5a06-a69b-419d-be20-78a86a32199c', '触达2.0相关配置', '触达2.0相关配置', '766088b6-7e2f-4fec-9fa7-8c6a17753f79', 'bcad95b5-172c-49dc-9cc4-8cb67e29fcff', 'realtime-mkt:1922', 0, 0);
INSERT INTO `template_global_config` VALUES ('f37f13cf-5d07-40a8-99fa-a64f0692379c', '前端mysql库连接配置（host,登录名,登录密码,端口）', '前端mysql库连接配置（host,登录名,登录密码,端口）', '766088b6-7e2f-4fec-9fa7-8c6a17753f79', 'bcad95b5-172c-49dc-9cc4-8cb67e29fcff', '3306', 0, 0);
INSERT INTO `template_global_config` VALUES ('f68d27ea-ac47-4956-8b6e-b0655a509e72', '分析api内网服务部署地址（默认1个）', '分析api内网服务部署地址（默认1个）', '766088b6-7e2f-4fec-9fa7-8c6a17753f79', 'bcad95b5-172c-49dc-9cc4-8cb67e29fcff', 'realtime-1:8800', 0, 0);
INSERT INTO `template_global_config` VALUES ('fa1e9e35-aa7b-41b2-a6a7-ef0fb2e13025', 'zgsee内网服务部署地址', 'zgsee内网服务部署地址', '766088b6-7e2f-4fec-9fa7-8c6a17753f79', 'bcad95b5-172c-49dc-9cc4-8cb67e29fcff', 'realtime-1:18080', 0, 0);
INSERT INTO `template_global_config` VALUES ('fba19dd0-d13e-41ea-a3a2-ee66e746412a', '触达2.0相关配置', '触达2.0相关配置', '766088b6-7e2f-4fec-9fa7-8c6a17753f79', 'bcad95b5-172c-49dc-9cc4-8cb67e29fcff', 'realtime-mkt:1920', 0, 0);
INSERT INTO `template_global_config` VALUES ('fe3310c0-e572-4821-a243-0728c2d0dddd', '诸葛打点，0关闭，1上传至saas，2上传至私有部署', '诸葛打点，0关闭，1上传至saas，2上传至私有部署', '766088b6-7e2f-4fec-9fa7-8c6a17753f79', 'bcad95b5-172c-49dc-9cc4-8cb67e29fcff', '0', 0, 0);
COMMIT;

-- ----------------------------
-- Table structure for template_version
-- ----------------------------
DROP TABLE IF EXISTS `template_version`;
CREATE TABLE `template_version` (
  `id` varchar(50) NOT NULL DEFAULT '' COMMENT '模板版本id',
  `template_id` varchar(50) DEFAULT NULL COMMENT '模板id',
  `description` varchar(200) DEFAULT NULL COMMENT '版本描述',
  `version` varchar(50) DEFAULT NULL COMMENT '模板版本号',
  `status` int NOT NULL DEFAULT '1' COMMENT '版本状态：0：废弃；1：正常；',
  `publish_time` timestamp NULL DEFAULT NULL COMMENT '版本发布时间',
  `readme_doc` text COMMENT '说明文档',
  `build_doc` text COMMENT '部署文档',
  `update_doc` text COMMENT '更新文档',
  `public_type` int DEFAULT NULL COMMENT '0 发布git 1 下载',
  PRIMARY KEY (`id`),
  KEY `template_id` (`template_id`),
  CONSTRAINT `template_version_ibfk_3` FOREIGN KEY (`template_id`) REFERENCES `template` (`id`)
) ENGINE=InnoDB DEFAULT CHARSET=utf8mb3 COMMENT='模板版本';

-- ----------------------------
-- Records of template_version
-- ----------------------------
BEGIN;
INSERT INTO `template_version` VALUES ('bcad95b5-172c-49dc-9cc4-8cb67e29fcff', '766088b6-7e2f-4fec-9fa7-8c6a17753f79', '包含了全部git库的模版', '1.0.0', 2, '2021-12-29 16:31:43', '\n# zhugesdkv\n\n# webapp\n\n# zgSee\n\n# zhugeio-api\n\n# clockwork\n\n# etl-private\n\n# smc-stable-svr\n\n# wt\n\n# js-sdk\n\n# m-webapp\n\n# dimension_expansion\n\n# webapp-server\n\n# api-extension\n\n# zgsee-init\n\n# zhugeio-tools\n\n# zhugeio-marketing-cloud\n\n# market-cloud-app\n\n# zhugeio-es\n\n# zgsee-pix\n\n# playwell\n\n# etl-virtual-app\n\n# zgsee-web\n\n# zhugesdkv\n\n# webapp\n\n# zgSee\n\n# zhugeio-api\n\n# etl-private\n\n# clockwork\n\n# smc-stable-svr\n\n# wt\n\n# js-sdk\n\n# m-webapp\n\n# dimension_expansion\n\n# webapp-server\n\n# api-extension\n\n# zgsee-init\n\n# zhugeio-tools\n\n# zhugeio-marketing-cloud\n\n# market-cloud-app\n\n# zhugeio-es\n\n# zgsee-pix\n\n# etl-virtual-app\n\n# playwell\n\n# zgsee-web\n', '\n# zhugesdkv\n\n# webapp\n\n# zgSee\n\n# zhugeio-api\n\n# clockwork\n\n# etl-private\n\n# smc-stable-svr\n\n# wt\n\n# js-sdk\n\n# m-webapp\n\n# dimension_expansion\n\n# webapp-server\n\n# api-extension\n\n# zgsee-init\n\n# zhugeio-tools\n\n# zhugeio-marketing-cloud\n\n# market-cloud-app\n\n# zhugeio-es\n\n# zgsee-pix\n\n# playwell\n\n# etl-virtual-app\n\n# zgsee-web\n\n# zhugesdkv\n\n# webapp\n\n# zgSee\n\n# zhugeio-api\n\n# etl-private\n\n# clockwork\n\n# smc-stable-svr\n\n# wt\n\n# js-sdk\n\n# m-webapp\n\n# dimension_expansion\n\n# webapp-server\n\n# api-extension\n\n# zgsee-init\n\n# zhugeio-tools\n\n# zhugeio-marketing-cloud\n\n# market-cloud-app\n\n# zhugeio-es\n\n# zgsee-pix\n\n# etl-virtual-app\n\n# playwell\n\n# zgsee-web\n', '\n# zhugesdkv\n\n# webapp\n\n# zgSee\n\n# zhugeio-api\n\n# clockwork\n\n# etl-private\n\n# smc-stable-svr\n\n# wt\n\n# js-sdk\n\n# m-webapp\n\n# dimension_expansion\n\n# webapp-server\n\n# api-extension\n\n# zgsee-init\n\n# zhugeio-tools\n\n# zhugeio-marketing-cloud\n\n# market-cloud-app\n\n# zhugeio-es\n\n# zgsee-pix\n\n# playwell\n\n# etl-virtual-app\n\n# zgsee-web\n\n# zhugesdkv\n\n# webapp\n\n# zgSee\n\n# zhugeio-api\n\n# etl-private\n\n# clockwork\n\n# smc-stable-svr\n\n# wt\n\n# js-sdk\n\n# m-webapp\n\n# dimension_expansion\n\n# webapp-server\n\n# api-extension\n\n# zgsee-init\n\n# zhugeio-tools\n\n# zhugeio-marketing-cloud\n\n# market-cloud-app\n\n# zhugeio-es\n\n# zgsee-pix\n\n# etl-virtual-app\n\n# playwell\n\n# zgsee-web\n', 0);
COMMIT;

-- ----------------------------
-- Table structure for template_version_git
-- ----------------------------
DROP TABLE IF EXISTS `template_version_git`;
CREATE TABLE `template_version_git` (
  `id` varchar(50) NOT NULL DEFAULT '',
  `template_id` varchar(50) DEFAULT NULL COMMENT '模板id',
  `template_version_id` varchar(50) DEFAULT NULL COMMENT '模板版本id',
  `git_source_id` varchar(50) DEFAULT NULL COMMENT 'git源id',
  `git_source_version_id` varchar(50) DEFAULT NULL COMMENT 'git源版本id',
  `git_source_branch_id` varchar(50) CHARACTER SET utf8 COLLATE utf8_general_ci DEFAULT NULL COMMENT 'git源branchId',
  PRIMARY KEY (`id`),
  KEY `template_id` (`template_id`),
  KEY `template_version_id` (`template_version_id`),
  KEY `git_source_id` (`git_source_id`),
  KEY `git_source_version_id` (`git_source_version_id`),
  CONSTRAINT `template_config_ibfk_1` FOREIGN KEY (`template_id`) REFERENCES `template` (`id`),
  CONSTRAINT `template_config_ibfk_2` FOREIGN KEY (`template_version_id`) REFERENCES `template_version` (`id`),
  CONSTRAINT `template_config_ibfk_3` FOREIGN KEY (`git_source_id`) REFERENCES `git_source` (`id`),
  CONSTRAINT `template_config_ibfk_4` FOREIGN KEY (`git_source_version_id`) REFERENCES `source_version` (`id`)
) ENGINE=InnoDB DEFAULT CHARSET=utf8mb3 COMMENT='模板版本中git源';

-- ----------------------------
-- Records of template_version_git
-- ----------------------------
BEGIN;
INSERT INTO `template_version_git` VALUES ('07b2ba6d-5641-4389-a5a7-6f91f5dc2e29', '766088b6-7e2f-4fec-9fa7-8c6a17753f79', 'bcad95b5-172c-49dc-9cc4-8cb67e29fcff', 'b365bc9c-2dfd-4fe1-afba-5b56d58e65a3', 'ef3e253f-ffe6-4196-8e1e-382f28f6c9d1', 'd9b48323-f1c5-4b0a-88b5-8a0f5f73ca64');
INSERT INTO `template_version_git` VALUES ('0ef3213a-6674-4924-9a2c-f0ed25ef92b6', '766088b6-7e2f-4fec-9fa7-8c6a17753f79', 'bcad95b5-172c-49dc-9cc4-8cb67e29fcff', '2f46f470-e0ec-4119-bc84-c4d111475889', 'f099031a-7bcd-4d77-af00-8290675eb858', '062c1e84-d6f4-47a8-8b4e-07afdd265b1d');
INSERT INTO `template_version_git` VALUES ('32bdaf26-8a8b-492b-9f99-14391bd784cb', '766088b6-7e2f-4fec-9fa7-8c6a17753f79', 'bcad95b5-172c-49dc-9cc4-8cb67e29fcff', 'b4779bc3-b64b-4556-8fbf-e1660abc77d7', 'fd6a925b-de4d-440a-84a5-9e6f42c63845', '57f13728-d1cd-4d6a-abd7-a3796c344491');
INSERT INTO `template_version_git` VALUES ('4e893513-4d1d-4322-a1d9-464017c9da91', '766088b6-7e2f-4fec-9fa7-8c6a17753f79', 'bcad95b5-172c-49dc-9cc4-8cb67e29fcff', '7d341f59-b0ce-4ed2-95b9-bbdfad64ab3c', 'ab8453b0-216d-4e01-80ce-0749a8fce3ed', '79431cd1-1f56-49e2-a3ba-4f337f2160d5');
INSERT INTO `template_version_git` VALUES ('57e40fe3-940a-4db8-aa9d-bd84ba8f495c', '766088b6-7e2f-4fec-9fa7-8c6a17753f79', 'bcad95b5-172c-49dc-9cc4-8cb67e29fcff', '7c6a4ef0-7af7-40b0-aa69-99bad2d6271d', '41f4d639-5aba-4888-838a-f25459698ddb', '40b595a4-d4d1-4cb7-9226-9776e7a56725');
INSERT INTO `template_version_git` VALUES ('589ea155-95d4-476e-b9e2-8c2ecd99f1fe', '766088b6-7e2f-4fec-9fa7-8c6a17753f79', 'bcad95b5-172c-49dc-9cc4-8cb67e29fcff', '68e078fb-eb3d-4659-9e38-272e35316e38', 'd2ec6358-ecfc-4afd-a19f-d82f67284927', '7afe8898-2700-47ae-94e2-3d1fbf805519');
INSERT INTO `template_version_git` VALUES ('6faa2db5-a941-4178-9085-f9811c62c4dc', '766088b6-7e2f-4fec-9fa7-8c6a17753f79', 'bcad95b5-172c-49dc-9cc4-8cb67e29fcff', '8d3c85d6-4bd3-4936-9e0f-ee44cfe312ca', '9d976e67-07e7-4463-8712-8a6de26e8a38', 'ca325f3d-8ffb-481b-a643-1ccf2560ed37');
INSERT INTO `template_version_git` VALUES ('95ff7d6e-2d8d-4303-acce-755ebbff221a', '766088b6-7e2f-4fec-9fa7-8c6a17753f79', 'bcad95b5-172c-49dc-9cc4-8cb67e29fcff', '1e4058bb-b8e6-4ca9-ae31-4065365d51f1', 'e7f7a127-f4c4-4338-8e84-9b7fc73dd4a7', 'a6effe1d-131f-4cd9-b766-e75f5f8dd09f');
INSERT INTO `template_version_git` VALUES ('978b812d-230f-4b7b-89fd-06e3ef461451', '766088b6-7e2f-4fec-9fa7-8c6a17753f79', 'bcad95b5-172c-49dc-9cc4-8cb67e29fcff', '37363fe8-c813-456e-aa3a-63275a8973f9', '07fcd766-9451-4287-9e4b-f27de4e3df14', '2adb04c3-4559-4239-bddc-1910ec83039a');
INSERT INTO `template_version_git` VALUES ('a1ea234c-2821-4b77-8049-0bb0b1ea3d30', '766088b6-7e2f-4fec-9fa7-8c6a17753f79', 'bcad95b5-172c-49dc-9cc4-8cb67e29fcff', '0f0dfcad-40a0-4a99-9bc6-232b4efb22d4', '8d1ab3f3-5a5c-4442-81a9-336cc455ef02', '7b541f87-00c4-455c-bf7c-23168fa9eca4');
INSERT INTO `template_version_git` VALUES ('aac0b8cd-8514-4609-819f-9af6d114e6ae', '766088b6-7e2f-4fec-9fa7-8c6a17753f79', 'bcad95b5-172c-49dc-9cc4-8cb67e29fcff', 'c2c43a72-6413-43b6-8cc5-3707945b32f0', '2a259bdd-cbb7-4317-b1da-a1c27ffd583d', 'f856880f-e535-4c05-a929-82520752f49b');
INSERT INTO `template_version_git` VALUES ('ad1152b8-0a99-4821-a253-9431c337be83', '766088b6-7e2f-4fec-9fa7-8c6a17753f79', 'bcad95b5-172c-49dc-9cc4-8cb67e29fcff', '40e643c4-5254-4ae7-a3cb-bc7a31aeeefc', '43df9041-08b4-4179-a7d5-303f15485253', '6d14a0df-ace5-48c0-857b-11fb62964329');
INSERT INTO `template_version_git` VALUES ('bacd30d5-971c-4e09-baa7-4eb6b3e78664', '766088b6-7e2f-4fec-9fa7-8c6a17753f79', 'bcad95b5-172c-49dc-9cc4-8cb67e29fcff', 'dae89e64-2932-4bec-b3ae-4ac5be585617', '7a5c3982-1c5c-43c5-b4fa-15d9bd89fcdb', 'b19955a6-a909-4b56-811f-f481d1f0a3ad');
INSERT INTO `template_version_git` VALUES ('bbf20ef9-716c-4e0e-b259-ead25a804151', '766088b6-7e2f-4fec-9fa7-8c6a17753f79', 'bcad95b5-172c-49dc-9cc4-8cb67e29fcff', '85866bad-811d-44af-952e-bdf1c1f1cd1a', '4a826f66-9c1d-42f7-a328-b1d84ead507f', '1a7dbda6-64d8-4762-957e-3e0fc685b2bc');
INSERT INTO `template_version_git` VALUES ('c2c54454-21c2-4e87-858d-47999d4a25f6', '766088b6-7e2f-4fec-9fa7-8c6a17753f79', 'bcad95b5-172c-49dc-9cc4-8cb67e29fcff', '46c0879d-a25b-4f8b-bc66-610d6ed88ef4', 'd96de692-4e70-4d52-89f9-3d1deceeee78', 'dfb8370a-5903-4ede-bdaa-3069b274e5b9');
INSERT INTO `template_version_git` VALUES ('ca42ac55-68e0-4f5d-ba7d-d840cf2e1128', '766088b6-7e2f-4fec-9fa7-8c6a17753f79', 'bcad95b5-172c-49dc-9cc4-8cb67e29fcff', '997e7123-62a2-438a-88cc-122c32965519', 'b27b0e60-a9a0-469e-a5a6-d59d3235a5ea', 'e3a73360-a439-4f08-bf12-201e1f3f5951');
INSERT INTO `template_version_git` VALUES ('d312cbb7-4209-4a1b-90ea-83cbcf30c29d', '766088b6-7e2f-4fec-9fa7-8c6a17753f79', 'bcad95b5-172c-49dc-9cc4-8cb67e29fcff', 'c901f2f3-ee26-4461-b830-7c47e4f4bd6a', '2da9b5de-74d0-4533-860f-8915766b270a', '487f444a-c8e0-4278-a17c-e9f8850b9312');
INSERT INTO `template_version_git` VALUES ('da90f995-b14e-4cec-a72a-07f880a846af', '766088b6-7e2f-4fec-9fa7-8c6a17753f79', 'bcad95b5-172c-49dc-9cc4-8cb67e29fcff', '51993461-d59f-4f5b-86a6-742db1d3194a', '7ff4386b-7102-411c-931e-f7e371e33dfa', '16681dcb-9b1d-4a01-b7b4-49642a8c597d');
INSERT INTO `template_version_git` VALUES ('dafbb59a-383b-43f1-b31c-a566720734b9', '766088b6-7e2f-4fec-9fa7-8c6a17753f79', 'bcad95b5-172c-49dc-9cc4-8cb67e29fcff', '71671909-9834-44b3-b2eb-a0789696eeb6', '47bee3c6-4754-4bda-b3da-b6215fee96e1', '330d1d81-aa72-4724-8aa8-521b5c821f3a');
INSERT INTO `template_version_git` VALUES ('ddc64e36-980e-4aef-883c-44582c4a3062', '766088b6-7e2f-4fec-9fa7-8c6a17753f79', 'bcad95b5-172c-49dc-9cc4-8cb67e29fcff', '45a9da44-30ae-4660-a2f8-7729b3036d2e', '44e0bfcc-edfd-4d5c-a84d-615d444cee77', 'f23ef329-8be8-4b90-9013-de0f93840496');
INSERT INTO `template_version_git` VALUES ('ebc0794a-51ea-4035-9cce-1fca20a47cfb', '766088b6-7e2f-4fec-9fa7-8c6a17753f79', 'bcad95b5-172c-49dc-9cc4-8cb67e29fcff', 'cdac3b88-7578-4a0e-8151-f96627832942', '40ce7785-d4d6-41bf-9d58-ed7ec7e9767c', '50270704-f720-48a8-8777-737fdbd004ed');
INSERT INTO `template_version_git` VALUES ('f92c2bfd-85e6-4d56-97cb-ebe440f09313', '766088b6-7e2f-4fec-9fa7-8c6a17753f79', 'bcad95b5-172c-49dc-9cc4-8cb67e29fcff', '04d51d81-5439-4f4b-ad95-ab0610f933ae', '2129aeea-f59f-47e6-af4b-48ab8e3bc374', '0579e662-f44b-4177-b216-0654ac59d198');
COMMIT;

-- ----------------------------
-- Table structure for user
-- ----------------------------
DROP TABLE IF EXISTS `user`;
CREATE TABLE `user` (
  `id` varchar(50) NOT NULL DEFAULT '',
  `name` varchar(50) DEFAULT NULL COMMENT '用户名',
  `password` varchar(50) DEFAULT NULL COMMENT '密码',
  `email` varchar(100) DEFAULT NULL COMMENT '邮箱',
  PRIMARY KEY (`id`)
) ENGINE=InnoDB DEFAULT CHARSET=utf8mb3;

-- ----------------------------
-- Records of user
-- ----------------------------
BEGIN;
INSERT INTO `user` VALUES ('f975eb7e-cea4-4a1d-b515-7e6da94b1899', '260245435@qq.com', '123456', '260245435@qq.com');
COMMIT;

-- ----------------------------
-- Table structure for user_role
-- ----------------------------
DROP TABLE IF EXISTS `user_role`;
CREATE TABLE `user_role` (
  `id` varchar(50) NOT NULL DEFAULT '',
  `user_id` varchar(50) DEFAULT NULL,
  `role_id` int DEFAULT NULL,
  PRIMARY KEY (`id`),
  KEY `user_id` (`user_id`),
  KEY `role_id` (`role_id`),
  CONSTRAINT `user_role_ibfk_1` FOREIGN KEY (`user_id`) REFERENCES `user` (`id`),
  CONSTRAINT `user_role_ibfk_2` FOREIGN KEY (`role_id`) REFERENCES `role` (`id`)
) ENGINE=InnoDB DEFAULT CHARSET=utf8mb3;

-- ----------------------------
-- Records of user_role
-- ----------------------------
BEGIN;
COMMIT;

SET FOREIGN_KEY_CHECKS = 1;
