/*
 Navicat Premium Data Transfer

 Source Server         : localhost_3306
 Source Server Type    : MySQL
 Source Server Version : 80025
 Source Host           : localhost:3306
 Source Schema         : clever_compile

 Target Server Type    : MySQL
 Target Server Version : 80025
 File Encoding         : 65001

 Date: 29/12/2021 00:36:40
*/

SET NAMES utf8mb4;
SET FOREIGN_KEY_CHECKS = 0;

-- ----------------------------
-- Table structure for compile
-- ----------------------------
DROP TABLE IF EXISTS `compile`;
CREATE TABLE `compile` (
  `id` varchar(50) CHARACTER SET utf8 COLLATE utf8_general_ci NOT NULL,
  `compile_time` datetime NOT NULL ON UPDATE CURRENT_TIMESTAMP COMMENT '编译时间',
  `compile_user` varchar(50) CHARACTER SET utf8 COLLATE utf8_general_ci NOT NULL COMMENT '编译用户',
  `compile_result` text CHARACTER SET utf8 COLLATE utf8_general_ci NOT NULL COMMENT '编译结果',
  `project_id` varchar(50) CHARACTER SET utf8 COLLATE utf8_general_ci NOT NULL COMMENT '编译项目id',
  `description` varchar(50) CHARACTER SET utf8 COLLATE utf8_general_ci DEFAULT NULL COMMENT '描述',
  `file` varchar(255) CHARACTER SET utf8 COLLATE utf8_general_ci DEFAULT NULL COMMENT '文件地址',
  `config` text CHARACTER SET utf8 COLLATE utf8_general_ci COMMENT '配置文件',
  PRIMARY KEY (`id`),
  KEY `compile_ibfk_1` (`compile_user`),
  KEY `compile_ibfk_2` (`project_id`),
  CONSTRAINT `compile_ibfk_1` FOREIGN KEY (`compile_user`) REFERENCES `user` (`id`) ON DELETE RESTRICT ON UPDATE RESTRICT,
  CONSTRAINT `compile_ibfk_2` FOREIGN KEY (`project_id`) REFERENCES `project` (`id`) ON DELETE RESTRICT ON UPDATE RESTRICT
) ENGINE=InnoDB DEFAULT CHARSET=utf8mb3;

-- ----------------------------
-- Records of compile
-- ----------------------------
BEGIN;
COMMIT;

-- ----------------------------
-- Table structure for config_type
-- ----------------------------
DROP TABLE IF EXISTS `config_type`;
CREATE TABLE `config_type` (
  `id` int NOT NULL,
  `label` varchar(100) DEFAULT NULL COMMENT '类型描述',
  `key` varchar(10) DEFAULT NULL COMMENT '英文标识',
  PRIMARY KEY (`id`)
) ENGINE=InnoDB DEFAULT CHARSET=utf8mb3 COMMENT='文本、文件替换、json';

-- ----------------------------
-- Records of config_type
-- ----------------------------
BEGIN;
INSERT INTO `config_type` VALUES (0, '文本', 'text');
INSERT INTO `config_type` VALUES (1, '文件替换', 'file');
COMMIT;

-- ----------------------------
-- Table structure for customer
-- ----------------------------
DROP TABLE IF EXISTS `customer`;
CREATE TABLE `customer` (
  `id` varchar(50) CHARACTER SET utf8 COLLATE utf8_general_ci NOT NULL,
  `name` varchar(50) CHARACTER SET utf8 COLLATE utf8_general_ci DEFAULT NULL COMMENT '客户名称',
  `description` varchar(200) CHARACTER SET utf8 COLLATE utf8_general_ci DEFAULT NULL COMMENT '描述',
  `creator_id` varchar(50) CHARACTER SET utf8 COLLATE utf8_general_ci NOT NULL COMMENT '创建者id',
  `tel` varchar(11) DEFAULT NULL COMMENT '联系方式',
  PRIMARY KEY (`id`),
  KEY `customer_ibfk_2` (`creator_id`),
  CONSTRAINT `customer_ibfk_2` FOREIGN KEY (`creator_id`) REFERENCES `user` (`id`) ON DELETE RESTRICT ON UPDATE RESTRICT
) ENGINE=InnoDB DEFAULT CHARSET=utf8mb3 COMMENT='客户表';

-- ----------------------------
-- Records of customer
-- ----------------------------
BEGIN;
COMMIT;

-- ----------------------------
-- Table structure for git_source
-- ----------------------------
DROP TABLE IF EXISTS `git_source`;
CREATE TABLE `git_source` (
  `id` varchar(50) NOT NULL DEFAULT '',
  `name` varchar(50) DEFAULT NULL COMMENT '源名称',
  `description` text COMMENT '库描述信息',
  `git` varchar(100) DEFAULT NULL COMMENT 'git地址',
  `enable` tinyint(1) DEFAULT '1' COMMENT '是否启用为源',
  `git_id` int DEFAULT NULL COMMENT 'git库中的id',
  `creator_id` varchar(50) DEFAULT NULL COMMENT '创建者id',
  PRIMARY KEY (`id`)
) ENGINE=InnoDB DEFAULT CHARSET=utf8mb3 COMMENT='git源\n会将当前git账号有权限的所有git库都导入进来';

-- ----------------------------
-- Records of git_source
-- ----------------------------
BEGIN;
INSERT INTO `git_source` VALUES ('01fae700-c94b-487b-a635-08c5a72b6815', 'wt', '基于微信第三方平台授权模式搭建平台。\r\n对关注、取关、扫码等事件打点，基于公众号/小程序数据进行数据查询处理。\r\n\r\n此项目是zhugeWeixinThird第二版，因模块不一致，每次切换分支时会遗留之前版本目录数据，造成紊乱，所以新建项目。', 'git@gl.zhugeio.com:zoufanqi/wt.git', 1, 291, 'f975eb7e-cea4-4a1d-b515-7e6da94b1899');
INSERT INTO `git_source` VALUES ('171218c4-c51d-455b-8ab1-39bea10e1286', 'playwell', 'Playwell Framework', 'git@gl.zhugeio.com:marketing-cloud/playwell.git', 1, 337, 'f975eb7e-cea4-4a1d-b515-7e6da94b1899');
INSERT INTO `git_source` VALUES ('18f5022a-f415-4884-a25b-8e56500fce17', 'zhugeio-tools', '私有部署相关工具集。如：菜单增删、同步mysql库元数据等', 'git@gl.zhugeio.com:realtime/zhugeio-tools.git', 1, 367, 'f975eb7e-cea4-4a1d-b515-7e6da94b1899');
INSERT INTO `git_source` VALUES ('424d629f-e5da-4c49-9604-04c1c7c2152f', 'webapp-server', '分析平台node服务', 'git@gl.zhugeio.com:frontEnd/webapp-server.git', 1, 365, 'f975eb7e-cea4-4a1d-b515-7e6da94b1899');
INSERT INTO `git_source` VALUES ('5286f7cd-3773-4361-90d6-f51fe4a024e5', 'smc-stable-svr', '私有部署静态包', 'git@gl.zhugeio.com:realtime/smc-stable-svr.git', 1, 346, 'f975eb7e-cea4-4a1d-b515-7e6da94b1899');
INSERT INTO `git_source` VALUES ('64e49573-c01b-4c86-bed9-6c634ba6dbad', 'dimension_expansion', '维度表扩展', 'git@gl.zhugeio.com:wucheng/dimension_expansion.git', 1, 404, 'f975eb7e-cea4-4a1d-b515-7e6da94b1899');
INSERT INTO `git_source` VALUES ('675a30a8-8dc3-4799-abfe-4ca6737414e8', 'clockwork', '营销云正式版工作流', 'git@gl.zhugeio.com:marketing-cloud/clockwork.git', 1, 146, 'f975eb7e-cea4-4a1d-b515-7e6da94b1899');
INSERT INTO `git_source` VALUES ('6e1d4158-f11e-43bf-ad65-81b87279e29a', 'zhugeio-api', '', 'git@gl.zhugeio.com:server/zhugeio-api.git', 1, 36, 'f975eb7e-cea4-4a1d-b515-7e6da94b1899');
INSERT INTO `git_source` VALUES ('6ea4a7ad-7940-4057-b425-47f2ad04822a', 'etl-virtual-app', '', 'git@gl.zhugeio.com:zhangdongbin/etl-virtual-app.git', 1, 297, 'f975eb7e-cea4-4a1d-b515-7e6da94b1899');
INSERT INTO `git_source` VALUES ('7caec2a0-df23-456c-9c43-f9ea0dab0ccb', 'zgsee-init', 'zgsee etl', 'git@gl.zhugeio.com:zgsee/zgsee-init.git', 1, 270, 'f975eb7e-cea4-4a1d-b515-7e6da94b1899');
INSERT INTO `git_source` VALUES ('7dc43ea6-8dfb-4f19-8054-a7cf62882c8c', 'js-sdk', '诸葛js-sdk', 'git@gl.zhugeio.com:dongyongqiang/js-sdk.git', 1, 25, 'f975eb7e-cea4-4a1d-b515-7e6da94b1899');
INSERT INTO `git_source` VALUES ('9b83f7b0-6c89-408b-b150-a1d266d8bb4b', 'zhugesdkv', '', 'git@gl.zhugeio.com:tangxingcai/zhugesdkv.git', 1, 22, 'f975eb7e-cea4-4a1d-b515-7e6da94b1899');
INSERT INTO `git_source` VALUES ('a03aa383-d78b-4e36-bad4-cd873cd91eeb', 'm-webapp', '诸葛移动端网页app', 'git@gl.zhugeio.com:dongyongqiang/m-webapp.git', 1, 199, 'f975eb7e-cea4-4a1d-b515-7e6da94b1899');
INSERT INTO `git_source` VALUES ('b5c71d51-7a01-4cd3-b661-c6afbd16f108', 'zhugeio-es', '', 'git@gl.zhugeio.com:server/zhugeio-es.git', 1, 124, 'f975eb7e-cea4-4a1d-b515-7e6da94b1899');
INSERT INTO `git_source` VALUES ('b8f92387-21a4-4df0-8f8b-7f56791308e2', 'zhugeio-marketing-cloud', '诸葛营销云api', 'git@gl.zhugeio.com:marketing-cloud/zhugeio-marketing-cloud.git', 1, 221, 'f975eb7e-cea4-4a1d-b515-7e6da94b1899');
INSERT INTO `git_source` VALUES ('bdca785b-36be-4f19-92ae-aae81fc3a499', 'api-extension', 'api扩展。如：用户是否所属用户群', 'git@gl.zhugeio.com:realtime/api-extension.git', 1, 415, 'f975eb7e-cea4-4a1d-b515-7e6da94b1899');
INSERT INTO `git_source` VALUES ('d3910a9b-f2e4-4701-b7b9-148f5d834880', 'zgSee', '视屏服务前端项目', 'git@gl.zhugeio.com:dongyongqiang/zgSee.git', 1, 268, 'f975eb7e-cea4-4a1d-b515-7e6da94b1899');
INSERT INTO `git_source` VALUES ('e58e440d-a1a5-4608-b918-5540e0b128b5', 'etl-private', '', 'git@gl.zhugeio.com:dengziwu/etl-private.git', 1, 77, 'f975eb7e-cea4-4a1d-b515-7e6da94b1899');
INSERT INTO `git_source` VALUES ('e7fa2e6a-1f41-4d25-b047-349d0c76754d', 'zgsee-web', '', 'git@gl.zhugeio.com:zgsee/zgsee-web.git', 1, 275, 'f975eb7e-cea4-4a1d-b515-7e6da94b1899');
INSERT INTO `git_source` VALUES ('e8c5b131-ce6c-4cff-b6c7-7efcfd5db04f', 'webapp', '诸葛网站应用', 'git@gl.zhugeio.com:dongyongqiang/webapp.git', 1, 23, 'f975eb7e-cea4-4a1d-b515-7e6da94b1899');
INSERT INTO `git_source` VALUES ('ead24a3c-0b3d-4c96-8349-8d0b4cbec504', 'zgsee-pix', 'zgsee 图片处理', 'git@gl.zhugeio.com:zgsee/zgsee-pix.git', 1, 271, 'f975eb7e-cea4-4a1d-b515-7e6da94b1899');
INSERT INTO `git_source` VALUES ('f44a753c-d1a3-4c8b-be56-69bb9b032da9', 'market-cloud-app', '营销云前端库', 'git@gl.zhugeio.com:dongyongqiang/market-cloud-app.git', 1, 121, 'f975eb7e-cea4-4a1d-b515-7e6da94b1899');
COMMIT;

-- ----------------------------
-- Table structure for project
-- ----------------------------
DROP TABLE IF EXISTS `project`;
CREATE TABLE `project` (
  `id` varchar(50) NOT NULL DEFAULT '' COMMENT '工程id',
  `name` varchar(100) DEFAULT NULL COMMENT '配置名称',
  `template_id` varchar(50) CHARACTER SET utf8 COLLATE utf8_general_ci NOT NULL COMMENT '模板id',
  `template_version` varchar(50) CHARACTER SET utf8 COLLATE utf8_general_ci NOT NULL COMMENT '模板版本',
  `compile_type` int DEFAULT NULL COMMENT '编译类型。0：私有部署；1：常规迭代；2：发布测试',
  `public_type` int DEFAULT NULL COMMENT '发布方式。0：发布到git；1：下载；2：自动',
  `description` varchar(200) CHARACTER SET utf8 COLLATE utf8_general_ci DEFAULT NULL COMMENT '描述',
  `create_time` datetime DEFAULT NULL COMMENT '创建时间',
  `customer` varchar(50) DEFAULT NULL COMMENT '客户id',
  `receive_user_id` text COMMENT '被分享的成员id',
  `creator_id` varchar(50) DEFAULT NULL COMMENT '创建者id',
  PRIMARY KEY (`id`),
  KEY `project_ibfk_1` (`template_id`),
  KEY `project_ibfk_2` (`template_version`),
  KEY `project_ibfk_3` (`customer`),
  CONSTRAINT `project_ibfk_1` FOREIGN KEY (`template_id`) REFERENCES `template` (`id`) ON DELETE RESTRICT ON UPDATE RESTRICT,
  CONSTRAINT `project_ibfk_2` FOREIGN KEY (`template_version`) REFERENCES `template_version` (`id`) ON DELETE RESTRICT ON UPDATE RESTRICT,
  CONSTRAINT `project_ibfk_3` FOREIGN KEY (`customer`) REFERENCES `customer` (`id`) ON DELETE RESTRICT ON UPDATE RESTRICT
) ENGINE=InnoDB DEFAULT CHARSET=utf8mb3 COMMENT='项目表。';

-- ----------------------------
-- Records of project
-- ----------------------------
BEGIN;
COMMIT;

-- ----------------------------
-- Table structure for project_config
-- ----------------------------
DROP TABLE IF EXISTS `project_config`;
CREATE TABLE `project_config` (
  `id` varchar(50) CHARACTER SET utf8 COLLATE utf8_general_ci NOT NULL,
  `target_value` varchar(200) CHARACTER SET utf8 COLLATE utf8_general_ci DEFAULT NULL COMMENT '默认值',
  `global_config_id` varchar(50) DEFAULT NULL COMMENT '全局配置id',
  `project_git_id` varchar(50) DEFAULT NULL COMMENT '项目git',
  `template_config_id` varchar(50) DEFAULT NULL COMMENT '配置局部id',
  `is_hidden` int DEFAULT NULL COMMENT '是否隐藏',
  `visable` int DEFAULT NULL COMMENT '配置可见',
  PRIMARY KEY (`id`),
  KEY `project_config_ibfk_3` (`global_config_id`),
  KEY `proejct_config_ibfk_4` (`project_git_id`),
  KEY `project_config_ibfk_4` (`template_config_id`),
  CONSTRAINT `proejct_config_ibfk_4` FOREIGN KEY (`project_git_id`) REFERENCES `project_git` (`id`) ON DELETE RESTRICT ON UPDATE RESTRICT,
  CONSTRAINT `project_config_ibfk_3` FOREIGN KEY (`global_config_id`) REFERENCES `project_global_config` (`id`) ON DELETE RESTRICT ON UPDATE RESTRICT,
  CONSTRAINT `project_config_ibfk_4` FOREIGN KEY (`template_config_id`) REFERENCES `template_config` (`id`) ON DELETE RESTRICT ON UPDATE RESTRICT
) ENGINE=InnoDB DEFAULT CHARSET=utf8mb3 COMMENT='编译项目配置';

-- ----------------------------
-- Records of project_config
-- ----------------------------
BEGIN;
COMMIT;

-- ----------------------------
-- Table structure for project_git
-- ----------------------------
DROP TABLE IF EXISTS `project_git`;
CREATE TABLE `project_git` (
  `id` varchar(50) NOT NULL,
  `name` varchar(255) DEFAULT NULL,
  `project_id` varchar(50) DEFAULT NULL COMMENT '项目id',
  `template_git_id` varchar(50) DEFAULT NULL,
  PRIMARY KEY (`id`),
  KEY `project_git_ibfk_3` (`project_id`),
  KEY `project_git_ibfk_1` (`template_git_id`),
  CONSTRAINT `project_git_ibfk_1` FOREIGN KEY (`template_git_id`) REFERENCES `template_version_git` (`id`) ON DELETE RESTRICT ON UPDATE RESTRICT,
  CONSTRAINT `project_git_ibfk_3` FOREIGN KEY (`project_id`) REFERENCES `project` (`id`) ON DELETE RESTRICT ON UPDATE RESTRICT
) ENGINE=InnoDB DEFAULT CHARSET=utf8mb3;

-- ----------------------------
-- Records of project_git
-- ----------------------------
BEGIN;
COMMIT;

-- ----------------------------
-- Table structure for project_global_config
-- ----------------------------
DROP TABLE IF EXISTS `project_global_config`;
CREATE TABLE `project_global_config` (
  `id` varchar(50) NOT NULL DEFAULT '' COMMENT '配置项id',
  `project_id` varchar(50) CHARACTER SET utf8 COLLATE utf8_general_ci NOT NULL COMMENT '工程id',
  `target_value` varchar(200) CHARACTER SET utf8 COLLATE utf8_general_ci DEFAULT NULL,
  `template_global_config_id` varchar(50) DEFAULT NULL COMMENT '模版全局配置id',
  `is_hidden` int DEFAULT NULL COMMENT '是否隐藏',
  `visable` int DEFAULT NULL COMMENT '配置是否可见',
  PRIMARY KEY (`id`),
  KEY `project_global_config_ibfk_2` (`project_id`),
  KEY `project_global_config_ibfk_3` (`template_global_config_id`),
  CONSTRAINT `project_global_config_ibfk_2` FOREIGN KEY (`project_id`) REFERENCES `project` (`id`) ON DELETE RESTRICT ON UPDATE RESTRICT,
  CONSTRAINT `project_global_config_ibfk_3` FOREIGN KEY (`template_global_config_id`) REFERENCES `template_global_config` (`id`) ON DELETE RESTRICT ON UPDATE RESTRICT
) ENGINE=InnoDB DEFAULT CHARSET=utf8mb3;

-- ----------------------------
-- Records of project_global_config
-- ----------------------------
BEGIN;
COMMIT;

-- ----------------------------
-- Table structure for role
-- ----------------------------
DROP TABLE IF EXISTS `role`;
CREATE TABLE `role` (
  `id` int NOT NULL,
  `name` varchar(100) DEFAULT NULL COMMENT '角色名称',
  PRIMARY KEY (`id`)
) ENGINE=InnoDB DEFAULT CHARSET=utf8mb3;

-- ----------------------------
-- Records of role
-- ----------------------------
BEGIN;
INSERT INTO `role` VALUES (0, '运维');
INSERT INTO `role` VALUES (1, '技术支持');
INSERT INTO `role` VALUES (2, '研发');
INSERT INTO `role` VALUES (3, '测试');
COMMIT;

-- ----------------------------
-- Table structure for source_branch
-- ----------------------------
DROP TABLE IF EXISTS `source_branch`;
CREATE TABLE `source_branch` (
  `id` varchar(50) NOT NULL,
  `name` varchar(255) DEFAULT NULL,
  `description` varchar(255) DEFAULT NULL,
  `create_time` datetime DEFAULT NULL,
  `source_id` varchar(50) DEFAULT NULL COMMENT 'git_source id',
  `creator` varchar(50) DEFAULT NULL COMMENT '创建者id',
  PRIMARY KEY (`id`)
) ENGINE=InnoDB DEFAULT CHARSET=utf8mb3;

-- ----------------------------
-- Records of source_branch
-- ----------------------------
BEGIN;
INSERT INTO `source_branch` VALUES ('07244c11-ad9e-43b6-9d02-4bf7ea25dd85', 'js-market', '迁移数据初始化', '2021-12-28 16:25:46', 'f44a753c-d1a3-4c8b-be56-69bb9b032da9', 'f975eb7e-cea4-4a1d-b515-7e6da94b1899');
INSERT INTO `source_branch` VALUES ('0bda27da-5615-4485-b076-f06be0f5a437', 'etl-count', '迁移数据初始化', '2021-12-28 16:25:34', 'e58e440d-a1a5-4608-b918-5540e0b128b5', 'f975eb7e-cea4-4a1d-b515-7e6da94b1899');
INSERT INTO `source_branch` VALUES ('10a988f0-da2f-4900-b708-1521ffa3192c', 'etl-market-cloud', '迁移数据初始化', '2021-12-28 16:25:36', 'e58e440d-a1a5-4608-b918-5540e0b128b5', 'f975eb7e-cea4-4a1d-b515-7e6da94b1899');
INSERT INTO `source_branch` VALUES ('1af445aa-8947-4585-8134-33839697a1ce', 'etl-paopi', '迁移数据初始化', '2021-12-28 16:25:39', 'e58e440d-a1a5-4608-b918-5540e0b128b5', 'f975eb7e-cea4-4a1d-b515-7e6da94b1899');
INSERT INTO `source_branch` VALUES ('1bcfc8fc-d2fb-4d29-a2b5-e9a216db75f2', 'clockwork', '迁移数据初始化', '2021-12-28 16:25:25', '675a30a8-8dc3-4799-abfe-4ca6737414e8', 'f975eb7e-cea4-4a1d-b515-7e6da94b1899');
INSERT INTO `source_branch` VALUES ('1e0c9528-696a-487b-a8a5-473fb8661097', 'single-etl-load-cdh', '迁移数据初始化', '2021-12-28 16:25:39', 'e58e440d-a1a5-4608-b918-5540e0b128b5', 'f975eb7e-cea4-4a1d-b515-7e6da94b1899');
INSERT INTO `source_branch` VALUES ('1e60d50d-0c17-4617-9da6-ec297c9f6866', 'es-java', '迁移数据初始化', '2021-12-28 16:25:18', 'b5c71d51-7a01-4cd3-b661-c6afbd16f108', 'f975eb7e-cea4-4a1d-b515-7e6da94b1899');
INSERT INTO `source_branch` VALUES ('2419bd68-9180-4f57-a6e6-d4e84c91cf68', 'web', '迁移数据初始化', '2021-12-28 16:25:22', '9b83f7b0-6c89-408b-b150-a1d266d8bb4b', 'f975eb7e-cea4-4a1d-b515-7e6da94b1899');
INSERT INTO `source_branch` VALUES ('25188553-c54a-46c5-b788-3e998f5cb344', 'etl-debug', '迁移数据初始化', '2021-12-28 16:25:33', 'e58e440d-a1a5-4608-b918-5540e0b128b5', 'f975eb7e-cea4-4a1d-b515-7e6da94b1899');
INSERT INTO `source_branch` VALUES ('28622285-9690-4cd4-87f0-a32ad1e29ddd', 'js-sdk', '迁移数据初始化', '2021-12-28 16:25:48', '7dc43ea6-8dfb-4f19-8054-a7cf62882c8c', 'f975eb7e-cea4-4a1d-b515-7e6da94b1899');
INSERT INTO `source_branch` VALUES ('2e1fb66e-9ebb-4724-8923-86345aa5af49', 'dimension', '迁移数据初始化', '2021-12-28 16:25:51', '64e49573-c01b-4c86-bed9-6c634ba6dbad', 'f975eb7e-cea4-4a1d-b515-7e6da94b1899');
INSERT INTO `source_branch` VALUES ('3f4cb6de-cfbb-4b9a-8b55-52853c4c184d', 'js-m-webapp', '迁移数据初始化', '2021-12-28 16:25:47', 'a03aa383-d78b-4e36-bad4-cd873cd91eeb', 'f975eb7e-cea4-4a1d-b515-7e6da94b1899');
INSERT INTO `source_branch` VALUES ('3fb6bac6-acfc-400e-9328-eabf02a561e2', 'zgsee-web', '迁移数据初始化', '2021-12-28 16:25:29', 'e7fa2e6a-1f41-4d25-b047-349d0c76754d', 'f975eb7e-cea4-4a1d-b515-7e6da94b1899');
INSERT INTO `source_branch` VALUES ('42a7003a-4eb8-4dc0-9393-1ca7383d123a', 'zgsee-init', '迁移数据初始化', '2021-12-28 16:25:30', '7caec2a0-df23-456c-9c43-f9ea0dab0ccb', 'f975eb7e-cea4-4a1d-b515-7e6da94b1899');
INSERT INTO `source_branch` VALUES ('48375035-479d-4d59-9b51-f8b972541548', 'api-extension', '迁移数据初始化', '2021-12-28 16:25:50', 'bdca785b-36be-4f19-92ae-aae81fc3a499', 'f975eb7e-cea4-4a1d-b515-7e6da94b1899');
INSERT INTO `source_branch` VALUES ('59add1c5-5228-4cd1-ba13-ff62df2bfb14', 'marketing-cloud', '迁移数据初始化', '2021-12-28 16:25:26', 'b8f92387-21a4-4df0-8f8b-7f56791308e2', 'f975eb7e-cea4-4a1d-b515-7e6da94b1899');
INSERT INTO `source_branch` VALUES ('5ce13a14-0829-40a9-886e-3806a93f2eed', 'etl-count-et', '迁移数据初始化', '2021-12-28 16:25:35', 'e58e440d-a1a5-4608-b918-5540e0b128b5', 'f975eb7e-cea4-4a1d-b515-7e6da94b1899');
INSERT INTO `source_branch` VALUES ('5f13d5d9-6a75-4674-ba97-660b4782fc96', 'mktv2-web', '迁移数据初始化', '2021-12-28 16:25:28', 'b8f92387-21a4-4df0-8f8b-7f56791308e2', 'f975eb7e-cea4-4a1d-b515-7e6da94b1899');
INSERT INTO `source_branch` VALUES ('679650a4-5526-470f-a78e-a6aeb449b39d', 'js-webapp', '迁移数据初始化', '2021-12-28 16:25:42', 'e8c5b131-ce6c-4cff-b6c7-7efcfd5db04f', 'f975eb7e-cea4-4a1d-b515-7e6da94b1899');
INSERT INTO `source_branch` VALUES ('7c33482b-864c-4b51-9d24-1d44a31b0818', 'etl-id-kudu', '迁移数据初始化', '2021-12-28 16:25:37', 'e58e440d-a1a5-4608-b918-5540e0b128b5', 'f975eb7e-cea4-4a1d-b515-7e6da94b1899');
INSERT INTO `source_branch` VALUES ('80d90559-dd8b-417b-bb27-67e40b2c16f8', 'virtual-app', '迁移数据初始化', '2021-12-28 16:25:41', '6ea4a7ad-7940-4057-b425-47f2ad04822a', 'f975eb7e-cea4-4a1d-b515-7e6da94b1899');
INSERT INTO `source_branch` VALUES ('956f809d-09ed-40b0-af13-729ace70a221', 'zgsee-pix', '迁移数据初始化', '2021-12-28 16:25:31', 'ead24a3c-0b3d-4c96-8349-8d0b4cbec504', 'f975eb7e-cea4-4a1d-b515-7e6da94b1899');
INSERT INTO `source_branch` VALUES ('9ad78082-2e6e-4b75-8c6b-0a8333cce99d', 'nginx', '迁移数据初始化', '2021-12-28 16:25:15', '5286f7cd-3773-4361-90d6-f51fe4a024e5', 'f975eb7e-cea4-4a1d-b515-7e6da94b1899');
INSERT INTO `source_branch` VALUES ('a5c6e4a1-9dc7-442a-a290-ef49bf9df39a', 'tools', '迁移数据初始化', '2021-12-28 16:25:49', '18f5022a-f415-4884-a25b-8e56500fce17', 'f975eb7e-cea4-4a1d-b515-7e6da94b1899');
INSERT INTO `source_branch` VALUES ('a5e09e9d-2721-42ef-9565-7742ae989e7c', 'sql', '迁移数据初始化', '2021-12-28 16:25:17', '5286f7cd-3773-4361-90d6-f51fe4a024e5', 'f975eb7e-cea4-4a1d-b515-7e6da94b1899');
INSERT INTO `source_branch` VALUES ('a97922a1-618c-40c6-b95a-3a4f8380a55a', 'es-crontab', '迁移数据初始化', '2021-12-28 16:25:18', '5286f7cd-3773-4361-90d6-f51fe4a024e5', 'f975eb7e-cea4-4a1d-b515-7e6da94b1899');
INSERT INTO `source_branch` VALUES ('a992dda2-3bb8-464a-8e1d-40da1f71f275', 'single-nginx', '迁移数据初始化', '2021-12-28 16:25:16', '5286f7cd-3773-4361-90d6-f51fe4a024e5', 'f975eb7e-cea4-4a1d-b515-7e6da94b1899');
INSERT INTO `source_branch` VALUES ('b3bb446d-d1ec-468a-994e-39b9703a744a', 'weixin', '迁移数据初始化', '2021-12-28 16:25:21', '01fae700-c94b-487b-a635-08c5a72b6815', 'f975eb7e-cea4-4a1d-b515-7e6da94b1899');
INSERT INTO `source_branch` VALUES ('b76a51b5-a127-4ba8-bd83-fb510acae56c', 'web-crontab', '迁移数据初始化', '2021-12-28 16:25:23', '9b83f7b0-6c89-408b-b150-a1d266d8bb4b', 'f975eb7e-cea4-4a1d-b515-7e6da94b1899');
INSERT INTO `source_branch` VALUES ('bb13b45f-6169-48f7-bddb-4a4dad93dff8', 'api', '迁移数据初始化', '2021-12-28 16:25:24', '6e1d4158-f11e-43bf-ad65-81b87279e29a', 'f975eb7e-cea4-4a1d-b515-7e6da94b1899');
INSERT INTO `source_branch` VALUES ('c1687c10-4867-4a26-a5ad-c5e80226df01', 'mktv2-playwell', '迁移数据初始化', '2021-12-28 16:25:27', '171218c4-c51d-455b-8ab1-39bea10e1286', 'f975eb7e-cea4-4a1d-b515-7e6da94b1899');
INSERT INTO `source_branch` VALUES ('cc69d492-9d36-4bad-a71a-d83a7c9f9009', 'etl-adv-count', '迁移数据初始化', '2021-12-28 16:25:35', 'e58e440d-a1a5-4608-b918-5540e0b128b5', 'f975eb7e-cea4-4a1d-b515-7e6da94b1899');
INSERT INTO `source_branch` VALUES ('d6281022-0c4a-4900-8652-34d251b4b0e0', 'single-etl-single', '迁移数据初始化', '2021-12-28 16:25:40', 'e58e440d-a1a5-4608-b918-5540e0b128b5', 'f975eb7e-cea4-4a1d-b515-7e6da94b1899');
INSERT INTO `source_branch` VALUES ('db364f46-4040-49cd-ba73-96b0480fb58a', 'etl-shell', '迁移数据初始化', '2021-12-28 16:25:32', '5286f7cd-3773-4361-90d6-f51fe4a024e5', 'f975eb7e-cea4-4a1d-b515-7e6da94b1899');
INSERT INTO `source_branch` VALUES ('def8f93e-eda9-403a-885a-6b8cf6ccd73f', 'etl-gate', '迁移数据初始化', '2021-12-28 16:25:33', 'e58e440d-a1a5-4608-b918-5540e0b128b5', 'f975eb7e-cea4-4a1d-b515-7e6da94b1899');
INSERT INTO `source_branch` VALUES ('e1e63823-51e8-4b43-aa7e-b591c975b3f5', 'js-webapp-server', '迁移数据初始化', '2021-12-28 16:25:44', '424d629f-e5da-4c49-9604-04c1c7c2152f', 'f975eb7e-cea4-4a1d-b515-7e6da94b1899');
INSERT INTO `source_branch` VALUES ('eab04e09-e6a8-48ba-89fa-d9db78696f28', 'debug', '迁移数据初始化', '2021-12-28 16:25:19', '5286f7cd-3773-4361-90d6-f51fe4a024e5', 'f975eb7e-cea4-4a1d-b515-7e6da94b1899');
INSERT INTO `source_branch` VALUES ('f3d4ce35-7b4d-4061-aa7f-2b6d8a2036cc', 'etl-dw-kudu', '迁移数据初始化', '2021-12-28 16:25:38', 'e58e440d-a1a5-4608-b918-5540e0b128b5', 'f975eb7e-cea4-4a1d-b515-7e6da94b1899');
INSERT INTO `source_branch` VALUES ('f4e08264-398f-45e5-9a7e-5b5b512427b4', 'behavior', '迁移数据初始化', '2021-12-28 16:25:19', '5286f7cd-3773-4361-90d6-f51fe4a024e5', 'f975eb7e-cea4-4a1d-b515-7e6da94b1899');
INSERT INTO `source_branch` VALUES ('f510cace-de73-4509-8c57-ff46b0fe5c59', 'etl-load-cdh', '迁移数据初始化', '2021-12-28 16:25:37', 'e58e440d-a1a5-4608-b918-5540e0b128b5', 'f975eb7e-cea4-4a1d-b515-7e6da94b1899');
INSERT INTO `source_branch` VALUES ('f5980af3-d79b-49e0-a097-2f730b77a29c', 'js-shiping', '迁移数据初始化', '2021-12-28 16:25:45', 'd3910a9b-f2e4-4701-b7b9-148f5d834880', 'f975eb7e-cea4-4a1d-b515-7e6da94b1899');
COMMIT;

-- ----------------------------
-- Table structure for source_config
-- ----------------------------
DROP TABLE IF EXISTS `source_config`;
CREATE TABLE `source_config` (
  `id` varchar(50) NOT NULL DEFAULT '',
  `source_id` varchar(50) DEFAULT NULL COMMENT '源id',
  `version_id` varchar(50) DEFAULT NULL COMMENT '版本id',
  `description` text CHARACTER SET utf8 COLLATE utf8_general_ci COMMENT '配置项描述',
  `reg` varchar(200) DEFAULT NULL COMMENT '配置项正则',
  `type_id` int DEFAULT NULL COMMENT '配置项类型id',
  `file_path` varchar(1000) DEFAULT NULL COMMENT '原始文件路径',
  `target_value` text COMMENT '目标值。类型是文件类型时，该值是文件存放地址',
  `branch_id` varchar(50) DEFAULT NULL COMMENT '分支id',
  PRIMARY KEY (`id`),
  KEY `source_id` (`source_id`),
  KEY `version_id` (`version_id`),
  KEY `type_id` (`type_id`),
  CONSTRAINT `source_config_ibfk_1` FOREIGN KEY (`source_id`) REFERENCES `git_source` (`id`),
  CONSTRAINT `source_config_ibfk_2` FOREIGN KEY (`version_id`) REFERENCES `source_version` (`id`),
  CONSTRAINT `source_config_ibfk_3` FOREIGN KEY (`type_id`) REFERENCES `config_type` (`id`)
) ENGINE=InnoDB DEFAULT CHARSET=utf8mb3;

-- ----------------------------
-- Records of source_config
-- ----------------------------
BEGIN;
INSERT INTO `source_config` VALUES ('00010ff2-2a82-4ed9-95ea-1321a9685544', '5286f7cd-3773-4361-90d6-f51fe4a024e5', 'd072d3b8-b6e0-4ae9-b119-d74dd203a619', '微信内网（www）服务部署地址（默认1个）【/data/wt/www/config】', '{\"source\":\"#{svr.domain.intranet.weixin.www}\",\"global\":false,\"ignoreCase\":false,\"matchIndex\":0}', 0, 'nginx-single/nginx/conf/nginx.conf', 'realtime-1:7715', 'a992dda2-3bb8-464a-8e1d-40da1f71f275');
INSERT INTO `source_config` VALUES ('001b0579-862e-4298-b059-c2d25b222a94', '5286f7cd-3773-4361-90d6-f51fe4a024e5', '995da2c5-3dc4-4f2b-807b-8ed1bc2a4e5c', 'impala连接配置（host,登录名,登录密码,端口,仓库名）', '{\"source\":\"#{impala,5/zhugeio}\",\"global\":false,\"ignoreCase\":false,\"matchIndex\":0}', 0, 'es-index/zanalytics-index-db/tpl/impala-shell.sh', 'zanalytics', 'a97922a1-618c-40c6-b95a-3a4f8380a55a');
INSERT INTO `source_config` VALUES ('001d5eab-ef87-43c9-a764-d4d243dda79d', '5286f7cd-3773-4361-90d6-f51fe4a024e5', '995da2c5-3dc4-4f2b-807b-8ed1bc2a4e5c', '前端mysql库连接配置（host,登录名,登录密码,端口）', '{\"source\":\"#{mysql,1}\",\"global\":false,\"ignoreCase\":false,\"matchIndex\":0}', 0, 'es-index/zanalytics-index-db/tpl/2-db1.conf', 'realtime-1', 'a97922a1-618c-40c6-b95a-3a4f8380a55a');
INSERT INTO `source_config` VALUES ('005309a5-19ba-48ee-8a87-88ca0adca6a7', 'e58e440d-a1a5-4608-b918-5540e0b128b5', 'a4bff95a-4ea6-4299-a8b4-eff6dac2b68b', 'redis 8897端口', '{\"source\":\"#{redis_8897,1}\",\"global\":false,\"ignoreCase\":false,\"matchIndex\":0}', 0, 'etl-count-et/config/tpl/config/redis.properties', 'realtime-2', '5ce13a14-0829-40a9-886e-3806a93f2eed');
INSERT INTO `source_config` VALUES ('018973e5-e833-4af8-b6ea-e909571085ae', '424d629f-e5da-4c49-9604-04c1c7c2152f', '18d73a8b-7f0c-45dd-b9f7-3c6f1bfa278f', 'node服务socket接口前缀', '{\"source\":\"#{node.api.socket.prefix}\",\"global\":false,\"ignoreCase\":false,\"matchIndex\":0}', 0, 'src/config.ts.tpl', '/analysis/socket', 'e1e63823-51e8-4b43-aa7e-b591c975b3f5');
INSERT INTO `source_config` VALUES ('02dbc9b5-a006-4ca0-9137-80fccf593370', 'e58e440d-a1a5-4608-b918-5540e0b128b5', '57626162-4ab5-4e1a-8ff4-d125a03095c4', '前端mysql库连接配置（host,登录名,登录密码,端口）', '{\"source\":\"#{mysql,4/3306}\",\"global\":false,\"ignoreCase\":false,\"matchIndex\":0}', 0, 'etl-gate/config/tpl/config/front_db.properties', '3306', 'def8f93e-eda9-403a-885a-6b8cf6ccd73f');
INSERT INTO `source_config` VALUES ('0357a904-38f8-4174-851a-042079eda369', '7caec2a0-df23-456c-9c43-f9ea0dab0ccb', '674801dd-36d8-4386-af4e-41019e0c8208', 'kafka服务集群', '{\"source\":\"#{kafka_bootstrap_servers}\",\"global\":false,\"ignoreCase\":false,\"matchIndex\":0}', 0, 'config/private/tpl/config.properties', 'realtime-1:9092,realtime-2:9092,realtime-3:9092', '42a7003a-4eb8-4dc0-9393-1ca7383d123a');
INSERT INTO `source_config` VALUES ('0390d7da-8f15-4868-a102-077c785bb0db', '5286f7cd-3773-4361-90d6-f51fe4a024e5', 'abf8ff3c-97a4-40f3-9a25-d92a48a7de38', '前端mysql库连接配置（host,登录名,登录密码,端口）', '{\"source\":\"#{mysql,4/3306}\",\"global\":false,\"ignoreCase\":false,\"matchIndex\":0}', 0, 'userbehaviorpath_usergroup/getdbdata-tpl.sh', '3306', 'f4e08264-398f-45e5-9a7e-5b5b512427b4');
INSERT INTO `source_config` VALUES ('044a69bb-c3ca-47f1-8904-445729603451', 'e8c5b131-ce6c-4cff-b6c7-7efcfd5db04f', '228eef90-b176-4fa6-9ce8-30a7278d152f', 'deepShare开关', '{\"source\":\"#{webapp.show_deep_share}\",\"global\":false,\"ignoreCase\":false,\"matchIndex\":0}', 0, 'spa/config/prod.env.js.tpl', 'true', '679650a4-5526-470f-a78e-a6aeb449b39d');
INSERT INTO `source_config` VALUES ('04a7ab6f-321a-46f4-a6de-b898e8e67200', '5286f7cd-3773-4361-90d6-f51fe4a024e5', 'dc376025-c426-4c3a-a3b3-3c63d6df7225', 'impala连接配置（host,登录名,登录密码,端口,仓库名）', '{\"source\":\"#{impala,4}\",\"global\":false,\"ignoreCase\":false,\"matchIndex\":0}', 0, 'sql-zeppelin/zeppelin/conf-tpl/interpreter.json', '21050', 'a5e09e9d-2721-42ef-9565-7742ae989e7c');
INSERT INTO `source_config` VALUES ('04af1ec5-ce2b-4233-a7f4-5d2fe4376543', 'e58e440d-a1a5-4608-b918-5540e0b128b5', '69bcc435-79e0-45db-9a18-2553d2a07cc7', 'redis 8898端口', '{\"source\":\"#{redis_8898,2}\",\"global\":false,\"ignoreCase\":false,\"matchIndex\":0}', 0, 'etl-count/config/tpl/config/redis.properties', '8898', '0bda27da-5615-4485-b076-f06be0f5a437');
INSERT INTO `source_config` VALUES ('0537ee38-353d-4e76-a1f9-66cfdbde6217', 'e58e440d-a1a5-4608-b918-5540e0b128b5', 'a4bff95a-4ea6-4299-a8b4-eff6dac2b68b', 'redis 8897端口', '{\"source\":\"#{redis_8897,3}\",\"global\":false,\"ignoreCase\":false,\"matchIndex\":0}', 0, 'etl-count-et/config/tpl/config/redis.properties', NULL, '5ce13a14-0829-40a9-886e-3806a93f2eed');
INSERT INTO `source_config` VALUES ('0651883b-b2d2-458a-840a-d3428ebe0231', 'e8c5b131-ce6c-4cff-b6c7-7efcfd5db04f', '228eef90-b176-4fa6-9ce8-30a7278d152f', 'app扫码下载', '{\"source\":\"#{webapp.show_app_download}\",\"global\":false,\"ignoreCase\":false,\"matchIndex\":0}', 0, 'spa/config/prod.env.js.tpl', 'false', '679650a4-5526-470f-a78e-a6aeb449b39d');
INSERT INTO `source_config` VALUES ('0742007d-b66c-4d8d-bd5c-94dd50a489e2', 'e58e440d-a1a5-4608-b918-5540e0b128b5', 'd2adae98-dc8e-46c4-beb9-b5df5c4cc83c', 'kafka服务集群', '{\"source\":\"#{kafka_bootstrap_servers}\",\"global\":false,\"ignoreCase\":false,\"matchIndex\":0}', 0, 'etl-id-kudu/config/tpl/config/config.properties', 'realtime-1:9092,realtime-2:9092,realtime-3:9092', '7c33482b-864c-4b51-9d24-1d44a31b0818');
INSERT INTO `source_config` VALUES ('080a3a41-f344-4120-813a-da02304df18f', '675a30a8-8dc3-4799-abfe-4ca6737414e8', 'd994ed15-a2c8-4456-b347-af0b35d6137f', 'redis 6372端口（触达）', '{\"source\":\"#{redis_6372,3}\",\"global\":false,\"ignoreCase\":false,\"matchIndex\":0}', 0, 'config/tpl/clockwork.config', 'Sun_unix*1101', '1bcfc8fc-d2fb-4d29-a2b5-e9a216db75f2');
INSERT INTO `source_config` VALUES ('089312ae-213e-44cc-a541-11437cb82649', '171218c4-c51d-455b-8ab1-39bea10e1286', '1d10e7d9-98bb-4995-8c61-e6dc3a8ac03e', '触达2.0相关配置', '{\"source\":\"#{mktv2.config->server.batch}\",\"global\":false,\"ignoreCase\":false,\"matchIndex\":0}', 0, 'docs/tpl/scripts/package/playwell-client/README.md', 'realtime-mkt:1927', 'c1687c10-4867-4a26-a5ad-c5e80226df01');
INSERT INTO `source_config` VALUES ('0955b130-0514-47b5-908b-5c03fbbb4ba9', 'e58e440d-a1a5-4608-b918-5540e0b128b5', 'b3500566-84ad-4c0e-b178-9388bdc23d41', 'ssdb 1217端口', '{\"source\":\"#{ssdb_1217,1}\",\"global\":false,\"ignoreCase\":false,\"matchIndex\":0}', 0, 'etl-market-cloud/config/tpl/config/redis.properties', 'realtime-2', '10a988f0-da2f-4900-b708-1521ffa3192c');
INSERT INTO `source_config` VALUES ('09ee572b-a23d-4cca-ad57-5f5bff33f981', 'e58e440d-a1a5-4608-b918-5540e0b128b5', 'a4bff95a-4ea6-4299-a8b4-eff6dac2b68b', 'redis 8897端口', '{\"source\":\"#{redis_8897,2}\",\"global\":false,\"ignoreCase\":false,\"matchIndex\":0}', 0, 'etl-count-et/config/tpl/config/redis.properties', '8897', '5ce13a14-0829-40a9-886e-3806a93f2eed');
INSERT INTO `source_config` VALUES ('09fddb8e-9078-4848-b800-d99f8aa8f6ec', 'e58e440d-a1a5-4608-b918-5540e0b128b5', 'b3500566-84ad-4c0e-b178-9388bdc23d41', 'ssdb 1218端口', '{\"source\":\"#{ssdb_1218,1}\",\"global\":false,\"ignoreCase\":false,\"matchIndex\":0}', 0, 'etl-market-cloud/config/tpl/config/redis.properties', 'realtime-3', '10a988f0-da2f-4900-b708-1521ffa3192c');
INSERT INTO `source_config` VALUES ('0c3b6a0f-e994-4b79-ac10-0916e3fce508', '675a30a8-8dc3-4799-abfe-4ca6737414e8', 'd994ed15-a2c8-4456-b347-af0b35d6137f', '前端mysql库连接配置（host,登录名,登录密码,端口）', '{\"source\":\"#{mysql,2}\",\"global\":false,\"ignoreCase\":true,\"matchIndex\":0}', 0, 'config/tpl/clockwork.config', 'web', '1bcfc8fc-d2fb-4d29-a2b5-e9a216db75f2');
INSERT INTO `source_config` VALUES ('0cd4d8ac-1f4f-4e3c-bc43-daa3eef4dcb1', '675a30a8-8dc3-4799-abfe-4ca6737414e8', 'd994ed15-a2c8-4456-b347-af0b35d6137f', 'ssdb 1217端口', '{\"source\":\"#{ssdb_1217,2}\",\"global\":false,\"ignoreCase\":false,\"matchIndex\":0}', 0, 'config/tpl/clockwork.config', '1217', '1bcfc8fc-d2fb-4d29-a2b5-e9a216db75f2');
INSERT INTO `source_config` VALUES ('0ee7f6a8-c7be-4f46-a024-3c86443f28cf', '675a30a8-8dc3-4799-abfe-4ca6737414e8', 'd994ed15-a2c8-4456-b347-af0b35d6137f', '合并端口内网访问地址', '{\"source\":\"#{svr.domain.intranet}\",\"global\":false,\"ignoreCase\":false,\"matchIndex\":0}', 0, 'config/tpl/clockwork.config', 'realtime-1:80', '1bcfc8fc-d2fb-4d29-a2b5-e9a216db75f2');
INSERT INTO `source_config` VALUES ('0f2b6e7b-c50e-48d8-b449-586d57eac6ae', '5286f7cd-3773-4361-90d6-f51fe4a024e5', '38071411-283d-4a16-a061-5316144cc396', 'zabbix-web-api', '{\"source\":\"#{svr.domain.intranet.zabbix.www}\",\"global\":false,\"ignoreCase\":false,\"matchIndex\":0}', 0, 'nginx/nginx/conf/nginx.conf-upload', 'realtime-1:8081', '9ad78082-2e6e-4b75-8c6b-0a8333cce99d');
INSERT INTO `source_config` VALUES ('0f71bb3d-35db-4219-a619-e6e7f2b23b30', 'e58e440d-a1a5-4608-b918-5540e0b128b5', '2c620647-cc28-4a32-bc3e-875e1c004437', 'impala连接配置（host,登录名,登录密码,端口,仓库名）', '{\"source\":\"#{impala,1}\",\"global\":false,\"ignoreCase\":false,\"matchIndex\":0}', 0, 'etl-single/config/tpl/config/impala_db.properties', 'realtime-1', 'd6281022-0c4a-4900-8652-34d251b4b0e0');
INSERT INTO `source_config` VALUES ('0fc0f1e9-0e33-4d9c-ae57-cf3189e2c0d0', '5286f7cd-3773-4361-90d6-f51fe4a024e5', '38071411-283d-4a16-a061-5316144cc396', '触达内网（www）服务部署地址（默认两个）【/data/marketing/www/config】', '{\"source\":\"#{svr.domain.intranet.mkt.www,2}\",\"global\":false,\"ignoreCase\":false,\"matchIndex\":0}', 0, 'nginx/nginx/conf/nginx.conf-upload', 'realtime-3:18001', '9ad78082-2e6e-4b75-8c6b-0a8333cce99d');
INSERT INTO `source_config` VALUES ('0fdc1a40-90fe-43f7-a233-89d511cfe94e', '5286f7cd-3773-4361-90d6-f51fe4a024e5', 'abf8ff3c-97a4-40f3-9a25-d92a48a7de38', 'redis 6379端口', '{\"source\":\"#{redis_6379,1}\",\"global\":false,\"ignoreCase\":false,\"matchIndex\":0}', 0, 'userbehaviorpath_usergroup/ubpa/bin/tpl/redis_subscribe_task.py', 'realtime-1', 'f4e08264-398f-45e5-9a7e-5b5b512427b4');
INSERT INTO `source_config` VALUES ('106a6e26-ba24-43be-be83-bec935f8bb20', 'b5c71d51-7a01-4cd3-b661-c6afbd16f108', '70822287-b390-404f-9cd0-aca103a7355d', 'es集群1的ip', '{\"source\":\"#{elasticsearch1,1}\",\"global\":false,\"ignoreCase\":false,\"matchIndex\":0}', 0, 'docs/config/tpl/application.properties', 'realtime-2', '1e60d50d-0c17-4617-9da6-ec297c9f6866');
INSERT INTO `source_config` VALUES ('10c6c13a-c8ea-479c-83cc-438cd33c9b2f', '5286f7cd-3773-4361-90d6-f51fe4a024e5', '38071411-283d-4a16-a061-5316144cc396', '微信内网（www）服务部署地址（默认1个）【/data/wt/www/config】', '{\"source\":\"#{svr.domain.intranet.weixin.www}\",\"global\":false,\"ignoreCase\":false,\"matchIndex\":0}', 0, 'nginx/nginx/conf/nginx.conf-upload', 'realtime-1:7715', '9ad78082-2e6e-4b75-8c6b-0a8333cce99d');
INSERT INTO `source_config` VALUES ('1237f7e2-dd4e-430f-ba71-63f72f54acc4', '675a30a8-8dc3-4799-abfe-4ca6737414e8', 'd994ed15-a2c8-4456-b347-af0b35d6137f', 'impala连接配置（host,登录名,登录密码,端口,仓库名）', '{\"source\":\"#{impala,5/zhugeio}\",\"global\":false,\"ignoreCase\":false,\"matchIndex\":0}', 0, 'config/tpl/clockwork.config', 'zanalytics', '1bcfc8fc-d2fb-4d29-a2b5-e9a216db75f2');
INSERT INTO `source_config` VALUES ('128b240f-21db-4671-b852-fa2af3b5e4a6', 'e58e440d-a1a5-4608-b918-5540e0b128b5', 'c4943386-e46a-4811-82e7-41da8dbacc73', 'redis 8895端口', '{\"source\":\"#{redis_8895,1}\",\"global\":false,\"ignoreCase\":false,\"matchIndex\":0}', 0, 'etl-dw-kudu/config/tpl/config/redis.properties', 'realtime-2', 'f3d4ce35-7b4d-4061-aa7f-2b6d8a2036cc');
INSERT INTO `source_config` VALUES ('12cda83f-8063-443d-a15e-15251fde992a', 'e58e440d-a1a5-4608-b918-5540e0b128b5', '2c620647-cc28-4a32-bc3e-875e1c004437', 'impala连接配置（host,登录名,登录密码,端口,仓库名）', '{\"source\":\"#{impala,4}\",\"global\":false,\"ignoreCase\":false,\"matchIndex\":0}', 0, 'etl-single/config/tpl/config/impala_db.properties', '21050', 'd6281022-0c4a-4900-8652-34d251b4b0e0');
INSERT INTO `source_config` VALUES ('14053ac1-49eb-4a5f-b1fc-59670ba62d26', 'e8c5b131-ce6c-4cff-b6c7-7efcfd5db04f', '228eef90-b176-4fa6-9ce8-30a7278d152f', '获取模块日期默认值', '{\"source\":\"#{webapp.channel_date_config}\",\"global\":false,\"ignoreCase\":false,\"matchIndex\":0}', 0, 'spa/config/prod.env.js.tpl', '0', '679650a4-5526-470f-a78e-a6aeb449b39d');
INSERT INTO `source_config` VALUES ('14583db9-9349-47c3-925e-7157eb3fe33f', '01fae700-c94b-487b-a635-08c5a72b6815', '606f0835-a6c1-4c82-8a73-484254d618aa', '前端mysql库连接配置（host,登录名,登录密码,端口）', '{\"source\":\"#{mysql,4/3306}\",\"global\":false,\"ignoreCase\":false,\"matchIndex\":0}', 0, 'doc/部署准备资料/client-realtime-tpl/consumer/config.properties', '3306', 'b3bb446d-d1ec-468a-994e-39b9703a744a');
INSERT INTO `source_config` VALUES ('14ecdaba-be47-4ed0-bb85-01d17982f67f', 'e58e440d-a1a5-4608-b918-5540e0b128b5', '6158ebbd-b524-477e-8c2d-8d997ab3ef5b', 'redis 6379端口', '{\"source\":\"#{redis_6379,1}\",\"global\":false,\"ignoreCase\":false,\"matchIndex\":0}', 0, 'etl-debug/config/tpl/config/debug_redis.properties', 'realtime-1', '25188553-c54a-46c5-b788-3e998f5cb344');
INSERT INTO `source_config` VALUES ('1534fc21-3d17-46cf-8136-578f20f2d15c', 'e58e440d-a1a5-4608-b918-5540e0b128b5', 'b3500566-84ad-4c0e-b178-9388bdc23d41', 'ssdb 1218端口', '{\"source\":\"#{ssdb_1218,3}\",\"global\":false,\"ignoreCase\":false,\"matchIndex\":0}', 0, 'etl-market-cloud/config/tpl/config/redis.properties', NULL, '10a988f0-da2f-4900-b708-1521ffa3192c');
INSERT INTO `source_config` VALUES ('15949175-7dc6-4f72-a1db-95fc68e69185', '01fae700-c94b-487b-a635-08c5a72b6815', '606f0835-a6c1-4c82-8a73-484254d618aa', '前端mysql库连接配置（host,登录名,登录密码,端口）', '{\"source\":\"#{mysql,2}\",\"global\":false,\"ignoreCase\":false,\"matchIndex\":0}', 0, 'doc/部署准备资料/client-realtime-tpl/consumer/config.properties', 'web', 'b3bb446d-d1ec-468a-994e-39b9703a744a');
INSERT INTO `source_config` VALUES ('15c08693-779b-46ae-abf1-8476550a5a9d', '675a30a8-8dc3-4799-abfe-4ca6737414e8', 'd994ed15-a2c8-4456-b347-af0b35d6137f', '前端mysql库连接配置（host,登录名,登录密码,端口）', '{\"source\":\"#{mysql,4/3306}\",\"global\":false,\"ignoreCase\":true,\"matchIndex\":0}', 0, 'config/tpl/clockwork.config', '3306', '1bcfc8fc-d2fb-4d29-a2b5-e9a216db75f2');
INSERT INTO `source_config` VALUES ('16493e49-388e-48eb-90c1-d66c138f01fd', 'e8c5b131-ce6c-4cff-b6c7-7efcfd5db04f', '228eef90-b176-4fa6-9ce8-30a7278d152f', '用户信息下载控制开关，true显示下载/false隐藏下载', '{\"source\":\"#{webapp.show_download_button}\",\"global\":false,\"ignoreCase\":false,\"matchIndex\":0}', 0, 'spa/config/prod.env.js.tpl', 'true', '679650a4-5526-470f-a78e-a6aeb449b39d');
INSERT INTO `source_config` VALUES ('171a9f1d-7328-4158-8d74-7c105a966845', '675a30a8-8dc3-4799-abfe-4ca6737414e8', 'd994ed15-a2c8-4456-b347-af0b35d6137f', 'redis 6371端口（触达）', '{\"source\":\"#{redis_6371,3}\",\"global\":false,\"ignoreCase\":false,\"matchIndex\":0}', 0, 'config/tpl/clockwork.config', 'Sun_unix*1101', '1bcfc8fc-d2fb-4d29-a2b5-e9a216db75f2');
INSERT INTO `source_config` VALUES ('17e75c80-7d75-4cc4-89f5-d1ef58e9f9df', '5286f7cd-3773-4361-90d6-f51fe4a024e5', '17dca2aa-a90a-4a2e-8660-541b67c1d95f', 'redis 6379端口', '{\"source\":\"#{redis_6379,3}\",\"global\":false,\"ignoreCase\":false,\"matchIndex\":0}', 0, 'zanalytics_online_debug/online_debug_config.py-tpl', 'Sun_unix*1101', 'eab04e09-e6a8-48ba-89fa-d9db78696f28');
INSERT INTO `source_config` VALUES ('18355ce1-3e2d-4657-a2fa-ae8af05c2732', 'e58e440d-a1a5-4608-b918-5540e0b128b5', '2c620647-cc28-4a32-bc3e-875e1c004437', 'redis 8897端口', '{\"source\":\"#{redis_8897,1}\",\"global\":false,\"ignoreCase\":false,\"matchIndex\":0}', 0, 'etl-single/config/tpl/config/redis.properties', 'realtime-2', 'd6281022-0c4a-4900-8652-34d251b4b0e0');
INSERT INTO `source_config` VALUES ('18630b0b-2b80-42d2-bf02-c618a4cd508e', '675a30a8-8dc3-4799-abfe-4ca6737414e8', 'd994ed15-a2c8-4456-b347-af0b35d6137f', '前端mysql库连接配置（host,登录名,登录密码,端口）', '{\"source\":\"#{mysql,1}\",\"global\":false,\"ignoreCase\":true,\"matchIndex\":0}', 0, 'config/tpl/clockwork.config', 'realtime-1', '1bcfc8fc-d2fb-4d29-a2b5-e9a216db75f2');
INSERT INTO `source_config` VALUES ('18bbf505-027d-4e9e-9c9b-0997f364f968', 'e58e440d-a1a5-4608-b918-5540e0b128b5', 'b3500566-84ad-4c0e-b178-9388bdc23d41', '触达api访问地址（内网）【触达clockwork对应的nginx地址】', '{\"source\":\"#{clockwork.flow_api.domain.intranet}\",\"global\":false,\"ignoreCase\":false,\"matchIndex\":0}', 0, 'etl-market-cloud/config/tpl/config/config.properties', 'http://realtime-1:8008', '10a988f0-da2f-4900-b708-1521ffa3192c');
INSERT INTO `source_config` VALUES ('18c90793-5c1e-4f7f-ab07-28dadf91a668', 'e8c5b131-ce6c-4cff-b6c7-7efcfd5db04f', '228eef90-b176-4fa6-9ce8-30a7278d152f', '老模块静态文件访问目录', '{\"source\":\"#{webapp.old_assets_path}\",\"global\":false,\"ignoreCase\":false,\"matchIndex\":0}', 0, 'spa/config/prod.env.js.tpl', '/webapp/', '679650a4-5526-470f-a78e-a6aeb449b39d');
INSERT INTO `source_config` VALUES ('1c6f692f-2d80-4879-8716-6266cee79784', '6ea4a7ad-7940-4057-b425-47f2ad04822a', 'dc44dfb8-2e9a-4429-816a-f4c1877a4504', '前端mysql库连接配置（host,登录名,登录密码,端口）', '{\"source\":\"#{mysql,3}\",\"global\":false,\"ignoreCase\":false,\"matchIndex\":0}', 0, 'tpl/config/application.yml', 'zanalytics', '80d90559-dd8b-417b-bb27-67e40b2c16f8');
INSERT INTO `source_config` VALUES ('1cce9784-a834-403e-affb-d362cabf8aea', '5286f7cd-3773-4361-90d6-f51fe4a024e5', 'dc376025-c426-4c3a-a3b3-3c63d6df7225', 'impala连接配置（host,登录名,登录密码,端口,仓库名）', '{\"source\":\"#{impala,1}\",\"global\":false,\"ignoreCase\":false,\"matchIndex\":0}', 0, 'sql-zeppelin/zeppelin/conf-tpl/interpreter.json', 'realtime-1', 'a5e09e9d-2721-42ef-9565-7742ae989e7c');
INSERT INTO `source_config` VALUES ('1ce1bc38-6963-4651-83a9-cf9a297a0bb5', '424d629f-e5da-4c49-9604-04c1c7c2152f', '18d73a8b-7f0c-45dd-b9f7-3c6f1bfa278f', '合并端口内网访问地址', '{\"source\":\"#{svr.domain.intranet}\",\"global\":false,\"ignoreCase\":true,\"matchIndex\":0}', 0, 'src/config.ts.tpl', 'realtime-1:80', 'e1e63823-51e8-4b43-aa7e-b591c975b3f5');
INSERT INTO `source_config` VALUES ('1d5ff9e9-c218-423a-b312-60083f2380d1', 'e58e440d-a1a5-4608-b918-5540e0b128b5', 'b06a5506-bc66-4090-8e98-506f03773593', 'impala连接配置（host,登录名,登录密码,端口,仓库名）', '{\"source\":\"#{impala,3}\",\"global\":false,\"ignoreCase\":false,\"matchIndex\":0}', 0, 'etl-paopi/config/tpl/config/impala_db.properties', 'admin', '1af445aa-8947-4585-8134-33839697a1ce');
INSERT INTO `source_config` VALUES ('1d614e1b-4701-446c-9461-ec9f11a26cd8', '7caec2a0-df23-456c-9c43-f9ea0dab0ccb', '674801dd-36d8-4386-af4e-41019e0c8208', '前端mysql库连接配置（host,登录名,登录密码,端口）', '{\"source\":\"#{mysql,1}\",\"global\":false,\"ignoreCase\":false,\"matchIndex\":0}', 0, 'config/private/tpl/kudu-to-parquet.sh', 'realtime-1', '42a7003a-4eb8-4dc0-9393-1ca7383d123a');
INSERT INTO `source_config` VALUES ('1e075ed8-7915-449b-a084-0769670dcdf2', 'e58e440d-a1a5-4608-b918-5540e0b128b5', '2128bbfe-1755-4249-8b13-70310d78fea9', '前端mysql库连接配置（host,登录名,登录密码,端口）', '{\"source\":\"#{mysql,4/3306}\",\"global\":false,\"ignoreCase\":false,\"matchIndex\":0}', 0, 'etl-load-cdh/config/tpl/config/front_db.properties', '3306', 'f510cace-de73-4509-8c57-ff46b0fe5c59');
INSERT INTO `source_config` VALUES ('1e6e0564-d19c-4300-9d66-b381b04e0935', 'e58e440d-a1a5-4608-b918-5540e0b128b5', '69bcc435-79e0-45db-9a18-2553d2a07cc7', 'kafka服务集群', '{\"source\":\"#{kafka_bootstrap_servers}\",\"global\":false,\"ignoreCase\":false,\"matchIndex\":0}', 0, 'etl-count/config/tpl/config/config.properties', 'realtime-1:9092,realtime-2:9092,realtime-3:9092', '0bda27da-5615-4485-b076-f06be0f5a437');
INSERT INTO `source_config` VALUES ('1f34659b-81fe-447a-b026-73e171fd43fa', '01fae700-c94b-487b-a635-08c5a72b6815', '606f0835-a6c1-4c82-8a73-484254d618aa', 'redis 26480端口', '{\"source\":\"#{redis_26480,3}\",\"global\":false,\"ignoreCase\":false,\"matchIndex\":0}', 0, 'doc/部署准备资料/client-realtime-tpl/www/config.properties', 'Sun_unix*1101', 'b3bb446d-d1ec-468a-994e-39b9703a744a');
INSERT INTO `source_config` VALUES ('1fc80d0f-9d14-47a1-b96e-c7028d75b69e', 'b8f92387-21a4-4df0-8f8b-7f56791308e2', '5d38ebe9-203a-4140-ba72-98e2498513c2', '前端mysql库连接配置（host,登录名,登录密码,端口）', '{\"source\":\"#{mysql,2}\",\"global\":false,\"ignoreCase\":true,\"matchIndex\":0}', 0, 'docs/config/tpl/config.properties', 'web', '59add1c5-5228-4cd1-ba13-ff62df2bfb14');
INSERT INTO `source_config` VALUES ('1fd58a0b-9d80-47a0-9dc9-a2c65d56de33', '01fae700-c94b-487b-a635-08c5a72b6815', '606f0835-a6c1-4c82-8a73-484254d618aa', '微信客户端clientId，可访问该地址生成：https://weixin.zhugeio.com/s/v1/newClientId', '{\"source\":\"#{wt.client.client_id}\",\"global\":false,\"ignoreCase\":false,\"matchIndex\":0}', 0, 'doc/部署准备资料/client-realtime-tpl/receiver/config.properties', '9d3266fd556a4db7b9616d385f8bdf8f', 'b3bb446d-d1ec-468a-994e-39b9703a744a');
INSERT INTO `source_config` VALUES ('20717ee3-b443-4eab-b0cd-227015e031a7', 'e58e440d-a1a5-4608-b918-5540e0b128b5', '62cbefc8-d6cf-4901-b656-9486e1d1073f', 'impala连接配置（host,登录名,登录密码,端口,仓库名）', '{\"source\":\"#{impala,4}\",\"global\":false,\"ignoreCase\":false,\"matchIndex\":0}', 0, 'etl-load-cdh/config/tpl/config_single/impala_db.properties', '21050', '1e0c9528-696a-487b-a8a5-473fb8661097');
INSERT INTO `source_config` VALUES ('20ab77da-150e-4555-8215-14251fec4e3a', '675a30a8-8dc3-4799-abfe-4ca6737414e8', 'd994ed15-a2c8-4456-b347-af0b35d6137f', '合并端口内网访问地址', '{\"source\":\"#{svr.domain.intranet}\",\"global\":false,\"ignoreCase\":true,\"matchIndex\":0}', 0, 'config/tpl/clockwork.config', 'realtime-1:80', '1bcfc8fc-d2fb-4d29-a2b5-e9a216db75f2');
INSERT INTO `source_config` VALUES ('20c71d9e-df14-4b14-8251-644078dfde8c', 'e58e440d-a1a5-4608-b918-5540e0b128b5', '62cbefc8-d6cf-4901-b656-9486e1d1073f', 'kudu集群', '{\"source\":\"#{kudu_clusters}\",\"global\":false,\"ignoreCase\":false,\"matchIndex\":0}', 0, 'etl-load-cdh/config/tpl/config_single/config.properties', 'realtime-1:7051,realtime-2:7051,realtime-3:7051', '1e0c9528-696a-487b-a8a5-473fb8661097');
INSERT INTO `source_config` VALUES ('21714260-a9f5-4a56-ba71-5621e7fb4bea', 'e58e440d-a1a5-4608-b918-5540e0b128b5', 'd2adae98-dc8e-46c4-beb9-b5df5c4cc83c', 'redis 8894端口', '{\"source\":\"#{redis_8894,2}\",\"global\":false,\"ignoreCase\":false,\"matchIndex\":0}', 0, 'etl-id-kudu/config/tpl/config/id_redis.properties', '8894', '7c33482b-864c-4b51-9d24-1d44a31b0818');
INSERT INTO `source_config` VALUES ('21b8c682-d5cc-4a50-85ef-837a1b42223e', 'e8c5b131-ce6c-4cff-b6c7-7efcfd5db04f', '228eef90-b176-4fa6-9ce8-30a7278d152f', '虚拟应用开关', '{\"source\":\"#{webapp.show_virtual_app}\",\"global\":false,\"ignoreCase\":false,\"matchIndex\":0}', 0, 'spa/config/prod.env.js.tpl', 'false', '679650a4-5526-470f-a78e-a6aeb449b39d');
INSERT INTO `source_config` VALUES ('2222c20d-2400-42dd-a54c-a1dcb75049b7', '7dc43ea6-8dfb-4f19-8054-a7cf62882c8c', 'b416b11f-474d-4e21-8286-c873831367f8', '合并端口外网访问地址(需要加协议http(s))(填网关的)', '{\"source\":\"#{svr.domain.nginx.extranet}\",\"global\":false,\"ignoreCase\":true,\"matchIndex\":0}', 0, 'config/prod.env.js.tpl', 'https://uba.it.pkpm.cn', '28622285-9690-4cd4-87f0-a32ad1e29ddd');
INSERT INTO `source_config` VALUES ('2276d52c-eb32-4125-a7ae-3920d1abdfdc', '5286f7cd-3773-4361-90d6-f51fe4a024e5', '38071411-283d-4a16-a061-5316144cc396', '触达内网（www）服务部署地址（默认两个）【/data/marketing/www/config】', '{\"source\":\"#{svr.domain.intranet.mkt.www,1}\",\"global\":false,\"ignoreCase\":false,\"matchIndex\":0}', 0, 'nginx/nginx/conf/nginx.conf-upload', 'realtime-2:18001', '9ad78082-2e6e-4b75-8c6b-0a8333cce99d');
INSERT INTO `source_config` VALUES ('231c31b5-f3da-4a6a-bcf2-f390737fa38c', '01fae700-c94b-487b-a635-08c5a72b6815', '606f0835-a6c1-4c82-8a73-484254d618aa', '前端mysql库连接配置（host,登录名,登录密码,端口）', '{\"source\":\"#{mysql,3}\",\"global\":false,\"ignoreCase\":false,\"matchIndex\":0}', 0, 'doc/部署准备资料/client-realtime-tpl/worker/config.properties', 'zanalytics', 'b3bb446d-d1ec-468a-994e-39b9703a744a');
INSERT INTO `source_config` VALUES ('239c9d78-79be-415a-ba94-3a18bc5bdda4', 'e8c5b131-ce6c-4cff-b6c7-7efcfd5db04f', '228eef90-b176-4fa6-9ce8-30a7278d152f', '合并端口外网访问地址(需要加协议http(s))(填网关的)', '{\"source\":\"#{svr.domain.nginx.extranet}\",\"global\":false,\"ignoreCase\":false,\"matchIndex\":0}', 0, 'spa/config/prod.env.js.tpl', 'https://uba.it.pkpm.cn', '679650a4-5526-470f-a78e-a6aeb449b39d');
INSERT INTO `source_config` VALUES ('243b330e-e1ac-479b-a4fc-4c1d189906fe', '5286f7cd-3773-4361-90d6-f51fe4a024e5', 'd072d3b8-b6e0-4ae9-b119-d74dd203a619', '微信内网（receiver）服务部署地址（默认两个）【/data/wt/receiver/config】', '{\"source\":\"#{svr.domain.intranet.weixin.receiver,1}\",\"global\":false,\"ignoreCase\":false,\"matchIndex\":0}', 0, 'nginx-single/nginx/conf/nginx.conf', 'realtime-1:7713', 'a992dda2-3bb8-464a-8e1d-40da1f71f275');
INSERT INTO `source_config` VALUES ('248839fb-e758-483b-8b87-871408c6a4f2', '01fae700-c94b-487b-a635-08c5a72b6815', '606f0835-a6c1-4c82-8a73-484254d618aa', '前端mysql库连接配置（host,登录名,登录密码,端口）', '{\"source\":\"#{mysql,3}\",\"global\":false,\"ignoreCase\":false,\"matchIndex\":0}', 0, 'doc/部署准备资料/client-realtime-tpl/www/config.properties', 'zanalytics', 'b3bb446d-d1ec-468a-994e-39b9703a744a');
INSERT INTO `source_config` VALUES ('2586f88d-3930-4be7-8b0e-dc642108299b', 'e58e440d-a1a5-4608-b918-5540e0b128b5', '2c620647-cc28-4a32-bc3e-875e1c004437', 'redis 8892端口', '{\"source\":\"#{redis_8892,1}\",\"global\":false,\"ignoreCase\":false,\"matchIndex\":0}', 0, 'etl-single/config/tpl/config/redis.properties', 'realtime-2', 'd6281022-0c4a-4900-8652-34d251b4b0e0');
INSERT INTO `source_config` VALUES ('26668eda-c2fc-462b-acb1-28ed89806238', 'd3910a9b-f2e4-4701-b7b9-148f5d834880', '2f827d8b-3898-4e05-81dd-49a8efb98612', '诸葛字样标识', '{\"source\":\"#{webapp.word.zg_text}\",\"global\":false,\"ignoreCase\":false,\"matchIndex\":0}', 0, 'config/buildConfig.js.tpl', '数据分析', 'f5980af3-d79b-49e0-a097-2f730b77a29c');
INSERT INTO `source_config` VALUES ('26920a95-3d7f-4c01-a000-eb31fcb34f72', 'e58e440d-a1a5-4608-b918-5540e0b128b5', '57626162-4ab5-4e1a-8ff4-d125a03095c4', 'kafka服务集群', '{\"source\":\"#{kafka_bootstrap_servers}\",\"global\":false,\"ignoreCase\":false,\"matchIndex\":0}', 0, 'etl-gate/config/tpl/config/config.properties', 'realtime-1:9092,realtime-2:9092,realtime-3:9092', 'def8f93e-eda9-403a-885a-6b8cf6ccd73f');
INSERT INTO `source_config` VALUES ('26f8ffcc-580f-4897-a348-0170d3a4fe95', '5286f7cd-3773-4361-90d6-f51fe4a024e5', '995da2c5-3dc4-4f2b-807b-8ed1bc2a4e5c', '前端mysql库连接配置（host,登录名,登录密码,端口）', '{\"source\":\"#{mysql,2}\",\"global\":false,\"ignoreCase\":false,\"matchIndex\":0}', 0, 'es-index/zanalytics-index-db/tpl/2-db1.conf', 'web', 'a97922a1-618c-40c6-b95a-3a4f8380a55a');
INSERT INTO `source_config` VALUES ('27f34967-2cfc-4e7d-8dd9-acc792597f9f', '675a30a8-8dc3-4799-abfe-4ca6737414e8', 'd994ed15-a2c8-4456-b347-af0b35d6137f', 'ssdb 1218端口', '{\"source\":\"#{ssdb_1218,2}\",\"global\":false,\"ignoreCase\":false,\"matchIndex\":0}', 0, 'config/tpl/clockwork.config', '1218', '1bcfc8fc-d2fb-4d29-a2b5-e9a216db75f2');
INSERT INTO `source_config` VALUES ('28647bbc-c634-4eed-adeb-aa1cd5e5ab5f', '5286f7cd-3773-4361-90d6-f51fe4a024e5', 'abf8ff3c-97a4-40f3-9a25-d92a48a7de38', '前端mysql库连接配置（host,登录名,登录密码,端口）', '{\"source\":\"#{mysql,1}\",\"global\":false,\"ignoreCase\":false,\"matchIndex\":0}', 0, 'userbehaviorpath_usergroup/getdbdata-tpl.sh', 'realtime-1', 'f4e08264-398f-45e5-9a7e-5b5b512427b4');
INSERT INTO `source_config` VALUES ('28a1628e-80c6-421a-9338-992ad8775b2f', 'e7fa2e6a-1f41-4d25-b047-349d0c76754d', 'b6b2106f-e3aa-4be4-9fb1-1c2aa8b425e2', 'nginx路径', '{\"source\":\"#{nginx.path}\",\"global\":false,\"ignoreCase\":false,\"matchIndex\":0}', 0, 'docs/config/tpl/copyAppKey.sh', '/data/localization/nginx', '3fb6bac6-acfc-400e-9328-eabf02a561e2');
INSERT INTO `source_config` VALUES ('296668df-616c-4267-8823-65f79810113a', '6ea4a7ad-7940-4057-b425-47f2ad04822a', 'dc44dfb8-2e9a-4429-816a-f4c1877a4504', 'zookeeper服务集群', '{\"source\":\"#{zookeepr_servers,1}\",\"global\":false,\"ignoreCase\":false,\"matchIndex\":0}', 0, 'tpl/config/consumer-virtual-app.properties', 'realtime-1:2182', '80d90559-dd8b-417b-bb27-67e40b2c16f8');
INSERT INTO `source_config` VALUES ('298ff3de-a61d-4a4c-9699-a7a38e2f4800', '5286f7cd-3773-4361-90d6-f51fe4a024e5', 'abf8ff3c-97a4-40f3-9a25-d92a48a7de38', 'redis 6379端口', '{\"source\":\"#{redis_6379,2}\",\"global\":false,\"ignoreCase\":false,\"matchIndex\":0}', 0, 'userbehaviorpath_usergroup/ubpa/bin/tpl/redis_subscribe_task.py', '6379', 'f4e08264-398f-45e5-9a7e-5b5b512427b4');
INSERT INTO `source_config` VALUES ('2ab1350c-dd63-4224-884b-d4feea73d1f5', '5286f7cd-3773-4361-90d6-f51fe4a024e5', '995da2c5-3dc4-4f2b-807b-8ed1bc2a4e5c', '前端mysql库连接配置（host,登录名,登录密码,端口）', '{\"source\":\"#{mysql,3}\",\"global\":false,\"ignoreCase\":false,\"matchIndex\":0}', 0, 'es-index/zanalytics-index-db/tpl/2-db1.conf', 'zanalytics', 'a97922a1-618c-40c6-b95a-3a4f8380a55a');
INSERT INTO `source_config` VALUES ('2b9b038d-1bad-461a-aa33-6bbdc938f88d', '424d629f-e5da-4c49-9604-04c1c7c2152f', '18d73a8b-7f0c-45dd-b9f7-3c6f1bfa278f', '分析平台版本(7标准版,8MARS版)', '{\"source\":\"#{analysis.menu_version}\",\"global\":false,\"ignoreCase\":false,\"matchIndex\":0}', 0, 'src/config.ts.tpl', '7', 'e1e63823-51e8-4b43-aa7e-b591c975b3f5');
INSERT INTO `source_config` VALUES ('2bccd70d-fd5c-44f1-9fff-0b128d3d709f', '5286f7cd-3773-4361-90d6-f51fe4a024e5', '995da2c5-3dc4-4f2b-807b-8ed1bc2a4e5c', 'ssdb 8888端口', '{\"source\":\"#{ssdb_8888,2}\",\"global\":false,\"ignoreCase\":false,\"matchIndex\":0}', 0, 'es-index/zanalytics-index-db/tpl/2-db1.conf', '8888', 'a97922a1-618c-40c6-b95a-3a4f8380a55a');
INSERT INTO `source_config` VALUES ('2bf2b238-3d92-4388-85f6-c95be659de87', 'e8c5b131-ce6c-4cff-b6c7-7efcfd5db04f', '228eef90-b176-4fa6-9ce8-30a7278d152f', 'webapp相关配置', '{\"source\":\"#{webapp->is_ultralimit}\",\"global\":false,\"ignoreCase\":false,\"matchIndex\":0}', 0, 'spa/config/prod.env.js.tpl', 'false', '679650a4-5526-470f-a78e-a6aeb449b39d');
INSERT INTO `source_config` VALUES ('2c919fb8-3cb9-49bb-9e11-9c00792d2327', 'a03aa383-d78b-4e36-bad4-cd873cd91eeb', '15d0f53e-9253-4a3a-af47-656b854b0f3b', '资源所在目录&根路由名称', '{\"source\":\"#{m_webapp.assets_public_path}\",\"global\":false,\"ignoreCase\":true,\"matchIndex\":0}', 0, '.env.production.tpl', '/wx-h5', '3f4cb6de-cfbb-4b9a-8b55-52853c4c184d');
INSERT INTO `source_config` VALUES ('2cd9c929-3c40-4b36-8341-85c763af4584', '5286f7cd-3773-4361-90d6-f51fe4a024e5', 'd072d3b8-b6e0-4ae9-b119-d74dd203a619', 'debug内网服务部署地址', '{\"source\":\"#{svr.domain.intranet.debug.www}\",\"global\":false,\"ignoreCase\":false,\"matchIndex\":0}', 0, 'nginx-single/nginx/conf/nginx.conf', 'realtime-1:16688', 'a992dda2-3bb8-464a-8e1d-40da1f71f275');
INSERT INTO `source_config` VALUES ('2ddce5ae-6621-4625-b85d-e2bfdfc6d71d', '64e49573-c01b-4c86-bed9-6c634ba6dbad', 'ddaaef35-6269-4afb-a446-7285b8a6a809', 'kafka服务集群', '{\"source\":\"#{kafka_bootstrap_servers}\",\"global\":false,\"ignoreCase\":false,\"matchIndex\":0}', 0, 'bin/tpl/config.yml', 'realtime-1:9092,realtime-2:9092,realtime-3:9092', '2e1fb66e-9ebb-4724-8923-86345aa5af49');
INSERT INTO `source_config` VALUES ('2df86c79-5951-4c9a-8ee8-52b37df4442e', '01fae700-c94b-487b-a635-08c5a72b6815', '606f0835-a6c1-4c82-8a73-484254d618aa', '前端mysql库连接配置（host,登录名,登录密码,端口）', '{\"source\":\"#{mysql,2}\",\"global\":false,\"ignoreCase\":false,\"matchIndex\":0}', 0, 'doc/部署准备资料/client-realtime-tpl/www/config.properties', 'web', 'b3bb446d-d1ec-468a-994e-39b9703a744a');
INSERT INTO `source_config` VALUES ('2ebab418-1375-4f7f-8bf7-d6ed026f710b', 'e7fa2e6a-1f41-4d25-b047-349d0c76754d', 'b6b2106f-e3aa-4be4-9fb1-1c2aa8b425e2', 'ssdb 8888端口', '{\"source\":\"#{ssdb_8888,3}\",\"global\":false,\"ignoreCase\":false,\"matchIndex\":0}', 0, 'docs/config/tpl/application.properties', NULL, '3fb6bac6-acfc-400e-9328-eabf02a561e2');
INSERT INTO `source_config` VALUES ('2ee25efa-30df-49ed-8d2d-c49fd02ad348', 'e7fa2e6a-1f41-4d25-b047-349d0c76754d', 'b6b2106f-e3aa-4be4-9fb1-1c2aa8b425e2', 'impala连接配置（host,登录名,登录密码,端口,仓库名）', '{\"source\":\"#{impala,2}\",\"global\":false,\"ignoreCase\":false,\"matchIndex\":0}', 0, 'docs/config/tpl/application-kpt.yml', 'admin', '3fb6bac6-acfc-400e-9328-eabf02a561e2');
INSERT INTO `source_config` VALUES ('2ef039b1-af76-458e-96ef-b46a3196a82d', 'f44a753c-d1a3-4c8b-be56-69bb9b032da9', 'c0cc7efd-48a7-417e-9f28-14f2b3316d01', '用户信息下载控制开关，true显示下载/false隐藏下载', '{\"source\":\"#{webapp.show_download_button}\",\"global\":false,\"ignoreCase\":false,\"matchIndex\":0}', 0, 'config/constants.js.tpl', 'true', '07244c11-ad9e-43b6-9d02-4bf7ea25dd85');
INSERT INTO `source_config` VALUES ('2f388e34-187d-40fc-88df-5545fadcfb86', '5286f7cd-3773-4361-90d6-f51fe4a024e5', 'd072d3b8-b6e0-4ae9-b119-d74dd203a619', '触达内网（www）服务部署地址（默认两个）【/data/marketing/www/config】', '{\"source\":\"#{svr.domain.intranet.mkt.www,1}\",\"global\":false,\"ignoreCase\":false,\"matchIndex\":0}', 0, 'nginx-single/nginx/conf/nginx.conf-upload', 'realtime-2:18001', 'a992dda2-3bb8-464a-8e1d-40da1f71f275');
INSERT INTO `source_config` VALUES ('2f78551a-c452-4d24-aaad-93310389d05a', 'e58e440d-a1a5-4608-b918-5540e0b128b5', 'c4943386-e46a-4811-82e7-41da8dbacc73', '前端mysql库连接配置（host,登录名,登录密码,端口）', '{\"source\":\"#{mysql,4/3306}\",\"global\":false,\"ignoreCase\":false,\"matchIndex\":0}', 0, 'etl-dw-kudu/config/tpl/config/front_db.properties', '3306', 'f3d4ce35-7b4d-4061-aa7f-2b6d8a2036cc');
INSERT INTO `source_config` VALUES ('2fa628b9-e121-4e80-a4d1-ef91517b0103', 'e8c5b131-ce6c-4cff-b6c7-7efcfd5db04f', '228eef90-b176-4fa6-9ce8-30a7278d152f', 'zhugeio链接', '{\"source\":\"#{webapp.word.zg_link}\",\"global\":false,\"ignoreCase\":false,\"matchIndex\":0}', 0, 'spa/config/prod.env.js.tpl', 'zhugeio', '679650a4-5526-470f-a78e-a6aeb449b39d');
INSERT INTO `source_config` VALUES ('30bfd994-a115-4bf7-a15c-0349953850ee', '5286f7cd-3773-4361-90d6-f51fe4a024e5', '38071411-283d-4a16-a061-5316144cc396', 'sql查询平台内网服务部署地址', '{\"source\":\"#{svr.domain.intranet.sql.www}\",\"global\":false,\"ignoreCase\":false,\"matchIndex\":0}', 0, 'nginx/nginx/conf/nginx.conf', 'realtime-1:9003', '9ad78082-2e6e-4b75-8c6b-0a8333cce99d');
INSERT INTO `source_config` VALUES ('32173ca5-61d3-4562-9536-d911af12a5e5', '5286f7cd-3773-4361-90d6-f51fe4a024e5', '38071411-283d-4a16-a061-5316144cc396', '微信内网（receiver）服务部署地址（默认两个）【/data/wt/receiver/config】', '{\"source\":\"#{svr.domain.intranet.weixin.receiver,2}\",\"global\":false,\"ignoreCase\":false,\"matchIndex\":0}', 0, 'nginx/nginx/conf/nginx.conf-upload', 'realtime-2:7713', '9ad78082-2e6e-4b75-8c6b-0a8333cce99d');
INSERT INTO `source_config` VALUES ('32d7bacb-431e-4811-99da-34b43692c79e', '64e49573-c01b-4c86-bed9-6c634ba6dbad', 'ddaaef35-6269-4afb-a446-7285b8a6a809', 'redis 6379端口', '{\"source\":\"#{redis_6379,1}\",\"global\":false,\"ignoreCase\":false,\"matchIndex\":0}', 0, 'bin/tpl/config.yml', 'realtime-1', '2e1fb66e-9ebb-4724-8923-86345aa5af49');
INSERT INTO `source_config` VALUES ('32fa6435-8b28-40a3-84a8-3bfe67c4cd70', 'e58e440d-a1a5-4608-b918-5540e0b128b5', 'd2adae98-dc8e-46c4-beb9-b5df5c4cc83c', 'redis 8894端口', '{\"source\":\"#{redis_8894,3}\",\"global\":false,\"ignoreCase\":false,\"matchIndex\":0}', 0, 'etl-id-kudu/config/tpl/config/id_redis.properties', NULL, '7c33482b-864c-4b51-9d24-1d44a31b0818');
INSERT INTO `source_config` VALUES ('3301cfe7-c70a-44d3-b066-f065f21649d5', 'e58e440d-a1a5-4608-b918-5540e0b128b5', 'b06a5506-bc66-4090-8e98-506f03773593', 'impala/hive元数据库连接配置（host,登录名,登录密码）', '{\"source\":\"#{mysql_hive,1}\",\"global\":false,\"ignoreCase\":false,\"matchIndex\":0}', 0, 'etl-paopi/config/tpl/config/hive_db.properties', 'realtime-1', '1af445aa-8947-4585-8134-33839697a1ce');
INSERT INTO `source_config` VALUES ('34393b11-f6fb-49cc-8877-c063690bf613', '01fae700-c94b-487b-a635-08c5a72b6815', '606f0835-a6c1-4c82-8a73-484254d618aa', '前端mysql库连接配置（host,登录名,登录密码,端口）', '{\"source\":\"#{mysql,4/3306}\",\"global\":false,\"ignoreCase\":false,\"matchIndex\":0}', 0, 'doc/部署准备资料/client-realtime-tpl/worker/config.properties', '3306', 'b3bb446d-d1ec-468a-994e-39b9703a744a');
INSERT INTO `source_config` VALUES ('346a2bbd-e1ce-4bb9-ae38-556fe47ac856', '5286f7cd-3773-4361-90d6-f51fe4a024e5', '995da2c5-3dc4-4f2b-807b-8ed1bc2a4e5c', '前端mysql库连接配置（host,登录名,登录密码,端口）', '{\"source\":\"#{mysql,2}\",\"global\":false,\"ignoreCase\":false,\"matchIndex\":0}', 0, 'es-index/zanalytics-index-db/tpl/impala-shell.sh', 'web', 'a97922a1-618c-40c6-b95a-3a4f8380a55a');
INSERT INTO `source_config` VALUES ('367aa919-c860-4f3c-be31-0611e7720249', 'b5c71d51-7a01-4cd3-b661-c6afbd16f108', '70822287-b390-404f-9cd0-aca103a7355d', '前端mysql库连接配置（host,登录名,登录密码,端口）', '{\"source\":\"#{mysql,3}\",\"global\":false,\"ignoreCase\":false,\"matchIndex\":0}', 0, 'docs/config/tpl/application.properties', 'zanalytics', '1e60d50d-0c17-4617-9da6-ec297c9f6866');
INSERT INTO `source_config` VALUES ('369d804b-3579-45ab-b47c-12e776e81a88', '7caec2a0-df23-456c-9c43-f9ea0dab0ccb', '674801dd-36d8-4386-af4e-41019e0c8208', 'impala连接配置（host,登录名,登录密码,端口,仓库名）', '{\"source\":\"#{impala,5/zhugeio}\",\"global\":false,\"ignoreCase\":false,\"matchIndex\":0}', 0, 'config/private/tpl/kudu-to-parquet.sh', 'zanalytics', '42a7003a-4eb8-4dc0-9393-1ca7383d123a');
INSERT INTO `source_config` VALUES ('36a7862e-c845-4e3d-8b93-8527217038e2', '01fae700-c94b-487b-a635-08c5a72b6815', '606f0835-a6c1-4c82-8a73-484254d618aa', '前端mysql库连接配置（host,登录名,登录密码,端口）', '{\"source\":\"#{mysql,2}\",\"global\":false,\"ignoreCase\":false,\"matchIndex\":0}', 0, 'doc/部署准备资料/client-realtime-tpl/worker/config.properties', 'web', 'b3bb446d-d1ec-468a-994e-39b9703a744a');
INSERT INTO `source_config` VALUES ('36f53224-b62c-4787-890b-8afdd4d14264', 'e58e440d-a1a5-4608-b918-5540e0b128b5', '69bcc435-79e0-45db-9a18-2553d2a07cc7', 'redis 26480端口', '{\"source\":\"#{redis_26480,2}\",\"global\":false,\"ignoreCase\":false,\"matchIndex\":0}', 0, 'etl-count/config/tpl/config/redis.properties', '26480', '0bda27da-5615-4485-b076-f06be0f5a437');
INSERT INTO `source_config` VALUES ('385501c9-668c-4ae2-88f8-61dd12e931f6', 'e58e440d-a1a5-4608-b918-5540e0b128b5', '565ec772-efa3-4c6a-a2da-44e81f906b39', 'redis 8897端口', '{\"source\":\"#{redis_8897,2}\",\"global\":false,\"ignoreCase\":false,\"matchIndex\":0}', 0, 'etl-adv-count/config/tpl/config/redis.properties', '8897', 'cc69d492-9d36-4bad-a71a-d83a7c9f9009');
INSERT INTO `source_config` VALUES ('388ce78f-b5e4-4470-a305-8a08ea1fe714', 'a03aa383-d78b-4e36-bad4-cd873cd91eeb', '15d0f53e-9253-4a3a-af47-656b854b0f3b', '分析平台内部打点上传应用app_key', '{\"source\":\"#{webapp.appkey_zg}\",\"global\":false,\"ignoreCase\":false,\"matchIndex\":0}', 0, '.env.production.tpl', '5f8a935cd15a47419df0e07d0547551b', '3f4cb6de-cfbb-4b9a-8b55-52853c4c184d');
INSERT INTO `source_config` VALUES ('38d32feb-1751-4a25-9f95-7e38fe5fb20c', '675a30a8-8dc3-4799-abfe-4ca6737414e8', 'd994ed15-a2c8-4456-b347-af0b35d6137f', 'impala连接配置（host,登录名,登录密码,端口,仓库名）', '{\"source\":\"#{impala,4}\",\"global\":false,\"ignoreCase\":false,\"matchIndex\":0}', 0, 'config/tpl/clockwork.config', '21050', '1bcfc8fc-d2fb-4d29-a2b5-e9a216db75f2');
INSERT INTO `source_config` VALUES ('39b8a574-edf1-420b-ab80-83120ed57571', 'e8c5b131-ce6c-4cff-b6c7-7efcfd5db04f', '228eef90-b176-4fa6-9ce8-30a7278d152f', '是否开启应用备注功能', '{\"source\":\"#{webapp.show_app_account}\",\"global\":false,\"ignoreCase\":false,\"matchIndex\":0}', 0, 'spa/config/prod.env.js.tpl', 'false', '679650a4-5526-470f-a78e-a6aeb449b39d');
INSERT INTO `source_config` VALUES ('39c27407-dfcd-467c-ac6c-642b55ed9c13', 'e58e440d-a1a5-4608-b918-5540e0b128b5', '2128bbfe-1755-4249-8b13-70310d78fea9', 'impala连接配置（host,登录名,登录密码,端口,仓库名）', '{\"source\":\"#{impala,2}\",\"global\":false,\"ignoreCase\":false,\"matchIndex\":0}', 0, 'etl-load-cdh/config/tpl/config/impala_db.properties', 'admin', 'f510cace-de73-4509-8c57-ff46b0fe5c59');
INSERT INTO `source_config` VALUES ('3a090037-0392-426c-8238-36ff823ed927', 'e58e440d-a1a5-4608-b918-5540e0b128b5', '2c620647-cc28-4a32-bc3e-875e1c004437', 'redis 8897端口', '{\"source\":\"#{redis_8897,2}\",\"global\":false,\"ignoreCase\":false,\"matchIndex\":0}', 0, 'etl-single/config/tpl/config/redis.properties', '8897', 'd6281022-0c4a-4900-8652-34d251b4b0e0');
INSERT INTO `source_config` VALUES ('3ae5a65c-bd74-4c6c-9a34-c78fffe36564', '01fae700-c94b-487b-a635-08c5a72b6815', '606f0835-a6c1-4c82-8a73-484254d618aa', 'kafka服务集群', '{\"source\":\"#{kafka_bootstrap_servers}\",\"global\":false,\"ignoreCase\":false,\"matchIndex\":0}', 0, 'doc/部署准备资料/client-realtime-tpl/receiver/config.properties', 'realtime-1:9092,realtime-2:9092,realtime-3:9092', 'b3bb446d-d1ec-468a-994e-39b9703a744a');
INSERT INTO `source_config` VALUES ('3aff323e-cea7-4af5-9a6e-dfab2c186f0e', 'd3910a9b-f2e4-4701-b7b9-148f5d834880', '2f827d8b-3898-4e05-81dd-49a8efb98612', '分析session/cookie存储域名(填网站的)(不需要加端口)', '{\"source\":\"#{analysis.zhuge_session_domain}\",\"global\":false,\"ignoreCase\":true,\"matchIndex\":0}', 0, 'config/buildConfig.js.tpl', 'uba.it.pkpm.cn', 'f5980af3-d79b-49e0-a097-2f730b77a29c');
INSERT INTO `source_config` VALUES ('3b387bc1-43a1-4191-88aa-9af7e7a123da', 'e58e440d-a1a5-4608-b918-5540e0b128b5', 'c4943386-e46a-4811-82e7-41da8dbacc73', 'impala连接配置（host,登录名,登录密码,端口,仓库名）', '{\"source\":\"#{impala,3}\",\"global\":false,\"ignoreCase\":false,\"matchIndex\":0}', 0, 'etl-dw-kudu/config/tpl/config/impala_db.properties', 'admin', 'f3d4ce35-7b4d-4061-aa7f-2b6d8a2036cc');
INSERT INTO `source_config` VALUES ('3b43839e-1b04-4bc6-bbab-8486c0de5019', 'e58e440d-a1a5-4608-b918-5540e0b128b5', 'd2adae98-dc8e-46c4-beb9-b5df5c4cc83c', 'redis 8892端口', '{\"source\":\"#{redis_8892,1}\",\"global\":false,\"ignoreCase\":false,\"matchIndex\":0}', 0, 'etl-id-kudu/config/tpl/config/id_redis.properties', 'realtime-2', '7c33482b-864c-4b51-9d24-1d44a31b0818');
INSERT INTO `source_config` VALUES ('3bd86116-4042-4fd4-9125-e934a4d330a5', '5286f7cd-3773-4361-90d6-f51fe4a024e5', 'd072d3b8-b6e0-4ae9-b119-d74dd203a619', '微信内网（receiver）服务部署地址（默认两个）【/data/wt/receiver/config】', '{\"source\":\"#{svr.domain.intranet.weixin.receiver,2}\",\"global\":false,\"ignoreCase\":false,\"matchIndex\":0}', 0, 'nginx-single/nginx/conf/nginx.conf', 'realtime-2:7713', 'a992dda2-3bb8-464a-8e1d-40da1f71f275');
INSERT INTO `source_config` VALUES ('3cdd4b0a-bc3a-4fe4-8803-f4dde35e77b8', '171218c4-c51d-455b-8ab1-39bea10e1286', '1d10e7d9-98bb-4995-8c61-e6dc3a8ac03e', '触达2.0相关配置', '{\"source\":\"#{mktv2.config->server.postman}\",\"global\":false,\"ignoreCase\":false,\"matchIndex\":0}', 0, 'docs/tpl/scripts/package/playwell-client/README.md', 'realtime-mkt:1924', 'c1687c10-4867-4a26-a5ad-c5e80226df01');
INSERT INTO `source_config` VALUES ('3d1c665c-cb04-4370-b45c-4d8b47f3f78a', '675a30a8-8dc3-4799-abfe-4ca6737414e8', 'd994ed15-a2c8-4456-b347-af0b35d6137f', 'redis 6372端口（触达）', '{\"source\":\"#{redis_6372,2}\",\"global\":false,\"ignoreCase\":false,\"matchIndex\":0}', 0, 'config/tpl/clockwork.config', '6380', '1bcfc8fc-d2fb-4d29-a2b5-e9a216db75f2');
INSERT INTO `source_config` VALUES ('3d942cfe-6031-43f6-88bb-13965c546fed', 'b5c71d51-7a01-4cd3-b661-c6afbd16f108', '70822287-b390-404f-9cd0-aca103a7355d', 'es集群2的ip', '{\"source\":\"#{elasticsearch2,1}\",\"global\":false,\"ignoreCase\":false,\"matchIndex\":0}', 0, 'docs/config/tpl/application.properties', 'realtime-2', '1e60d50d-0c17-4617-9da6-ec297c9f6866');
INSERT INTO `source_config` VALUES ('3de06223-e7fb-48c5-b360-31afcf615d02', '5286f7cd-3773-4361-90d6-f51fe4a024e5', '38071411-283d-4a16-a061-5316144cc396', 'zgsee内网服务部署地址', '{\"source\":\"#{svr.domain.intranet.zgsee.www}\",\"global\":false,\"ignoreCase\":false,\"matchIndex\":0}', 0, 'nginx/nginx/conf/nginx.conf-upload', 'realtime-1:18080', '9ad78082-2e6e-4b75-8c6b-0a8333cce99d');
INSERT INTO `source_config` VALUES ('3e211272-e0c3-4c16-b27c-d785364ca0f1', 'e58e440d-a1a5-4608-b918-5540e0b128b5', '2c620647-cc28-4a32-bc3e-875e1c004437', '前端mysql库连接配置（host,登录名,登录密码,端口）', '{\"source\":\"#{mysql,3}\",\"global\":false,\"ignoreCase\":false,\"matchIndex\":0}', 0, 'etl-single/config/tpl/config/front_db.properties', 'zanalytics', 'd6281022-0c4a-4900-8652-34d251b4b0e0');
INSERT INTO `source_config` VALUES ('3e4f1737-329a-4342-90c9-af4df7dc46c4', '675a30a8-8dc3-4799-abfe-4ca6737414e8', 'd994ed15-a2c8-4456-b347-af0b35d6137f', '触达flow-api服务启动端口【/data/clockwork_api/clockwork.config->flow_api->port】', '{\"source\":\"#{clockwork.flow_api_port}\",\"global\":false,\"ignoreCase\":false,\"matchIndex\":0}', 0, 'config/tpl/clockwork.config', '8888', '1bcfc8fc-d2fb-4d29-a2b5-e9a216db75f2');
INSERT INTO `source_config` VALUES ('3f2b530b-6595-4408-9575-01be16cd3e85', '01fae700-c94b-487b-a635-08c5a72b6815', '606f0835-a6c1-4c82-8a73-484254d618aa', 'redis 26480端口', '{\"source\":\"#{redis_26480,1}\",\"global\":false,\"ignoreCase\":false,\"matchIndex\":0}', 0, 'doc/部署准备资料/client-realtime-tpl/www/config.properties', 'realtime-1', 'b3bb446d-d1ec-468a-994e-39b9703a744a');
INSERT INTO `source_config` VALUES ('3fd9b345-a3cc-48ed-a3f5-8e241138960d', '5286f7cd-3773-4361-90d6-f51fe4a024e5', 'd072d3b8-b6e0-4ae9-b119-d74dd203a619', 'zgsee内网服务部署地址', '{\"source\":\"#{svr.domain.intranet.zgsee.www}\",\"global\":false,\"ignoreCase\":false,\"matchIndex\":0}', 0, 'nginx-single/nginx/conf/nginx.conf-upload', 'realtime-1:18080', 'a992dda2-3bb8-464a-8e1d-40da1f71f275');
INSERT INTO `source_config` VALUES ('40e70440-c16c-43f0-9de7-749d63c5b704', 'e58e440d-a1a5-4608-b918-5540e0b128b5', '2c620647-cc28-4a32-bc3e-875e1c004437', '前端mysql库连接配置（host,登录名,登录密码,端口）', '{\"source\":\"#{mysql,1}\",\"global\":false,\"ignoreCase\":false,\"matchIndex\":0}', 0, 'etl-single/config/tpl/config/front_db.properties', 'realtime-1', 'd6281022-0c4a-4900-8652-34d251b4b0e0');
INSERT INTO `source_config` VALUES ('411891cc-53f8-4d11-8996-8a6695bf5bef', '01fae700-c94b-487b-a635-08c5a72b6815', '606f0835-a6c1-4c82-8a73-484254d618aa', '触达clockwork接收微信回调消息地址【/data/clockwork_api/bin/WeiXinCallbackHook.groovy->port(端口)】', '{\"source\":\"#{clockwork.weixin_callback_url}\",\"global\":false,\"ignoreCase\":false,\"matchIndex\":0}', 0, 'doc/部署准备资料/client-realtime-tpl/worker/config.properties', 'http://realtime-2:8882', 'b3bb446d-d1ec-468a-994e-39b9703a744a');
INSERT INTO `source_config` VALUES ('416465b5-3c36-44c4-89eb-54336c1014d8', 'b8f92387-21a4-4df0-8f8b-7f56791308e2', '5d38ebe9-203a-4140-ba72-98e2498513c2', '前端mysql库连接配置（host,登录名,登录密码,端口）', '{\"source\":\"#{mysql,1}\",\"global\":false,\"ignoreCase\":true,\"matchIndex\":0}', 0, 'docs/config/tpl/config.properties', 'realtime-1', '59add1c5-5228-4cd1-ba13-ff62df2bfb14');
INSERT INTO `source_config` VALUES ('4222b60b-171a-4c42-b61d-23ef218620ae', '01fae700-c94b-487b-a635-08c5a72b6815', '606f0835-a6c1-4c82-8a73-484254d618aa', '微信客户端kafka消费者数量', '{\"source\":\"#{wt.client.consumer_kafka_consumer_num}\",\"global\":false,\"ignoreCase\":false,\"matchIndex\":0}', 0, 'doc/部署准备资料/client-realtime-tpl/consumer/config.properties', '5', 'b3bb446d-d1ec-468a-994e-39b9703a744a');
INSERT INTO `source_config` VALUES ('4270a187-9849-47d4-b8d5-e392f59726b0', 'd3910a9b-f2e4-4701-b7b9-148f5d834880', '2f827d8b-3898-4e05-81dd-49a8efb98612', '视屏资源所在目录', '{\"source\":\"#{shiping.assets_public_path}\",\"global\":false,\"ignoreCase\":false,\"matchIndex\":0}', 0, 'config/buildConfig.js.tpl', '/shiping/', 'f5980af3-d79b-49e0-a097-2f730b77a29c');
INSERT INTO `source_config` VALUES ('4280b5be-93f8-424d-a315-75fa48f9122c', 'e58e440d-a1a5-4608-b918-5540e0b128b5', 'c4943386-e46a-4811-82e7-41da8dbacc73', 'redis 8895端口', '{\"source\":\"#{redis_8895,3}\",\"global\":false,\"ignoreCase\":false,\"matchIndex\":0}', 0, 'etl-dw-kudu/config/tpl/config/redis.properties', NULL, 'f3d4ce35-7b4d-4061-aa7f-2b6d8a2036cc');
INSERT INTO `source_config` VALUES ('42b175dd-9e59-4186-a9e7-30b5ad6b2532', 'f44a753c-d1a3-4c8b-be56-69bb9b032da9', 'c0cc7efd-48a7-417e-9f28-14f2b3316d01', 'API的base地址', '{\"source\":\"#{market.request_base_url}\",\"global\":false,\"ignoreCase\":false,\"matchIndex\":0}', 0, 'config/constants.js.tpl', '', '07244c11-ad9e-43b6-9d02-4bf7ea25dd85');
INSERT INTO `source_config` VALUES ('44066c5e-e470-4e89-94a0-32d861551047', '675a30a8-8dc3-4799-abfe-4ca6737414e8', 'd994ed15-a2c8-4456-b347-af0b35d6137f', 'ssdb 1218端口', '{\"source\":\"#{ssdb_1218,1}\",\"global\":false,\"ignoreCase\":false,\"matchIndex\":0}', 0, 'config/tpl/clockwork.config', 'realtime-3', '1bcfc8fc-d2fb-4d29-a2b5-e9a216db75f2');
INSERT INTO `source_config` VALUES ('44d46ef7-ceb3-4a2b-9b6e-939ad82409fd', '01fae700-c94b-487b-a635-08c5a72b6815', '606f0835-a6c1-4c82-8a73-484254d618aa', 'redis 26480端口', '{\"source\":\"#{redis_26480,3}\",\"global\":false,\"ignoreCase\":false,\"matchIndex\":0}', 0, 'doc/部署准备资料/client-realtime-tpl/consumer/config.properties', 'Sun_unix*1101', 'b3bb446d-d1ec-468a-994e-39b9703a744a');
INSERT INTO `source_config` VALUES ('466fd6e5-85c7-4efe-b3d8-10266f1ccee8', 'e58e440d-a1a5-4608-b918-5540e0b128b5', '69bcc435-79e0-45db-9a18-2553d2a07cc7', 'redis 8898端口', '{\"source\":\"#{redis_8898,3}\",\"global\":false,\"ignoreCase\":false,\"matchIndex\":0}', 0, 'etl-count/config/tpl/config/redis.properties', NULL, '0bda27da-5615-4485-b076-f06be0f5a437');
INSERT INTO `source_config` VALUES ('47dbed4c-c225-4eb1-9eb7-60fc047c6aaa', 'e58e440d-a1a5-4608-b918-5540e0b128b5', '2c620647-cc28-4a32-bc3e-875e1c004437', 'redis 6379端口', '{\"source\":\"#{redis_6379,1}\",\"global\":false,\"ignoreCase\":false,\"matchIndex\":0}', 0, 'etl-single/config/tpl/config/redis.properties', 'realtime-1', 'd6281022-0c4a-4900-8652-34d251b4b0e0');
INSERT INTO `source_config` VALUES ('494f59a1-d9d2-4ccf-b8f6-98342c000791', 'e58e440d-a1a5-4608-b918-5540e0b128b5', 'b06a5506-bc66-4090-8e98-506f03773593', 'impala连接配置（host,登录名,登录密码,端口,仓库名）', '{\"source\":\"#{impala,5/zhugeio}\",\"global\":false,\"ignoreCase\":false,\"matchIndex\":0}', 0, 'etl-paopi/config/tpl/config/config.properties', 'zanalytics', '1af445aa-8947-4585-8134-33839697a1ce');
INSERT INTO `source_config` VALUES ('4a600446-c3f5-426f-88ba-e4ec9ab79f22', 'e58e440d-a1a5-4608-b918-5540e0b128b5', 'c4943386-e46a-4811-82e7-41da8dbacc73', 'kafka服务集群', '{\"source\":\"#{kafka_bootstrap_servers}\",\"global\":false,\"ignoreCase\":false,\"matchIndex\":0}', 0, 'etl-dw-kudu/config/tpl/config/config.properties', 'realtime-1:9092,realtime-2:9092,realtime-3:9092', 'f3d4ce35-7b4d-4061-aa7f-2b6d8a2036cc');
INSERT INTO `source_config` VALUES ('4adbc2e5-0ca9-48a4-9580-794467e38e86', 'e58e440d-a1a5-4608-b918-5540e0b128b5', '565ec772-efa3-4c6a-a2da-44e81f906b39', 'redis 26480端口', '{\"source\":\"#{redis_26480,3}\",\"global\":false,\"ignoreCase\":false,\"matchIndex\":0}', 0, 'etl-adv-count/config/tpl/config/redis.properties', 'Sun_unix*1101', 'cc69d492-9d36-4bad-a71a-d83a7c9f9009');
INSERT INTO `source_config` VALUES ('4b12a0b7-15c3-4190-ade1-8af6faeaa3ea', 'e7fa2e6a-1f41-4d25-b047-349d0c76754d', 'b6b2106f-e3aa-4be4-9fb1-1c2aa8b425e2', '合并端口内网访问地址', '{\"source\":\"#{svr.domain.intranet}\",\"global\":false,\"ignoreCase\":false,\"matchIndex\":0}', 0, 'docs/config/tpl/application.properties', 'realtime-1:80', '3fb6bac6-acfc-400e-9328-eabf02a561e2');
INSERT INTO `source_config` VALUES ('4b56ac92-3b47-4f07-903c-1afccbb2c808', 'e8c5b131-ce6c-4cff-b6c7-7efcfd5db04f', '228eef90-b176-4fa6-9ce8-30a7278d152f', 'node服务socket接口前缀', '{\"source\":\"#{node.api.prefix}\",\"global\":false,\"ignoreCase\":false,\"matchIndex\":0}', 0, 'spa/config/prod.env.js.tpl', '/analysis/api', '679650a4-5526-470f-a78e-a6aeb449b39d');
INSERT INTO `source_config` VALUES ('4d8e057a-fd35-4c77-8127-671290d91030', '675a30a8-8dc3-4799-abfe-4ca6737414e8', 'd994ed15-a2c8-4456-b347-af0b35d6137f', '合并端口内网访问地址', '{\"source\":\"#{svr.domain.intranet}\",\"global\":false,\"ignoreCase\":true,\"matchIndex\":0}', 0, 'config/tpl/clockwork.config', 'realtime-1:80', '1bcfc8fc-d2fb-4d29-a2b5-e9a216db75f2');
INSERT INTO `source_config` VALUES ('4e71a179-da5b-4030-ad9d-5b8fe3904806', '171218c4-c51d-455b-8ab1-39bea10e1286', '1d10e7d9-98bb-4995-8c61-e6dc3a8ac03e', '触达2.0相关配置', '{\"source\":\"#{mktv2.config->server.threshold}\",\"global\":false,\"ignoreCase\":false,\"matchIndex\":0}', 0, 'docs/tpl/scripts/package/playwell-client/README.md', 'realtime-mkt:1923', 'c1687c10-4867-4a26-a5ad-c5e80226df01');
INSERT INTO `source_config` VALUES ('4ed8959a-2b03-4e01-9f06-4774ea1a6056', '5286f7cd-3773-4361-90d6-f51fe4a024e5', 'd072d3b8-b6e0-4ae9-b119-d74dd203a619', '微信内网（www）服务部署地址（默认1个）【/data/wt/www/config】', '{\"source\":\"#{svr.domain.intranet.weixin.www}\",\"global\":false,\"ignoreCase\":false,\"matchIndex\":0}', 0, 'nginx-single/nginx/conf/nginx.conf-upload', 'realtime-1:7715', 'a992dda2-3bb8-464a-8e1d-40da1f71f275');
INSERT INTO `source_config` VALUES ('4ef91629-81d8-4942-be4b-4507e393f199', '7caec2a0-df23-456c-9c43-f9ea0dab0ccb', '674801dd-36d8-4386-af4e-41019e0c8208', 'impala连接配置（host,登录名,登录密码,端口,仓库名）', '{\"source\":\"#{impala,5}\",\"global\":false,\"ignoreCase\":false,\"matchIndex\":0}', 0, 'config/private/tpl/config.properties', 'zanalytics', '42a7003a-4eb8-4dc0-9393-1ca7383d123a');
INSERT INTO `source_config` VALUES ('4f3ed4bb-e879-4d37-b5e9-73e01a79bcda', '5286f7cd-3773-4361-90d6-f51fe4a024e5', '38071411-283d-4a16-a061-5316144cc396', 'debug内网服务部署地址', '{\"source\":\"#{svr.domain.intranet.debug.www}\",\"global\":false,\"ignoreCase\":false,\"matchIndex\":0}', 0, 'nginx/nginx/conf/nginx.conf-upload', 'realtime-1:16688', '9ad78082-2e6e-4b75-8c6b-0a8333cce99d');
INSERT INTO `source_config` VALUES ('4f47810b-cf1a-4f61-b538-fc14f4278489', 'e58e440d-a1a5-4608-b918-5540e0b128b5', '2c620647-cc28-4a32-bc3e-875e1c004437', 'impala连接配置（host,登录名,登录密码,端口,仓库名）', '{\"source\":\"#{impala,5}\",\"global\":false,\"ignoreCase\":false,\"matchIndex\":0}', 0, 'etl-single/config/tpl/config/impala_db.properties', 'zanalytics', 'd6281022-0c4a-4900-8652-34d251b4b0e0');
INSERT INTO `source_config` VALUES ('4f6e1126-75ba-43b3-9088-1398cc5e150e', 'e58e440d-a1a5-4608-b918-5540e0b128b5', '6158ebbd-b524-477e-8c2d-8d997ab3ef5b', 'kafka服务集群', '{\"source\":\"#{kafka_bootstrap_servers}\",\"global\":false,\"ignoreCase\":false,\"matchIndex\":0}', 0, 'etl-debug/config/tpl/config/config.properties', 'realtime-1:9092,realtime-2:9092,realtime-3:9092', '25188553-c54a-46c5-b788-3e998f5cb344');
INSERT INTO `source_config` VALUES ('4f7c2d37-d578-4302-b064-98d2c0bead4f', 'e8c5b131-ce6c-4cff-b6c7-7efcfd5db04f', '228eef90-b176-4fa6-9ce8-30a7278d152f', '诸葛打点，0关闭，1上传至saas，2上传至私有部署', '{\"source\":\"#{webapp.use_track}\",\"global\":false,\"ignoreCase\":false,\"matchIndex\":0}', 0, 'spa/config/prod.env.js.tpl', '0', '679650a4-5526-470f-a78e-a6aeb449b39d');
INSERT INTO `source_config` VALUES ('4f88047b-6e4f-43f2-9ca2-c7f08f84a5ab', 'b5c71d51-7a01-4cd3-b661-c6afbd16f108', '70822287-b390-404f-9cd0-aca103a7355d', '前端mysql库连接配置（host,登录名,登录密码,端口）', '{\"source\":\"#{mysql,4/3306}\",\"global\":false,\"ignoreCase\":false,\"matchIndex\":0}', 0, 'docs/config/tpl/application.properties', '3306', '1e60d50d-0c17-4617-9da6-ec297c9f6866');
INSERT INTO `source_config` VALUES ('4fd5da04-cd7e-4d31-80d2-1071872a04ce', 'e58e440d-a1a5-4608-b918-5540e0b128b5', 'b06a5506-bc66-4090-8e98-506f03773593', 'impala连接配置（host,登录名,登录密码,端口,仓库名）', '{\"source\":\"#{impala,2}\",\"global\":false,\"ignoreCase\":false,\"matchIndex\":0}', 0, 'etl-paopi/config/tpl/config/impala_db.properties', 'admin', '1af445aa-8947-4585-8134-33839697a1ce');
INSERT INTO `source_config` VALUES ('5005b04e-b91e-4274-832c-062f32c765b0', '5286f7cd-3773-4361-90d6-f51fe4a024e5', 'abf8ff3c-97a4-40f3-9a25-d92a48a7de38', '前端mysql库连接配置（host,登录名,登录密码,端口）', '{\"source\":\"#{mysql,3}\",\"global\":false,\"ignoreCase\":false,\"matchIndex\":0}', 0, 'userbehaviorpath_usergroup/getdbdata-tpl.sh', 'zanalytics', 'f4e08264-398f-45e5-9a7e-5b5b512427b4');
INSERT INTO `source_config` VALUES ('5113fa0a-6d85-468c-a0da-17ac1440c07e', 'e58e440d-a1a5-4608-b918-5540e0b128b5', 'd2adae98-dc8e-46c4-beb9-b5df5c4cc83c', 'redis 8893端口', '{\"source\":\"#{redis_8893,2}\",\"global\":false,\"ignoreCase\":false,\"matchIndex\":0}', 0, 'etl-id-kudu/config/tpl/config/id_redis.properties', '8893', '7c33482b-864c-4b51-9d24-1d44a31b0818');
INSERT INTO `source_config` VALUES ('5131a4ec-ad0f-47cf-998c-b4bc8adbb527', '5286f7cd-3773-4361-90d6-f51fe4a024e5', 'd072d3b8-b6e0-4ae9-b119-d74dd203a619', 'sql查询平台内网服务部署地址', '{\"source\":\"#{svr.domain.intranet.sql.www}\",\"global\":false,\"ignoreCase\":false,\"matchIndex\":0}', 0, 'nginx-single/nginx/conf/nginx.conf-upload', 'realtime-1:9003', 'a992dda2-3bb8-464a-8e1d-40da1f71f275');
INSERT INTO `source_config` VALUES ('51f59fbf-209f-4f90-bab2-f662df7db2bd', '01fae700-c94b-487b-a635-08c5a72b6815', '606f0835-a6c1-4c82-8a73-484254d618aa', '微信服务端www访问地址', '{\"source\":\"#{wt.server.domain.extranet}\",\"global\":false,\"ignoreCase\":false,\"matchIndex\":0}', 0, 'doc/部署准备资料/client-realtime-tpl/consumer/config.properties', 'https://weixin.zhugeio.com', 'b3bb446d-d1ec-468a-994e-39b9703a744a');
INSERT INTO `source_config` VALUES ('5261ca42-8c37-464b-9045-cd9aafc46b92', '5286f7cd-3773-4361-90d6-f51fe4a024e5', 'dc376025-c426-4c3a-a3b3-3c63d6df7225', 'ssdb 8888端口', '{\"source\":\"#{ssdb_8888,3}\",\"global\":false,\"ignoreCase\":false,\"matchIndex\":0}', 0, 'sql-zeppelin/zeppelin/conf-tpl/interpreter.json', NULL, 'a5e09e9d-2721-42ef-9565-7742ae989e7c');
INSERT INTO `source_config` VALUES ('5263a48e-3a49-4466-a90d-506b4f754990', 'e58e440d-a1a5-4608-b918-5540e0b128b5', '565ec772-efa3-4c6a-a2da-44e81f906b39', 'redis 26480端口', '{\"source\":\"#{redis_26480,1}\",\"global\":false,\"ignoreCase\":false,\"matchIndex\":0}', 0, 'etl-adv-count/config/tpl/config/redis.properties', 'realtime-1', 'cc69d492-9d36-4bad-a71a-d83a7c9f9009');
INSERT INTO `source_config` VALUES ('52780b01-37a9-48e4-8468-43f127ebfcb0', '5286f7cd-3773-4361-90d6-f51fe4a024e5', '38071411-283d-4a16-a061-5316144cc396', '微信内网（receiver）服务部署地址（默认两个）【/data/wt/receiver/config】', '{\"source\":\"#{svr.domain.intranet.weixin.receiver,2}\",\"global\":false,\"ignoreCase\":false,\"matchIndex\":0}', 0, 'nginx/nginx/conf/nginx.conf', 'realtime-2:7713', '9ad78082-2e6e-4b75-8c6b-0a8333cce99d');
INSERT INTO `source_config` VALUES ('52b07f44-b7de-457f-a014-ecd5407b09f8', 'e58e440d-a1a5-4608-b918-5540e0b128b5', '565ec772-efa3-4c6a-a2da-44e81f906b39', 'redis 26480端口', '{\"source\":\"#{redis_26480,2}\",\"global\":false,\"ignoreCase\":false,\"matchIndex\":0}', 0, 'etl-adv-count/config/tpl/config/redis.properties', '26480', 'cc69d492-9d36-4bad-a71a-d83a7c9f9009');
INSERT INTO `source_config` VALUES ('5335c149-d63d-4b2f-8307-837743fe101e', '01fae700-c94b-487b-a635-08c5a72b6815', '606f0835-a6c1-4c82-8a73-484254d618aa', '前端mysql库连接配置（host,登录名,登录密码,端口）', '{\"source\":\"#{mysql,1}\",\"global\":false,\"ignoreCase\":false,\"matchIndex\":0}', 0, 'doc/部署准备资料/client-realtime-tpl/worker/config.properties', 'realtime-1', 'b3bb446d-d1ec-468a-994e-39b9703a744a');
INSERT INTO `source_config` VALUES ('53e3277c-3517-4078-a491-32b046ff5603', '7caec2a0-df23-456c-9c43-f9ea0dab0ccb', '674801dd-36d8-4386-af4e-41019e0c8208', 'impala连接配置（host,登录名,登录密码,端口,仓库名）', '{\"source\":\"#{impala,1}\",\"global\":false,\"ignoreCase\":false,\"matchIndex\":0}', 0, 'config/private/tpl/config.properties', 'realtime-1', '42a7003a-4eb8-4dc0-9393-1ca7383d123a');
INSERT INTO `source_config` VALUES ('549c9f14-5953-4da8-9b91-3e63539d9d1d', '5286f7cd-3773-4361-90d6-f51fe4a024e5', 'abf8ff3c-97a4-40f3-9a25-d92a48a7de38', 'redis 6379端口', '{\"source\":\"#{redis_6379,3}\",\"global\":false,\"ignoreCase\":false,\"matchIndex\":0}', 0, 'userbehaviorpath_usergroup/ubpa/bin/tpl/worker.py', 'Sun_unix*1101', 'f4e08264-398f-45e5-9a7e-5b5b512427b4');
INSERT INTO `source_config` VALUES ('54c8528a-3375-4673-9d55-605df0b8f8f1', '5286f7cd-3773-4361-90d6-f51fe4a024e5', 'abf8ff3c-97a4-40f3-9a25-d92a48a7de38', 'redis 6379端口', '{\"source\":\"#{redis_6379,2}\",\"global\":false,\"ignoreCase\":false,\"matchIndex\":0}', 0, 'userbehaviorpath_usergroup/ubpa/bin/tpl/worker.py', '6379', 'f4e08264-398f-45e5-9a7e-5b5b512427b4');
INSERT INTO `source_config` VALUES ('54fb42a8-1a6b-449a-bfaa-2ee4791037ba', '5286f7cd-3773-4361-90d6-f51fe4a024e5', 'd072d3b8-b6e0-4ae9-b119-d74dd203a619', '分析sdkv内网服务部署地址（默认1个）', '{\"source\":\"#{svr.domain.intranet.sdkv.www}\",\"global\":false,\"ignoreCase\":false,\"matchIndex\":0}', 0, 'nginx-single/nginx/conf/nginx.conf', 'realtime-1:8080', 'a992dda2-3bb8-464a-8e1d-40da1f71f275');
INSERT INTO `source_config` VALUES ('54fd34ed-149d-4c51-b123-06570c0c4d48', '171218c4-c51d-455b-8ab1-39bea10e1286', '1d10e7d9-98bb-4995-8c61-e6dc3a8ac03e', '触达2.0相关配置', '{\"source\":\"#{mktv2.config->server.activity}\",\"global\":false,\"ignoreCase\":false,\"matchIndex\":0}', 0, 'docs/tpl/scripts/package/playwell-client/README.md', 'realtime-mkt:1922', 'c1687c10-4867-4a26-a5ad-c5e80226df01');
INSERT INTO `source_config` VALUES ('55386a87-52b5-4068-b075-1dbde58bde9f', '424d629f-e5da-4c49-9604-04c1c7c2152f', '18d73a8b-7f0c-45dd-b9f7-3c6f1bfa278f', 'redis 26555端口', '{\"source\":\"#{redis_26555,3}\",\"global\":false,\"ignoreCase\":true,\"matchIndex\":0}', 0, 'src/config.ts.tpl', 'Sun_unix*1101', 'e1e63823-51e8-4b43-aa7e-b591c975b3f5');
INSERT INTO `source_config` VALUES ('55719e61-0878-48de-b72b-743ff972496f', 'b8f92387-21a4-4df0-8f8b-7f56791308e2', '5d38ebe9-203a-4140-ba72-98e2498513c2', 'es集群1的ip', '{\"source\":\"#{elasticsearch1,2}\",\"global\":false,\"ignoreCase\":false,\"matchIndex\":0}', 0, 'docs/config/tpl/config.properties', '9200', '59add1c5-5228-4cd1-ba13-ff62df2bfb14');
INSERT INTO `source_config` VALUES ('57ad6bf1-dc1b-45b2-bc71-3c1f6c2d6afc', 'a03aa383-d78b-4e36-bad4-cd873cd91eeb', '15d0f53e-9253-4a3a-af47-656b854b0f3b', '固定日报发送周期', '{\"source\":\"#{m_webapp.send_period}\",\"global\":false,\"ignoreCase\":false,\"matchIndex\":0}', 0, '.env.production.tpl', '', '3f4cb6de-cfbb-4b9a-8b55-52853c4c184d');
INSERT INTO `source_config` VALUES ('5862c418-44a4-41c2-9f2d-32b2f2c820fc', 'e58e440d-a1a5-4608-b918-5540e0b128b5', 'b06a5506-bc66-4090-8e98-506f03773593', 'ssdb 8888端口', '{\"source\":\"#{ssdb_8888,2}\",\"global\":false,\"ignoreCase\":false,\"matchIndex\":0}', 0, 'etl-paopi/config/tpl/config/redis.properties', '8888', '1af445aa-8947-4585-8134-33839697a1ce');
INSERT INTO `source_config` VALUES ('58e788bd-fef0-46e5-b05e-317298500d72', 'b5c71d51-7a01-4cd3-b661-c6afbd16f108', '70822287-b390-404f-9cd0-aca103a7355d', 'es集群1的ip', '{\"source\":\"#{elasticsearch1,2}\",\"global\":false,\"ignoreCase\":false,\"matchIndex\":0}', 0, 'docs/config/tpl/application.properties', '9200', '1e60d50d-0c17-4617-9da6-ec297c9f6866');
INSERT INTO `source_config` VALUES ('5937d5ab-1710-46fc-a869-77d3e273cb1b', '5286f7cd-3773-4361-90d6-f51fe4a024e5', '38071411-283d-4a16-a061-5316144cc396', 'node服务（来源映射、sdk、实时概览、数据接入等）', '{\"source\":\"#{svr.domain.intranet.node}\",\"global\":false,\"ignoreCase\":false,\"matchIndex\":0}', 0, 'nginx/nginx/conf/nginx.conf', 'realtime-3:9004', '9ad78082-2e6e-4b75-8c6b-0a8333cce99d');
INSERT INTO `source_config` VALUES ('5948b6fe-0fdb-4346-9f4f-ae2cec34cdaa', 'e58e440d-a1a5-4608-b918-5540e0b128b5', '57626162-4ab5-4e1a-8ff4-d125a03095c4', '前端mysql库连接配置（host,登录名,登录密码,端口）', '{\"source\":\"#{mysql,2}\",\"global\":false,\"ignoreCase\":false,\"matchIndex\":0}', 0, 'etl-gate/config/tpl/config/front_db.properties', 'web', 'def8f93e-eda9-403a-885a-6b8cf6ccd73f');
INSERT INTO `source_config` VALUES ('5971130a-f8e7-4a22-90e5-2668b050c97e', 'e8c5b131-ce6c-4cff-b6c7-7efcfd5db04f', '228eef90-b176-4fa6-9ce8-30a7278d152f', '分析平台内部打点上传应用app_key', '{\"source\":\"#{webapp.appkey_zg}\",\"global\":false,\"ignoreCase\":false,\"matchIndex\":0}', 0, 'spa/config/prod.env.js.tpl', '5f8a935cd15a47419df0e07d0547551b', '679650a4-5526-470f-a78e-a6aeb449b39d');
INSERT INTO `source_config` VALUES ('5ab4bdd7-05bf-471a-a524-bc5e9543a237', 'b8f92387-21a4-4df0-8f8b-7f56791308e2', '5d38ebe9-203a-4140-ba72-98e2498513c2', 'es集群2的ip', '{\"source\":\"#{elasticsearch2,2}\",\"global\":false,\"ignoreCase\":false,\"matchIndex\":0}', 0, 'docs/config/tpl/config.properties', '9200', '59add1c5-5228-4cd1-ba13-ff62df2bfb14');
INSERT INTO `source_config` VALUES ('5b0262a8-9397-429f-9753-045deb09aadd', 'e58e440d-a1a5-4608-b918-5540e0b128b5', '2c620647-cc28-4a32-bc3e-875e1c004437', 'kafka服务集群', '{\"source\":\"#{kafka_bootstrap_servers}\",\"global\":false,\"ignoreCase\":false,\"matchIndex\":0}', 0, 'etl-single/config/tpl/config/config.properties', 'realtime-1:9092,realtime-2:9092,realtime-3:9092', 'd6281022-0c4a-4900-8652-34d251b4b0e0');
INSERT INTO `source_config` VALUES ('5c06fde7-8b6a-4874-a496-f331ae8be9a2', '01fae700-c94b-487b-a635-08c5a72b6815', '606f0835-a6c1-4c82-8a73-484254d618aa', '微信客户端clientId，可访问该地址生成：https://weixin.zhugeio.com/s/v1/newClientId', '{\"source\":\"#{wt.client.client_id}\",\"global\":false,\"ignoreCase\":false,\"matchIndex\":0}', 0, 'doc/部署准备资料/client-realtime-tpl/consumer/config.properties', '9d3266fd556a4db7b9616d385f8bdf8f', 'b3bb446d-d1ec-468a-994e-39b9703a744a');
INSERT INTO `source_config` VALUES ('5eb59f34-b109-4ad5-aac3-1c9aae605b53', '01fae700-c94b-487b-a635-08c5a72b6815', '606f0835-a6c1-4c82-8a73-484254d618aa', 'redis 26480端口', '{\"source\":\"#{redis_26480,3}\",\"global\":false,\"ignoreCase\":false,\"matchIndex\":0}', 0, 'doc/部署准备资料/client-realtime-tpl/worker/config.properties', 'Sun_unix*1101', 'b3bb446d-d1ec-468a-994e-39b9703a744a');
INSERT INTO `source_config` VALUES ('5f095917-b10e-44f6-8288-7128b9ea2f5a', 'e58e440d-a1a5-4608-b918-5540e0b128b5', '565ec772-efa3-4c6a-a2da-44e81f906b39', 'redis 8897端口', '{\"source\":\"#{redis_8897,1}\",\"global\":false,\"ignoreCase\":false,\"matchIndex\":0}', 0, 'etl-adv-count/config/tpl/config/redis.properties', 'realtime-2', 'cc69d492-9d36-4bad-a71a-d83a7c9f9009');
INSERT INTO `source_config` VALUES ('5f5bbaba-a3ac-4466-991f-07d5a07b49e7', '5286f7cd-3773-4361-90d6-f51fe4a024e5', '995da2c5-3dc4-4f2b-807b-8ed1bc2a4e5c', '前端mysql库连接配置（host,登录名,登录密码,端口）', '{\"source\":\"#{mysql,1}\",\"global\":false,\"ignoreCase\":false,\"matchIndex\":0}', 0, 'es-index/zanalytics-index-db/tpl/impala-shell.sh', 'realtime-1', 'a97922a1-618c-40c6-b95a-3a4f8380a55a');
INSERT INTO `source_config` VALUES ('5f9ff9f7-5542-4b76-a15b-26c5b94278ae', '7caec2a0-df23-456c-9c43-f9ea0dab0ccb', '674801dd-36d8-4386-af4e-41019e0c8208', 'zgsee-pix服务kafka-topic', '{\"source\":\"#{zgsee.pix.kafka_topic}\",\"global\":false,\"ignoreCase\":false,\"matchIndex\":0}', 0, 'config/private/tpl/config.properties', 'zg_see_pix', '42a7003a-4eb8-4dc0-9393-1ca7383d123a');
INSERT INTO `source_config` VALUES ('5fd5d698-deb9-4c79-9e8f-e47ab71aac79', '01fae700-c94b-487b-a635-08c5a72b6815', '606f0835-a6c1-4c82-8a73-484254d618aa', '微信客户端kafka-topic', '{\"source\":\"#{wt.client.kafka_topic}\",\"global\":false,\"ignoreCase\":false,\"matchIndex\":0}', 0, 'doc/部署准备资料/client-realtime-tpl/consumer/config.properties', 'wt-weixin-topic', 'b3bb446d-d1ec-468a-994e-39b9703a744a');
INSERT INTO `source_config` VALUES ('6001a6be-17c2-423f-8b47-57a358e90f4c', 'e7fa2e6a-1f41-4d25-b047-349d0c76754d', 'b6b2106f-e3aa-4be4-9fb1-1c2aa8b425e2', 'impala连接配置（host,登录名,登录密码,端口,仓库名）', '{\"source\":\"#{impala,1}\",\"global\":false,\"ignoreCase\":false,\"matchIndex\":0}', 0, 'docs/config/tpl/application-kpt.yml', 'realtime-1', '3fb6bac6-acfc-400e-9328-eabf02a561e2');
INSERT INTO `source_config` VALUES ('601fdd91-921f-4909-8a1d-d4e50ea21fe2', '424d629f-e5da-4c49-9604-04c1c7c2152f', '18d73a8b-7f0c-45dd-b9f7-3c6f1bfa278f', '前端mysql库连接配置（host,登录名,登录密码,端口）', '{\"source\":\"#{mysql,1}\",\"global\":false,\"ignoreCase\":false,\"matchIndex\":0}', 0, 'src/config.ts.tpl', 'realtime-1', 'e1e63823-51e8-4b43-aa7e-b591c975b3f5');
INSERT INTO `source_config` VALUES ('60af0d0a-fdad-4cac-9096-40c0d37312cf', 'e58e440d-a1a5-4608-b918-5540e0b128b5', 'd2adae98-dc8e-46c4-beb9-b5df5c4cc83c', 'redis 8893端口', '{\"source\":\"#{redis_8893,3}\",\"global\":false,\"ignoreCase\":false,\"matchIndex\":0}', 0, 'etl-id-kudu/config/tpl/config/id_redis.properties', NULL, '7c33482b-864c-4b51-9d24-1d44a31b0818');
INSERT INTO `source_config` VALUES ('60c29161-a12c-4eff-bb87-e2a1cdb63218', '5286f7cd-3773-4361-90d6-f51fe4a024e5', 'd072d3b8-b6e0-4ae9-b119-d74dd203a619', 'zgsee内网服务部署地址', '{\"source\":\"#{svr.domain.intranet.zgsee.www}\",\"global\":false,\"ignoreCase\":false,\"matchIndex\":0}', 0, 'nginx-single/nginx/conf/nginx.conf', 'realtime-1:18080', 'a992dda2-3bb8-464a-8e1d-40da1f71f275');
INSERT INTO `source_config` VALUES ('610ba6d8-d568-4e8e-a21f-80b038913a75', 'f44a753c-d1a3-4c8b-be56-69bb9b032da9', 'c0cc7efd-48a7-417e-9f28-14f2b3316d01', '登录地址', '{\"source\":\"#{market.login_url}\",\"global\":false,\"ignoreCase\":false,\"matchIndex\":0}', 0, 'config/constants.js.tpl', '/webapp/app/login', '07244c11-ad9e-43b6-9d02-4bf7ea25dd85');
INSERT INTO `source_config` VALUES ('617502b8-3980-4b99-8bd9-3c03a3427aa9', 'b5c71d51-7a01-4cd3-b661-c6afbd16f108', '70822287-b390-404f-9cd0-aca103a7355d', 'ssdb 8888端口', '{\"source\":\"#{ssdb_8888,1}\",\"global\":false,\"ignoreCase\":false,\"matchIndex\":0}', 0, 'docs/config/tpl/application.properties', 'realtime-1', '1e60d50d-0c17-4617-9da6-ec297c9f6866');
INSERT INTO `source_config` VALUES ('630d7300-b33b-46bf-bce7-689192bbe888', 'e7fa2e6a-1f41-4d25-b047-349d0c76754d', 'b6b2106f-e3aa-4be4-9fb1-1c2aa8b425e2', 'ssdb 8888端口', '{\"source\":\"#{ssdb_8888,2}\",\"global\":false,\"ignoreCase\":false,\"matchIndex\":0}', 0, 'docs/config/tpl/application.properties', '8888', '3fb6bac6-acfc-400e-9328-eabf02a561e2');
INSERT INTO `source_config` VALUES ('63d987f4-dde6-4a6c-8422-e8e560cfb366', '424d629f-e5da-4c49-9604-04c1c7c2152f', '18d73a8b-7f0c-45dd-b9f7-3c6f1bfa278f', '', '{\"source\":\"#{node->isSSO}\",\"global\":false,\"ignoreCase\":false,\"matchIndex\":0}', 0, 'src/config.ts.tpl', 'false', 'e1e63823-51e8-4b43-aa7e-b591c975b3f5');
INSERT INTO `source_config` VALUES ('64d8aca2-f604-4bb3-8049-47ae8f771761', 'e58e440d-a1a5-4608-b918-5540e0b128b5', '57626162-4ab5-4e1a-8ff4-d125a03095c4', '前端mysql库连接配置（host,登录名,登录密码,端口）', '{\"source\":\"#{mysql,3}\",\"global\":false,\"ignoreCase\":false,\"matchIndex\":0}', 0, 'etl-gate/config/tpl/config/front_db.properties', 'zanalytics', 'def8f93e-eda9-403a-885a-6b8cf6ccd73f');
INSERT INTO `source_config` VALUES ('6529d6b9-3141-40cf-8d80-dcea7f657d2f', '424d629f-e5da-4c49-9604-04c1c7c2152f', '18d73a8b-7f0c-45dd-b9f7-3c6f1bfa278f', '前端mysql库连接配置（host,登录名,登录密码,端口）', '{\"source\":\"#{mysql,4/3306}\",\"global\":false,\"ignoreCase\":false,\"matchIndex\":0}', 0, 'src/config.ts.tpl', '3306', 'e1e63823-51e8-4b43-aa7e-b591c975b3f5');
INSERT INTO `source_config` VALUES ('6561dfb1-fcc0-4873-a0c7-74161432467b', 'e58e440d-a1a5-4608-b918-5540e0b128b5', 'c4943386-e46a-4811-82e7-41da8dbacc73', '前端mysql库连接配置（host,登录名,登录密码,端口）', '{\"source\":\"#{mysql,1}\",\"global\":false,\"ignoreCase\":false,\"matchIndex\":0}', 0, 'etl-dw-kudu/config/tpl/config/front_db.properties', 'realtime-1', 'f3d4ce35-7b4d-4061-aa7f-2b6d8a2036cc');
INSERT INTO `source_config` VALUES ('65657074-4f06-4b4f-9d41-738276cc0ec8', '675a30a8-8dc3-4799-abfe-4ca6737414e8', 'd994ed15-a2c8-4456-b347-af0b35d6137f', 'impala连接配置（host,登录名,登录密码,端口,仓库名）', '{\"source\":\"#{impala,1}\",\"global\":false,\"ignoreCase\":false,\"matchIndex\":0}', 0, 'config/tpl/clockwork.config', 'realtime-1', '1bcfc8fc-d2fb-4d29-a2b5-e9a216db75f2');
INSERT INTO `source_config` VALUES ('663e9a1d-0349-4ce7-b74a-7022c651a4ed', '6ea4a7ad-7940-4057-b425-47f2ad04822a', 'dc44dfb8-2e9a-4429-816a-f4c1877a4504', 'kafka服务集群', '{\"source\":\"#{kafka_bootstrap_servers}\",\"global\":false,\"ignoreCase\":false,\"matchIndex\":0}', 0, 'tpl/config/application.yml', 'realtime-1:9092,realtime-2:9092,realtime-3:9092', '80d90559-dd8b-417b-bb27-67e40b2c16f8');
INSERT INTO `source_config` VALUES ('679c1a69-aef7-4002-850e-54df20ecc523', 'e58e440d-a1a5-4608-b918-5540e0b128b5', '69bcc435-79e0-45db-9a18-2553d2a07cc7', 'redis 8898端口', '{\"source\":\"#{redis_8898,1}\",\"global\":false,\"ignoreCase\":false,\"matchIndex\":0}', 0, 'etl-count/config/tpl/config/redis.properties', 'realtime-2', '0bda27da-5615-4485-b076-f06be0f5a437');
INSERT INTO `source_config` VALUES ('67d1e159-b9be-4015-9de7-9451ece361f9', '01fae700-c94b-487b-a635-08c5a72b6815', '606f0835-a6c1-4c82-8a73-484254d618aa', 'redis 26480端口', '{\"source\":\"#{redis_26480,2}\",\"global\":false,\"ignoreCase\":false,\"matchIndex\":0}', 0, 'doc/部署准备资料/client-realtime-tpl/worker/config.properties', '26480', 'b3bb446d-d1ec-468a-994e-39b9703a744a');
INSERT INTO `source_config` VALUES ('6931902c-aaec-43a2-ba17-51e8b7193551', 'a03aa383-d78b-4e36-bad4-cd873cd91eeb', '15d0f53e-9253-4a3a-af47-656b854b0f3b', '诸葛打点，0关闭，1上传至saas，2上传至私有部署', '{\"source\":\"#{webapp.use_track}\",\"global\":false,\"ignoreCase\":false,\"matchIndex\":0}', 0, '.env.production.tpl', '0', '3f4cb6de-cfbb-4b9a-8b55-52853c4c184d');
INSERT INTO `source_config` VALUES ('6989c3bd-e2a8-4cbc-b72f-feffa0d9c664', 'e8c5b131-ce6c-4cff-b6c7-7efcfd5db04f', '228eef90-b176-4fa6-9ce8-30a7278d152f', '合并端口内网访问地址', '{\"source\":\"#{svr.domain.intranet}\",\"global\":false,\"ignoreCase\":true,\"matchIndex\":0}', 0, 'spa/config/prod.env.js.tpl', 'realtime-1:80', '679650a4-5526-470f-a78e-a6aeb449b39d');
INSERT INTO `source_config` VALUES ('69b0f449-9f94-4ad2-b4f9-e21e99f2ac09', 'e58e440d-a1a5-4608-b918-5540e0b128b5', 'c4943386-e46a-4811-82e7-41da8dbacc73', 'redis 8895端口', '{\"source\":\"#{redis_8895,2}\",\"global\":false,\"ignoreCase\":false,\"matchIndex\":0}', 0, 'etl-dw-kudu/config/tpl/config/redis.properties', '8895', 'f3d4ce35-7b4d-4061-aa7f-2b6d8a2036cc');
INSERT INTO `source_config` VALUES ('6a636295-9019-49b9-9138-14944d533fd5', '5286f7cd-3773-4361-90d6-f51fe4a024e5', 'd072d3b8-b6e0-4ae9-b119-d74dd203a619', 'es查询服务', '{\"source\":\"#{svr.domain.intranet.es.www}\",\"global\":false,\"ignoreCase\":false,\"matchIndex\":0}', 0, 'nginx-single/nginx/conf/nginx.conf-upload', 'realtime-2:7808', 'a992dda2-3bb8-464a-8e1d-40da1f71f275');
INSERT INTO `source_config` VALUES ('6a6b564e-48b6-499a-a6f4-e7978df255da', 'e58e440d-a1a5-4608-b918-5540e0b128b5', 'd2adae98-dc8e-46c4-beb9-b5df5c4cc83c', 'redis 8893端口', '{\"source\":\"#{redis_8893,1}\",\"global\":false,\"ignoreCase\":false,\"matchIndex\":0}', 0, 'etl-id-kudu/config/tpl/config/id_redis.properties', 'realtime-2', '7c33482b-864c-4b51-9d24-1d44a31b0818');
INSERT INTO `source_config` VALUES ('6b09c00b-c622-4164-ab33-327679887c4b', 'e58e440d-a1a5-4608-b918-5540e0b128b5', '2c620647-cc28-4a32-bc3e-875e1c004437', 'redis 8892端口', '{\"source\":\"#{redis_8892,3}\",\"global\":false,\"ignoreCase\":false,\"matchIndex\":0}', 0, 'etl-single/config/tpl/config/redis.properties', NULL, 'd6281022-0c4a-4900-8652-34d251b4b0e0');
INSERT INTO `source_config` VALUES ('6be132ee-6b1a-450b-81af-751b9c715401', 'e58e440d-a1a5-4608-b918-5540e0b128b5', 'b06a5506-bc66-4090-8e98-506f03773593', '前端mysql库连接配置（host,登录名,登录密码,端口）', '{\"source\":\"#{mysql,4/3306}\",\"global\":false,\"ignoreCase\":false,\"matchIndex\":0}', 0, 'etl-paopi/config/tpl/config/hive_db.properties', '3306', '1af445aa-8947-4585-8134-33839697a1ce');
INSERT INTO `source_config` VALUES ('6c4aa8ed-28dc-4342-b657-475d29b65cee', '5286f7cd-3773-4361-90d6-f51fe4a024e5', '38071411-283d-4a16-a061-5316144cc396', '分析api内网服务部署地址（默认1个）', '{\"source\":\"#{svr.domain.intranet.api.www}\",\"global\":false,\"ignoreCase\":false,\"matchIndex\":0}', 0, 'nginx/nginx/conf/nginx.conf', 'realtime-1:8800', '9ad78082-2e6e-4b75-8c6b-0a8333cce99d');
INSERT INTO `source_config` VALUES ('6caeae43-9712-49b9-af7d-5d8aa570e8c7', 'e58e440d-a1a5-4608-b918-5540e0b128b5', '2c620647-cc28-4a32-bc3e-875e1c004437', 'impala连接配置（host,登录名,登录密码,端口,仓库名）', '{\"source\":\"#{impala,2}\",\"global\":false,\"ignoreCase\":false,\"matchIndex\":0}', 0, 'etl-single/config/tpl/config/impala_db.properties', 'admin', 'd6281022-0c4a-4900-8652-34d251b4b0e0');
INSERT INTO `source_config` VALUES ('6d5b1843-8f3a-47a7-b38c-9f714526a9bf', '5286f7cd-3773-4361-90d6-f51fe4a024e5', '38071411-283d-4a16-a061-5316144cc396', '触达2.0相关配置', '{\"source\":\"#{mktv2.config->server.www}\",\"global\":false,\"ignoreCase\":false,\"matchIndex\":0}', 0, 'nginx/nginx/conf/nginx.conf', 'realtime-mkt:18001', '9ad78082-2e6e-4b75-8c6b-0a8333cce99d');
INSERT INTO `source_config` VALUES ('6d8bf4e6-fd7a-44b8-adb0-596e0544ef7f', '5286f7cd-3773-4361-90d6-f51fe4a024e5', '17dca2aa-a90a-4a2e-8660-541b67c1d95f', 'redis 6379端口', '{\"source\":\"#{redis_6379,2}\",\"global\":false,\"ignoreCase\":false,\"matchIndex\":0}', 0, 'zanalytics_online_debug/online_debug_config.py-tpl', '6379', 'eab04e09-e6a8-48ba-89fa-d9db78696f28');
INSERT INTO `source_config` VALUES ('6d98e593-b44a-4427-a59e-2d8d7660bcd9', 'e58e440d-a1a5-4608-b918-5540e0b128b5', '2c620647-cc28-4a32-bc3e-875e1c004437', 'redis 6379端口', '{\"source\":\"#{redis_6379,2}\",\"global\":false,\"ignoreCase\":false,\"matchIndex\":0}', 0, 'etl-single/config/tpl/config/redis.properties', '6379', 'd6281022-0c4a-4900-8652-34d251b4b0e0');
INSERT INTO `source_config` VALUES ('6e0320e0-72e0-4674-a457-2b948b2a6b1b', '5286f7cd-3773-4361-90d6-f51fe4a024e5', 'abf8ff3c-97a4-40f3-9a25-d92a48a7de38', '前端mysql库连接配置（host,登录名,登录密码,端口）', '{\"source\":\"#{mysql,4/3306}\",\"global\":false,\"ignoreCase\":false,\"matchIndex\":0}', 0, 'userbehaviorpath_usergroup/behavior_path_hadoop/tpl/behavior_config.yml', '3306', 'f4e08264-398f-45e5-9a7e-5b5b512427b4');
INSERT INTO `source_config` VALUES ('6e8a8ff6-2b3e-49d6-9785-fafade361f4c', '5286f7cd-3773-4361-90d6-f51fe4a024e5', 'd072d3b8-b6e0-4ae9-b119-d74dd203a619', 'node服务（来源映射、sdk、实时概览、数据接入等）', '{\"source\":\"#{svr.domain.intranet.node}\",\"global\":false,\"ignoreCase\":false,\"matchIndex\":0}', 0, 'nginx-single/nginx/conf/nginx.conf-upload', 'realtime-3:9004', 'a992dda2-3bb8-464a-8e1d-40da1f71f275');
INSERT INTO `source_config` VALUES ('70218704-aac5-4fc4-a0fa-ff1c08edfff5', '5286f7cd-3773-4361-90d6-f51fe4a024e5', '38071411-283d-4a16-a061-5316144cc396', '微信内网（receiver）服务部署地址（默认两个）【/data/wt/receiver/config】', '{\"source\":\"#{svr.domain.intranet.weixin.receiver,1}\",\"global\":false,\"ignoreCase\":false,\"matchIndex\":0}', 0, 'nginx/nginx/conf/nginx.conf', 'realtime-1:7713', '9ad78082-2e6e-4b75-8c6b-0a8333cce99d');
INSERT INTO `source_config` VALUES ('71304fcb-efe8-492e-9a32-7c7a7b1c0601', 'b5c71d51-7a01-4cd3-b661-c6afbd16f108', '70822287-b390-404f-9cd0-aca103a7355d', 'elasticsearch用户名、密码', '{\"source\":\"#{elasticsearch.auth,1}\",\"global\":false,\"ignoreCase\":false,\"matchIndex\":0}', 0, 'docs/config/tpl/application.properties', 'elastic', '1e60d50d-0c17-4617-9da6-ec297c9f6866');
INSERT INTO `source_config` VALUES ('71c87b6f-7419-49fb-83a0-3ba026dfe4d9', '64e49573-c01b-4c86-bed9-6c634ba6dbad', 'ddaaef35-6269-4afb-a446-7285b8a6a809', 'redis 6379端口', '{\"source\":\"#{redis_6379,2}\",\"global\":false,\"ignoreCase\":false,\"matchIndex\":0}', 0, 'bin/tpl/config.yml', '6379', '2e1fb66e-9ebb-4724-8923-86345aa5af49');
INSERT INTO `source_config` VALUES ('72672a77-9c1b-4d5c-8fcb-8fd6e4ac365c', 'e58e440d-a1a5-4608-b918-5540e0b128b5', 'a4bff95a-4ea6-4299-a8b4-eff6dac2b68b', 'redis 26480端口', '{\"source\":\"#{redis_26480,2}\",\"global\":false,\"ignoreCase\":false,\"matchIndex\":0}', 0, 'etl-count-et/config/tpl/config/redis.properties', '26480', '5ce13a14-0829-40a9-886e-3806a93f2eed');
INSERT INTO `source_config` VALUES ('72d6c9b4-f673-47cb-ac39-c228692ffddc', '5286f7cd-3773-4361-90d6-f51fe4a024e5', '38071411-283d-4a16-a061-5316144cc396', 'debug内网服务部署地址', '{\"source\":\"#{svr.domain.intranet.debug.www}\",\"global\":false,\"ignoreCase\":false,\"matchIndex\":0}', 0, 'nginx/nginx/conf/nginx.conf', 'realtime-1:16688', '9ad78082-2e6e-4b75-8c6b-0a8333cce99d');
INSERT INTO `source_config` VALUES ('745755c0-88ac-4c01-8897-29797d81b7f0', 'e58e440d-a1a5-4608-b918-5540e0b128b5', '69bcc435-79e0-45db-9a18-2553d2a07cc7', 'redis 26480端口', '{\"source\":\"#{redis_26480,3}\",\"global\":false,\"ignoreCase\":false,\"matchIndex\":0}', 0, 'etl-count/config/tpl/config/redis.properties', 'Sun_unix*1101', '0bda27da-5615-4485-b076-f06be0f5a437');
INSERT INTO `source_config` VALUES ('74ccf819-6bc5-449b-a5d9-5d41dae90264', 'e58e440d-a1a5-4608-b918-5540e0b128b5', 'b06a5506-bc66-4090-8e98-506f03773593', 'impala连接配置（host,登录名,登录密码,端口,仓库名）', '{\"source\":\"#{impala,4}\",\"global\":false,\"ignoreCase\":false,\"matchIndex\":0}', 0, 'etl-paopi/config/tpl/config/impala_db.properties', '21050', '1af445aa-8947-4585-8134-33839697a1ce');
INSERT INTO `source_config` VALUES ('74cddfc7-966f-4c7f-bffb-2de56b37f7de', 'e8c5b131-ce6c-4cff-b6c7-7efcfd5db04f', '228eef90-b176-4fa6-9ce8-30a7278d152f', '显示logo', '{\"source\":\"#{webapp.show_logo}\",\"global\":false,\"ignoreCase\":false,\"matchIndex\":0}', 0, 'spa/config/prod.env.js.tpl', 'true', '679650a4-5526-470f-a78e-a6aeb449b39d');
INSERT INTO `source_config` VALUES ('74df8fcd-e776-4b85-8cde-5ca3f5855def', '01fae700-c94b-487b-a635-08c5a72b6815', '606f0835-a6c1-4c82-8a73-484254d618aa', '微信服务端www访问地址', '{\"source\":\"#{wt.server.domain.extranet}\",\"global\":false,\"ignoreCase\":false,\"matchIndex\":0}', 0, 'doc/部署准备资料/client-realtime-tpl/www/config.properties', 'https://weixin.zhugeio.com', 'b3bb446d-d1ec-468a-994e-39b9703a744a');
INSERT INTO `source_config` VALUES ('753d0c66-011e-4431-b5f7-7eba5394dc26', 'e58e440d-a1a5-4608-b918-5540e0b128b5', '57626162-4ab5-4e1a-8ff4-d125a03095c4', '前端mysql库连接配置（host,登录名,登录密码,端口）', '{\"source\":\"#{mysql,1}\",\"global\":false,\"ignoreCase\":false,\"matchIndex\":0}', 0, 'etl-gate/config/tpl/config/front_db.properties', 'realtime-1', 'def8f93e-eda9-403a-885a-6b8cf6ccd73f');
INSERT INTO `source_config` VALUES ('765c6647-ada6-4be4-845f-6faae87235d2', 'e58e440d-a1a5-4608-b918-5540e0b128b5', 'c4943386-e46a-4811-82e7-41da8dbacc73', 'impala连接配置（host,登录名,登录密码,端口,仓库名）', '{\"source\":\"#{impala,2}\",\"global\":false,\"ignoreCase\":false,\"matchIndex\":0}', 0, 'etl-dw-kudu/config/tpl/config/impala_db.properties', 'admin', 'f3d4ce35-7b4d-4061-aa7f-2b6d8a2036cc');
INSERT INTO `source_config` VALUES ('76702d4c-b7be-4f98-a537-3f3cd18bd955', 'e58e440d-a1a5-4608-b918-5540e0b128b5', 'd2adae98-dc8e-46c4-beb9-b5df5c4cc83c', '前端mysql库连接配置（host,登录名,登录密码,端口）', '{\"source\":\"#{mysql,1}\",\"global\":false,\"ignoreCase\":false,\"matchIndex\":0}', 0, 'etl-id-kudu/config/tpl/config/front_db.properties', 'realtime-1', '7c33482b-864c-4b51-9d24-1d44a31b0818');
INSERT INTO `source_config` VALUES ('778625c6-a2d3-427a-9c60-138821a66ea4', '01fae700-c94b-487b-a635-08c5a72b6815', '606f0835-a6c1-4c82-8a73-484254d618aa', '合并端口内网访问地址', '{\"source\":\"#{svr.domain.intranet}\",\"global\":false,\"ignoreCase\":false,\"matchIndex\":0}', 0, 'doc/部署准备资料/client-realtime-tpl/worker/config.properties', 'realtime-1:80', 'b3bb446d-d1ec-468a-994e-39b9703a744a');
INSERT INTO `source_config` VALUES ('785de81c-db52-4566-aeed-a882131cf958', '171218c4-c51d-455b-8ab1-39bea10e1286', '1d10e7d9-98bb-4995-8c61-e6dc3a8ac03e', '触达2.0相关配置', '{\"source\":\"#{mktv2.config->server.adapter}\",\"global\":false,\"ignoreCase\":true,\"matchIndex\":0}', 0, 'docs/tpl/README.md', 'realtime-mkt:1920', 'c1687c10-4867-4a26-a5ad-c5e80226df01');
INSERT INTO `source_config` VALUES ('78bdac30-2867-46a4-9260-f52e5f0ce951', '5286f7cd-3773-4361-90d6-f51fe4a024e5', '17dca2aa-a90a-4a2e-8660-541b67c1d95f', 'redis 6379端口', '{\"source\":\"#{redis_6379,1}\",\"global\":false,\"ignoreCase\":false,\"matchIndex\":0}', 0, 'zanalytics_online_debug/online_debug_config.py-tpl', 'realtime-1', 'eab04e09-e6a8-48ba-89fa-d9db78696f28');
INSERT INTO `source_config` VALUES ('79be268d-bddd-4ed3-a98c-4675f11ebd2f', '171218c4-c51d-455b-8ab1-39bea10e1286', '1d10e7d9-98bb-4995-8c61-e6dc3a8ac03e', '触达2.0相关配置', '{\"source\":\"#{mktv2.config->server.postman}\",\"global\":false,\"ignoreCase\":true,\"matchIndex\":0}', 0, 'docs/tpl/README.md', 'realtime-mkt:1924', 'c1687c10-4867-4a26-a5ad-c5e80226df01');
INSERT INTO `source_config` VALUES ('7a35c67b-abbf-4ef7-bfb7-bb266dd6d194', 'b8f92387-21a4-4df0-8f8b-7f56791308e2', '5d38ebe9-203a-4140-ba72-98e2498513c2', 'es集群2的ip', '{\"source\":\"#{elasticsearch2,1}\",\"global\":false,\"ignoreCase\":false,\"matchIndex\":0}', 0, 'docs/config/tpl/config.properties', 'realtime-2', '59add1c5-5228-4cd1-ba13-ff62df2bfb14');
INSERT INTO `source_config` VALUES ('7b41d6c7-38e8-4675-9ae4-233325ebfce4', '5286f7cd-3773-4361-90d6-f51fe4a024e5', 'd072d3b8-b6e0-4ae9-b119-d74dd203a619', '分析api内网服务部署地址（默认1个）', '{\"source\":\"#{svr.domain.intranet.api.www}\",\"global\":false,\"ignoreCase\":false,\"matchIndex\":0}', 0, 'nginx-single/nginx/conf/nginx.conf-upload', 'realtime-1:8800', 'a992dda2-3bb8-464a-8e1d-40da1f71f275');
INSERT INTO `source_config` VALUES ('7b7ab5f8-3481-4c35-8193-4c996b579fbb', '5286f7cd-3773-4361-90d6-f51fe4a024e5', '995da2c5-3dc4-4f2b-807b-8ed1bc2a4e5c', '前端mysql库连接配置（host,登录名,登录密码,端口）', '{\"source\":\"#{mysql,3}\",\"global\":false,\"ignoreCase\":false,\"matchIndex\":0}', 0, 'es-index/zanalytics-index-db/tpl/impala-shell.sh', 'zanalytics', 'a97922a1-618c-40c6-b95a-3a4f8380a55a');
INSERT INTO `source_config` VALUES ('7c7eef65-0806-435c-9ba7-cedc0152f8b7', '01fae700-c94b-487b-a635-08c5a72b6815', '606f0835-a6c1-4c82-8a73-484254d618aa', 'redis 26480端口', '{\"source\":\"#{redis_26480,1}\",\"global\":false,\"ignoreCase\":false,\"matchIndex\":0}', 0, 'doc/部署准备资料/client-realtime-tpl/consumer/config.properties', 'realtime-1', 'b3bb446d-d1ec-468a-994e-39b9703a744a');
INSERT INTO `source_config` VALUES ('7caf8a2d-9e72-404d-b28e-5658c92baaef', 'e58e440d-a1a5-4608-b918-5540e0b128b5', 'c4943386-e46a-4811-82e7-41da8dbacc73', '前端mysql库连接配置（host,登录名,登录密码,端口）', '{\"source\":\"#{mysql,3}\",\"global\":false,\"ignoreCase\":false,\"matchIndex\":0}', 0, 'etl-dw-kudu/config/tpl/config/front_db.properties', 'zanalytics', 'f3d4ce35-7b4d-4061-aa7f-2b6d8a2036cc');
INSERT INTO `source_config` VALUES ('7dcf656f-339e-444d-960b-260454738352', '9b83f7b0-6c89-408b-b150-a1d266d8bb4b', 'd80fa45c-7274-42ff-aefb-d39fdbfcf7b8', 'sdkv-tomcat目录,api-tomcat目录', '{\"source\":\"#{tomcat-analysis.path,1}\",\"global\":false,\"ignoreCase\":true,\"matchIndex\":0}', 0, 'docs/config/tpl-service/log4j2.xml', '/data/localization/web/tomcat', 'b76a51b5-a127-4ba8-bd83-fb510acae56c');
INSERT INTO `source_config` VALUES ('7e2895e6-ead0-49e1-a531-0c86c646b817', '5286f7cd-3773-4361-90d6-f51fe4a024e5', 'd072d3b8-b6e0-4ae9-b119-d74dd203a619', 'es查询服务', '{\"source\":\"#{svr.domain.intranet.es.www}\",\"global\":false,\"ignoreCase\":false,\"matchIndex\":0}', 0, 'nginx-single/nginx/conf/nginx.conf', 'realtime-2:7808', 'a992dda2-3bb8-464a-8e1d-40da1f71f275');
INSERT INTO `source_config` VALUES ('7f25f84e-dd9b-4d02-a1ee-97af95909f36', '01fae700-c94b-487b-a635-08c5a72b6815', '606f0835-a6c1-4c82-8a73-484254d618aa', 'redis 26480端口', '{\"source\":\"#{redis_26480,1}\",\"global\":false,\"ignoreCase\":false,\"matchIndex\":0}', 0, 'doc/部署准备资料/client-realtime-tpl/worker/config.properties', 'realtime-1', 'b3bb446d-d1ec-468a-994e-39b9703a744a');
INSERT INTO `source_config` VALUES ('7fef952d-d6f0-4b12-a3e6-9806be50e42d', '7caec2a0-df23-456c-9c43-f9ea0dab0ccb', '674801dd-36d8-4386-af4e-41019e0c8208', '前端mysql库连接配置（host,登录名,登录密码,端口）', '{\"source\":\"#{mysql,3}\",\"global\":false,\"ignoreCase\":false,\"matchIndex\":0}', 0, 'config/private/tpl/kudu-to-parquet.sh', 'zanalytics', '42a7003a-4eb8-4dc0-9393-1ca7383d123a');
INSERT INTO `source_config` VALUES ('811989dd-94de-4d1d-8d9b-78996fbb12b1', '01fae700-c94b-487b-a635-08c5a72b6815', '606f0835-a6c1-4c82-8a73-484254d618aa', '前端mysql库连接配置（host,登录名,登录密码,端口）', '{\"source\":\"#{mysql,1}\",\"global\":false,\"ignoreCase\":false,\"matchIndex\":0}', 0, 'doc/部署准备资料/client-realtime-tpl/consumer/config.properties', 'realtime-1', 'b3bb446d-d1ec-468a-994e-39b9703a744a');
INSERT INTO `source_config` VALUES ('82a35d26-fbab-480a-aece-dc50da062e0e', 'b8f92387-21a4-4df0-8f8b-7f56791308e2', '5d38ebe9-203a-4140-ba72-98e2498513c2', 'es集群1的ip', '{\"source\":\"#{elasticsearch1,1}\",\"global\":false,\"ignoreCase\":false,\"matchIndex\":0}', 0, 'docs/config/tpl/config.properties', 'realtime-2', '59add1c5-5228-4cd1-ba13-ff62df2bfb14');
INSERT INTO `source_config` VALUES ('82afc657-6b02-4e6a-8606-4348623db6fe', '64e49573-c01b-4c86-bed9-6c634ba6dbad', 'ddaaef35-6269-4afb-a446-7285b8a6a809', 'impala连接配置（host,登录名,登录密码,端口,仓库名）', '{\"source\":\"#{impala,4}\",\"global\":false,\"ignoreCase\":false,\"matchIndex\":0}', 0, 'bin/tpl/config.yml', '21050', '2e1fb66e-9ebb-4724-8923-86345aa5af49');
INSERT INTO `source_config` VALUES ('8339b880-1730-4d07-bc3c-d0e22d8b4bbe', 'ead24a3c-0b3d-4c96-8349-8d0b4cbec504', '3560b3ce-66ec-45cd-b0b2-225c12c7514f', 'zgsee图片存放目录（物理机目录,docker容器映射目录）', '{\"source\":\"#{zgsee.pix.path,1}\",\"global\":false,\"ignoreCase\":false,\"matchIndex\":0}', 0, 'docs/config/tpl/config-kpt.properties', '/data/localization/nginx/certs/shiping/pix/', '956f809d-09ed-40b0-af13-729ace70a221');
INSERT INTO `source_config` VALUES ('83d2465d-efbf-4bee-9712-1ba4d98f904e', '424d629f-e5da-4c49-9604-04c1c7c2152f', '18d73a8b-7f0c-45dd-b9f7-3c6f1bfa278f', '', '{\"source\":\"#{node->ssoLoginUrl}\",\"global\":false,\"ignoreCase\":false,\"matchIndex\":0}', 0, 'src/config.ts.tpl', NULL, 'e1e63823-51e8-4b43-aa7e-b591c975b3f5');
INSERT INTO `source_config` VALUES ('86915453-f863-4893-8743-d5c4bb3d5406', '5286f7cd-3773-4361-90d6-f51fe4a024e5', 'd072d3b8-b6e0-4ae9-b119-d74dd203a619', 'zabbix-web-api', '{\"source\":\"#{svr.domain.intranet.zabbix.www}\",\"global\":false,\"ignoreCase\":false,\"matchIndex\":0}', 0, 'nginx-single/nginx/conf/nginx.conf-upload', 'realtime-1:8081', 'a992dda2-3bb8-464a-8e1d-40da1f71f275');
INSERT INTO `source_config` VALUES ('86c56750-1de9-426c-9ef8-e3df89ee38fc', '5286f7cd-3773-4361-90d6-f51fe4a024e5', 'd072d3b8-b6e0-4ae9-b119-d74dd203a619', '触达内网（www）服务部署地址（默认两个）【/data/marketing/www/config】', '{\"source\":\"#{svr.domain.intranet.mkt.www,2}\",\"global\":false,\"ignoreCase\":false,\"matchIndex\":0}', 0, 'nginx-single/nginx/conf/nginx.conf-upload', 'realtime-3:18001', 'a992dda2-3bb8-464a-8e1d-40da1f71f275');
INSERT INTO `source_config` VALUES ('886a6d6c-1318-4b29-92a0-ab12d128641c', 'e58e440d-a1a5-4608-b918-5540e0b128b5', 'a4bff95a-4ea6-4299-a8b4-eff6dac2b68b', 'kafka服务集群', '{\"source\":\"#{kafka_bootstrap_servers}\",\"global\":false,\"ignoreCase\":false,\"matchIndex\":0}', 0, 'etl-count-et/config/tpl/config/config.properties', 'realtime-1:9092,realtime-2:9092,realtime-3:9092', '5ce13a14-0829-40a9-886e-3806a93f2eed');
INSERT INTO `source_config` VALUES ('892b3bca-8ef6-444a-b91e-1c95077ac990', 'b8f92387-21a4-4df0-8f8b-7f56791308e2', '5d38ebe9-203a-4140-ba72-98e2498513c2', 'impala连接配置（host,登录名,登录密码,端口,仓库名）', '{\"source\":\"#{impala,2}\",\"global\":false,\"ignoreCase\":false,\"matchIndex\":0}', 0, 'docs/config/tpl/config.properties', 'admin', '59add1c5-5228-4cd1-ba13-ff62df2bfb14');
INSERT INTO `source_config` VALUES ('8a4b7e3e-398b-43fa-844c-39540d0bc189', '01fae700-c94b-487b-a635-08c5a72b6815', '606f0835-a6c1-4c82-8a73-484254d618aa', '微信客户端kafka-topic', '{\"source\":\"#{wt.client.kafka_topic}\",\"global\":false,\"ignoreCase\":false,\"matchIndex\":0}', 0, 'doc/部署准备资料/client-realtime-tpl/receiver/config.properties', 'wt-weixin-topic', 'b3bb446d-d1ec-468a-994e-39b9703a744a');
INSERT INTO `source_config` VALUES ('8a6e66df-5ba5-48da-8775-2ab264450c87', '424d629f-e5da-4c49-9604-04c1c7c2152f', '18d73a8b-7f0c-45dd-b9f7-3c6f1bfa278f', 'redis 26555端口', '{\"source\":\"#{redis_26555,2}\",\"global\":false,\"ignoreCase\":true,\"matchIndex\":0}', 0, 'src/config.ts.tpl', '26555', 'e1e63823-51e8-4b43-aa7e-b591c975b3f5');
INSERT INTO `source_config` VALUES ('8b8f781c-0c73-46e7-8aef-6b184fe79918', '64e49573-c01b-4c86-bed9-6c634ba6dbad', 'ddaaef35-6269-4afb-a446-7285b8a6a809', 'impala连接配置（host,登录名,登录密码,端口,仓库名）', '{\"source\":\"#{impala,1}\",\"global\":false,\"ignoreCase\":false,\"matchIndex\":0}', 0, 'bin/tpl/config.yml', 'realtime-1', '2e1fb66e-9ebb-4724-8923-86345aa5af49');
INSERT INTO `source_config` VALUES ('8bc2f47e-0f26-4663-b51f-598012b0a9fa', 'b5c71d51-7a01-4cd3-b661-c6afbd16f108', '70822287-b390-404f-9cd0-aca103a7355d', 'ssdb 8888端口', '{\"source\":\"#{ssdb_8888,3}\",\"global\":false,\"ignoreCase\":false,\"matchIndex\":0}', 0, 'docs/config/tpl/application.properties', NULL, '1e60d50d-0c17-4617-9da6-ec297c9f6866');
INSERT INTO `source_config` VALUES ('8c06028e-3cf0-42fa-8122-eb2e050193aa', 'e58e440d-a1a5-4608-b918-5540e0b128b5', 'b3500566-84ad-4c0e-b178-9388bdc23d41', 'ssdb 1217端口', '{\"source\":\"#{ssdb_1217,3}\",\"global\":false,\"ignoreCase\":false,\"matchIndex\":0}', 0, 'etl-market-cloud/config/tpl/config/redis.properties', NULL, '10a988f0-da2f-4900-b708-1521ffa3192c');
INSERT INTO `source_config` VALUES ('8c4a9b34-2619-4174-b273-89dfe5275419', '6ea4a7ad-7940-4057-b425-47f2ad04822a', 'dc44dfb8-2e9a-4429-816a-f4c1877a4504', '前端mysql库连接配置（host,登录名,登录密码,端口）', '{\"source\":\"#{mysql,1}\",\"global\":false,\"ignoreCase\":false,\"matchIndex\":0}', 0, 'tpl/config/application.yml', 'realtime-1', '80d90559-dd8b-417b-bb27-67e40b2c16f8');
INSERT INTO `source_config` VALUES ('8cfd4ace-b29f-488c-84db-0f1ab0f5bbe6', 'e7fa2e6a-1f41-4d25-b047-349d0c76754d', 'b6b2106f-e3aa-4be4-9fb1-1c2aa8b425e2', '前端mysql库连接配置（host,登录名,登录密码,端口）', '{\"source\":\"#{mysql,4/3306}\",\"global\":false,\"ignoreCase\":false,\"matchIndex\":0}', 0, 'docs/config/tpl/application-kpt.yml', '3306', '3fb6bac6-acfc-400e-9328-eabf02a561e2');
INSERT INTO `source_config` VALUES ('8d7389fe-af80-46d8-acaf-dc9e6b051755', '01fae700-c94b-487b-a635-08c5a72b6815', '606f0835-a6c1-4c82-8a73-484254d618aa', '前端mysql库连接配置（host,登录名,登录密码,端口）', '{\"source\":\"#{mysql,4/3306}\",\"global\":false,\"ignoreCase\":false,\"matchIndex\":0}', 0, 'doc/部署准备资料/client-realtime-tpl/www/config.properties', '3306', 'b3bb446d-d1ec-468a-994e-39b9703a744a');
INSERT INTO `source_config` VALUES ('8d84e7f0-e381-4574-8887-512bb3a48de9', 'd3910a9b-f2e4-4701-b7b9-148f5d834880', '2f827d8b-3898-4e05-81dd-49a8efb98612', '视屏项目调用分析平台的接口', '{\"source\":\"#{shiping.mapping_analysis_api}\",\"global\":false,\"ignoreCase\":false,\"matchIndex\":0}', 0, 'config/buildConfig.js.tpl', '', 'f5980af3-d79b-49e0-a097-2f730b77a29c');
INSERT INTO `source_config` VALUES ('8e28ed52-5bf0-47b3-9ffc-c8785ff73510', 'e8c5b131-ce6c-4cff-b6c7-7efcfd5db04f', '228eef90-b176-4fa6-9ce8-30a7278d152f', 'js-sdk名称', '{\"source\":\"#{webapp.word.js_sdk}\",\"global\":false,\"ignoreCase\":false,\"matchIndex\":0}', 0, 'spa/config/prod.env.js.tpl', 'zhuge', '679650a4-5526-470f-a78e-a6aeb449b39d');
INSERT INTO `source_config` VALUES ('8f440cdc-5f1b-4df4-9e84-9318b87b30e6', 'e8c5b131-ce6c-4cff-b6c7-7efcfd5db04f', '228eef90-b176-4fa6-9ce8-30a7278d152f', '视屏根路径', '{\"source\":\"#{webapp.shiping_root_path}\",\"global\":false,\"ignoreCase\":false,\"matchIndex\":0}', 0, 'spa/config/prod.env.js.tpl', 'shiping', '679650a4-5526-470f-a78e-a6aeb449b39d');
INSERT INTO `source_config` VALUES ('8f755fa7-4b89-4fb3-94f0-7b36030df9e8', '5286f7cd-3773-4361-90d6-f51fe4a024e5', 'dc376025-c426-4c3a-a3b3-3c63d6df7225', 'ssdb 8888端口', '{\"source\":\"#{ssdb_8888,1}\",\"global\":false,\"ignoreCase\":false,\"matchIndex\":0}', 0, 'sql-zeppelin/zeppelin/conf-tpl/interpreter.json', 'realtime-1', 'a5e09e9d-2721-42ef-9565-7742ae989e7c');
INSERT INTO `source_config` VALUES ('8f8ec443-854c-4ce2-ad2a-717f768449a9', 'e58e440d-a1a5-4608-b918-5540e0b128b5', '69bcc435-79e0-45db-9a18-2553d2a07cc7', 'redis 8897端口', '{\"source\":\"#{redis_8897,2}\",\"global\":false,\"ignoreCase\":false,\"matchIndex\":0}', 0, 'etl-count/config/tpl/config/redis.properties', '8897', '0bda27da-5615-4485-b076-f06be0f5a437');
INSERT INTO `source_config` VALUES ('90974786-3ea5-4b1b-8a8a-6f380ee645d1', 'ead24a3c-0b3d-4c96-8349-8d0b4cbec504', '3560b3ce-66ec-45cd-b0b2-225c12c7514f', 'zookeeper服务集群', '{\"source\":\"#{zookeepr_servers}\",\"global\":false,\"ignoreCase\":false,\"matchIndex\":0}', 0, 'docs/config/tpl/config-kpt.properties', 'realtime-1:2182,realtime-2:2182,realtime-3:2182', '956f809d-09ed-40b0-af13-729ace70a221');
INSERT INTO `source_config` VALUES ('912d75f9-1e92-4a31-a4f8-be7ad07cd1ec', 'e8c5b131-ce6c-4cff-b6c7-7efcfd5db04f', '228eef90-b176-4fa6-9ce8-30a7278d152f', '分析session/cookie存储域名(填网站的)(不需要加端口)', '{\"source\":\"#{analysis.zhuge_session_domain}\",\"global\":false,\"ignoreCase\":false,\"matchIndex\":0}', 0, 'spa/config/prod.env.js.tpl', 'uba.it.pkpm.cn', '679650a4-5526-470f-a78e-a6aeb449b39d');
INSERT INTO `source_config` VALUES ('916eea4a-bfd9-4c2b-992a-a28959ffb775', 'e58e440d-a1a5-4608-b918-5540e0b128b5', 'd2adae98-dc8e-46c4-beb9-b5df5c4cc83c', 'redis 8894端口', '{\"source\":\"#{redis_8894,1}\",\"global\":false,\"ignoreCase\":false,\"matchIndex\":0}', 0, 'etl-id-kudu/config/tpl/config/id_redis.properties', 'realtime-2', '7c33482b-864c-4b51-9d24-1d44a31b0818');
INSERT INTO `source_config` VALUES ('91cefc88-5174-4db8-9a15-63522c721b85', '6ea4a7ad-7940-4057-b425-47f2ad04822a', 'dc44dfb8-2e9a-4429-816a-f4c1877a4504', '前端mysql库连接配置（host,登录名,登录密码,端口）', '{\"source\":\"#{mysql,4/3306}\",\"global\":false,\"ignoreCase\":false,\"matchIndex\":0}', 0, 'tpl/config/application.yml', '3306', '80d90559-dd8b-417b-bb27-67e40b2c16f8');
INSERT INTO `source_config` VALUES ('92166bd9-c515-4a01-a066-825992ece420', 'b8f92387-21a4-4df0-8f8b-7f56791308e2', '5d38ebe9-203a-4140-ba72-98e2498513c2', 'es集群名称', '{\"source\":\"#{elasticsearch_cluster_name}\",\"global\":false,\"ignoreCase\":false,\"matchIndex\":0}', 0, 'docs/config/tpl/config.properties', 'elasticsearch', '59add1c5-5228-4cd1-ba13-ff62df2bfb14');
INSERT INTO `source_config` VALUES ('92495eeb-72f7-4ea4-a98c-0009f1314b41', '5286f7cd-3773-4361-90d6-f51fe4a024e5', 'd072d3b8-b6e0-4ae9-b119-d74dd203a619', 'debug内网服务部署地址', '{\"source\":\"#{svr.domain.intranet.debug.www}\",\"global\":false,\"ignoreCase\":false,\"matchIndex\":0}', 0, 'nginx-single/nginx/conf/nginx.conf-upload', 'realtime-1:16688', 'a992dda2-3bb8-464a-8e1d-40da1f71f275');
INSERT INTO `source_config` VALUES ('929a0e39-8c37-421f-bf1b-f92204b2a333', '171218c4-c51d-455b-8ab1-39bea10e1286', '1d10e7d9-98bb-4995-8c61-e6dc3a8ac03e', '触达2.0相关配置', '{\"source\":\"#{mktv2.config->server.statistics}\",\"global\":false,\"ignoreCase\":true,\"matchIndex\":0}', 0, 'docs/tpl/README.md', 'realtime-mkt:1926', 'c1687c10-4867-4a26-a5ad-c5e80226df01');
INSERT INTO `source_config` VALUES ('931c989e-7d5d-4626-a352-812f569b5108', '5286f7cd-3773-4361-90d6-f51fe4a024e5', 'abf8ff3c-97a4-40f3-9a25-d92a48a7de38', 'redis 6379端口', '{\"source\":\"#{redis_6379,1}\",\"global\":false,\"ignoreCase\":false,\"matchIndex\":0}', 0, 'userbehaviorpath_usergroup/ubpa/bin/tpl/ubpa-spark-app.sh', 'realtime-1', 'f4e08264-398f-45e5-9a7e-5b5b512427b4');
INSERT INTO `source_config` VALUES ('9427c536-3465-4419-bf8f-2f33758c9827', 'e58e440d-a1a5-4608-b918-5540e0b128b5', 'd2adae98-dc8e-46c4-beb9-b5df5c4cc83c', 'redis 8892端口', '{\"source\":\"#{redis_8892,2}\",\"global\":false,\"ignoreCase\":false,\"matchIndex\":0}', 0, 'etl-id-kudu/config/tpl/config/id_redis.properties', '8892', '7c33482b-864c-4b51-9d24-1d44a31b0818');
INSERT INTO `source_config` VALUES ('942e3953-617d-41ac-abc5-58a8843fb946', '5286f7cd-3773-4361-90d6-f51fe4a024e5', '38071411-283d-4a16-a061-5316144cc396', 'zgsee内网服务部署地址', '{\"source\":\"#{svr.domain.intranet.zgsee.www}\",\"global\":false,\"ignoreCase\":false,\"matchIndex\":0}', 0, 'nginx/nginx/conf/nginx.conf', 'realtime-1:18080', '9ad78082-2e6e-4b75-8c6b-0a8333cce99d');
INSERT INTO `source_config` VALUES ('94358cce-9a04-4243-8aa5-3586165a293e', 'e58e440d-a1a5-4608-b918-5540e0b128b5', '2128bbfe-1755-4249-8b13-70310d78fea9', 'impala连接配置（host,登录名,登录密码,端口,仓库名）', '{\"source\":\"#{impala,5/zhugeio}\",\"global\":false,\"ignoreCase\":true,\"matchIndex\":0}', 0, 'etl-load-cdh/config/tpl/config/config.properties', 'zanalytics', 'f510cace-de73-4509-8c57-ff46b0fe5c59');
INSERT INTO `source_config` VALUES ('95157497-751b-4d81-987b-4be0fa995bab', '5286f7cd-3773-4361-90d6-f51fe4a024e5', 'abf8ff3c-97a4-40f3-9a25-d92a48a7de38', 'redis 6379端口', '{\"source\":\"#{redis_6379,2}\",\"global\":false,\"ignoreCase\":false,\"matchIndex\":0}', 0, 'userbehaviorpath_usergroup/behavior_path_hadoop/tpl/behavior_config.yml', '6379', 'f4e08264-398f-45e5-9a7e-5b5b512427b4');
INSERT INTO `source_config` VALUES ('959306be-bfc4-4349-8f81-76836d87c7a7', '5286f7cd-3773-4361-90d6-f51fe4a024e5', 'd072d3b8-b6e0-4ae9-b119-d74dd203a619', '微信内网（receiver）服务部署地址（默认两个）【/data/wt/receiver/config】', '{\"source\":\"#{svr.domain.intranet.weixin.receiver,1}\",\"global\":false,\"ignoreCase\":false,\"matchIndex\":0}', 0, 'nginx-single/nginx/conf/nginx.conf-upload', 'realtime-1:7713', 'a992dda2-3bb8-464a-8e1d-40da1f71f275');
INSERT INTO `source_config` VALUES ('965518e9-1753-4d11-b0a9-9c3bf0801298', '01fae700-c94b-487b-a635-08c5a72b6815', '606f0835-a6c1-4c82-8a73-484254d618aa', 'zookeeper服务集群', '{\"source\":\"#{zookeepr_servers}\",\"global\":false,\"ignoreCase\":false,\"matchIndex\":0}', 0, 'doc/部署准备资料/client-realtime-tpl/consumer/config.properties', 'realtime-1:2182,realtime-2:2182,realtime-3:2182', 'b3bb446d-d1ec-468a-994e-39b9703a744a');
INSERT INTO `source_config` VALUES ('97f15bb4-6bee-484b-b3d4-2e3800b88c11', 'e7fa2e6a-1f41-4d25-b047-349d0c76754d', 'b6b2106f-e3aa-4be4-9fb1-1c2aa8b425e2', 'impala连接配置（host,登录名,登录密码,端口,仓库名）', '{\"source\":\"#{impala,5/zhugeio}\",\"global\":false,\"ignoreCase\":false,\"matchIndex\":0}', 0, 'docs/config/tpl/application-kpt.yml', 'zanalytics', '3fb6bac6-acfc-400e-9328-eabf02a561e2');
INSERT INTO `source_config` VALUES ('9813821b-224b-4833-9d04-af11e843fbe3', '01fae700-c94b-487b-a635-08c5a72b6815', '606f0835-a6c1-4c82-8a73-484254d618aa', '微信服务端www访问地址', '{\"source\":\"#{wt.server.domain.extranet}\",\"global\":false,\"ignoreCase\":false,\"matchIndex\":0}', 0, 'doc/部署准备资料/client-realtime-tpl/worker/config.properties', 'https://weixin.zhugeio.com', 'b3bb446d-d1ec-468a-994e-39b9703a744a');
INSERT INTO `source_config` VALUES ('98423f0b-234f-450e-a582-5b1cdf63d40d', 'e8c5b131-ce6c-4cff-b6c7-7efcfd5db04f', '228eef90-b176-4fa6-9ce8-30a7278d152f', 'node服务socket接口前缀', '{\"source\":\"#{node.api.socket.prefix}\",\"global\":false,\"ignoreCase\":false,\"matchIndex\":0}', 0, 'spa/config/prod.env.js.tpl', '/analysis/socket', '679650a4-5526-470f-a78e-a6aeb449b39d');
INSERT INTO `source_config` VALUES ('98f782dd-0845-48b6-81bd-8d3d72a8e9d3', 'e8c5b131-ce6c-4cff-b6c7-7efcfd5db04f', '228eef90-b176-4fa6-9ce8-30a7278d152f', '诸葛字样标识', '{\"source\":\"#{webapp.word.zg_text}\",\"global\":false,\"ignoreCase\":false,\"matchIndex\":0}', 0, 'spa/config/prod.env.js.tpl', '数据分析', '679650a4-5526-470f-a78e-a6aeb449b39d');
INSERT INTO `source_config` VALUES ('9c049301-6c7d-4ad3-8bcc-2312dc752c93', 'e8c5b131-ce6c-4cff-b6c7-7efcfd5db04f', '228eef90-b176-4fa6-9ce8-30a7278d152f', '根路由', '{\"source\":\"#{webapp.route_base_path}\",\"global\":false,\"ignoreCase\":false,\"matchIndex\":0}', 0, 'spa/config/prod.env.js.tpl', '/webapp/', '679650a4-5526-470f-a78e-a6aeb449b39d');
INSERT INTO `source_config` VALUES ('9c0ca6da-b991-4cee-878a-a36562648bcc', '5286f7cd-3773-4361-90d6-f51fe4a024e5', 'abf8ff3c-97a4-40f3-9a25-d92a48a7de38', 'redis 6379端口', '{\"source\":\"#{redis_6379,3}\",\"global\":false,\"ignoreCase\":false,\"matchIndex\":0}', 0, 'userbehaviorpath_usergroup/ubpa/bin/tpl/redis_subscribe_task.py', 'Sun_unix*1101', 'f4e08264-398f-45e5-9a7e-5b5b512427b4');
INSERT INTO `source_config` VALUES ('9e3e2eb5-5a9f-4aab-a235-eb7f1a7bccd2', '7caec2a0-df23-456c-9c43-f9ea0dab0ccb', '674801dd-36d8-4386-af4e-41019e0c8208', '前端mysql库连接配置（host,登录名,登录密码,端口）', '{\"source\":\"#{mysql,2}\",\"global\":false,\"ignoreCase\":false,\"matchIndex\":0}', 0, 'config/private/tpl/config.properties', 'web', '42a7003a-4eb8-4dc0-9393-1ca7383d123a');
INSERT INTO `source_config` VALUES ('9e92d7b3-3412-41fb-88a6-68b50cf15000', '01fae700-c94b-487b-a635-08c5a72b6815', '606f0835-a6c1-4c82-8a73-484254d618aa', '合并端口内网访问地址', '{\"source\":\"#{svr.domain.intranet}\",\"global\":false,\"ignoreCase\":true,\"matchIndex\":0}', 0, 'doc/部署准备资料/client-realtime-tpl/consumer/config.properties', 'realtime-1:80', 'b3bb446d-d1ec-468a-994e-39b9703a744a');
INSERT INTO `source_config` VALUES ('9f98a9c7-de49-4c9d-980b-3948277eb402', 'e7fa2e6a-1f41-4d25-b047-349d0c76754d', 'b6b2106f-e3aa-4be4-9fb1-1c2aa8b425e2', 'ssdb 8888端口', '{\"source\":\"#{ssdb_8888,1}\",\"global\":false,\"ignoreCase\":false,\"matchIndex\":0}', 0, 'docs/config/tpl/application.properties', 'realtime-1', '3fb6bac6-acfc-400e-9328-eabf02a561e2');
INSERT INTO `source_config` VALUES ('9fbccfa2-d693-432d-89b0-d7b37a78c924', 'e58e440d-a1a5-4608-b918-5540e0b128b5', 'd2adae98-dc8e-46c4-beb9-b5df5c4cc83c', '前端mysql库连接配置（host,登录名,登录密码,端口）', '{\"source\":\"#{mysql,2}\",\"global\":false,\"ignoreCase\":false,\"matchIndex\":0}', 0, 'etl-id-kudu/config/tpl/config/front_db.properties', 'web', '7c33482b-864c-4b51-9d24-1d44a31b0818');
INSERT INTO `source_config` VALUES ('9fcc53d3-3346-45cc-b065-2774c6e66c44', '171218c4-c51d-455b-8ab1-39bea10e1286', '1d10e7d9-98bb-4995-8c61-e6dc3a8ac03e', '触达2.0相关配置', '{\"source\":\"#{mktv2.config->server.user}\",\"global\":false,\"ignoreCase\":true,\"matchIndex\":0}', 0, 'docs/tpl/README.md', 'realtime-mkt:1925', 'c1687c10-4867-4a26-a5ad-c5e80226df01');
INSERT INTO `source_config` VALUES ('9fcd271f-1576-4d55-8859-a2901b0a431b', 'd3910a9b-f2e4-4701-b7b9-148f5d834880', '2f827d8b-3898-4e05-81dd-49a8efb98612', '视屏里的诸葛关键字', '{\"source\":\"#{shiping.show_zg}\",\"global\":false,\"ignoreCase\":false,\"matchIndex\":0}', 0, 'config/buildConfig.js.tpl', 'true', 'f5980af3-d79b-49e0-a097-2f730b77a29c');
INSERT INTO `source_config` VALUES ('9ffc1033-5413-4112-b552-77afa1557004', 'b8f92387-21a4-4df0-8f8b-7f56791308e2', '5d38ebe9-203a-4140-ba72-98e2498513c2', 'impala连接配置（host,登录名,登录密码,端口,仓库名）', '{\"source\":\"#{impala,3}\",\"global\":false,\"ignoreCase\":false,\"matchIndex\":0}', 0, 'docs/config/tpl/config.properties', 'admin', '59add1c5-5228-4cd1-ba13-ff62df2bfb14');
INSERT INTO `source_config` VALUES ('a104af67-047e-493f-82ed-2246c101da33', '5286f7cd-3773-4361-90d6-f51fe4a024e5', '38071411-283d-4a16-a061-5316144cc396', '分析sdkv内网服务部署地址（默认1个）', '{\"source\":\"#{svr.domain.intranet.sdkv.www}\",\"global\":false,\"ignoreCase\":false,\"matchIndex\":0}', 0, 'nginx/nginx/conf/nginx.conf', 'realtime-1:8080', '9ad78082-2e6e-4b75-8c6b-0a8333cce99d');
INSERT INTO `source_config` VALUES ('a107ce05-4169-40b9-8cfc-4f255a7ec90d', 'e58e440d-a1a5-4608-b918-5540e0b128b5', 'b06a5506-bc66-4090-8e98-506f03773593', 'impala/hive元数据库连接配置（host,登录名,登录密码）', '{\"source\":\"#{mysql_hive,3}\",\"global\":false,\"ignoreCase\":false,\"matchIndex\":0}', 0, 'etl-paopi/config/tpl/config/hive_db.properties', 'zhugeio', '1af445aa-8947-4585-8134-33839697a1ce');
INSERT INTO `source_config` VALUES ('a110a9a8-84da-4f4e-8b62-c2c233dc3078', 'e58e440d-a1a5-4608-b918-5540e0b128b5', 'd2adae98-dc8e-46c4-beb9-b5df5c4cc83c', 'redis 8892端口', '{\"source\":\"#{redis_8892,3}\",\"global\":false,\"ignoreCase\":false,\"matchIndex\":0}', 0, 'etl-id-kudu/config/tpl/config/id_redis.properties', NULL, '7c33482b-864c-4b51-9d24-1d44a31b0818');
INSERT INTO `source_config` VALUES ('a25aa13c-46f1-4c5d-99fd-d723ede06022', '5286f7cd-3773-4361-90d6-f51fe4a024e5', '995da2c5-3dc4-4f2b-807b-8ed1bc2a4e5c', 'es集群1的ip', '{\"source\":\"#{elasticsearch1,1}\",\"global\":false,\"ignoreCase\":false,\"matchIndex\":0}', 0, 'es-index/zanalytics-index-db/tpl/2-db1.conf', 'realtime-2', 'a97922a1-618c-40c6-b95a-3a4f8380a55a');
INSERT INTO `source_config` VALUES ('a2d6daf7-85c0-4ba3-8c9a-bd47ff10db2d', 'e58e440d-a1a5-4608-b918-5540e0b128b5', '2c620647-cc28-4a32-bc3e-875e1c004437', '前端mysql库连接配置（host,登录名,登录密码,端口）', '{\"source\":\"#{mysql,2}\",\"global\":false,\"ignoreCase\":false,\"matchIndex\":0}', 0, 'etl-single/config/tpl/config/front_db.properties', 'web', 'd6281022-0c4a-4900-8652-34d251b4b0e0');
INSERT INTO `source_config` VALUES ('a3c79309-ad35-454e-b10f-e4b0dfa9447f', 'e8c5b131-ce6c-4cff-b6c7-7efcfd5db04f', '228eef90-b176-4fa6-9ce8-30a7278d152f', 'spa模块静态文件访问目录', '{\"source\":\"#{webapp.assets_public_path}\",\"global\":false,\"ignoreCase\":false,\"matchIndex\":0}', 0, 'spa/config/prod.env.js.tpl', '/webapp/spa/', '679650a4-5526-470f-a78e-a6aeb449b39d');
INSERT INTO `source_config` VALUES ('a43a39e9-3624-48dd-88e0-0d71adbc6a09', 'e58e440d-a1a5-4608-b918-5540e0b128b5', 'b06a5506-bc66-4090-8e98-506f03773593', '前端mysql库连接配置（host,登录名,登录密码,端口）', '{\"source\":\"#{mysql,1}\",\"global\":false,\"ignoreCase\":false,\"matchIndex\":0}', 0, 'etl-paopi/config/tpl/config/front_db.properties', 'realtime-1', '1af445aa-8947-4585-8134-33839697a1ce');
INSERT INTO `source_config` VALUES ('a45469fa-fd96-4b3d-ab28-fe0bd66a0a1c', '7caec2a0-df23-456c-9c43-f9ea0dab0ccb', '674801dd-36d8-4386-af4e-41019e0c8208', 'impala连接配置（host,登录名,登录密码,端口,仓库名）', '{\"source\":\"#{impala,2}\",\"global\":false,\"ignoreCase\":false,\"matchIndex\":0}', 0, 'config/private/tpl/config.properties', 'admin', '42a7003a-4eb8-4dc0-9393-1ca7383d123a');
INSERT INTO `source_config` VALUES ('a47139f9-0c2b-445e-abff-d6e1f14d3076', 'e58e440d-a1a5-4608-b918-5540e0b128b5', 'b06a5506-bc66-4090-8e98-506f03773593', 'impala连接配置（host,登录名,登录密码,端口,仓库名）', '{\"source\":\"#{impala,5/zhugeio}\",\"global\":false,\"ignoreCase\":false,\"matchIndex\":0}', 0, 'etl-paopi/install/1_init_flush_tables.sql', 'zanalytics', '1af445aa-8947-4585-8134-33839697a1ce');
INSERT INTO `source_config` VALUES ('a53bb012-9fcf-4669-9184-1c1dee39c6bf', '5286f7cd-3773-4361-90d6-f51fe4a024e5', '38071411-283d-4a16-a061-5316144cc396', 'sql查询平台内网服务部署地址', '{\"source\":\"#{svr.domain.intranet.sql.www}\",\"global\":false,\"ignoreCase\":false,\"matchIndex\":0}', 0, 'nginx/nginx/conf/nginx.conf-upload', 'realtime-1:9003', '9ad78082-2e6e-4b75-8c6b-0a8333cce99d');
INSERT INTO `source_config` VALUES ('a54a24ec-bf38-4bf5-ae4b-af5795da215f', 'e58e440d-a1a5-4608-b918-5540e0b128b5', '6158ebbd-b524-477e-8c2d-8d997ab3ef5b', 'redis 6379端口', '{\"source\":\"#{redis_6379,3}\",\"global\":false,\"ignoreCase\":false,\"matchIndex\":0}', 0, 'etl-debug/config/tpl/config/debug_redis.properties', 'Sun_unix*1101', '25188553-c54a-46c5-b788-3e998f5cb344');
INSERT INTO `source_config` VALUES ('a639c93f-07cc-416f-ba58-e1d20d3f7ac3', 'f44a753c-d1a3-4c8b-be56-69bb9b032da9', 'c0cc7efd-48a7-417e-9f28-14f2b3316d01', '资源所在目录', '{\"source\":\"#{market.assets_public_path}\",\"global\":false,\"ignoreCase\":true,\"matchIndex\":0}', 0, 'config/constants.js.tpl', '/market/', '07244c11-ad9e-43b6-9d02-4bf7ea25dd85');
INSERT INTO `source_config` VALUES ('a655344e-8951-4508-80c2-352d33399614', '6ea4a7ad-7940-4057-b425-47f2ad04822a', 'dc44dfb8-2e9a-4429-816a-f4c1877a4504', '前端mysql库连接配置（host,登录名,登录密码,端口）', '{\"source\":\"#{mysql,2}\",\"global\":false,\"ignoreCase\":false,\"matchIndex\":0}', 0, 'tpl/config/application.yml', 'web', '80d90559-dd8b-417b-bb27-67e40b2c16f8');
INSERT INTO `source_config` VALUES ('a66878a5-d8b5-45b0-a42a-b3548664778b', '01fae700-c94b-487b-a635-08c5a72b6815', '606f0835-a6c1-4c82-8a73-484254d618aa', '前端mysql库连接配置（host,登录名,登录密码,端口）', '{\"source\":\"#{mysql,1}\",\"global\":false,\"ignoreCase\":false,\"matchIndex\":0}', 0, 'doc/部署准备资料/client-realtime-tpl/www/config.properties', 'realtime-1', 'b3bb446d-d1ec-468a-994e-39b9703a744a');
INSERT INTO `source_config` VALUES ('a69eb977-1ca8-4ebc-a7f8-9a72e0c4f7f8', 'f44a753c-d1a3-4c8b-be56-69bb9b032da9', 'c0cc7efd-48a7-417e-9f28-14f2b3316d01', 'node服务socket接口前缀', '{\"source\":\"#{node.api.prefix}\",\"global\":false,\"ignoreCase\":false,\"matchIndex\":0}', 0, 'config/constants.js.tpl', '/analysis/api', '07244c11-ad9e-43b6-9d02-4bf7ea25dd85');
INSERT INTO `source_config` VALUES ('a82ba9f1-3441-4733-a32d-2c04f2cd7a5b', '675a30a8-8dc3-4799-abfe-4ca6737414e8', 'd994ed15-a2c8-4456-b347-af0b35d6137f', '前端mysql库连接配置（host,登录名,登录密码,端口）', '{\"source\":\"#{mysql,3}\",\"global\":false,\"ignoreCase\":false,\"matchIndex\":0}', 0, 'config/tpl/clockwork.config', 'zanalytics', '1bcfc8fc-d2fb-4d29-a2b5-e9a216db75f2');
INSERT INTO `source_config` VALUES ('a84a4d9c-a780-4b09-9c54-36c23ededed3', 'e58e440d-a1a5-4608-b918-5540e0b128b5', '2128bbfe-1755-4249-8b13-70310d78fea9', 'impala连接配置（host,登录名,登录密码,端口,仓库名）', '{\"source\":\"#{impala,3}\",\"global\":false,\"ignoreCase\":false,\"matchIndex\":0}', 0, 'etl-load-cdh/config/tpl/config/impala_db.properties', 'admin', 'f510cace-de73-4509-8c57-ff46b0fe5c59');
INSERT INTO `source_config` VALUES ('a8e76b76-1358-4cdb-8918-280492720aae', 'e58e440d-a1a5-4608-b918-5540e0b128b5', 'b06a5506-bc66-4090-8e98-506f03773593', '前端mysql库连接配置（host,登录名,登录密码,端口）', '{\"source\":\"#{mysql,2}\",\"global\":false,\"ignoreCase\":false,\"matchIndex\":0}', 0, 'etl-paopi/config/tpl/config/front_db.properties', 'web', '1af445aa-8947-4585-8134-33839697a1ce');
INSERT INTO `source_config` VALUES ('a9001a24-bad7-4a55-ae19-b829eed6e3d9', '5286f7cd-3773-4361-90d6-f51fe4a024e5', 'abf8ff3c-97a4-40f3-9a25-d92a48a7de38', '前端mysql库连接配置（host,登录名,登录密码,端口）', '{\"source\":\"#{mysql,1}\",\"global\":false,\"ignoreCase\":false,\"matchIndex\":0}', 0, 'userbehaviorpath_usergroup/behavior_path_hadoop/tpl/behavior_config.yml', 'realtime-1', 'f4e08264-398f-45e5-9a7e-5b5b512427b4');
INSERT INTO `source_config` VALUES ('a91000e7-1416-4b23-8130-60d842468279', '5286f7cd-3773-4361-90d6-f51fe4a024e5', 'abf8ff3c-97a4-40f3-9a25-d92a48a7de38', 'redis 6379端口', '{\"source\":\"#{redis_6379,3}\",\"global\":false,\"ignoreCase\":false,\"matchIndex\":0}', 0, 'userbehaviorpath_usergroup/ubpa/bin/tpl/ubpa-spark-app.sh', 'Sun_unix*1101', 'f4e08264-398f-45e5-9a7e-5b5b512427b4');
INSERT INTO `source_config` VALUES ('a9fd1059-d545-4438-a76f-a95d3290a170', '5286f7cd-3773-4361-90d6-f51fe4a024e5', 'd072d3b8-b6e0-4ae9-b119-d74dd203a619', 'zabbix-web-api', '{\"source\":\"#{svr.domain.intranet.zabbix.www}\",\"global\":false,\"ignoreCase\":false,\"matchIndex\":0}', 0, 'nginx-single/nginx/conf/nginx.conf', 'realtime-1:8081', 'a992dda2-3bb8-464a-8e1d-40da1f71f275');
INSERT INTO `source_config` VALUES ('ab4352f5-0425-4c41-803c-572045109fa4', '424d629f-e5da-4c49-9604-04c1c7c2152f', '18d73a8b-7f0c-45dd-b9f7-3c6f1bfa278f', '', '{\"source\":\"#{node->ssoApi}\",\"global\":false,\"ignoreCase\":false,\"matchIndex\":0}', 0, 'src/config.ts.tpl', NULL, 'e1e63823-51e8-4b43-aa7e-b591c975b3f5');
INSERT INTO `source_config` VALUES ('ac4b435a-e396-4235-ae9c-0d529ff580f1', '675a30a8-8dc3-4799-abfe-4ca6737414e8', 'd994ed15-a2c8-4456-b347-af0b35d6137f', '前端mysql库连接配置（host,登录名,登录密码,端口）', '{\"source\":\"#{mysql,3}\",\"global\":false,\"ignoreCase\":true,\"matchIndex\":0}', 0, 'config/tpl/clockwork.config', 'zanalytics', '1bcfc8fc-d2fb-4d29-a2b5-e9a216db75f2');
INSERT INTO `source_config` VALUES ('ac65fa28-51ee-4c55-9c58-88d948061cf0', 'b5c71d51-7a01-4cd3-b661-c6afbd16f108', '70822287-b390-404f-9cd0-aca103a7355d', '前端mysql库连接配置（host,登录名,登录密码,端口）', '{\"source\":\"#{mysql,2}\",\"global\":false,\"ignoreCase\":false,\"matchIndex\":0}', 0, 'docs/config/tpl/application.properties', 'web', '1e60d50d-0c17-4617-9da6-ec297c9f6866');
INSERT INTO `source_config` VALUES ('ad2d5e6a-84ed-4dba-9455-0d330ca8b51f', '64e49573-c01b-4c86-bed9-6c634ba6dbad', 'ddaaef35-6269-4afb-a446-7285b8a6a809', 'impala连接配置（host,登录名,登录密码,端口,仓库名）', '{\"source\":\"#{impala,5}\",\"global\":false,\"ignoreCase\":true,\"matchIndex\":0}', 0, 'bin/tpl/config.yml', 'zanalytics', '2e1fb66e-9ebb-4724-8923-86345aa5af49');
INSERT INTO `source_config` VALUES ('ad76ac53-cc46-4ec8-a3d0-657bbcb5b5a2', 'e58e440d-a1a5-4608-b918-5540e0b128b5', '565ec772-efa3-4c6a-a2da-44e81f906b39', 'redis 8897端口', '{\"source\":\"#{redis_8897,3}\",\"global\":false,\"ignoreCase\":false,\"matchIndex\":0}', 0, 'etl-adv-count/config/tpl/config/redis.properties', NULL, 'cc69d492-9d36-4bad-a71a-d83a7c9f9009');
INSERT INTO `source_config` VALUES ('adcd47f1-0308-4208-9d06-7743e4989d34', 'e58e440d-a1a5-4608-b918-5540e0b128b5', 'b06a5506-bc66-4090-8e98-506f03773593', '前端mysql库连接配置（host,登录名,登录密码,端口）', '{\"source\":\"#{mysql,4/3306}\",\"global\":false,\"ignoreCase\":false,\"matchIndex\":0}', 0, 'etl-paopi/config/tpl/config/front_db.properties', '3306', '1af445aa-8947-4585-8134-33839697a1ce');
INSERT INTO `source_config` VALUES ('afadb65d-2d23-4c33-8077-e646307ddd23', 'e58e440d-a1a5-4608-b918-5540e0b128b5', '69bcc435-79e0-45db-9a18-2553d2a07cc7', 'redis 26480端口', '{\"source\":\"#{redis_26480,1}\",\"global\":false,\"ignoreCase\":false,\"matchIndex\":0}', 0, 'etl-count/config/tpl/config/redis.properties', 'realtime-1', '0bda27da-5615-4485-b076-f06be0f5a437');
INSERT INTO `source_config` VALUES ('b063addf-2d54-4dcb-a7d9-f7b03399c051', 'e58e440d-a1a5-4608-b918-5540e0b128b5', 'c4943386-e46a-4811-82e7-41da8dbacc73', '前端mysql库连接配置（host,登录名,登录密码,端口）', '{\"source\":\"#{mysql,2}\",\"global\":false,\"ignoreCase\":false,\"matchIndex\":0}', 0, 'etl-dw-kudu/config/tpl/config/front_db.properties', 'web', 'f3d4ce35-7b4d-4061-aa7f-2b6d8a2036cc');
INSERT INTO `source_config` VALUES ('b1575964-2a76-4fe0-8c9e-d3c770318b38', '01fae700-c94b-487b-a635-08c5a72b6815', '606f0835-a6c1-4c82-8a73-484254d618aa', 'kafka服务集群', '{\"source\":\"#{kafka_bootstrap_servers}\",\"global\":false,\"ignoreCase\":false,\"matchIndex\":0}', 0, 'doc/部署准备资料/client-realtime-tpl/consumer/config.properties', 'realtime-1:9092,realtime-2:9092,realtime-3:9092', 'b3bb446d-d1ec-468a-994e-39b9703a744a');
INSERT INTO `source_config` VALUES ('b193303a-5442-4cb5-aa7a-cd97e993286e', 'b8f92387-21a4-4df0-8f8b-7f56791308e2', '5d38ebe9-203a-4140-ba72-98e2498513c2', '前端mysql库连接配置（host,登录名,登录密码,端口）', '{\"source\":\"#{mysql,4/3306}\",\"global\":false,\"ignoreCase\":true,\"matchIndex\":0}', 0, 'docs/config/tpl/config.properties', '3306', '59add1c5-5228-4cd1-ba13-ff62df2bfb14');
INSERT INTO `source_config` VALUES ('b1975cf1-393a-4616-b327-9f3c8bb5fe54', 'e58e440d-a1a5-4608-b918-5540e0b128b5', '2128bbfe-1755-4249-8b13-70310d78fea9', '前端mysql库连接配置（host,登录名,登录密码,端口）', '{\"source\":\"#{mysql,1}\",\"global\":false,\"ignoreCase\":false,\"matchIndex\":0}', 0, 'etl-load-cdh/config/tpl/config/front_db.properties', 'realtime-1', 'f510cace-de73-4509-8c57-ff46b0fe5c59');
INSERT INTO `source_config` VALUES ('b20dae3a-6aa7-4038-93a7-80772cf16ee2', 'e58e440d-a1a5-4608-b918-5540e0b128b5', 'b3500566-84ad-4c0e-b178-9388bdc23d41', 'ssdb 1217端口', '{\"source\":\"#{ssdb_1217,2}\",\"global\":false,\"ignoreCase\":false,\"matchIndex\":0}', 0, 'etl-market-cloud/config/tpl/config/redis.properties', '1217', '10a988f0-da2f-4900-b708-1521ffa3192c');
INSERT INTO `source_config` VALUES ('b232254b-2a08-4292-90da-5bb3dd175520', 'e8c5b131-ce6c-4cff-b6c7-7efcfd5db04f', '228eef90-b176-4fa6-9ce8-30a7278d152f', '分析平台的可视化埋点', '{\"source\":\"#{webapp.show_visualizer_track}\",\"global\":false,\"ignoreCase\":false,\"matchIndex\":0}', 0, 'spa/config/prod.env.js.tpl', 'true', '679650a4-5526-470f-a78e-a6aeb449b39d');
INSERT INTO `source_config` VALUES ('b29fbc7b-c317-4564-b6d9-d82ab11525be', '675a30a8-8dc3-4799-abfe-4ca6737414e8', 'd994ed15-a2c8-4456-b347-af0b35d6137f', 'redis 6371端口（触达）', '{\"source\":\"#{redis_6371,1}\",\"global\":false,\"ignoreCase\":false,\"matchIndex\":0}', 0, 'config/tpl/clockwork.config', 'realtime-2', '1bcfc8fc-d2fb-4d29-a2b5-e9a216db75f2');
INSERT INTO `source_config` VALUES ('b2b1e4da-d9d1-4822-8d49-c2eaabeef671', '5286f7cd-3773-4361-90d6-f51fe4a024e5', 'abf8ff3c-97a4-40f3-9a25-d92a48a7de38', 'redis 6379端口', '{\"source\":\"#{redis_6379,2}\",\"global\":false,\"ignoreCase\":false,\"matchIndex\":0}', 0, 'userbehaviorpath_usergroup/ubpa/bin/tpl/ubpa-spark-app.sh', '6379', 'f4e08264-398f-45e5-9a7e-5b5b512427b4');
INSERT INTO `source_config` VALUES ('b34a5e0c-b1ea-421c-9ef4-c1362c8b0db7', 'e58e440d-a1a5-4608-b918-5540e0b128b5', '69bcc435-79e0-45db-9a18-2553d2a07cc7', 'redis 8897端口', '{\"source\":\"#{redis_8897,1}\",\"global\":false,\"ignoreCase\":false,\"matchIndex\":0}', 0, 'etl-count/config/tpl/config/redis.properties', 'realtime-2', '0bda27da-5615-4485-b076-f06be0f5a437');
INSERT INTO `source_config` VALUES ('b43d240e-6429-4482-8cd3-e9bbbe9217f7', '171218c4-c51d-455b-8ab1-39bea10e1286', '1d10e7d9-98bb-4995-8c61-e6dc3a8ac03e', '触达2.0相关配置', '{\"source\":\"#{mktv2.config->server.batch}\",\"global\":false,\"ignoreCase\":true,\"matchIndex\":0}', 0, 'docs/tpl/README.md', 'realtime-mkt:1927', 'c1687c10-4867-4a26-a5ad-c5e80226df01');
INSERT INTO `source_config` VALUES ('b4c6e15f-2336-4e51-aa57-577893e484e0', '5286f7cd-3773-4361-90d6-f51fe4a024e5', '38071411-283d-4a16-a061-5316144cc396', 'node服务（来源映射、sdk、实时概览、数据接入等）', '{\"source\":\"#{svr.domain.intranet.node}\",\"global\":false,\"ignoreCase\":false,\"matchIndex\":0}', 0, 'nginx/nginx/conf/nginx.conf-upload', 'realtime-3:9004', '9ad78082-2e6e-4b75-8c6b-0a8333cce99d');
INSERT INTO `source_config` VALUES ('b69e1a8e-a179-43df-bc63-d92934fe35a9', '64e49573-c01b-4c86-bed9-6c634ba6dbad', 'ddaaef35-6269-4afb-a446-7285b8a6a809', 'kudu集群', '{\"source\":\"#{kudu_clusters}\",\"global\":false,\"ignoreCase\":false,\"matchIndex\":0}', 0, 'bin/tpl/config.yml', 'realtime-1:7051,realtime-2:7051,realtime-3:7051', '2e1fb66e-9ebb-4724-8923-86345aa5af49');
INSERT INTO `source_config` VALUES ('b70c40df-e451-434c-9d61-e412db4f9462', 'b8f92387-21a4-4df0-8f8b-7f56791308e2', '5d38ebe9-203a-4140-ba72-98e2498513c2', '触达api访问地址（内网）【触达clockwork对应的nginx地址】', '{\"source\":\"#{clockwork.flow_api.domain.intranet}\",\"global\":false,\"ignoreCase\":false,\"matchIndex\":0}', 0, 'docs/config/tpl/config.properties', 'http://realtime-1:8008', '59add1c5-5228-4cd1-ba13-ff62df2bfb14');
INSERT INTO `source_config` VALUES ('b751bf0c-c694-47fa-8dca-fe027cb466c0', 'e58e440d-a1a5-4608-b918-5540e0b128b5', 'b06a5506-bc66-4090-8e98-506f03773593', 'ssdb 8888端口', '{\"source\":\"#{ssdb_8888,3}\",\"global\":false,\"ignoreCase\":false,\"matchIndex\":0}', 0, 'etl-paopi/config/tpl/config/redis.properties', NULL, '1af445aa-8947-4585-8134-33839697a1ce');
INSERT INTO `source_config` VALUES ('b7906b7e-7abb-4f00-9eb4-a2b3dfdae500', '5286f7cd-3773-4361-90d6-f51fe4a024e5', 'd072d3b8-b6e0-4ae9-b119-d74dd203a619', '微信内网（receiver）服务部署地址（默认两个）【/data/wt/receiver/config】', '{\"source\":\"#{svr.domain.intranet.weixin.receiver,2}\",\"global\":false,\"ignoreCase\":false,\"matchIndex\":0}', 0, 'nginx-single/nginx/conf/nginx.conf-upload', 'realtime-2:7713', 'a992dda2-3bb8-464a-8e1d-40da1f71f275');
INSERT INTO `source_config` VALUES ('b809f0ff-1c51-4846-b7f1-9812a4707c7e', 'e58e440d-a1a5-4608-b918-5540e0b128b5', '2128bbfe-1755-4249-8b13-70310d78fea9', '前端mysql库连接配置（host,登录名,登录密码,端口）', '{\"source\":\"#{mysql,2}\",\"global\":false,\"ignoreCase\":false,\"matchIndex\":0}', 0, 'etl-load-cdh/config/tpl/config/front_db.properties', 'web', 'f510cace-de73-4509-8c57-ff46b0fe5c59');
INSERT INTO `source_config` VALUES ('b82955cf-eaf1-444d-a1c4-ee73ac1f71ed', '01fae700-c94b-487b-a635-08c5a72b6815', '606f0835-a6c1-4c82-8a73-484254d618aa', '合并端口内网访问地址', '{\"source\":\"#{svr.domain.intranet}\",\"global\":false,\"ignoreCase\":true,\"matchIndex\":0}', 0, 'doc/部署准备资料/client-realtime-tpl/www/config.properties', 'realtime-1:80', 'b3bb446d-d1ec-468a-994e-39b9703a744a');
INSERT INTO `source_config` VALUES ('b8ccae08-9763-4c0b-81e1-aea92a983c19', 'a03aa383-d78b-4e36-bad4-cd873cd91eeb', '15d0f53e-9253-4a3a-af47-656b854b0f3b', '微信appid', '{\"source\":\"#{m_webapp.wechart_appid}\",\"global\":false,\"ignoreCase\":false,\"matchIndex\":0}', 0, '.env.production.tpl', 'wx0560f4a03bb55172', '3f4cb6de-cfbb-4b9a-8b55-52853c4c184d');
INSERT INTO `source_config` VALUES ('babde659-68ed-491a-ba2f-b90601a77243', 'e8c5b131-ce6c-4cff-b6c7-7efcfd5db04f', '228eef90-b176-4fa6-9ce8-30a7278d152f', '合并端口外网访问地址(需要加协议http(s))(填网站的)', '{\"source\":\"#{svr.domain.extranet}\",\"global\":false,\"ignoreCase\":false,\"matchIndex\":0}', 0, 'spa/config/prod.env.js.tpl', 'https://uba.it.pkpm.cn', '679650a4-5526-470f-a78e-a6aeb449b39d');
INSERT INTO `source_config` VALUES ('bbeab5e9-3314-42ec-9118-358edf9e198f', '7caec2a0-df23-456c-9c43-f9ea0dab0ccb', '674801dd-36d8-4386-af4e-41019e0c8208', '前端mysql库连接配置（host,登录名,登录密码,端口）', '{\"source\":\"#{mysql,3}\",\"global\":false,\"ignoreCase\":false,\"matchIndex\":0}', 0, 'config/private/tpl/config.properties', 'zanalytics', '42a7003a-4eb8-4dc0-9393-1ca7383d123a');
INSERT INTO `source_config` VALUES ('bd50dc7d-3067-4f5a-91bf-a35986af34cb', '5286f7cd-3773-4361-90d6-f51fe4a024e5', '38071411-283d-4a16-a061-5316144cc396', '微信内网（receiver）服务部署地址（默认两个）【/data/wt/receiver/config】', '{\"source\":\"#{svr.domain.intranet.weixin.receiver,1}\",\"global\":false,\"ignoreCase\":false,\"matchIndex\":0}', 0, 'nginx/nginx/conf/nginx.conf-upload', 'realtime-1:7713', '9ad78082-2e6e-4b75-8c6b-0a8333cce99d');
INSERT INTO `source_config` VALUES ('bd5dc6cd-1a96-4908-ad62-b8dfadcafc2b', '5286f7cd-3773-4361-90d6-f51fe4a024e5', '38071411-283d-4a16-a061-5316144cc396', '分析sdkv内网服务部署地址（默认1个）', '{\"source\":\"#{svr.domain.intranet.sdkv.www}\",\"global\":false,\"ignoreCase\":false,\"matchIndex\":0}', 0, 'nginx/nginx/conf/nginx.conf-upload', 'realtime-1:8080', '9ad78082-2e6e-4b75-8c6b-0a8333cce99d');
INSERT INTO `source_config` VALUES ('bd817c4a-a232-408b-ae1e-1c79803bb2df', '7caec2a0-df23-456c-9c43-f9ea0dab0ccb', '674801dd-36d8-4386-af4e-41019e0c8208', 'kudu集群', '{\"source\":\"#{kudu_clusters}\",\"global\":false,\"ignoreCase\":false,\"matchIndex\":0}', 0, 'config/private/tpl/config.properties', 'realtime-1:7051,realtime-2:7051,realtime-3:7051', '42a7003a-4eb8-4dc0-9393-1ca7383d123a');
INSERT INTO `source_config` VALUES ('bdfcf799-a0ad-412e-be39-5e781fe56284', 'e58e440d-a1a5-4608-b918-5540e0b128b5', 'c4943386-e46a-4811-82e7-41da8dbacc73', 'impala连接配置（host,登录名,登录密码,端口,仓库名）', '{\"source\":\"#{impala,5/zhugeio}\",\"global\":false,\"ignoreCase\":false,\"matchIndex\":0}', 0, 'etl-dw-kudu/config/tpl/config/config.properties', 'zanalytics', 'f3d4ce35-7b4d-4061-aa7f-2b6d8a2036cc');
INSERT INTO `source_config` VALUES ('be466c82-aca2-4033-b064-5e810e6f538a', 'e58e440d-a1a5-4608-b918-5540e0b128b5', 'b3500566-84ad-4c0e-b178-9388bdc23d41', 'ssdb 1218端口', '{\"source\":\"#{ssdb_1218,2}\",\"global\":false,\"ignoreCase\":false,\"matchIndex\":0}', 0, 'etl-market-cloud/config/tpl/config/redis.properties', '1218', '10a988f0-da2f-4900-b708-1521ffa3192c');
INSERT INTO `source_config` VALUES ('beedfee1-420a-4767-969d-3a36e930c0de', '675a30a8-8dc3-4799-abfe-4ca6737414e8', 'd994ed15-a2c8-4456-b347-af0b35d6137f', 'ssdb 1218端口', '{\"source\":\"#{ssdb_1218,3}\",\"global\":false,\"ignoreCase\":false,\"matchIndex\":0}', 0, 'config/tpl/clockwork.config', NULL, '1bcfc8fc-d2fb-4d29-a2b5-e9a216db75f2');
INSERT INTO `source_config` VALUES ('bf04a5f1-06ee-4404-8281-c48d95dd2df3', '01fae700-c94b-487b-a635-08c5a72b6815', '606f0835-a6c1-4c82-8a73-484254d618aa', '合并端口外网访问地址(需要加协议http(s))(填网站的)', '{\"source\":\"#{svr.domain.extranet}\",\"global\":false,\"ignoreCase\":false,\"matchIndex\":0}', 0, 'doc/部署准备资料/client-realtime-tpl/receiver/config.properties', 'https://uba.it.pkpm.cn', 'b3bb446d-d1ec-468a-994e-39b9703a744a');
INSERT INTO `source_config` VALUES ('bf9fd493-e3f6-49a1-a4ea-e3411bbe9bb9', '01fae700-c94b-487b-a635-08c5a72b6815', '606f0835-a6c1-4c82-8a73-484254d618aa', '微信客户端clientId，可访问该地址生成：https://weixin.zhugeio.com/s/v1/newClientId', '{\"source\":\"#{wt.client.client_id}\",\"global\":false,\"ignoreCase\":false,\"matchIndex\":0}', 0, 'doc/部署准备资料/client-realtime-tpl/worker/config.properties', '9d3266fd556a4db7b9616d385f8bdf8f', 'b3bb446d-d1ec-468a-994e-39b9703a744a');
INSERT INTO `source_config` VALUES ('bfe96e74-a833-40ca-909f-a5e93840c53d', 'e58e440d-a1a5-4608-b918-5540e0b128b5', 'b3500566-84ad-4c0e-b178-9388bdc23d41', 'kafka服务集群', '{\"source\":\"#{kafka_bootstrap_servers}\",\"global\":false,\"ignoreCase\":false,\"matchIndex\":0}', 0, 'etl-market-cloud/config/tpl/config/config.properties', 'realtime-1:9092,realtime-2:9092,realtime-3:9092', '10a988f0-da2f-4900-b708-1521ffa3192c');
INSERT INTO `source_config` VALUES ('c0b807bc-9fdd-41b8-adfb-960da7785b8c', 'e7fa2e6a-1f41-4d25-b047-349d0c76754d', 'b6b2106f-e3aa-4be4-9fb1-1c2aa8b425e2', '前端mysql库连接配置（host,登录名,登录密码,端口）', '{\"source\":\"#{mysql,3}\",\"global\":false,\"ignoreCase\":false,\"matchIndex\":0}', 0, 'docs/config/tpl/copyAppKey.sh', 'zanalytics', '3fb6bac6-acfc-400e-9328-eabf02a561e2');
INSERT INTO `source_config` VALUES ('c126b494-367c-4a2f-9990-f9402fb4c5cc', '01fae700-c94b-487b-a635-08c5a72b6815', '606f0835-a6c1-4c82-8a73-484254d618aa', '合并端口内网访问地址', '{\"source\":\"#{svr.domain.intranet}\",\"global\":false,\"ignoreCase\":false,\"matchIndex\":0}', 0, 'doc/部署准备资料/client-realtime-tpl/consumer/config.properties', 'realtime-1:80', 'b3bb446d-d1ec-468a-994e-39b9703a744a');
INSERT INTO `source_config` VALUES ('c354f389-d89a-4b3d-87eb-cf249874e23d', 'e7fa2e6a-1f41-4d25-b047-349d0c76754d', 'b6b2106f-e3aa-4be4-9fb1-1c2aa8b425e2', 'impala连接配置（host,登录名,登录密码,端口,仓库名）', '{\"source\":\"#{impala,3}\",\"global\":false,\"ignoreCase\":false,\"matchIndex\":0}', 0, 'docs/config/tpl/application-kpt.yml', 'admin', '3fb6bac6-acfc-400e-9328-eabf02a561e2');
INSERT INTO `source_config` VALUES ('c3e2c7ea-e4b9-4627-938a-8108aec4a9d7', '01fae700-c94b-487b-a635-08c5a72b6815', '606f0835-a6c1-4c82-8a73-484254d618aa', 'redis 26480端口', '{\"source\":\"#{redis_26480,2}\",\"global\":false,\"ignoreCase\":false,\"matchIndex\":0}', 0, 'doc/部署准备资料/client-realtime-tpl/consumer/config.properties', '26480', 'b3bb446d-d1ec-468a-994e-39b9703a744a');
INSERT INTO `source_config` VALUES ('c4bbcb80-e7a1-4449-90da-32660a1b499c', '171218c4-c51d-455b-8ab1-39bea10e1286', '1d10e7d9-98bb-4995-8c61-e6dc3a8ac03e', '触达2.0相关配置', '{\"source\":\"#{mktv2.config->server.adapter}\",\"global\":false,\"ignoreCase\":false,\"matchIndex\":0}', 0, 'docs/tpl/scripts/package/playwell-client/README.md', 'realtime-mkt:1920', 'c1687c10-4867-4a26-a5ad-c5e80226df01');
INSERT INTO `source_config` VALUES ('c536c228-2587-4bd3-af9a-ab5fe36c83a9', '7caec2a0-df23-456c-9c43-f9ea0dab0ccb', '674801dd-36d8-4386-af4e-41019e0c8208', 'impala连接配置（host,登录名,登录密码,端口,仓库名）', '{\"source\":\"#{impala,5/zhugeio}\",\"global\":false,\"ignoreCase\":false,\"matchIndex\":0}', 0, 'config/private/tpl/config.properties', 'zanalytics', '42a7003a-4eb8-4dc0-9393-1ca7383d123a');
INSERT INTO `source_config` VALUES ('c58a4e58-0705-4d85-87f5-9a34edca726f', '171218c4-c51d-455b-8ab1-39bea10e1286', '1d10e7d9-98bb-4995-8c61-e6dc3a8ac03e', '触达2.0相关配置', '{\"source\":\"#{mktv2.config->server.user}\",\"global\":false,\"ignoreCase\":false,\"matchIndex\":0}', 0, 'docs/tpl/scripts/package/playwell-client/README.md', 'realtime-mkt:1925', 'c1687c10-4867-4a26-a5ad-c5e80226df01');
INSERT INTO `source_config` VALUES ('c5ea157b-2a79-477b-8f28-1631b8deccbe', 'b8f92387-21a4-4df0-8f8b-7f56791308e2', '5d38ebe9-203a-4140-ba72-98e2498513c2', '前端mysql库连接配置（host,登录名,登录密码,端口）', '{\"source\":\"#{mysql,3}\",\"global\":false,\"ignoreCase\":true,\"matchIndex\":0}', 0, 'docs/config/tpl/config.properties', 'zanalytics', '59add1c5-5228-4cd1-ba13-ff62df2bfb14');
INSERT INTO `source_config` VALUES ('c638243e-0411-46df-ac16-aa39a3fa348b', 'e58e440d-a1a5-4608-b918-5540e0b128b5', 'b06a5506-bc66-4090-8e98-506f03773593', 'impala/hive元数据库连接配置（host,登录名,登录密码）', '{\"source\":\"#{mysql_hive,2}\",\"global\":false,\"ignoreCase\":false,\"matchIndex\":0}', 0, 'etl-paopi/config/tpl/config/hive_db.properties', 'hive', '1af445aa-8947-4585-8134-33839697a1ce');
INSERT INTO `source_config` VALUES ('c63e73fd-bb85-4678-9dcd-137bf0aaa8e6', 'd3910a9b-f2e4-4701-b7b9-148f5d834880', '2f827d8b-3898-4e05-81dd-49a8efb98612', '视屏根路由', '{\"source\":\"#{shiping.base_path}\",\"global\":false,\"ignoreCase\":false,\"matchIndex\":0}', 0, 'config/buildConfig.js.tpl', 'shiping', 'f5980af3-d79b-49e0-a097-2f730b77a29c');
INSERT INTO `source_config` VALUES ('c7430aba-29f0-4c2c-a392-4b5253a9b4b6', '5286f7cd-3773-4361-90d6-f51fe4a024e5', 'd072d3b8-b6e0-4ae9-b119-d74dd203a619', '分析api内网服务部署地址（默认1个）', '{\"source\":\"#{svr.domain.intranet.api.www}\",\"global\":false,\"ignoreCase\":false,\"matchIndex\":0}', 0, 'nginx-single/nginx/conf/nginx.conf', 'realtime-1:8800', 'a992dda2-3bb8-464a-8e1d-40da1f71f275');
INSERT INTO `source_config` VALUES ('c83de0da-9b3c-462c-8285-5603dd6491f2', '424d629f-e5da-4c49-9604-04c1c7c2152f', '18d73a8b-7f0c-45dd-b9f7-3c6f1bfa278f', 'redis 26555端口', '{\"source\":\"#{redis_26555,1}\",\"global\":false,\"ignoreCase\":true,\"matchIndex\":0}', 0, 'src/config.ts.tpl', 'realtime-1', 'e1e63823-51e8-4b43-aa7e-b591c975b3f5');
INSERT INTO `source_config` VALUES ('c929dbd2-93e0-4016-95f5-89316d3b3203', '675a30a8-8dc3-4799-abfe-4ca6737414e8', 'd994ed15-a2c8-4456-b347-af0b35d6137f', 'redis 6371端口（触达）', '{\"source\":\"#{redis_6371,2}\",\"global\":false,\"ignoreCase\":false,\"matchIndex\":0}', 0, 'config/tpl/clockwork.config', '6379', '1bcfc8fc-d2fb-4d29-a2b5-e9a216db75f2');
INSERT INTO `source_config` VALUES ('c9852561-429a-461b-b38d-13369ebb4ad3', 'e58e440d-a1a5-4608-b918-5540e0b128b5', 'd2adae98-dc8e-46c4-beb9-b5df5c4cc83c', '前端mysql库连接配置（host,登录名,登录密码,端口）', '{\"source\":\"#{mysql,3}\",\"global\":false,\"ignoreCase\":false,\"matchIndex\":0}', 0, 'etl-id-kudu/config/tpl/config/front_db.properties', 'zanalytics', '7c33482b-864c-4b51-9d24-1d44a31b0818');
INSERT INTO `source_config` VALUES ('caeaf86f-35fc-4eb2-9c57-36c970eddc38', 'b8f92387-21a4-4df0-8f8b-7f56791308e2', '5d38ebe9-203a-4140-ba72-98e2498513c2', 'impala连接配置（host,登录名,登录密码,端口,仓库名）', '{\"source\":\"#{impala,5/zhugeio}\",\"global\":false,\"ignoreCase\":false,\"matchIndex\":0}', 0, 'docs/config/tpl/config.properties', 'zanalytics', '59add1c5-5228-4cd1-ba13-ff62df2bfb14');
INSERT INTO `source_config` VALUES ('cb7cf731-9446-48a9-8cd0-72884b7f81d0', 'e8c5b131-ce6c-4cff-b6c7-7efcfd5db04f', '228eef90-b176-4fa6-9ce8-30a7278d152f', '登录图片验证码开关', '{\"source\":\"#{webapp.login_img_code}\",\"global\":false,\"ignoreCase\":false,\"matchIndex\":0}', 0, 'spa/config/prod.env.js.tpl', 'false', '679650a4-5526-470f-a78e-a6aeb449b39d');
INSERT INTO `source_config` VALUES ('cbe1876c-f2ef-42ad-ae09-ad3fa692086b', 'e8c5b131-ce6c-4cff-b6c7-7efcfd5db04f', '228eef90-b176-4fa6-9ce8-30a7278d152f', '页面的title信息', '{\"source\":\"#{webapp.word.title}\",\"global\":false,\"ignoreCase\":false,\"matchIndex\":0}', 0, 'spa/config/prod.env.js.tpl', '数据分析', '679650a4-5526-470f-a78e-a6aeb449b39d');
INSERT INTO `source_config` VALUES ('cbf0d8be-b62e-4e5d-970b-8e6bf82cacd0', 'e8c5b131-ce6c-4cff-b6c7-7efcfd5db04f', '228eef90-b176-4fa6-9ce8-30a7278d152f', '数据日报开关(有日报必须有微信菜单，有微信菜单可以不用日报)', '{\"source\":\"#{webapp.show_data_daily}\",\"global\":false,\"ignoreCase\":false,\"matchIndex\":0}', 0, 'spa/config/prod.env.js.tpl', 'true', '679650a4-5526-470f-a78e-a6aeb449b39d');
INSERT INTO `source_config` VALUES ('cc13a41f-14bc-4d46-8709-3bfbbdbdb938', '01fae700-c94b-487b-a635-08c5a72b6815', '606f0835-a6c1-4c82-8a73-484254d618aa', '合并端口内网访问地址', '{\"source\":\"#{svr.domain.intranet}\",\"global\":false,\"ignoreCase\":true,\"matchIndex\":0}', 0, 'doc/部署准备资料/client-realtime-tpl/worker/config.properties', 'realtime-1:80', 'b3bb446d-d1ec-468a-994e-39b9703a744a');
INSERT INTO `source_config` VALUES ('cc252d59-6184-416a-96bd-d1238583012d', 'e8c5b131-ce6c-4cff-b6c7-7efcfd5db04f', '228eef90-b176-4fa6-9ce8-30a7278d152f', '是否启动密码强校验功能', '{\"source\":\"#{webapp.use_pwd_rules}\",\"global\":false,\"ignoreCase\":false,\"matchIndex\":0}', 0, 'spa/config/prod.env.js.tpl', 'true', '679650a4-5526-470f-a78e-a6aeb449b39d');
INSERT INTO `source_config` VALUES ('cc7dd946-aba2-4c5a-873b-c2919414280d', '5286f7cd-3773-4361-90d6-f51fe4a024e5', 'abf8ff3c-97a4-40f3-9a25-d92a48a7de38', 'impala连接配置（host,登录名,登录密码,端口,仓库名）', '{\"source\":\"#{impala,5/zhugeio}\",\"global\":false,\"ignoreCase\":false,\"matchIndex\":0}', 0, 'userbehaviorpath_usergroup/getdbdata-tpl.sh', 'zanalytics', 'f4e08264-398f-45e5-9a7e-5b5b512427b4');
INSERT INTO `source_config` VALUES ('cc9ad966-55b5-4983-9edf-4a119dae604c', 'e58e440d-a1a5-4608-b918-5540e0b128b5', 'a4bff95a-4ea6-4299-a8b4-eff6dac2b68b', 'redis 26480端口', '{\"source\":\"#{redis_26480,1}\",\"global\":false,\"ignoreCase\":false,\"matchIndex\":0}', 0, 'etl-count-et/config/tpl/config/redis.properties', 'realtime-1', '5ce13a14-0829-40a9-886e-3806a93f2eed');
INSERT INTO `source_config` VALUES ('ccb929f7-f890-45d1-9651-0fa7846d49a7', 'e58e440d-a1a5-4608-b918-5540e0b128b5', '2128bbfe-1755-4249-8b13-70310d78fea9', 'impala连接配置（host,登录名,登录密码,端口,仓库名）', '{\"source\":\"#{impala,4}\",\"global\":false,\"ignoreCase\":false,\"matchIndex\":0}', 0, 'etl-load-cdh/config/tpl/config/impala_db.properties', '21050', 'f510cace-de73-4509-8c57-ff46b0fe5c59');
INSERT INTO `source_config` VALUES ('cd4bfd92-e491-4e3f-8473-3a2aac6e5da9', '675a30a8-8dc3-4799-abfe-4ca6737414e8', 'd994ed15-a2c8-4456-b347-af0b35d6137f', 'redis 6372端口（触达）', '{\"source\":\"#{redis_6372,1}\",\"global\":false,\"ignoreCase\":false,\"matchIndex\":0}', 0, 'config/tpl/clockwork.config', 'realtime-3', '1bcfc8fc-d2fb-4d29-a2b5-e9a216db75f2');
INSERT INTO `source_config` VALUES ('cdbe221c-b6a8-4d33-aa91-207a3fd15085', 'b5c71d51-7a01-4cd3-b661-c6afbd16f108', '70822287-b390-404f-9cd0-aca103a7355d', '前端mysql库连接配置（host,登录名,登录密码,端口）', '{\"source\":\"#{mysql,1}\",\"global\":false,\"ignoreCase\":false,\"matchIndex\":0}', 0, 'docs/config/tpl/application.properties', 'realtime-1', '1e60d50d-0c17-4617-9da6-ec297c9f6866');
INSERT INTO `source_config` VALUES ('ce12d8b7-77cc-4678-83be-d71b084bcc0a', 'e58e440d-a1a5-4608-b918-5540e0b128b5', '62cbefc8-d6cf-4901-b656-9486e1d1073f', 'impala连接配置（host,登录名,登录密码,端口,仓库名）', '{\"source\":\"#{impala,1}\",\"global\":false,\"ignoreCase\":false,\"matchIndex\":0}', 0, 'etl-load-cdh/config/tpl/config_single/impala_db.properties', 'realtime-1', '1e0c9528-696a-487b-a8a5-473fb8661097');
INSERT INTO `source_config` VALUES ('ce421355-cb49-4c66-9fa3-2ad6da7bf0e8', '7caec2a0-df23-456c-9c43-f9ea0dab0ccb', '674801dd-36d8-4386-af4e-41019e0c8208', '前端mysql库连接配置（host,登录名,登录密码,端口）', '{\"source\":\"#{mysql,2}\",\"global\":false,\"ignoreCase\":false,\"matchIndex\":0}', 0, 'config/private/tpl/kudu-to-parquet.sh', 'web', '42a7003a-4eb8-4dc0-9393-1ca7383d123a');
INSERT INTO `source_config` VALUES ('cf4ed080-8674-47d4-b5ce-8af709ee051f', 'e58e440d-a1a5-4608-b918-5540e0b128b5', 'c4943386-e46a-4811-82e7-41da8dbacc73', 'impala连接配置（host,登录名,登录密码,端口,仓库名）', '{\"source\":\"#{impala,5/zhugeio}\",\"global\":false,\"ignoreCase\":false,\"matchIndex\":0}', 0, 'etl-dw-kudu/config/tpl/config/impala_db.properties', 'zanalytics', 'f3d4ce35-7b4d-4061-aa7f-2b6d8a2036cc');
INSERT INTO `source_config` VALUES ('cf85d5e4-eb91-4285-b58d-d6137d85bf91', 'e58e440d-a1a5-4608-b918-5540e0b128b5', '565ec772-efa3-4c6a-a2da-44e81f906b39', 'kafka服务集群', '{\"source\":\"#{kafka_bootstrap_servers}\",\"global\":false,\"ignoreCase\":false,\"matchIndex\":0}', 0, 'etl-adv-count/config/tpl/config/config.properties', 'realtime-1:9092,realtime-2:9092,realtime-3:9092', 'cc69d492-9d36-4bad-a71a-d83a7c9f9009');
INSERT INTO `source_config` VALUES ('cfba7b75-afc4-4113-8098-9328885bdbeb', '5286f7cd-3773-4361-90d6-f51fe4a024e5', 'd072d3b8-b6e0-4ae9-b119-d74dd203a619', '分析sdkv内网服务部署地址（默认1个）', '{\"source\":\"#{svr.domain.intranet.sdkv.www}\",\"global\":false,\"ignoreCase\":false,\"matchIndex\":0}', 0, 'nginx-single/nginx/conf/nginx.conf-upload', 'realtime-1:8080', 'a992dda2-3bb8-464a-8e1d-40da1f71f275');
INSERT INTO `source_config` VALUES ('d197f12b-571b-4e3b-957e-cfe80986911d', 'e58e440d-a1a5-4608-b918-5540e0b128b5', '2c620647-cc28-4a32-bc3e-875e1c004437', 'redis 8892端口', '{\"source\":\"#{redis_8892,2}\",\"global\":false,\"ignoreCase\":false,\"matchIndex\":0}', 0, 'etl-single/config/tpl/config/redis.properties', '8892', 'd6281022-0c4a-4900-8652-34d251b4b0e0');
INSERT INTO `source_config` VALUES ('d29aaf1f-6d16-452f-a84e-1f009e9ee499', '01fae700-c94b-487b-a635-08c5a72b6815', '606f0835-a6c1-4c82-8a73-484254d618aa', '前端mysql库连接配置（host,登录名,登录密码,端口）', '{\"source\":\"#{mysql,3}\",\"global\":false,\"ignoreCase\":false,\"matchIndex\":0}', 0, 'doc/部署准备资料/client-realtime-tpl/consumer/config.properties', 'zanalytics', 'b3bb446d-d1ec-468a-994e-39b9703a744a');
INSERT INTO `source_config` VALUES ('d3be2b06-905f-4c3a-a7f0-0046ea51a2dc', '5286f7cd-3773-4361-90d6-f51fe4a024e5', 'dc376025-c426-4c3a-a3b3-3c63d6df7225', 'impala连接配置（host,登录名,登录密码,端口,仓库名）', '{\"source\":\"#{impala,5/zhugeio}\",\"global\":false,\"ignoreCase\":false,\"matchIndex\":0}', 0, 'sql-zeppelin/zeppelin/conf-tpl/interpreter.json', 'zanalytics', 'a5e09e9d-2721-42ef-9565-7742ae989e7c');
INSERT INTO `source_config` VALUES ('d3beded1-eedb-4b6a-ae59-738aa923d304', 'e8c5b131-ce6c-4cff-b6c7-7efcfd5db04f', '228eef90-b176-4fa6-9ce8-30a7278d152f', 'ios-sdkv名称', '{\"source\":\"#{webapp.word.ios_sdk}\",\"global\":false,\"ignoreCase\":false,\"matchIndex\":0}', 0, 'spa/config/prod.env.js.tpl', 'Zhuge', '679650a4-5526-470f-a78e-a6aeb449b39d');
INSERT INTO `source_config` VALUES ('d4063ed3-36a3-4790-b4f5-351c89a6c0e4', 'e58e440d-a1a5-4608-b918-5540e0b128b5', '2128bbfe-1755-4249-8b13-70310d78fea9', 'impala连接配置（host,登录名,登录密码,端口,仓库名）', '{\"source\":\"#{impala,1}\",\"global\":false,\"ignoreCase\":false,\"matchIndex\":0}', 0, 'etl-load-cdh/config/tpl/config/impala_db.properties', 'realtime-1', 'f510cace-de73-4509-8c57-ff46b0fe5c59');
INSERT INTO `source_config` VALUES ('d411dc44-4475-4b4a-a574-c3d2c0136fdc', '01fae700-c94b-487b-a635-08c5a72b6815', '606f0835-a6c1-4c82-8a73-484254d618aa', '微信服务端www访问地址', '{\"source\":\"#{wt.server.domain.extranet}\",\"global\":false,\"ignoreCase\":false,\"matchIndex\":0}', 0, 'doc/部署准备资料/client-realtime-tpl/receiver/config.properties', 'https://weixin.zhugeio.com', 'b3bb446d-d1ec-468a-994e-39b9703a744a');
INSERT INTO `source_config` VALUES ('d439681e-44e6-4b74-bb12-bcd28aa088dd', 'e58e440d-a1a5-4608-b918-5540e0b128b5', '2c620647-cc28-4a32-bc3e-875e1c004437', 'impala连接配置（host,登录名,登录密码,端口,仓库名）', '{\"source\":\"#{impala,3}\",\"global\":false,\"ignoreCase\":false,\"matchIndex\":0}', 0, 'etl-single/config/tpl/config/impala_db.properties', 'admin', 'd6281022-0c4a-4900-8652-34d251b4b0e0');
INSERT INTO `source_config` VALUES ('d493628d-aecc-4ea8-8999-d604ac8d7a65', '7dc43ea6-8dfb-4f19-8054-a7cf62882c8c', 'b416b11f-474d-4e21-8286-c873831367f8', 'node服务socket接口前缀', '{\"source\":\"#{node.api.socket.prefix}\",\"global\":false,\"ignoreCase\":false,\"matchIndex\":0}', 0, 'config/prod.env.js.tpl', '/analysis/socket', '28622285-9690-4cd4-87f0-a32ad1e29ddd');
INSERT INTO `source_config` VALUES ('d49992db-af08-489c-bf2f-b6b83c2aea96', 'e58e440d-a1a5-4608-b918-5540e0b128b5', 'b06a5506-bc66-4090-8e98-506f03773593', '前端mysql库连接配置（host,登录名,登录密码,端口）', '{\"source\":\"#{mysql,3}\",\"global\":false,\"ignoreCase\":false,\"matchIndex\":0}', 0, 'etl-paopi/config/tpl/config/front_db.properties', 'zanalytics', '1af445aa-8947-4585-8134-33839697a1ce');
INSERT INTO `source_config` VALUES ('d4a4fc28-5599-4b17-b327-65fc350b3735', '01fae700-c94b-487b-a635-08c5a72b6815', '606f0835-a6c1-4c82-8a73-484254d618aa', '微信客户端clientId，可访问该地址生成：https://weixin.zhugeio.com/s/v1/newClientId', '{\"source\":\"#{wt.client.client_id}\",\"global\":false,\"ignoreCase\":false,\"matchIndex\":0}', 0, 'doc/部署准备资料/client-realtime-tpl/www/config.properties', '9d3266fd556a4db7b9616d385f8bdf8f', 'b3bb446d-d1ec-468a-994e-39b9703a744a');
INSERT INTO `source_config` VALUES ('d4c4b9eb-8a74-4f7d-bd39-401536a3612a', 'e58e440d-a1a5-4608-b918-5540e0b128b5', '2128bbfe-1755-4249-8b13-70310d78fea9', '前端mysql库连接配置（host,登录名,登录密码,端口）', '{\"source\":\"#{mysql,3}\",\"global\":false,\"ignoreCase\":false,\"matchIndex\":0}', 0, 'etl-load-cdh/config/tpl/config/front_db.properties', 'zanalytics', 'f510cace-de73-4509-8c57-ff46b0fe5c59');
INSERT INTO `source_config` VALUES ('d4ed5abf-94c3-4bd9-9d53-85bbada74ed9', 'e58e440d-a1a5-4608-b918-5540e0b128b5', '2c620647-cc28-4a32-bc3e-875e1c004437', 'redis 6379端口', '{\"source\":\"#{redis_6379,3}\",\"global\":false,\"ignoreCase\":false,\"matchIndex\":0}', 0, 'etl-single/config/tpl/config/redis.properties', 'Sun_unix*1101', 'd6281022-0c4a-4900-8652-34d251b4b0e0');
INSERT INTO `source_config` VALUES ('d51d0bb4-2ce8-4c01-8795-ab133f3b6735', 'e58e440d-a1a5-4608-b918-5540e0b128b5', '2128bbfe-1755-4249-8b13-70310d78fea9', 'kudu集群', '{\"source\":\"#{kudu_clusters}\",\"global\":false,\"ignoreCase\":false,\"matchIndex\":0}', 0, 'etl-load-cdh/config/tpl/config/config.properties', 'realtime-1:7051,realtime-2:7051,realtime-3:7051', 'f510cace-de73-4509-8c57-ff46b0fe5c59');
INSERT INTO `source_config` VALUES ('d530ae82-eb13-49d1-ac77-bc8266baea68', 'e7fa2e6a-1f41-4d25-b047-349d0c76754d', 'b6b2106f-e3aa-4be4-9fb1-1c2aa8b425e2', '前端mysql库连接配置（host,登录名,登录密码,端口）', '{\"source\":\"#{mysql,2}\",\"global\":false,\"ignoreCase\":false,\"matchIndex\":0}', 0, 'docs/config/tpl/application-kpt.yml', 'web', '3fb6bac6-acfc-400e-9328-eabf02a561e2');
INSERT INTO `source_config` VALUES ('d5c15b1d-8966-4051-b106-2fa79884c1ae', 'e58e440d-a1a5-4608-b918-5540e0b128b5', '6158ebbd-b524-477e-8c2d-8d997ab3ef5b', 'redis 6379端口', '{\"source\":\"#{redis_6379,2}\",\"global\":false,\"ignoreCase\":false,\"matchIndex\":0}', 0, 'etl-debug/config/tpl/config/debug_redis.properties', '6379', '25188553-c54a-46c5-b788-3e998f5cb344');
INSERT INTO `source_config` VALUES ('d6badbfe-601c-4d6d-8433-64709e5ee828', '171218c4-c51d-455b-8ab1-39bea10e1286', '1d10e7d9-98bb-4995-8c61-e6dc3a8ac03e', '触达2.0相关配置', '{\"source\":\"#{mktv2.config->server.threshold}\",\"global\":false,\"ignoreCase\":true,\"matchIndex\":0}', 0, 'docs/tpl/README.md', 'realtime-mkt:1923', 'c1687c10-4867-4a26-a5ad-c5e80226df01');
INSERT INTO `source_config` VALUES ('d6d8396e-931d-4106-9093-93b6fa6b119c', 'e58e440d-a1a5-4608-b918-5540e0b128b5', 'd2adae98-dc8e-46c4-beb9-b5df5c4cc83c', '前端mysql库连接配置（host,登录名,登录密码,端口）', '{\"source\":\"#{mysql,4/3306}\",\"global\":false,\"ignoreCase\":false,\"matchIndex\":0}', 0, 'etl-id-kudu/config/tpl/config/front_db.properties', '3306', '7c33482b-864c-4b51-9d24-1d44a31b0818');
INSERT INTO `source_config` VALUES ('d81b12e4-4bd5-4d8c-8535-ed9372c8c755', 'e7fa2e6a-1f41-4d25-b047-349d0c76754d', 'b6b2106f-e3aa-4be4-9fb1-1c2aa8b425e2', '前端mysql库连接配置（host,登录名,登录密码,端口）', '{\"source\":\"#{mysql,1}\",\"global\":false,\"ignoreCase\":false,\"matchIndex\":0}', 0, 'docs/config/tpl/application-kpt.yml', 'realtime-1', '3fb6bac6-acfc-400e-9328-eabf02a561e2');
INSERT INTO `source_config` VALUES ('d8e2082b-ad24-4884-964e-63544bb93bfc', 'e8c5b131-ce6c-4cff-b6c7-7efcfd5db04f', '228eef90-b176-4fa6-9ce8-30a7278d152f', '登录跳转域名白名单，前端使用样例：^(http://localhost:3000)|(http://test.zhugeio.com:8080)|()', '{\"source\":\"#{webapp.login_destination_white_list}\",\"global\":false,\"ignoreCase\":false,\"matchIndex\":0}', 0, 'spa/config/prod.env.js.tpl', '', '679650a4-5526-470f-a78e-a6aeb449b39d');
INSERT INTO `source_config` VALUES ('d8ee73df-12c5-487b-989a-f6cefa1b541f', '5286f7cd-3773-4361-90d6-f51fe4a024e5', 'd072d3b8-b6e0-4ae9-b119-d74dd203a619', 'node服务（来源映射、sdk、实时概览、数据接入等）', '{\"source\":\"#{svr.domain.intranet.node}\",\"global\":false,\"ignoreCase\":false,\"matchIndex\":0}', 0, 'nginx-single/nginx/conf/nginx.conf', 'realtime-3:9004', 'a992dda2-3bb8-464a-8e1d-40da1f71f275');
INSERT INTO `source_config` VALUES ('d9477c82-007d-4a6f-811e-0c600253df32', 'e58e440d-a1a5-4608-b918-5540e0b128b5', '2c620647-cc28-4a32-bc3e-875e1c004437', 'redis 8897端口', '{\"source\":\"#{redis_8897,3}\",\"global\":false,\"ignoreCase\":false,\"matchIndex\":0}', 0, 'etl-single/config/tpl/config/redis.properties', NULL, 'd6281022-0c4a-4900-8652-34d251b4b0e0');
INSERT INTO `source_config` VALUES ('d9b964d5-ce35-4b75-8386-c9430a78892b', 'e58e440d-a1a5-4608-b918-5540e0b128b5', '2c620647-cc28-4a32-bc3e-875e1c004437', '触达flow-api服务启动端口【/data/clockwork_api/clockwork.config->flow_api->port】', '{\"source\":\"#{clockwork.flow_api_port}\",\"global\":false,\"ignoreCase\":false,\"matchIndex\":0}', 0, 'etl-single/config/tpl/config/market_config.properties', '8888', 'd6281022-0c4a-4900-8652-34d251b4b0e0');
INSERT INTO `source_config` VALUES ('dbbf4e85-1293-42c2-8b28-baa6364a57d4', 'e7fa2e6a-1f41-4d25-b047-349d0c76754d', 'b6b2106f-e3aa-4be4-9fb1-1c2aa8b425e2', 'impala连接配置（host,登录名,登录密码,端口,仓库名）', '{\"source\":\"#{impala,4}\",\"global\":false,\"ignoreCase\":false,\"matchIndex\":0}', 0, 'docs/config/tpl/application-kpt.yml', '21050', '3fb6bac6-acfc-400e-9328-eabf02a561e2');
INSERT INTO `source_config` VALUES ('dc4e55b4-24ee-4a02-95f1-d043b6e2dbbe', 'e58e440d-a1a5-4608-b918-5540e0b128b5', 'c4943386-e46a-4811-82e7-41da8dbacc73', 'impala连接配置（host,登录名,登录密码,端口,仓库名）', '{\"source\":\"#{impala,1}\",\"global\":false,\"ignoreCase\":false,\"matchIndex\":0}', 0, 'etl-dw-kudu/config/tpl/config/impala_db.properties', 'realtime-1', 'f3d4ce35-7b4d-4061-aa7f-2b6d8a2036cc');
INSERT INTO `source_config` VALUES ('dc953615-f8eb-422c-b8b8-b7a6be7336d1', '5286f7cd-3773-4361-90d6-f51fe4a024e5', 'd072d3b8-b6e0-4ae9-b119-d74dd203a619', '触达2.0相关配置', '{\"source\":\"#{mktv2.config->server.www}\",\"global\":false,\"ignoreCase\":false,\"matchIndex\":0}', 0, 'nginx-single/nginx/conf/nginx.conf', 'realtime-mkt:18001', 'a992dda2-3bb8-464a-8e1d-40da1f71f275');
INSERT INTO `source_config` VALUES ('dc9c7c2e-23eb-4e01-ac3d-b1e257dfb276', '171218c4-c51d-455b-8ab1-39bea10e1286', '1d10e7d9-98bb-4995-8c61-e6dc3a8ac03e', '触达2.0相关配置', '{\"source\":\"#{mktv2.config->server.activity}\",\"global\":false,\"ignoreCase\":true,\"matchIndex\":0}', 0, 'docs/tpl/README.md', 'realtime-mkt:1922', 'c1687c10-4867-4a26-a5ad-c5e80226df01');
INSERT INTO `source_config` VALUES ('dcfa945b-8745-4883-9238-c3a6158b65c0', '5286f7cd-3773-4361-90d6-f51fe4a024e5', '38071411-283d-4a16-a061-5316144cc396', 'zabbix-web-api', '{\"source\":\"#{svr.domain.intranet.zabbix.www}\",\"global\":false,\"ignoreCase\":false,\"matchIndex\":0}', 0, 'nginx/nginx/conf/nginx.conf', 'realtime-1:8081', '9ad78082-2e6e-4b75-8c6b-0a8333cce99d');
INSERT INTO `source_config` VALUES ('ddc23441-79e5-45b6-8bb7-067a505b3673', 'b5c71d51-7a01-4cd3-b661-c6afbd16f108', '70822287-b390-404f-9cd0-aca103a7355d', 'es集群2的ip', '{\"source\":\"#{elasticsearch2,2}\",\"global\":false,\"ignoreCase\":false,\"matchIndex\":0}', 0, 'docs/config/tpl/application.properties', '9200', '1e60d50d-0c17-4617-9da6-ec297c9f6866');
INSERT INTO `source_config` VALUES ('de151f52-fc83-4cbe-971a-ef541eb15748', '7caec2a0-df23-456c-9c43-f9ea0dab0ccb', '674801dd-36d8-4386-af4e-41019e0c8208', 'impala连接配置（host,登录名,登录密码,端口,仓库名）', '{\"source\":\"#{impala,4}\",\"global\":false,\"ignoreCase\":false,\"matchIndex\":0}', 0, 'config/private/tpl/config.properties', '21050', '42a7003a-4eb8-4dc0-9393-1ca7383d123a');
INSERT INTO `source_config` VALUES ('dee0dbb7-7a2a-4270-a6a1-26f8a76208c7', '7caec2a0-df23-456c-9c43-f9ea0dab0ccb', '674801dd-36d8-4386-af4e-41019e0c8208', '前端mysql库连接配置（host,登录名,登录密码,端口）', '{\"source\":\"#{mysql,1}\",\"global\":false,\"ignoreCase\":false,\"matchIndex\":0}', 0, 'config/private/tpl/config.properties', 'realtime-1', '42a7003a-4eb8-4dc0-9393-1ca7383d123a');
INSERT INTO `source_config` VALUES ('e0350672-8c94-46f9-a4eb-2740f3b8629c', '5286f7cd-3773-4361-90d6-f51fe4a024e5', '995da2c5-3dc4-4f2b-807b-8ed1bc2a4e5c', 'ssdb 8888端口', '{\"source\":\"#{ssdb_8888,1}\",\"global\":false,\"ignoreCase\":false,\"matchIndex\":0}', 0, 'es-index/zanalytics-index-db/tpl/2-db1.conf', 'realtime-1', 'a97922a1-618c-40c6-b95a-3a4f8380a55a');
INSERT INTO `source_config` VALUES ('e03cedc7-526d-4fa1-b30f-697955dfa79f', '5286f7cd-3773-4361-90d6-f51fe4a024e5', '38071411-283d-4a16-a061-5316144cc396', 'es查询服务', '{\"source\":\"#{svr.domain.intranet.es.www}\",\"global\":false,\"ignoreCase\":false,\"matchIndex\":0}', 0, 'nginx/nginx/conf/nginx.conf-upload', 'realtime-2:7808', '9ad78082-2e6e-4b75-8c6b-0a8333cce99d');
INSERT INTO `source_config` VALUES ('e0b8b2ae-d303-4fba-ae5b-85af7c8d2ddf', 'e8c5b131-ce6c-4cff-b6c7-7efcfd5db04f', '228eef90-b176-4fa6-9ce8-30a7278d152f', 'webapp相关配置', '{\"source\":\"#{webapp->is_mars_ui}\",\"global\":false,\"ignoreCase\":false,\"matchIndex\":0}', 0, 'spa/config/prod.env.js.tpl', 'false', '679650a4-5526-470f-a78e-a6aeb449b39d');
INSERT INTO `source_config` VALUES ('e126c98d-7d1e-467a-99b7-7a7a27b031ac', '7caec2a0-df23-456c-9c43-f9ea0dab0ccb', '674801dd-36d8-4386-af4e-41019e0c8208', '前端mysql库连接配置（host,登录名,登录密码,端口）', '{\"source\":\"#{mysql,4/3306}\",\"global\":false,\"ignoreCase\":false,\"matchIndex\":0}', 0, 'config/private/tpl/config.properties', '3306', '42a7003a-4eb8-4dc0-9393-1ca7383d123a');
INSERT INTO `source_config` VALUES ('e16a92b3-42c4-428e-89ff-18bf6f0df715', '01fae700-c94b-487b-a635-08c5a72b6815', '606f0835-a6c1-4c82-8a73-484254d618aa', '合并端口外网访问地址(需要加协议http(s))(填网站的)', '{\"source\":\"#{svr.domain.extranet}\",\"global\":false,\"ignoreCase\":false,\"matchIndex\":0}', 0, 'doc/部署准备资料/client-realtime-tpl/www/config.properties', 'https://uba.it.pkpm.cn', 'b3bb446d-d1ec-468a-994e-39b9703a744a');
INSERT INTO `source_config` VALUES ('e1c01d86-6376-406e-afca-b396617e46ef', 'e7fa2e6a-1f41-4d25-b047-349d0c76754d', 'b6b2106f-e3aa-4be4-9fb1-1c2aa8b425e2', '前端mysql库连接配置（host,登录名,登录密码,端口）', '{\"source\":\"#{mysql,1}\",\"global\":false,\"ignoreCase\":false,\"matchIndex\":0}', 0, 'docs/config/tpl/copyAppKey.sh', 'realtime-1', '3fb6bac6-acfc-400e-9328-eabf02a561e2');
INSERT INTO `source_config` VALUES ('e2631f55-aabb-4814-bdcd-2b4e3821f027', '675a30a8-8dc3-4799-abfe-4ca6737414e8', 'd994ed15-a2c8-4456-b347-af0b35d6137f', 'ssdb 1217端口', '{\"source\":\"#{ssdb_1217,3}\",\"global\":false,\"ignoreCase\":false,\"matchIndex\":0}', 0, 'config/tpl/clockwork.config', NULL, '1bcfc8fc-d2fb-4d29-a2b5-e9a216db75f2');
INSERT INTO `source_config` VALUES ('e26771c5-0098-48f3-910d-ebed8cfbc441', 'e58e440d-a1a5-4608-b918-5540e0b128b5', '2c620647-cc28-4a32-bc3e-875e1c004437', 'impala连接配置（host,登录名,登录密码,端口,仓库名）', '{\"source\":\"#{impala,5}\",\"global\":false,\"ignoreCase\":false,\"matchIndex\":0}', 0, 'etl-single/config/tpl/config/dw_config.properties', 'zanalytics', 'd6281022-0c4a-4900-8652-34d251b4b0e0');
INSERT INTO `source_config` VALUES ('e2bd53b0-0b7b-4feb-bc4d-a6e1b461c53b', '5286f7cd-3773-4361-90d6-f51fe4a024e5', '38071411-283d-4a16-a061-5316144cc396', '微信内网（www）服务部署地址（默认1个）【/data/wt/www/config】', '{\"source\":\"#{svr.domain.intranet.weixin.www}\",\"global\":false,\"ignoreCase\":false,\"matchIndex\":0}', 0, 'nginx/nginx/conf/nginx.conf', 'realtime-1:7715', '9ad78082-2e6e-4b75-8c6b-0a8333cce99d');
INSERT INTO `source_config` VALUES ('e2caedc6-2e74-4660-a0d8-6622938a14f3', '424d629f-e5da-4c49-9604-04c1c7c2152f', '18d73a8b-7f0c-45dd-b9f7-3c6f1bfa278f', 'node服务socket接口前缀', '{\"source\":\"#{node.api.prefix}\",\"global\":false,\"ignoreCase\":false,\"matchIndex\":0}', 0, 'src/config.ts.tpl', '/analysis/api', 'e1e63823-51e8-4b43-aa7e-b591c975b3f5');
INSERT INTO `source_config` VALUES ('e46811b2-09f6-4e90-b939-f30d142c1a0f', '7dc43ea6-8dfb-4f19-8054-a7cf62882c8c', 'b416b11f-474d-4e21-8286-c873831367f8', '合并端口外网访问地址(需要加协议http(s))(填网关的)', '{\"source\":\"#{svr.domain.nginx.extranet}\",\"global\":false,\"ignoreCase\":false,\"matchIndex\":0}', 0, 'config/prod.env.js.tpl', 'https://uba.it.pkpm.cn', '28622285-9690-4cd4-87f0-a32ad1e29ddd');
INSERT INTO `source_config` VALUES ('e4e3137d-69f8-4a2d-ab77-287d183b449d', 'b5c71d51-7a01-4cd3-b661-c6afbd16f108', '70822287-b390-404f-9cd0-aca103a7355d', 'elasticsearch用户名、密码', '{\"source\":\"#{elasticsearch.auth,2}\",\"global\":false,\"ignoreCase\":false,\"matchIndex\":0}', 0, 'docs/config/tpl/application.properties', 'Sun_unix*1101', '1e60d50d-0c17-4617-9da6-ec297c9f6866');
INSERT INTO `source_config` VALUES ('e51584f8-ed71-4d72-8a13-70b8e8533add', 'e58e440d-a1a5-4608-b918-5540e0b128b5', '62cbefc8-d6cf-4901-b656-9486e1d1073f', '前端mysql库连接配置（host,登录名,登录密码,端口）', '{\"source\":\"#{mysql,3}\",\"global\":false,\"ignoreCase\":false,\"matchIndex\":0}', 0, 'etl-load-cdh/config/tpl/config_single/front_db.properties', 'zanalytics', '1e0c9528-696a-487b-a8a5-473fb8661097');
INSERT INTO `source_config` VALUES ('e5bf16f5-0bbe-474c-b56b-8cbf81cd7cf3', 'e58e440d-a1a5-4608-b918-5540e0b128b5', '2128bbfe-1755-4249-8b13-70310d78fea9', 'impala连接配置（host,登录名,登录密码,端口,仓库名）', '{\"source\":\"#{impala,5/zhugeio}\",\"global\":false,\"ignoreCase\":false,\"matchIndex\":0}', 0, 'etl-load-cdh/config/tpl/config/impala_db.properties', 'zanalytics', 'f510cace-de73-4509-8c57-ff46b0fe5c59');
INSERT INTO `source_config` VALUES ('e6218e66-9ee4-4cbe-914e-7a80e6f8f22e', 'b5c71d51-7a01-4cd3-b661-c6afbd16f108', '70822287-b390-404f-9cd0-aca103a7355d', 'ssdb 8888端口', '{\"source\":\"#{ssdb_8888,2}\",\"global\":false,\"ignoreCase\":false,\"matchIndex\":0}', 0, 'docs/config/tpl/application.properties', '8888', '1e60d50d-0c17-4617-9da6-ec297c9f6866');
INSERT INTO `source_config` VALUES ('e7e233d9-9a76-4eef-87a9-fdf2a80df08b', 'e58e440d-a1a5-4608-b918-5540e0b128b5', 'a4bff95a-4ea6-4299-a8b4-eff6dac2b68b', 'redis 26480端口', '{\"source\":\"#{redis_26480,3}\",\"global\":false,\"ignoreCase\":false,\"matchIndex\":0}', 0, 'etl-count-et/config/tpl/config/redis.properties', 'Sun_unix*1101', '5ce13a14-0829-40a9-886e-3806a93f2eed');
INSERT INTO `source_config` VALUES ('e84b8c0c-71e9-46ff-bf17-1e6f0df3df5f', '5286f7cd-3773-4361-90d6-f51fe4a024e5', '38071411-283d-4a16-a061-5316144cc396', 'es查询服务', '{\"source\":\"#{svr.domain.intranet.es.www}\",\"global\":false,\"ignoreCase\":false,\"matchIndex\":0}', 0, 'nginx/nginx/conf/nginx.conf', 'realtime-2:7808', '9ad78082-2e6e-4b75-8c6b-0a8333cce99d');
INSERT INTO `source_config` VALUES ('e8ea3160-c193-4ace-87e5-82f6344af433', '675a30a8-8dc3-4799-abfe-4ca6737414e8', 'd994ed15-a2c8-4456-b347-af0b35d6137f', '合并端口外网访问地址(需要加协议http(s))(填网关的)', '{\"source\":\"#{svr.domain.nginx.extranet}\",\"global\":false,\"ignoreCase\":true,\"matchIndex\":0}', 0, 'config/tpl/clockwork.config', 'https://uba.it.pkpm.cn', '1bcfc8fc-d2fb-4d29-a2b5-e9a216db75f2');
INSERT INTO `source_config` VALUES ('e95cd607-687d-4a4a-aa9c-9c9d1ef68514', 'a03aa383-d78b-4e36-bad4-cd873cd91eeb', '15d0f53e-9253-4a3a-af47-656b854b0f3b', '合并端口外网访问地址(需要加协议http(s))(填网关的)', '{\"source\":\"#{svr.domain.nginx.extranet}\",\"global\":false,\"ignoreCase\":false,\"matchIndex\":0}', 0, '.env.production.tpl', 'https://uba.it.pkpm.cn', '3f4cb6de-cfbb-4b9a-8b55-52853c4c184d');
INSERT INTO `source_config` VALUES ('ea682b47-8ca0-4973-8b27-09b4c843c005', '5286f7cd-3773-4361-90d6-f51fe4a024e5', 'd072d3b8-b6e0-4ae9-b119-d74dd203a619', 'sql查询平台内网服务部署地址', '{\"source\":\"#{svr.domain.intranet.sql.www}\",\"global\":false,\"ignoreCase\":false,\"matchIndex\":0}', 0, 'nginx-single/nginx/conf/nginx.conf', 'realtime-1:9003', 'a992dda2-3bb8-464a-8e1d-40da1f71f275');
INSERT INTO `source_config` VALUES ('eb222790-223c-4095-944f-d2e2282abec8', 'e58e440d-a1a5-4608-b918-5540e0b128b5', 'c4943386-e46a-4811-82e7-41da8dbacc73', 'impala连接配置（host,登录名,登录密码,端口,仓库名）', '{\"source\":\"#{impala,4}\",\"global\":false,\"ignoreCase\":false,\"matchIndex\":0}', 0, 'etl-dw-kudu/config/tpl/config/impala_db.properties', '21050', 'f3d4ce35-7b4d-4061-aa7f-2b6d8a2036cc');
INSERT INTO `source_config` VALUES ('eb9be191-1f75-405e-8158-76eb7390e5cb', 'b5c71d51-7a01-4cd3-b661-c6afbd16f108', '70822287-b390-404f-9cd0-aca103a7355d', 'es集群名称', '{\"source\":\"#{elasticsearch_cluster_name}\",\"global\":false,\"ignoreCase\":false,\"matchIndex\":0}', 0, 'docs/config/tpl/application.properties', 'elasticsearch', '1e60d50d-0c17-4617-9da6-ec297c9f6866');
INSERT INTO `source_config` VALUES ('ebcc5155-76e3-4433-b1cb-b206d823de9d', '5286f7cd-3773-4361-90d6-f51fe4a024e5', 'abf8ff3c-97a4-40f3-9a25-d92a48a7de38', '前端mysql库连接配置（host,登录名,登录密码,端口）', '{\"source\":\"#{mysql,2}\",\"global\":false,\"ignoreCase\":false,\"matchIndex\":0}', 0, 'userbehaviorpath_usergroup/getdbdata-tpl.sh', 'web', 'f4e08264-398f-45e5-9a7e-5b5b512427b4');
INSERT INTO `source_config` VALUES ('ebeb24a5-9f5c-4555-a30c-8c85fb9375d0', '5286f7cd-3773-4361-90d6-f51fe4a024e5', 'dc376025-c426-4c3a-a3b3-3c63d6df7225', '合并端口内网访问地址', '{\"source\":\"#{svr.domain.intranet}\",\"global\":false,\"ignoreCase\":false,\"matchIndex\":0}', 0, 'sql-zeppelin/zeppelin/conf-tpl/args.properties', 'realtime-1:80', 'a5e09e9d-2721-42ef-9565-7742ae989e7c');
INSERT INTO `source_config` VALUES ('ebfd69e0-a209-4c35-98a3-f1d15d201312', '5286f7cd-3773-4361-90d6-f51fe4a024e5', 'abf8ff3c-97a4-40f3-9a25-d92a48a7de38', 'redis 6379端口', '{\"source\":\"#{redis_6379,1}\",\"global\":false,\"ignoreCase\":false,\"matchIndex\":0}', 0, 'userbehaviorpath_usergroup/behavior_path_hadoop/tpl/behavior_config.yml', 'realtime-1', 'f4e08264-398f-45e5-9a7e-5b5b512427b4');
INSERT INTO `source_config` VALUES ('ec5ee000-6ef6-4e59-8733-e1ed0d9c649e', '675a30a8-8dc3-4799-abfe-4ca6737414e8', 'd994ed15-a2c8-4456-b347-af0b35d6137f', 'ssdb 1217端口', '{\"source\":\"#{ssdb_1217,1}\",\"global\":false,\"ignoreCase\":false,\"matchIndex\":0}', 0, 'config/tpl/clockwork.config', 'realtime-2', '1bcfc8fc-d2fb-4d29-a2b5-e9a216db75f2');
INSERT INTO `source_config` VALUES ('ed99edcc-56e2-4055-bfbf-3323c9747f15', 'f44a753c-d1a3-4c8b-be56-69bb9b032da9', 'c0cc7efd-48a7-417e-9f28-14f2b3316d01', '是否在触达内部显示诸葛信息', '{\"source\":\"#{market.show_zg}\",\"global\":false,\"ignoreCase\":false,\"matchIndex\":0}', 0, 'config/constants.js.tpl', 'true', '07244c11-ad9e-43b6-9d02-4bf7ea25dd85');
INSERT INTO `source_config` VALUES ('edab3865-12a8-4be5-9e68-7be3aa5d44ee', 'e58e440d-a1a5-4608-b918-5540e0b128b5', '69bcc435-79e0-45db-9a18-2553d2a07cc7', 'redis 8897端口', '{\"source\":\"#{redis_8897,3}\",\"global\":false,\"ignoreCase\":false,\"matchIndex\":0}', 0, 'etl-count/config/tpl/config/redis.properties', NULL, '0bda27da-5615-4485-b076-f06be0f5a437');
INSERT INTO `source_config` VALUES ('ede6d3ea-3497-44c4-8739-aa2be8e52d55', '5286f7cd-3773-4361-90d6-f51fe4a024e5', 'dc376025-c426-4c3a-a3b3-3c63d6df7225', 'ssdb 8888端口', '{\"source\":\"#{ssdb_8888,2}\",\"global\":false,\"ignoreCase\":false,\"matchIndex\":0}', 0, 'sql-zeppelin/zeppelin/conf-tpl/interpreter.json', '8888', 'a5e09e9d-2721-42ef-9565-7742ae989e7c');
INSERT INTO `source_config` VALUES ('ee494ba1-289f-495f-aba2-d3dc39106e80', 'e8c5b131-ce6c-4cff-b6c7-7efcfd5db04f', '228eef90-b176-4fa6-9ce8-30a7278d152f', 'android-sdkv名称', '{\"source\":\"#{webapp.word.and_sdk}\",\"global\":false,\"ignoreCase\":false,\"matchIndex\":0}', 0, 'spa/config/prod.env.js.tpl', 'ZhugeSDK', '679650a4-5526-470f-a78e-a6aeb449b39d');
INSERT INTO `source_config` VALUES ('ee5937b6-32ec-4cde-a111-7edb2be895f2', '5286f7cd-3773-4361-90d6-f51fe4a024e5', 'abf8ff3c-97a4-40f3-9a25-d92a48a7de38', 'redis 6379端口', '{\"source\":\"#{redis_6379,1}\",\"global\":false,\"ignoreCase\":false,\"matchIndex\":0}', 0, 'userbehaviorpath_usergroup/ubpa/bin/tpl/worker.py', 'realtime-1', 'f4e08264-398f-45e5-9a7e-5b5b512427b4');
INSERT INTO `source_config` VALUES ('ef6034bb-facf-4d85-8183-aeaaaa130be0', '675a30a8-8dc3-4799-abfe-4ca6737414e8', 'd994ed15-a2c8-4456-b347-af0b35d6137f', '微信客户端clientId，可访问该地址生成：https://weixin.zhugeio.com/s/v1/newClientId', '{\"source\":\"#{wt.client.client_id}\",\"global\":false,\"ignoreCase\":false,\"matchIndex\":0}', 0, 'config/tpl/clockwork.config', '9d3266fd556a4db7b9616d385f8bdf8f', '1bcfc8fc-d2fb-4d29-a2b5-e9a216db75f2');
INSERT INTO `source_config` VALUES ('f03c2c42-258a-4769-bd1b-1746d8005027', 'e7fa2e6a-1f41-4d25-b047-349d0c76754d', 'b6b2106f-e3aa-4be4-9fb1-1c2aa8b425e2', '前端mysql库连接配置（host,登录名,登录密码,端口）', '{\"source\":\"#{mysql,3}\",\"global\":false,\"ignoreCase\":false,\"matchIndex\":0}', 0, 'docs/config/tpl/application-kpt.yml', 'zanalytics', '3fb6bac6-acfc-400e-9328-eabf02a561e2');
INSERT INTO `source_config` VALUES ('f16ee788-672a-49d3-8602-388e6f4568a0', 'b8f92387-21a4-4df0-8f8b-7f56791308e2', '5d38ebe9-203a-4140-ba72-98e2498513c2', 'impala连接配置（host,登录名,登录密码,端口,仓库名）', '{\"source\":\"#{impala,1}\",\"global\":false,\"ignoreCase\":false,\"matchIndex\":0}', 0, 'docs/config/tpl/config.properties', 'realtime-1', '59add1c5-5228-4cd1-ba13-ff62df2bfb14');
INSERT INTO `source_config` VALUES ('f3a770fb-afc2-4be3-a2d6-001c60365689', 'e58e440d-a1a5-4608-b918-5540e0b128b5', 'b06a5506-bc66-4090-8e98-506f03773593', 'impala连接配置（host,登录名,登录密码,端口,仓库名）', '{\"source\":\"#{impala,1}\",\"global\":false,\"ignoreCase\":false,\"matchIndex\":0}', 0, 'etl-paopi/config/tpl/config/impala_db.properties', 'realtime-1', '1af445aa-8947-4585-8134-33839697a1ce');
INSERT INTO `source_config` VALUES ('f4989cd1-ce04-4bc1-822b-2d15872988f4', 'e7fa2e6a-1f41-4d25-b047-349d0c76754d', 'b6b2106f-e3aa-4be4-9fb1-1c2aa8b425e2', '前端mysql库连接配置（host,登录名,登录密码,端口）', '{\"source\":\"#{mysql,2}\",\"global\":false,\"ignoreCase\":false,\"matchIndex\":0}', 0, 'docs/config/tpl/copyAppKey.sh', 'web', '3fb6bac6-acfc-400e-9328-eabf02a561e2');
INSERT INTO `source_config` VALUES ('f4e9909e-510a-45fc-afa7-8c70c9c16774', '5286f7cd-3773-4361-90d6-f51fe4a024e5', '995da2c5-3dc4-4f2b-807b-8ed1bc2a4e5c', '前端mysql库连接配置（host,登录名,登录密码,端口）', '{\"source\":\"#{mysql,4/3306}\",\"global\":false,\"ignoreCase\":false,\"matchIndex\":0}', 0, 'es-index/zanalytics-index-db/tpl/impala-shell.sh', '3306', 'a97922a1-618c-40c6-b95a-3a4f8380a55a');
INSERT INTO `source_config` VALUES ('f5dbd1a4-d26b-47ca-8b69-85b3fd1b44a1', 'e58e440d-a1a5-4608-b918-5540e0b128b5', 'b06a5506-bc66-4090-8e98-506f03773593', 'ssdb 8888端口', '{\"source\":\"#{ssdb_8888,1}\",\"global\":false,\"ignoreCase\":false,\"matchIndex\":0}', 0, 'etl-paopi/config/tpl/config/redis.properties', 'realtime-1', '1af445aa-8947-4585-8134-33839697a1ce');
INSERT INTO `source_config` VALUES ('f6ca8149-9edc-4274-91b5-f5853b6980cc', 'e58e440d-a1a5-4608-b918-5540e0b128b5', '62cbefc8-d6cf-4901-b656-9486e1d1073f', 'impala连接配置（host,登录名,登录密码,端口,仓库名）', '{\"source\":\"#{impala,5/zhugeio}\",\"global\":false,\"ignoreCase\":true,\"matchIndex\":0}', 0, 'etl-load-cdh/config/tpl/config_single/config.properties', 'zanalytics', '1e0c9528-696a-487b-a8a5-473fb8661097');
INSERT INTO `source_config` VALUES ('f7851cb0-2142-4234-a54e-e08936c3858b', '7caec2a0-df23-456c-9c43-f9ea0dab0ccb', '674801dd-36d8-4386-af4e-41019e0c8208', 'zgsee-kafka-topic', '{\"source\":\"#{zgsee.kafka_source_topic}\",\"global\":false,\"ignoreCase\":false,\"matchIndex\":0}', 0, 'config/private/tpl/config.properties', 'zg_see', '42a7003a-4eb8-4dc0-9393-1ca7383d123a');
INSERT INTO `source_config` VALUES ('f7e669aa-2041-40d1-b64c-ad289620458b', '5286f7cd-3773-4361-90d6-f51fe4a024e5', '38071411-283d-4a16-a061-5316144cc396', '分析api内网服务部署地址（默认1个）', '{\"source\":\"#{svr.domain.intranet.api.www}\",\"global\":false,\"ignoreCase\":false,\"matchIndex\":0}', 0, 'nginx/nginx/conf/nginx.conf-upload', 'realtime-1:8800', '9ad78082-2e6e-4b75-8c6b-0a8333cce99d');
INSERT INTO `source_config` VALUES ('f8306f47-82e9-43c4-a7ec-db0b0b3291b5', 'e58e440d-a1a5-4608-b918-5540e0b128b5', 'b06a5506-bc66-4090-8e98-506f03773593', 'impala连接配置（host,登录名,登录密码,端口,仓库名）', '{\"source\":\"#{impala,5/zhugeio}\",\"global\":false,\"ignoreCase\":false,\"matchIndex\":0}', 0, 'etl-paopi/config/tpl/config/impala_db.properties', 'zanalytics', '1af445aa-8947-4585-8134-33839697a1ce');
INSERT INTO `source_config` VALUES ('f8f46afa-91f3-4b87-a18e-d3ece68cb789', 'ead24a3c-0b3d-4c96-8349-8d0b4cbec504', '3560b3ce-66ec-45cd-b0b2-225c12c7514f', 'zgsee-pix服务kafka-topic', '{\"source\":\"#{zgsee.pix.kafka_topic}\",\"global\":false,\"ignoreCase\":false,\"matchIndex\":0}', 0, 'docs/config/tpl/config-kpt.properties', 'zg_see_pix', '956f809d-09ed-40b0-af13-729ace70a221');
INSERT INTO `source_config` VALUES ('fa0b24f0-63f5-4cdf-92b6-f7498c48e2eb', 'e58e440d-a1a5-4608-b918-5540e0b128b5', 'c4943386-e46a-4811-82e7-41da8dbacc73', 'kudu集群', '{\"source\":\"#{kudu_clusters}\",\"global\":false,\"ignoreCase\":false,\"matchIndex\":0}', 0, 'etl-dw-kudu/config/tpl/config/config.properties', 'realtime-1:7051,realtime-2:7051,realtime-3:7051', 'f3d4ce35-7b4d-4061-aa7f-2b6d8a2036cc');
INSERT INTO `source_config` VALUES ('fa426f5d-7a87-4164-9bd0-d46a89f2be9e', 'e7fa2e6a-1f41-4d25-b047-349d0c76754d', 'b6b2106f-e3aa-4be4-9fb1-1c2aa8b425e2', '合并端口外网访问地址(需要加协议http(s))(填网站的)', '{\"source\":\"#{svr.domain.extranet}\",\"global\":false,\"ignoreCase\":false,\"matchIndex\":0}', 0, 'docs/config/tpl/application.properties', 'https://uba.it.pkpm.cn', '3fb6bac6-acfc-400e-9328-eabf02a561e2');
INSERT INTO `source_config` VALUES ('fb20bcf0-7a8f-424a-8648-1cbfb1aa100d', 'b8f92387-21a4-4df0-8f8b-7f56791308e2', '5d38ebe9-203a-4140-ba72-98e2498513c2', '合并端口内网访问地址', '{\"source\":\"#{svr.domain.intranet}\",\"global\":false,\"ignoreCase\":true,\"matchIndex\":0}', 0, 'docs/config/tpl/config.properties', 'realtime-1:80', '59add1c5-5228-4cd1-ba13-ff62df2bfb14');
INSERT INTO `source_config` VALUES ('fb6478c4-f49b-4f11-84cd-0d06b7fa11a0', '01fae700-c94b-487b-a635-08c5a72b6815', '606f0835-a6c1-4c82-8a73-484254d618aa', '触达clockwork接收微信回调消息地址【/data/clockwork_api/bin/WeiXinCallbackHook.groovy->port(端口)】', '{\"source\":\"#{clockwork.weixin_callback_url}\",\"global\":false,\"ignoreCase\":false,\"matchIndex\":0}', 0, 'doc/部署准备资料/client-realtime-tpl/consumer/config.properties', 'http://realtime-2:8882', 'b3bb446d-d1ec-468a-994e-39b9703a744a');
INSERT INTO `source_config` VALUES ('fb9a59fe-3522-451b-bc86-55f2b1d15dea', 'b8f92387-21a4-4df0-8f8b-7f56791308e2', '5d38ebe9-203a-4140-ba72-98e2498513c2', 'impala连接配置（host,登录名,登录密码,端口,仓库名）', '{\"source\":\"#{impala,4}\",\"global\":false,\"ignoreCase\":false,\"matchIndex\":0}', 0, 'docs/config/tpl/config.properties', '21050', '59add1c5-5228-4cd1-ba13-ff62df2bfb14');
INSERT INTO `source_config` VALUES ('fbc37c60-0e7b-4359-ad61-7eda3af7395d', '01fae700-c94b-487b-a635-08c5a72b6815', '606f0835-a6c1-4c82-8a73-484254d618aa', 'redis 26480端口', '{\"source\":\"#{redis_26480,2}\",\"global\":false,\"ignoreCase\":false,\"matchIndex\":0}', 0, 'doc/部署准备资料/client-realtime-tpl/www/config.properties', '26480', 'b3bb446d-d1ec-468a-994e-39b9703a744a');
INSERT INTO `source_config` VALUES ('fbdc867a-e862-460f-8bc1-c488950e467d', '171218c4-c51d-455b-8ab1-39bea10e1286', '1d10e7d9-98bb-4995-8c61-e6dc3a8ac03e', '触达2.0相关配置', '{\"source\":\"#{mktv2.config->server.statistics}\",\"global\":false,\"ignoreCase\":false,\"matchIndex\":0}', 0, 'docs/tpl/scripts/package/playwell-client/README.md', 'realtime-mkt:1926', 'c1687c10-4867-4a26-a5ad-c5e80226df01');
INSERT INTO `source_config` VALUES ('fc91cd63-f7f2-4b8b-a579-bf14869afc15', 'e58e440d-a1a5-4608-b918-5540e0b128b5', '62cbefc8-d6cf-4901-b656-9486e1d1073f', 'impala连接配置（host,登录名,登录密码,端口,仓库名）', '{\"source\":\"#{impala,5/zhugeio}\",\"global\":false,\"ignoreCase\":false,\"matchIndex\":0}', 0, 'etl-load-cdh/config/tpl/config_single/impala_db.properties', 'zanalytics', '1e0c9528-696a-487b-a8a5-473fb8661097');
INSERT INTO `source_config` VALUES ('fc9d681f-771a-4722-94f4-a76e7bee6f6d', '424d629f-e5da-4c49-9604-04c1c7c2152f', '18d73a8b-7f0c-45dd-b9f7-3c6f1bfa278f', '前端mysql库连接配置（host,登录名,登录密码,端口）', '{\"source\":\"#{mysql,3}\",\"global\":false,\"ignoreCase\":false,\"matchIndex\":0}', 0, 'src/config.ts.tpl', 'zanalytics', 'e1e63823-51e8-4b43-aa7e-b591c975b3f5');
INSERT INTO `source_config` VALUES ('fcd9e2d7-ffde-46a8-9882-5f8b4d273c7e', '7caec2a0-df23-456c-9c43-f9ea0dab0ccb', '674801dd-36d8-4386-af4e-41019e0c8208', 'impala连接配置（host,登录名,登录密码,端口,仓库名）', '{\"source\":\"#{impala,3}\",\"global\":false,\"ignoreCase\":false,\"matchIndex\":0}', 0, 'config/private/tpl/config.properties', 'admin', '42a7003a-4eb8-4dc0-9393-1ca7383d123a');
INSERT INTO `source_config` VALUES ('fd159b6a-83eb-4ab7-8818-61cc2c60c9b7', '7dc43ea6-8dfb-4f19-8054-a7cf62882c8c', 'b416b11f-474d-4e21-8286-c873831367f8', '合并端口外网访问地址(需要加协议http(s))(填网站的)', '{\"source\":\"#{svr.domain.extranet}\",\"global\":false,\"ignoreCase\":false,\"matchIndex\":0}', 0, 'config/prod.env.js.tpl', 'https://uba.it.pkpm.cn', '28622285-9690-4cd4-87f0-a32ad1e29ddd');
INSERT INTO `source_config` VALUES ('fd3892e2-c8cb-4c93-b4f5-eedea50dda5f', 'e8c5b131-ce6c-4cff-b6c7-7efcfd5db04f', '228eef90-b176-4fa6-9ce8-30a7278d152f', '是否启用分析平台的视屏功能', '{\"source\":\"#{webapp.use_zgsee}\",\"global\":false,\"ignoreCase\":false,\"matchIndex\":0}', 0, 'spa/config/prod.env.js.tpl', 'false', '679650a4-5526-470f-a78e-a6aeb449b39d');
INSERT INTO `source_config` VALUES ('fd4c2be3-7b34-4eea-a56f-d85a6b9b353a', 'e58e440d-a1a5-4608-b918-5540e0b128b5', '62cbefc8-d6cf-4901-b656-9486e1d1073f', '前端mysql库连接配置（host,登录名,登录密码,端口）', '{\"source\":\"#{mysql,1}\",\"global\":false,\"ignoreCase\":false,\"matchIndex\":0}', 0, 'etl-load-cdh/config/tpl/config_single/front_db.properties', 'realtime-1', '1e0c9528-696a-487b-a8a5-473fb8661097');
INSERT INTO `source_config` VALUES ('fd638bca-5b9f-45fc-a95a-260bc772dafa', '424d629f-e5da-4c49-9604-04c1c7c2152f', '18d73a8b-7f0c-45dd-b9f7-3c6f1bfa278f', '前端mysql库连接配置（host,登录名,登录密码,端口）', '{\"source\":\"#{mysql,2}\",\"global\":false,\"ignoreCase\":false,\"matchIndex\":0}', 0, 'src/config.ts.tpl', 'web', 'e1e63823-51e8-4b43-aa7e-b591c975b3f5');
INSERT INTO `source_config` VALUES ('fdda28da-839d-424d-96c0-92f26c1f3592', '5286f7cd-3773-4361-90d6-f51fe4a024e5', 'abf8ff3c-97a4-40f3-9a25-d92a48a7de38', 'redis 6379端口', '{\"source\":\"#{redis_6379,3}\",\"global\":false,\"ignoreCase\":false,\"matchIndex\":0}', 0, 'userbehaviorpath_usergroup/behavior_path_hadoop/tpl/behavior_config.yml', 'Sun_unix*1101', 'f4e08264-398f-45e5-9a7e-5b5b512427b4');
INSERT INTO `source_config` VALUES ('ffe53e8e-1702-4469-84d3-c3df16bd7666', '5286f7cd-3773-4361-90d6-f51fe4a024e5', 'dc376025-c426-4c3a-a3b3-3c63d6df7225', '分析session/cookie存储域名(填网站的)(不需要加端口)', '{\"source\":\"#{analysis.zhuge_session_domain}\",\"global\":false,\"ignoreCase\":false,\"matchIndex\":0}', 0, 'sql-zeppelin/zeppelin/conf-tpl/args.properties', 'uba.it.pkpm.cn', 'a5e09e9d-2721-42ef-9565-7742ae989e7c');
COMMIT;

-- ----------------------------
-- Table structure for source_version
-- ----------------------------
DROP TABLE IF EXISTS `source_version`;
CREATE TABLE `source_version` (
  `id` varchar(50) NOT NULL DEFAULT '',
  `source_id` varchar(50) DEFAULT NULL,
  `version` varchar(50) DEFAULT NULL COMMENT '版本号',
  `description` varchar(200) DEFAULT NULL COMMENT '版本描述信息',
  `publish_time` bigint DEFAULT NULL COMMENT '版本发布时间',
  `status` int DEFAULT NULL COMMENT '版本状态：0：废弃；1：正常；2: 归档',
  `readme_doc` text COMMENT 'readme说明文档',
  `build_doc` text COMMENT '部署文档',
  `update_doc` text COMMENT '更新文档',
  `compile_orders` text COMMENT '编译命令组。字符串数组json',
  `source_type` varchar(10) DEFAULT NULL COMMENT '版本来源类型：branch/tag/commit',
  `source_value` varchar(100) DEFAULT NULL COMMENT '版本来源值：branch/tag/commitId',
  `creator_id` varchar(50) DEFAULT NULL COMMENT '创建者id',
  `output_name` varchar(255) CHARACTER SET utf8 COLLATE utf8_general_ci DEFAULT NULL COMMENT '输出文件路径',
  `branch_id` varchar(50) DEFAULT NULL COMMENT '分支id',
  `public_type` int DEFAULT NULL COMMENT '0 git 1 下载',
  `public_git` int DEFAULT NULL,
  `build_update_doc` text COMMENT '部署更新文档',
  PRIMARY KEY (`id`),
  KEY `source_id` (`source_id`),
  KEY `creator_id` (`creator_id`),
  CONSTRAINT `source_version_ibfk_1` FOREIGN KEY (`source_id`) REFERENCES `git_source` (`id`),
  CONSTRAINT `source_version_ibfk_2` FOREIGN KEY (`creator_id`) REFERENCES `user` (`id`)
) ENGINE=InnoDB DEFAULT CHARSET=utf8mb3 COMMENT='gitSource版本';

-- ----------------------------
-- Records of source_version
-- ----------------------------
BEGIN;
INSERT INTO `source_version` VALUES ('15d0f53e-9253-4a3a-af47-656b854b0f3b', 'a03aa383-d78b-4e36-bad4-cd873cd91eeb', '1.0.0', 'h5', 1640679946980, 1, NULL, NULL, NULL, '[\"yarnpkg\",\"npm run build\",\"rm -rf #{sys_dist_path}/../statics/wx-h5\",\"mkdir -p #{sys_dist_path}/../statics\",\"cp -R dist #{sys_dist_path}/../statics/wx-h5\",\"rm -rf #{sys_dist_path}\"]', 'commit', 'd561d32c16536b17dc85dfb4c4b9a025f473c34c', 'f975eb7e-cea4-4a1d-b515-7e6da94b1899', '', '3f4cb6de-cfbb-4b9a-8b55-52853c4c184d', 1, 1, NULL);
INSERT INTO `source_version` VALUES ('17dca2aa-a90a-4a2e-8660-541b67c1d95f', '5286f7cd-3773-4361-90d6-f51fe4a024e5', '1.0.0', '实时调试python程序', 1640679919490, 1, NULL, NULL, NULL, '[\"rm -rf #{sys_dist_path}/../zanalytics_online_debug\",\"cp -R zanalytics_online_debug #{sys_dist_path}/../\",\"mv #{sys_dist_path}/../zanalytics_online_debug/online_debug_config.py-tpl #{sys_dist_path}/../zanalytics_online_debug/online_debug_config.py\",\"rm -rf #{sys_dist_path}\"]', 'commit', '49227c296370e5cdfa423e7d014470511fd0c15e', 'f975eb7e-cea4-4a1d-b515-7e6da94b1899', '', 'eab04e09-e6a8-48ba-89fa-d9db78696f28', 1, 1, NULL);
INSERT INTO `source_version` VALUES ('18d73a8b-7f0c-45dd-b9f7-3c6f1bfa278f', '424d629f-e5da-4c49-9604-04c1c7c2152f', '1.0.0', '分析平台node服务（来源映射、实时概览、数据接入等）', 1640679943723, 1, NULL, NULL, NULL, '[\"yarnpkg\",\"npm run build\",\"rm -rf #{sys_dist_path}/data/webapp-server\",\"mkdir -p #{sys_dist_path}/data/\",\"cp -R ../webapp-server #{sys_dist_path}/data\"]', 'commit', 'd7d227979de26dddf5efa9d4f1fd0573f8ea128d', 'f975eb7e-cea4-4a1d-b515-7e6da94b1899', '', 'e1e63823-51e8-4b43-aa7e-b591c975b3f5', 1, 1, NULL);
INSERT INTO `source_version` VALUES ('1d10e7d9-98bb-4995-8c61-e6dc3a8ac03e', '171218c4-c51d-455b-8ab1-39bea10e1286', '1.0.0', '营销2.0活动引擎主服务', 1640679927376, 1, NULL, NULL, NULL, '[\"rm -rf #{sys_dist_base_path}/mktv2/#{mktv2.config->base_path}/mkt-*\",\"rm -rf #{sys_dist_base_path}/mktv2/#{mktv2.config->base_path}/scripts\",\"mvn clean install -T 1C -Dmaven.test.skip=true -Dmaven.compile.fork=true\",\"mvn clean compile assembly:single -U -Dmaven.test.skip=true\",\"mkdir -p #{sys_dist_base_path}/mktv2/#{mktv2.config->base_path}\",\"cp -R docs/tpl/* #{sys_dist_base_path}/mktv2/#{mktv2.config->base_path}\",\"cp playwell-zhuge/target/*.jar #{sys_dist_base_path}/mktv2/#{mktv2.config->base_path}/mkt-playwell.jar\"]', 'commit', 'f02926ba208dfaf7e8b8a0212b48090c05bb2569', 'f975eb7e-cea4-4a1d-b515-7e6da94b1899', '', 'c1687c10-4867-4a26-a5ad-c5e80226df01', 1, 1, NULL);
INSERT INTO `source_version` VALUES ('2128bbfe-1755-4249-8b13-70310d78fea9', 'e58e440d-a1a5-4608-b918-5540e0b128b5', '1.0.0', 'etl-将kudu数据加载到hdfs', 1640679936539, 1, NULL, NULL, NULL, '[\"cp etl-load-cdh/config/tpl/config/* etl-load-cdh/config/private/config\",\"sh package-private.sh\",\"rm -rf #{sys_dist_path}/../etlApp/etl-load-cdh\",\"mkdir -p #{sys_dist_path}/../etlApp\",\"cp etl-load-cdh/etl-load-cdh.tar.gz #{sys_dist_path}/../etlApp\",\"tar -xf etl-load-cdh.tar.gz\",\"rm -rf #{sys_dist_path}/../etlApp/etl-load-cdh.tar.gz\",\"rm -rf #{sys_dist_path}\"]', 'commit', '7580b07aa526171550b0c466500723cc633970ce', 'f975eb7e-cea4-4a1d-b515-7e6da94b1899', '', 'f510cace-de73-4509-8c57-ff46b0fe5c59', 1, 1, NULL);
INSERT INTO `source_version` VALUES ('228eef90-b176-4fa6-9ce8-30a7278d152f', 'e8c5b131-ce6c-4cff-b6c7-7efcfd5db04f', '1.0.0', '分析平台前端', 1640679942278, 1, NULL, NULL, NULL, '[\"yarnpkg --pure-lockfile\",\"npm rebuild node-sass\",\"npm run build\",\"yarnpkg --pure-lockfile\",\"npm rebuild node-sass\",\"npm run build\",\"rm -rf #{sys_dist_path}/../statics/webapp\",\"mkdir -p #{sys_dist_path}/../statics\",\"cp -R dist #{sys_dist_path}/../statics/webapp\",\"cp -R spa/dist #{sys_dist_path}/../statics/webapp/spa\",\"rm -rf #{sys_dist_path}\"]', 'commit', '87a642c6dfdc2115495547fda44273e405dcaea2', 'f975eb7e-cea4-4a1d-b515-7e6da94b1899', '', '679650a4-5526-470f-a78e-a6aeb449b39d', 1, 1, NULL);
INSERT INTO `source_version` VALUES ('2c620647-cc28-4a32-bc3e-875e1c004437', 'e58e440d-a1a5-4608-b918-5540e0b128b5', '1.0.0', '单机版-etl-数据处理（实时调试、智能触达、概览、入库、id处理、数据过滤等都合并在该服务）', 1640679940016, 1, NULL, NULL, NULL, '[\"cp etl-single/config/tpl/config/* etl-single/config/private/config\",\"sh package.sh\",\"rm -rf #{sys_dist_path}/../etlApp/etl-single\",\"mkdir -p #{sys_dist_path}/../etlApp\",\"cp etl-single/etl-single.tar.gz #{sys_dist_path}/../etlApp\",\"tar -xf etl-single.tar.gz\",\"rm -rf #{sys_dist_path}/../etlApp/etl-single.tar.gz\",\"cp /data/smc/softs/etl/mydata4vipday1*.datx #{sys_dist_path}/../etlApp\",\"rm -rf #{sys_dist_path}\"]', 'commit', '7580b07aa526171550b0c466500723cc633970ce', 'f975eb7e-cea4-4a1d-b515-7e6da94b1899', '', 'd6281022-0c4a-4900-8652-34d251b4b0e0', 1, 1, NULL);
INSERT INTO `source_version` VALUES ('2f827d8b-3898-4e05-81dd-49a8efb98612', 'd3910a9b-f2e4-4701-b7b9-148f5d834880', '1.0.0', '视屏前端', 1640679944842, 1, NULL, NULL, NULL, '[\"yarnpkg --pure-lockfile\",\"npm rebuild node-sass\",\"npm run build\",\"rm -rf #{sys_dist_path}/../statics/shiping\",\"mkdir -p #{sys_dist_path}/../statics\",\"cp -R dist #{sys_dist_path}/../statics/shiping\",\"rm -rf #{sys_dist_path}\"]', 'commit', '645329ebc37fbb07d304dd26ab7ba1e4c037d662', 'f975eb7e-cea4-4a1d-b515-7e6da94b1899', '', 'f5980af3-d79b-49e0-a097-2f730b77a29c', 1, 1, NULL);
INSERT INTO `source_version` VALUES ('3560b3ce-66ec-45cd-b0b2-225c12c7514f', 'ead24a3c-0b3d-4c96-8349-8d0b4cbec504', '1.0.0', '视屏pix', 1640679930837, 1, NULL, NULL, NULL, '[\"rm -rf src/main/resources/config*.properties\",\"mvn clean package -T 1C -Dmaven.test.skip=true -Dmaven.compile.fork=true\",\"rm -rf #{sys_dist_path}/data/zgsee-pix\",\"mkdir -p #{sys_dist_path}/data/zgsee-pix\",\"cp docs/config//tpl/config-kpt.properties #{sys_dist_path}/data/zgsee-pix\",\"cp docs/shell/* #{sys_dist_path}/data/zgsee-pix\",\"cp target/zgsee-pix-1.0-SNAPSHOT-jar-with-dependencies.jar #{sys_dist_path}/data/zgsee-pix\"]', 'commit', '9f4e65abb42d36453aa45ff6e76289220be41df7', 'f975eb7e-cea4-4a1d-b515-7e6da94b1899', '', '956f809d-09ed-40b0-af13-729ace70a221', 1, 1, NULL);
INSERT INTO `source_version` VALUES ('38071411-283d-4a16-a061-5316144cc396', '5286f7cd-3773-4361-90d6-f51fe4a024e5', '1.0.0', '集群版nginx相关', 1640679915355, 1, NULL, NULL, NULL, '[\"rm -rf #{sys_dist_path}\",\"cp -R nginx/* #{sys_dist_path}\",\"cp nginx/nginx/lua-tpl/utils/zgConfig.lua #{sys_dist_path}/nginx/lua/utils/zgConfig.lua\",\"cp #{sys_config_parent_path}/oem/nginx/statics/* #{sys_dist_path}/nginx/statics/\"]', 'commit', '49227c296370e5cdfa423e7d014470511fd0c15e', 'f975eb7e-cea4-4a1d-b515-7e6da94b1899', '', '9ad78082-2e6e-4b75-8c6b-0a8333cce99d', 1, 1, NULL);
INSERT INTO `source_version` VALUES ('4c6c65ed-970c-46a5-a915-4178b0929015', '18f5022a-f415-4884-a25b-8e56500fce17', '1.0.0', '私有部署工具集', 1640679949019, 1, NULL, NULL, NULL, '[\"mvn clean package -T 1C -Dmaven.test.skip=true -Dmaven.compile.fork=true\",\"rm -rf #{sys_dist_path}/data/tools\",\"mkdir -p #{sys_dist_path}/data/tools\",\"cp docs/tpl/* #{sys_dist_path}/data/tools/\",\"cp target/*.jar #{sys_dist_path}/data/tools\",\"mkdir -p #{sys_dist_path}/data/tools/sql\",\"mysqldump -hrealtime-1 -uweb -pzanalytics rt-datav > datav.sql\",\"mysqldump -hrealtime-1 -uweb -pzanalytics rt-sdkv > sdkv.sql\",\"mysqldump -hrealtime-1 -uweb -pzanalytics rt-wt_client > wt_client.sql\",\"mysqldump -hrealtime-1 -uweb -pzanalytics rt-mktv2 > mktv2.sql\",\"mysqldump -hrealtime-1 -uweb -pzanalytics rt-playwell > playwell.sql\"]', 'commit', '76429f985777052b53bf409e6e962002912a98af', 'f975eb7e-cea4-4a1d-b515-7e6da94b1899', '', 'a5c6e4a1-9dc7-442a-a290-ef49bf9df39a', 1, 1, NULL);
INSERT INTO `source_version` VALUES ('565ec772-efa3-4c6a-a2da-44e81f906b39', 'e58e440d-a1a5-4608-b918-5540e0b128b5', '1.0.0', 'etl-广告数据', 1640679935407, 1, NULL, NULL, NULL, '[\"cp etl-adv-count/config/tpl/config/* etl-adv-count/config/private/config\",\"sh package.sh\",\"rm -rf #{sys_dist_path}/../etlApp/etl-adv-count\",\"mkdir -p #{sys_dist_path}/../etlApp\",\"cp etl-adv-count/etl-adv-count.tar.gz #{sys_dist_path}/../etlApp\",\"tar -xf etl-adv-count.tar.gz\",\"rm -rf #{sys_dist_path}/../etlApp/etl-adv-count.tar.gz\",\"rm -rf #{sys_dist_path}\"]', 'commit', '7580b07aa526171550b0c466500723cc633970ce', 'f975eb7e-cea4-4a1d-b515-7e6da94b1899', '', 'cc69d492-9d36-4bad-a71a-d83a7c9f9009', 1, 1, NULL);
INSERT INTO `source_version` VALUES ('57626162-4ab5-4e1a-8ff4-d125a03095c4', 'e58e440d-a1a5-4608-b918-5540e0b128b5', '1.0.0', 'etl-数据解密和初步过滤', 1640679932759, 1, NULL, NULL, NULL, '[\"cp etl-gate/config/tpl/config/* etl-gate/config/private/config\",\"sh package.sh\",\"rm -rf #{sys_dist_path}/../etlApp/gate\",\"mkdir -p #{sys_dist_path}/../etlApp\",\"cp etl-gate/gate.tar.gz #{sys_dist_path}/../etlApp\",\"tar -xf gate.tar.gz\",\"rm -rf #{sys_dist_path}/../etlApp/gate.tar.gz\",\"rm -rf #{sys_dist_path}\"]', 'commit', '7580b07aa526171550b0c466500723cc633970ce', 'f975eb7e-cea4-4a1d-b515-7e6da94b1899', '', 'def8f93e-eda9-403a-885a-6b8cf6ccd73f', 1, 1, NULL);
INSERT INTO `source_version` VALUES ('5d38ebe9-203a-4140-ba72-98e2498513c2', 'b8f92387-21a4-4df0-8f8b-7f56791308e2', '1.0.0', '触达www', 1640679926096, 1, NULL, NULL, NULL, '[\"rm -rf src/main/resources/*.properties\",\"mvn clean package -T 1C -Dmaven.test.skip=true -Dmaven.compile.fork=true\",\"rm -rf #{sys_dist_path}/data/marketing\",\"mkdir -p #{sys_dist_path}/data/marketing/www\",\"cp docs/config/tpl/* #{sys_dist_path}/data/marketing/www/\",\"cp target/*.jar #{sys_dist_path}/data/marketing/www/\"]', 'commit', '5c34b9c9f8b4785d9238cb6e6ab436d19c3904be', 'f975eb7e-cea4-4a1d-b515-7e6da94b1899', '', '59add1c5-5228-4cd1-ba13-ff62df2bfb14', 1, 1, NULL);
INSERT INTO `source_version` VALUES ('606f0835-a6c1-4c82-8a73-484254d618aa', '01fae700-c94b-487b-a635-08c5a72b6815', '1.0.0', '微信', 1640679920566, 1, NULL, NULL, NULL, '[\"rm -rf #{sys_dist_path}/data/wt\",\"mkdir -p #{sys_dist_path}/data/wt/client/consumer\",\"mkdir -p #{sys_dist_path}/data/wt/client/receiver\",\"mkdir -p #{sys_dist_path}/data/wt/client/worker\",\"mkdir -p #{sys_dist_path}/data/wt/client/www\",\"mkdir -p #{sys_dist_path}/data/wt/client/sql\",\"rm -rf zhuge-client-web-consumer/src/main/resources/application*.properties\",\"rm -rf zhuge-client-web-consumer-kafka2x/src/main/resources/application*.properties\",\"rm -rf zhuge-client-web-receiver/src/main/resources/application*.properties\",\"rm -rf zhuge-client-web-receiver-kafka2x/src/main/resources/application*.properties\",\"rm -rf zhuge-client-web-worker/src/main/resources/application*.properties\",\"rm -rf zhuge-client-web/src/main/resources/application*.properties\",\"mvn clean package -T 1C -Dmaven.test.skip=true -Dmaven.compile.fork=true\",\"cp -R doc/部署准备资料/client-realtime-tpl/consumer/* #{sys_dist_path}/data/wt/client/consumer\",\"cp -R doc/部署准备资料/client-realtime-tpl/receiver/* #{sys_dist_path}/data/wt/client/receiver\",\"cp -R doc/部署准备资料/client-realtime-tpl/worker/* #{sys_dist_path}/data/wt/client/worker\",\"cp -R doc/部署准备资料/client-realtime-tpl/www/* #{sys_dist_path}/data/wt/client/www\",\"cp doc/部署准备资料/client-realtime-tpl/warehouse.sql #{sys_dist_path}/data/wt/client/sql\",\"cp zhuge-client-web-consumer/target/*.jar #{sys_dist_path}/data/wt/client/consumer\",\"cp zhuge-client-web-consumer-kafka2x/target/*.jar #{sys_dist_path}/data/wt/client/consumer\",\"cp zhuge-client-web-receiver/target/*.jar #{sys_dist_path}/data/wt/client/receiver\",\"cp zhuge-client-web-receiver-kafka2x/target/*.jar #{sys_dist_path}/data/wt/client/receiver\",\"cp zhuge-client-web-worker/target/*.jar #{sys_dist_path}/data/wt/client/worker\",\"cp zhuge-client-web/target/*.jar #{sys_dist_path}/data/wt/client/www\"]', 'commit', '80de4af1eeb9849f61f5419032afe019830c993a', 'f975eb7e-cea4-4a1d-b515-7e6da94b1899', '', 'b3bb446d-d1ec-468a-994e-39b9703a744a', 1, 1, NULL);
INSERT INTO `source_version` VALUES ('6158ebbd-b524-477e-8c2d-8d997ab3ef5b', 'e58e440d-a1a5-4608-b918-5540e0b128b5', '1.0.0', 'etl-实时调试', 1640679933376, 1, NULL, NULL, NULL, '[\"cp etl-debug/config/tpl/config/* etl-debug/config/private/config\",\"sh package.sh\",\"rm -rf #{sys_dist_path}/../etlApp/debug\",\"mkdir -p #{sys_dist_path}/../etlApp\",\"cp etl-debug/debug.tar.gz #{sys_dist_path}/../etlApp\",\"tar -xf debug.tar.gz\",\"rm -rf #{sys_dist_path}/../etlApp/debug.tar.gz\",\"rm -rf #{sys_dist_path}\"]', 'commit', '7580b07aa526171550b0c466500723cc633970ce', 'f975eb7e-cea4-4a1d-b515-7e6da94b1899', '', '25188553-c54a-46c5-b788-3e998f5cb344', 1, 1, NULL);
INSERT INTO `source_version` VALUES ('62cbefc8-d6cf-4901-b656-9486e1d1073f', 'e58e440d-a1a5-4608-b918-5540e0b128b5', '1.0.0', '单机版-etl-将kudu数据加载到hdfs', 1640679939326, 1, NULL, NULL, NULL, '[\"cp etl-load-cdh/config/tpl/config_single/* etl-load-cdh/config/private/config\",\"sh package-private.sh\",\"rm -rf #{sys_dist_path}/../etlApp/etl-load-cdh\",\"mkdir -p #{sys_dist_path}/../etlApp\",\"cp etl-load-cdh/etl-load-cdh.tar.gz #{sys_dist_path}/../etlApp\",\"tar -xf etl-load-cdh.tar.gz\",\"rm -rf #{sys_dist_path}/../etlApp/etl-load-cdh.tar.gz\",\"rm -rf #{sys_dist_path}\"]', 'commit', '7580b07aa526171550b0c466500723cc633970ce', 'f975eb7e-cea4-4a1d-b515-7e6da94b1899', '', '1e0c9528-696a-487b-a8a5-473fb8661097', 1, 1, NULL);
INSERT INTO `source_version` VALUES ('674801dd-36d8-4386-af4e-41019e0c8208', '7caec2a0-df23-456c-9c43-f9ea0dab0ccb', '1.0.0', '视屏init', 1640679929956, 1, NULL, NULL, NULL, '[\"mvn clean package -T 1C -Dmaven.test.skip=true -Dmaven.compile.fork=true\",\"rm -rf #{sys_dist_path}/etlApp/zgsee/zgsee-init\",\"mkdir -p #{sys_dist_path}/etlApp/zgsee/zgsee-init\",\"cp target/zgsee*dependencies.jar #{sys_dist_path}/etlApp/zgsee/zgsee-init\",\"cp -R config/private/config #{sys_dist_path}/etlApp/zgsee/zgsee-init\",\"cp -R config/private/shell #{sys_dist_path}/etlApp/zgsee/zgsee-init\",\"cp config/private/tpl/config.properties #{sys_dist_path}/etlApp/zgsee/zgsee-init/config/config.properties\",\"cp config/private/tpl/kudu-to-parquet.sh #{sys_dist_path}/etlApp/zgsee/zgsee-init/shell/kudu-to-parquet.sh\"]', 'commit', '46c274fb93a67d61fb9df2007c69973fdb05ac61', 'f975eb7e-cea4-4a1d-b515-7e6da94b1899', '', '42a7003a-4eb8-4dc0-9393-1ca7383d123a', 1, 1, NULL);
INSERT INTO `source_version` VALUES ('69bcc435-79e0-45db-9a18-2553d2a07cc7', 'e58e440d-a1a5-4608-b918-5540e0b128b5', '1.0.0', 'etl-用户概览', 1640679934050, 1, NULL, NULL, NULL, '[\"cp etl-count/config/tpl/config/* etl-count/config/private/config\",\"sh package.sh\",\"rm -rf #{sys_dist_path}/../etlApp/etl-count\",\"mkdir -p #{sys_dist_path}/../etlApp\",\"cp etl-count/etl-count.tar.gz #{sys_dist_path}/../etlApp\",\"tar -xf etl-count.tar.gz\",\"rm -rf #{sys_dist_path}/../etlApp/etl-count.tar.gz\",\"rm -rf #{sys_dist_path}\"]', 'commit', '7580b07aa526171550b0c466500723cc633970ce', 'f975eb7e-cea4-4a1d-b515-7e6da94b1899', '', '0bda27da-5615-4485-b076-f06be0f5a437', 1, 1, NULL);
INSERT INTO `source_version` VALUES ('70822287-b390-404f-9cd0-aca103a7355d', 'b5c71d51-7a01-4cd3-b661-c6afbd16f108', '1.0.0', 'es建立索引数据服务', 1640679917607, 1, NULL, NULL, NULL, '[\"rm -rf src/main/resources/application*.properties\",\"mvn clean package -T 1C -Dmaven.test.skip=true -Dmaven.compile.fork=true\",\"rm -rf #{sys_dist_path}/../es-index/data/zanalytics_es/www\",\"mkdir -p #{sys_dist_path}/../es-index/data/zanalytics_es/www\",\"cp docs/config/tpl/* #{sys_dist_path}/../es-index/data/zanalytics_es/www\",\"cp target/*.jar #{sys_dist_path}/../es-index/data/zanalytics_es/www\",\"rm -rf #{sys_dist_path}\"]', 'commit', 'ee0f4eada0df7ef41c5166f48a2dab5099b5e71c', 'f975eb7e-cea4-4a1d-b515-7e6da94b1899', '', '1e60d50d-0c17-4617-9da6-ec297c9f6866', 1, 1, NULL);
INSERT INTO `source_version` VALUES ('987104a0-119b-4d77-ac3a-e88229e9df44', 'bdca785b-36be-4f19-92ae-aae81fc3a499', '1.0.0', 'API扩展服务', 1640679949917, 1, NULL, NULL, NULL, '[\"rm -rf src/main/resources/*.properties\",\"mvn clean package -T 1C -Dmaven.test.skip=true -Dmaven.compile.fork=true\",\"mkdir -p #{sys_dist_path}/data/api-extension\",\"cp -r bin/module/* #{sys_dist_path}/data/api-extension\",\"cp target/*.jar #{sys_dist_path}/data/api-extension\"]', 'commit', '0cf9ce10365982a6052d219006c0a4d1814fd073', 'f975eb7e-cea4-4a1d-b515-7e6da94b1899', '', '48375035-479d-4d59-9b51-f8b972541548', 1, 1, NULL);
INSERT INTO `source_version` VALUES ('990f27f9-f68a-42fe-baf6-46ecb3a15d92', '9b83f7b0-6c89-408b-b150-a1d266d8bb4b', '1.0.0', '分析平台sdkv', 1640679922186, 1, NULL, NULL, NULL, '[\"cp docs/config/tpl/* zhugesdkv-web/src/main/resources\",\"cp docs/config/tpl-service/log4j2.xml zhugesdkv-service/src/main/resources\",\"cp docs/config/tpl-service/app.jsp zhugesdkv-web/src/main/webapp/user/model/\",\"cp docs/config/tpl-service/struts*xml zhugesdkv-web/src/main/resources\",\"mvn clean package -T 1C -Dmaven.test.skip=true -Dmaven.compile.fork=true\",\"cp zhugesdkv-web/target/zhugesdkv-web-0.0.1-SNAPSHOT.war #{sys_dist_path}/tomcat-web/webapps/zanalytics-web.war\"]', 'commit', '719267c3afd8e0d44e79046613ca08ef71ad3ace', 'f975eb7e-cea4-4a1d-b515-7e6da94b1899', '', '2419bd68-9180-4f57-a6e6-d4e84c91cf68', 1, 1, NULL);
INSERT INTO `source_version` VALUES ('995da2c5-3dc4-4f2b-807b-8ed1bc2a4e5c', '5286f7cd-3773-4361-90d6-f51fe4a024e5', '1.0.0', '导出仓库元数据，提供es建索引', 1640679918312, 1, NULL, NULL, NULL, '[\"rm -rf #{sys_dist_path}/../es-index/data/zanalytics-index-db\",\"mkdir -p #{sys_dist_path}/../es-index/data/zanalytics-index-db\",\"cp -R es-index/zanalytics-index-db #{sys_dist_path}/../es-index/data/\",\"mv #{sys_dist_path}/../es-index/data/zanalytics-index-db/tpl/* #{sys_dist_path}/../es-index/data/zanalytics-index-db/\",\"rm -rf #{sys_dist_path}\"]', 'commit', '49227c296370e5cdfa423e7d014470511fd0c15e', 'f975eb7e-cea4-4a1d-b515-7e6da94b1899', '', 'a97922a1-618c-40c6-b95a-3a4f8380a55a', 1, 1, NULL);
INSERT INTO `source_version` VALUES ('a4bff95a-4ea6-4299-a8b4-eff6dac2b68b', 'e58e440d-a1a5-4608-b918-5540e0b128b5', '1.0.0', 'etl-事件概览', 1640679934725, 1, NULL, NULL, NULL, '[\"cp etl-count-et/config/tpl/config/* etl-count-et/config/private/config\",\"sh package.sh\",\"rm -rf #{sys_dist_path}/../etlApp/etl-count-et\",\"mkdir -p #{sys_dist_path}/../etlApp\",\"cp etl-count-et/etl-count-et.tar.gz #{sys_dist_path}/../etlApp\",\"tar -xf etl-count-et.tar.gz\",\"rm -rf #{sys_dist_path}/../etlApp/etl-count-et.tar.gz\",\"rm -rf #{sys_dist_path}\"]', 'commit', '7580b07aa526171550b0c466500723cc633970ce', 'f975eb7e-cea4-4a1d-b515-7e6da94b1899', '', '5ce13a14-0829-40a9-886e-3806a93f2eed', 1, 1, NULL);
INSERT INTO `source_version` VALUES ('abf8ff3c-97a4-40f3-9a25-d92a48a7de38', '5286f7cd-3773-4361-90d6-f51fe4a024e5', '1.0.0', '行为路径（hadoop数据预处理 + ubpa）', 1640679918953, 1, NULL, NULL, NULL, '[\"cp -R userbehaviorpath_usergroup #{sys_dist_path}/../\",\"mv #{sys_dist_path}/../userbehaviorpath_usergroup/getdbdata-tpl.sh #{sys_dist_path}/../userbehaviorpath_usergroup/getdbdata.sh\",\"mv #{sys_dist_path}/../userbehaviorpath_usergroup/behavior_path_hadoop/tpl/behavior_config.yml #{sys_dist_path}/../userbehaviorpath_usergroup/behavior_path_hadoop/behavior_config.yml\",\"mv #{sys_dist_path}/../userbehaviorpath_usergroup/ubpa/bin/tpl/* #{sys_dist_path}/../userbehaviorpath_usergroup/ubpa/bin/\",\"rm -rf #{sys_dist_path}\"]', 'commit', '49227c296370e5cdfa423e7d014470511fd0c15e', 'f975eb7e-cea4-4a1d-b515-7e6da94b1899', '', 'f4e08264-398f-45e5-9a7e-5b5b512427b4', 1, 1, NULL);
INSERT INTO `source_version` VALUES ('b06a5506-bc66-4090-8e98-506f03773593', 'e58e440d-a1a5-4608-b918-5540e0b128b5', '1.0.0', 'etl-跑批-准备加工数据（集群版+单机版共用）', 1640679938590, 1, NULL, NULL, NULL, '[\"cp etl-paopi/config/tpl/config/* etl-paopi/config/private/config\",\"sh package-private.sh\",\"rm -rf #{sys_dist_path}/../etlApp/etl-paopi\",\"mkdir -p #{sys_dist_path}/../etlApp\",\"cp etl-paopi/etl-paopi.tar.gz #{sys_dist_path}/../etlApp\",\"tar -xf etl-paopi.tar.gz\",\"rm -rf #{sys_dist_path}/../etlApp/etl-paopi.tar.gz\",\"rm -rf #{sys_dist_path}\"]', 'commit', '7580b07aa526171550b0c466500723cc633970ce', 'f975eb7e-cea4-4a1d-b515-7e6da94b1899', '', '1af445aa-8947-4585-8134-33839697a1ce', 1, 1, NULL);
INSERT INTO `source_version` VALUES ('b3500566-84ad-4c0e-b178-9388bdc23d41', 'e58e440d-a1a5-4608-b918-5540e0b128b5', '1.0.0', 'etl-智能触达', 1640679935894, 1, NULL, NULL, NULL, '[\"cp etl-market-cloud/config/tpl/config/* etl-market-cloud/config/private/config\",\"sh package.sh\",\"rm -rf #{sys_dist_path}/../etlApp/etl-market-cloud\",\"mkdir -p #{sys_dist_path}/../etlApp\",\"cp etl-market-cloud/etl-market-cloud.tar.gz #{sys_dist_path}/../etlApp\",\"tar -xf etl-market-cloud.tar.gz\",\"rm -rf #{sys_dist_path}/../etlApp/etl-market-cloud.tar.gz\",\"rm -rf #{sys_dist_path}\"]', 'commit', '7580b07aa526171550b0c466500723cc633970ce', 'f975eb7e-cea4-4a1d-b515-7e6da94b1899', '', '10a988f0-da2f-4900-b708-1521ffa3192c', 1, 1, NULL);
INSERT INTO `source_version` VALUES ('b416b11f-474d-4e21-8286-c873831367f8', '7dc43ea6-8dfb-4f19-8054-a7cf62882c8c', '1.0.0', 'js sdk', 1640679948045, 1, NULL, NULL, NULL, '[\"yarnpkg\",\"npm rebuild node-sass\",\"npm run build\",\"rm -rf #{sys_dist_path}/../statics/*.js\",\"mkdir -p #{sys_dist_path}/../statics\",\"cp dist/* #{sys_dist_path}/../statics/\",\"rm -rf #{sys_dist_path}\"]', 'commit', '6ef894866d66b13ac05e3fa606244f571965443c', 'f975eb7e-cea4-4a1d-b515-7e6da94b1899', '', '28622285-9690-4cd4-87f0-a32ad1e29ddd', 1, 1, NULL);
INSERT INTO `source_version` VALUES ('b6b2106f-e3aa-4be4-9fb1-1c2aa8b425e2', 'e7fa2e6a-1f41-4d25-b047-349d0c76754d', '1.0.0', '视屏web', 1640679929076, 1, NULL, NULL, NULL, '[\"rm -rf src/main/resources/application.*\",\"rm -rf src/main/resources/application-*\",\"mvn clean package -T 1C -Dmaven.test.skip=true -Dmaven.compile.fork=true\",\"rm -rf #{sys_dist_path}/data/zgsee-web\",\"mkdir -p #{sys_dist_path}/data/zgsee-web/sql\",\"cp target/zgsee*.jar #{sys_dist_path}/data/zgsee-web\",\"cp docs/config/tpl/* #{sys_dist_path}/data/zgsee-web\",\"cp docs/shell/sql/*.sql #{sys_dist_path}/data/zgsee-web/sql\"]', 'commit', '531a41e6e70c2ac4fc4206e450e32add82b05e21', 'f975eb7e-cea4-4a1d-b515-7e6da94b1899', '', '3fb6bac6-acfc-400e-9328-eabf02a561e2', 1, 1, NULL);
INSERT INTO `source_version` VALUES ('c0cc7efd-48a7-417e-9f28-14f2b3316d01', 'f44a753c-d1a3-4c8b-be56-69bb9b032da9', '1.0.0', '触达前端', 1640679945904, 1, NULL, NULL, NULL, '[\"yarnpkg --pure-lockfile\",\"npm rebuild node-sass\",\"npm run build\",\"rm -rf #{sys_dist_path}/../statics/market\",\"mkdir -p #{sys_dist_path}/../statics\",\"cp -R dist #{sys_dist_path}/../statics/market\",\"rm -rf #{sys_dist_path}\"]', 'commit', '0a02842f25b0d25290e1f7ad01cb54ea7309feea', 'f975eb7e-cea4-4a1d-b515-7e6da94b1899', '', '07244c11-ad9e-43b6-9d02-4bf7ea25dd85', 1, 1, NULL);
INSERT INTO `source_version` VALUES ('c4943386-e46a-4811-82e7-41da8dbacc73', 'e58e440d-a1a5-4608-b918-5540e0b128b5', '1.0.0', 'etl-数据写入kudu', 1640679937910, 1, NULL, NULL, NULL, '[\"cp etl-dw-kudu/config/tpl/config/* etl-dw-kudu/config/private/config\",\"sh package-private.sh\",\"rm -rf #{sys_dist_path}/../etlApp/etl-dw-kudu\",\"mkdir -p #{sys_dist_path}/../etlApp\",\"cp etl-dw-kudu/etl-dw-kudu.tar.gz #{sys_dist_path}/../etlApp\",\"tar -xf etl-dw-kudu.tar.gz\",\"rm -rf #{sys_dist_path}/../etlApp/etl-dw-kudu.tar.gz\",\"mkdir -p #{sys_dist_path}/../etlApp/update-info\",\"cp /data/smc/softs/etl/IP*.awdb #{sys_dist_path}/../etlApp\",\"rm -rf #{sys_dist_path}\"]', 'commit', '7580b07aa526171550b0c466500723cc633970ce', 'f975eb7e-cea4-4a1d-b515-7e6da94b1899', '', 'f3d4ce35-7b4d-4061-aa7f-2b6d8a2036cc', 1, 1, NULL);
INSERT INTO `source_version` VALUES ('cf0b0a25-accc-498f-b687-e9748c58b025', '5286f7cd-3773-4361-90d6-f51fe4a024e5', '1.0.0', 'etl相关脚本（非程序）', 1640679931582, 1, NULL, NULL, NULL, '[\"mkdir -p #{sys_dist_path}/../etlApp\",\"cp etl-shell/* #{sys_dist_path}/../etlApp\",\"rm -rf #{sys_dist_path}\"]', 'commit', '49227c296370e5cdfa423e7d014470511fd0c15e', 'f975eb7e-cea4-4a1d-b515-7e6da94b1899', '', 'db364f46-4040-49cd-ba73-96b0480fb58a', 1, 1, NULL);
INSERT INTO `source_version` VALUES ('d072d3b8-b6e0-4ae9-b119-d74dd203a619', '5286f7cd-3773-4361-90d6-f51fe4a024e5', '1.0.0', '单机版nginx相关', 1640679915946, 1, NULL, NULL, NULL, '[\"rm -rf #{sys_dist_path}\",\"cp -R nginx-single/* #{sys_dist_path}\",\"cp -R nginx/nginx/lua #{sys_dist_path}/nginx\",\"cp nginx/nginx/lua-tpl/utils/zgConfig.lua #{sys_dist_path}/nginx/lua/utils/zgConfig.lua\",\"cp #{sys_config_parent_path}/oem/nginx/statics/* #{sys_dist_path}/nginx/statics/\"]', 'commit', '49227c296370e5cdfa423e7d014470511fd0c15e', 'f975eb7e-cea4-4a1d-b515-7e6da94b1899', '', 'a992dda2-3bb8-464a-8e1d-40da1f71f275', 1, 1, NULL);
INSERT INTO `source_version` VALUES ('d2adae98-dc8e-46c4-beb9-b5df5c4cc83c', 'e58e440d-a1a5-4608-b918-5540e0b128b5', '1.0.0', 'etl-用户user_id/zg_id/device_id的映射处理逻辑', 1640679937210, 1, NULL, NULL, NULL, '[\"cp etl-id-kudu/config/tpl/config/* etl-id-kudu/config/private/config\",\"sh package.sh\",\"rm -rf #{sys_dist_path}/../etlApp/pay_id_kudu\",\"mkdir -p #{sys_dist_path}/../etlApp\",\"cp etl-id-kudu/pay_id_kudu.tar.gz #{sys_dist_path}/../etlApp\",\"tar -xf pay_id_kudu.tar.gz\",\"rm -rf #{sys_dist_path}/../etlApp/pay_id_kudu.tar.gz\",\"rm -rf #{sys_dist_path}\"]', 'commit', '7580b07aa526171550b0c466500723cc633970ce', 'f975eb7e-cea4-4a1d-b515-7e6da94b1899', '', '7c33482b-864c-4b51-9d24-1d44a31b0818', 1, 1, NULL);
INSERT INTO `source_version` VALUES ('d80fa45c-7274-42ff-aefb-d39fdbfcf7b8', '9b83f7b0-6c89-408b-b150-a1d266d8bb4b', '1.0.0', '分析平台定时任务 + sem', 1640679922844, 1, NULL, NULL, NULL, '[\"cp docs/config/tpl-service/* zhugesdkv-service/src/main/resources\",\"cp docs/config/tpl/* zhugesdkv-web/src/main/resources\",\"cp docs/config/tpl/* zhugesdkv-crontab/src/main/resources\",\"cp zhugesdkv-crontab/src/config/applicationContext-cron-sem.xml zhugesdkv-crontab/src/main/resources/applicationContext-cron.xml\",\"mvn clean package\",\"mkdir -p #{sys_dist_path}/sem\",\"cp zhugesdkv-crontab/target/zhugesdkv-crontab-0.0.1-SNAPSHOT-jar-with-dependencies.jar #{sys_dist_path}/sem/zanalytics_job_sem.jar\",\"cp zhugesdkv-crontab/src/config/applicationContext-cron-normal.xml zhugesdkv-crontab/src/main/resources/applicationContext-cron.xml\",\"mvn clean package\",\"mkdir -p #{sys_dist_path}/crontab\",\"cp zhugesdkv-crontab/target/zhugesdkv-crontab-0.0.1-SNAPSHOT-jar-with-dependencies.jar #{sys_dist_path}/crontab/zanalytics_job.jar\"]', 'commit', '719267c3afd8e0d44e79046613ca08ef71ad3ace', 'f975eb7e-cea4-4a1d-b515-7e6da94b1899', '', 'b76a51b5-a127-4ba8-bd83-fb510acae56c', 1, 1, NULL);
INSERT INTO `source_version` VALUES ('d994ed15-a2c8-4456-b347-af0b35d6137f', '675a30a8-8dc3-4799-abfe-4ca6737414e8', '1.0.0', '触达clockwork', 1640679924976, 1, NULL, NULL, NULL, '[\"source /usr/local/bin/virtualenvwrapper.sh && workon clockwork && python3 scripts/deploy.py make_pro\",\"cp clockwork-product.tar.gz #{sys_dist_path}/clockwork.0.3.3.tar.gz\"]', 'commit', 'd4327fcc301e9f4d17652941903e16e856606fee', 'f975eb7e-cea4-4a1d-b515-7e6da94b1899', '', '1bcfc8fc-d2fb-4d29-a2b5-e9a216db75f2', 1, 1, NULL);
INSERT INTO `source_version` VALUES ('dc376025-c426-4c3a-a3b3-3c63d6df7225', '5286f7cd-3773-4361-90d6-f51fe4a024e5', '1.0.0', 'sql查询平台(zeppelin)', 1640679916557, 1, NULL, NULL, NULL, '[\"mkdir -p #{sys_dist_path}/../statics\",\"cp sql-zeppelin/zeppelin/conf-tpl/args.properties sql-zeppelin/zeppelin/conf/args.properties\",\"cp sql-zeppelin/zeppelin/conf-tpl/interpreter.json sql-zeppelin/zeppelin/conf/interpreter.json\",\"rm -rf sql-zeppelin/zeppelin/conf-tpl\",\"cp -R sql-zeppelin/zeppelin #{sys_dist_path}\",\"cp -R nginx/nginx/statics/sql-oem #{sys_dist_path}/../statics\",\"cp -R nginx/nginx/statics/sql-normal #{sys_dist_path}/../statics\"]', 'commit', '49227c296370e5cdfa423e7d014470511fd0c15e', 'f975eb7e-cea4-4a1d-b515-7e6da94b1899', '', 'a5e09e9d-2721-42ef-9565-7742ae989e7c', 1, 1, NULL);
INSERT INTO `source_version` VALUES ('dc44dfb8-2e9a-4429-816a-f4c1877a4504', '6ea4a7ad-7940-4057-b425-47f2ad04822a', '1.0.0', '虚拟应用etl', 1640679940963, 1, NULL, NULL, NULL, '[\"mvn clean package -T 1C -Dmaven.test.skip=true -Dmaven.compile.fork=true\",\"rm -rf #{sys_dist_path}/../etlApp/virtual-app\",\"mkdir -p #{sys_dist_path}/../etlApp/virtual-app\",\"cp -R tpl/* #{sys_dist_path}/../etlApp/virtual-app\",\"cp target/virtual-*dependencies.jar #{sys_dist_path}/../etlApp/virtual-app/\",\"rm -rf #{sys_dist_path}\"]', 'commit', 'f404d0800bdb2730eb80c4cc916e53ba661d4d3a', 'f975eb7e-cea4-4a1d-b515-7e6da94b1899', '', '80d90559-dd8b-417b-bb27-67e40b2c16f8', 1, 1, NULL);
INSERT INTO `source_version` VALUES ('ddaaef35-6269-4afb-a446-7285b8a6a809', '64e49573-c01b-4c86-bed9-6c634ba6dbad', '1.0.0', '维度表扩展服务', 1640679950791, 1, NULL, NULL, NULL, '[\"rm -rf src/main/resources/application.yml\",\"mvn clean package -T 1C -Dmaven.test.skip=true -Dmaven.compile.fork=true\",\"mkdir -p #{sys_dist_path}/data/dimension\",\"cp bin/tpl/* #{sys_dist_path}/data/dimension\",\"cp target/*.jar #{sys_dist_path}/data/dimension\"]', 'commit', '7edb591f8ca49d83892abdf2ffce1fb7c3d9d161', 'f975eb7e-cea4-4a1d-b515-7e6da94b1899', '', '2e1fb66e-9ebb-4724-8923-86345aa5af49', 1, 1, NULL);
INSERT INTO `source_version` VALUES ('dff58ca1-d649-4eb4-805f-69478df01982', '6e1d4158-f11e-43bf-ad65-81b87279e29a', '1.0.0', '分析平台api', 1640679923926, 1, NULL, NULL, NULL, '[\"cp docs/config/tpl/* zhugeio-api-web/src/main/resources\",\"cp docs/config/tpl-service/* zhugeio-api-service/src/main/resources\",\"mvn clean package -T 1C -Dmaven.test.skip=true -Dmaven.compile.fork=true\",\"cp -R /data/smc/softs/tomcat/tomcat/current/tomcat-api #{sys_dist_path}\",\"cp -R docs/tpl/single-apiscript #{sys_dist_path}/tomcat-api\",\"cp zhugeio-api-web/target/zhugeio-api-web-0.0.1-SNAPSHOT.war #{sys_dist_path}/tomcat-api/webapps/zanalytics-api.war\"]', 'commit', '6b1f681fd65499d53be27739be2504c3e47b695e', 'f975eb7e-cea4-4a1d-b515-7e6da94b1899', '', 'bb13b45f-6169-48f7-bddb-4a4dad93dff8', 1, 1, NULL);
INSERT INTO `source_version` VALUES ('ecb03341-7eca-47fa-baa8-f312ce0d9f80', 'b8f92387-21a4-4df0-8f8b-7f56791308e2', '1.0.0', '营销2.0web服务', 1640679927970, 1, NULL, NULL, NULL, '[\"rm -rf src/main/resources/application.properties\",\"mvn clean package -T 1C -Dmaven.test.skip=true -Dmaven.compile.fork=true\",\"rm -rf #{sys_dist_base_path}/mktv2/#{mktv2.config->base_path}/www\",\"mkdir -p #{sys_dist_base_path}/mktv2/#{mktv2.config->base_path}/www\",\"cp config/tpl/* #{sys_dist_base_path}/mktv2/#{mktv2.config->base_path}/www/\",\"cp target/*.jar #{sys_dist_base_path}/mktv2/#{mktv2.config->base_path}/www/marketing-cloud-2.0.jar\"]', 'commit', '3afb137973441268b4721a7e07b53bcc008273ed', 'f975eb7e-cea4-4a1d-b515-7e6da94b1899', '', '5f13d5d9-6a75-4674-ba97-660b4782fc96', 1, 1, NULL);
COMMIT;

-- ----------------------------
-- Table structure for sys
-- ----------------------------
DROP TABLE IF EXISTS `sys`;
CREATE TABLE `sys` (
  `git_token` varchar(100) DEFAULT NULL COMMENT 'git账号token，用于调用git的API',
  `git_account` varchar(100) DEFAULT NULL COMMENT 'git账号登录名',
  `inited` tinyint(1) DEFAULT NULL COMMENT '系统是否已初始化',
  `git_ssh` varchar(1000) DEFAULT NULL COMMENT 'git ssh keys',
  `git_host` varchar(100) DEFAULT NULL COMMENT 'git库host地址,用于API调用',
  `id` int(10) unsigned zerofill NOT NULL AUTO_INCREMENT,
  PRIMARY KEY (`id`)
) ENGINE=InnoDB AUTO_INCREMENT=15 DEFAULT CHARSET=utf8mb3;

-- ----------------------------
-- Records of sys
-- ----------------------------
BEGIN;
INSERT INTO `sys` VALUES ('Y7ioaQhuetsCB9UYy9py', '260245435@qq.com', 1, '21e23', 'https://gl.zhugeio.com/', 0000000014);
COMMIT;

-- ----------------------------
-- Table structure for template
-- ----------------------------
DROP TABLE IF EXISTS `template`;
CREATE TABLE `template` (
  `id` varchar(50) NOT NULL DEFAULT '' COMMENT '模板id',
  `name` varchar(100) DEFAULT NULL COMMENT '模板名称',
  `description` text CHARACTER SET utf8 COLLATE utf8_general_ci COMMENT '描述信息',
  `creator_id` varchar(50) CHARACTER SET utf8 COLLATE utf8_general_ci NOT NULL COMMENT '创建人id',
  `create_time` datetime DEFAULT NULL COMMENT '创建时间',
  `enable` int NOT NULL DEFAULT '1' COMMENT '禁用状态 0为禁用 1为启用',
  PRIMARY KEY (`id`),
  KEY `creator_id_user_id` (`creator_id`),
  CONSTRAINT `creator_id_user_id` FOREIGN KEY (`creator_id`) REFERENCES `user` (`id`)
) ENGINE=InnoDB DEFAULT CHARSET=utf8mb3;

-- ----------------------------
-- Records of template
-- ----------------------------
BEGIN;
INSERT INTO `template` VALUES ('061a49c7-1b29-4d45-8fe3-02c0b8cd0fc3', 'zgsee-init', '视屏init', 'f975eb7e-cea4-4a1d-b515-7e6da94b1899', '2021-12-28 18:06:39', 1);
INSERT INTO `template` VALUES ('09e282cf-255d-4552-98be-327adfa06fc4', 'etl-dw-kudu', 'etl-数据写入kudu', 'f975eb7e-cea4-4a1d-b515-7e6da94b1899', '2021-12-28 18:06:39', 1);
INSERT INTO `template` VALUES ('1310de7c-272b-4dff-9795-eedbc51d576e', 'single-etl-load-cdh', '单机版-etl-将kudu数据加载到hdfs', 'f975eb7e-cea4-4a1d-b515-7e6da94b1899', '2021-12-28 18:06:39', 1);
INSERT INTO `template` VALUES ('1858487e-589a-4ea1-ac3b-2a465a508fbf', 'js-m-webapp', 'h5', 'f975eb7e-cea4-4a1d-b515-7e6da94b1899', '2021-12-28 18:06:39', 1);
INSERT INTO `template` VALUES ('1d17374b-7909-45c6-aea8-745d3a8d9ab5', 'api', '分析平台api', 'f975eb7e-cea4-4a1d-b515-7e6da94b1899', '2021-12-28 18:06:39', 1);
INSERT INTO `template` VALUES ('2739eb8f-079a-4d07-8e2b-42dedfd0ce4e', 'tools', '私有部署工具集', 'f975eb7e-cea4-4a1d-b515-7e6da94b1899', '2021-12-28 18:06:39', 1);
INSERT INTO `template` VALUES ('287fa186-08c1-49d8-ade8-6ee8c560b9a6', 'dimension', '维度表扩展服务', 'f975eb7e-cea4-4a1d-b515-7e6da94b1899', '2021-12-28 18:06:39', 1);
INSERT INTO `template` VALUES ('2aefe28c-f5f3-4ee9-8c7e-169ce2701344', 'etl-id-kudu', 'etl-用户user_id/zg_id/device_id的映射处理逻辑', 'f975eb7e-cea4-4a1d-b515-7e6da94b1899', '2021-12-28 18:06:39', 1);
INSERT INTO `template` VALUES ('37b0f843-fd24-4ac5-8998-d1eed7dee3e0', 'etl-gate', 'etl-数据解密和初步过滤', 'f975eb7e-cea4-4a1d-b515-7e6da94b1899', '2021-12-28 18:06:39', 1);
INSERT INTO `template` VALUES ('3a0c0e53-1f51-48cc-be59-3c32845cd1eb', 'es-crontab', '导出仓库元数据，提供es建索引', 'f975eb7e-cea4-4a1d-b515-7e6da94b1899', '2021-12-28 18:06:39', 1);
INSERT INTO `template` VALUES ('4620f6a1-1d45-4b70-9ce4-980a92324a92', 'etl-shell', 'etl相关脚本（非程序）', 'f975eb7e-cea4-4a1d-b515-7e6da94b1899', '2021-12-28 18:06:39', 1);
INSERT INTO `template` VALUES ('4f08ecb9-06a7-4b52-8276-d4900a9f3cf3', 'mktv2-playwell', '营销2.0活动引擎主服务', 'f975eb7e-cea4-4a1d-b515-7e6da94b1899', '2021-12-28 18:06:39', 1);
INSERT INTO `template` VALUES ('52431552-5f39-4a14-8128-a8b48f051300', 'zgsee-pix', '视屏pix', 'f975eb7e-cea4-4a1d-b515-7e6da94b1899', '2021-12-28 18:06:39', 1);
INSERT INTO `template` VALUES ('58c4dd42-4f8f-42cc-9e94-0dde1f630f16', 'etl-debug', 'etl-实时调试', 'f975eb7e-cea4-4a1d-b515-7e6da94b1899', '2021-12-28 18:06:39', 1);
INSERT INTO `template` VALUES ('5b419fac-520a-4a40-b17c-3dbf93567074', 'js-market', '触达前端', 'f975eb7e-cea4-4a1d-b515-7e6da94b1899', '2021-12-28 18:06:39', 1);
INSERT INTO `template` VALUES ('61735edb-fe39-4e03-8163-535eca0864be', 'js-sdk', 'js sdk', 'f975eb7e-cea4-4a1d-b515-7e6da94b1899', '2021-12-28 18:06:39', 1);
INSERT INTO `template` VALUES ('62b44e7b-90b7-48ec-8a2b-763e44ee3cdb', 'etl-paopi', 'etl-跑批-准备加工数据（集群版+单机版共用）', 'f975eb7e-cea4-4a1d-b515-7e6da94b1899', '2021-12-28 18:06:39', 1);
INSERT INTO `template` VALUES ('66eed477-efc9-4b4b-8675-571cc446ba46', 'web-crontab', '分析平台定时任务 + sem', 'f975eb7e-cea4-4a1d-b515-7e6da94b1899', '2021-12-28 18:06:39', 1);
INSERT INTO `template` VALUES ('673e2b30-15c5-43b6-bab1-4f8049cf969b', 'nginx', '集群版nginx相关', 'f975eb7e-cea4-4a1d-b515-7e6da94b1899', '2021-12-28 18:06:39', 1);
INSERT INTO `template` VALUES ('67b75e31-f8d0-4854-8ed5-b5f00c3f9788', 'zgsee-web', '视屏web', 'f975eb7e-cea4-4a1d-b515-7e6da94b1899', '2021-12-28 18:06:39', 1);
INSERT INTO `template` VALUES ('6fe448d0-eefb-4d41-bbee-4c4f66cb5444', 'js-shiping', '视屏前端', 'f975eb7e-cea4-4a1d-b515-7e6da94b1899', '2021-12-28 18:06:39', 1);
INSERT INTO `template` VALUES ('712c5458-e120-4cfc-91ca-5f549345a7c9', 'clockwork', '触达clockwork', 'f975eb7e-cea4-4a1d-b515-7e6da94b1899', '2021-12-28 18:06:39', 1);
INSERT INTO `template` VALUES ('736222c0-3f88-4d6d-8798-e4bf6774d9a6', 'mktv2-web', '营销2.0web服务', 'f975eb7e-cea4-4a1d-b515-7e6da94b1899', '2021-12-28 18:06:39', 1);
INSERT INTO `template` VALUES ('757f873e-31a8-4860-8f88-5c3f7d982d4a', 'virtual-app', '虚拟应用etl', 'f975eb7e-cea4-4a1d-b515-7e6da94b1899', '2021-12-28 18:06:39', 1);
INSERT INTO `template` VALUES ('8200bdde-eb7d-418a-b0dd-6826e2f53ada', 'behavior', '行为路径（hadoop数据预处理 + ubpa）', 'f975eb7e-cea4-4a1d-b515-7e6da94b1899', '2021-12-28 18:06:39', 1);
INSERT INTO `template` VALUES ('90e57ede-be9b-4f03-b1f0-1c9928ac4fde', 'etl-count-et', 'etl-事件概览', 'f975eb7e-cea4-4a1d-b515-7e6da94b1899', '2021-12-28 18:06:39', 1);
INSERT INTO `template` VALUES ('ade2c196-7873-479d-8213-3abbcfff0da8', 'js-webapp-server', '分析平台node服务（来源映射、实时概览、数据接入等）', 'f975eb7e-cea4-4a1d-b515-7e6da94b1899', '2021-12-28 18:06:39', 1);
INSERT INTO `template` VALUES ('b31ed00d-815c-4fde-bba2-852c69ee3c65', 'single-etl-single', '单机版-etl-数据处理（实时调试、智能触达、概览、入库、id处理、数据过滤等都合并在该服务）', 'f975eb7e-cea4-4a1d-b515-7e6da94b1899', '2021-12-28 18:06:39', 1);
INSERT INTO `template` VALUES ('b86534e1-1e2a-426a-957f-28d54c409d23', 'etl-market-cloud', 'etl-智能触达', 'f975eb7e-cea4-4a1d-b515-7e6da94b1899', '2021-12-28 18:06:39', 1);
INSERT INTO `template` VALUES ('bbaf3041-4c99-48ca-bc0a-d32bc1c4d0af', 'js-webapp', '分析平台前端', 'f975eb7e-cea4-4a1d-b515-7e6da94b1899', '2021-12-28 18:06:39', 1);
INSERT INTO `template` VALUES ('c05c29a6-7ed4-4b5c-8ddc-aeb5929ab4a0', 'single-nginx', '单机版nginx相关', 'f975eb7e-cea4-4a1d-b515-7e6da94b1899', '2021-12-28 18:06:39', 1);
INSERT INTO `template` VALUES ('ca0c677e-2317-41a7-b3dd-143b09978c9f', 'etl-count', 'etl-用户概览', 'f975eb7e-cea4-4a1d-b515-7e6da94b1899', '2021-12-28 18:06:39', 1);
INSERT INTO `template` VALUES ('cade69ed-085d-44b3-afd3-ab87712daa80', 'etl-load-cdh', 'etl-将kudu数据加载到hdfs', 'f975eb7e-cea4-4a1d-b515-7e6da94b1899', '2021-12-28 18:06:39', 1);
INSERT INTO `template` VALUES ('cd5c5b36-d2a7-46a9-8423-e3a34797c73b', 'web', '分析平台sdkv', 'f975eb7e-cea4-4a1d-b515-7e6da94b1899', '2021-12-28 18:06:39', 1);
INSERT INTO `template` VALUES ('ce6073c1-27d7-4ffa-88e2-ca1ea7a9dd0b', 'etl-adv-count', 'etl-广告数据', 'f975eb7e-cea4-4a1d-b515-7e6da94b1899', '2021-12-28 18:06:39', 1);
INSERT INTO `template` VALUES ('d8a17157-17f4-4b8e-95c1-7df1d5680e98', 'sql', 'sql查询平台(zeppelin)', 'f975eb7e-cea4-4a1d-b515-7e6da94b1899', '2021-12-28 18:06:39', 1);
INSERT INTO `template` VALUES ('de86c5dd-0f70-448e-b705-28d586741760', 'debug', '实时调试python程序', 'f975eb7e-cea4-4a1d-b515-7e6da94b1899', '2021-12-28 18:06:39', 1);
INSERT INTO `template` VALUES ('dff789ae-db8e-4208-9038-8427626b631f', 'es-java', 'es建立索引数据服务', 'f975eb7e-cea4-4a1d-b515-7e6da94b1899', '2021-12-28 18:06:39', 1);
INSERT INTO `template` VALUES ('e332b439-3cd8-41c1-b072-979ef6d598e3', 'marketing-cloud', '触达www', 'f975eb7e-cea4-4a1d-b515-7e6da94b1899', '2021-12-28 18:06:39', 1);
INSERT INTO `template` VALUES ('f1494515-41ab-48ae-90bf-e433a19e687c', 'api-extension', 'API扩展服务', 'f975eb7e-cea4-4a1d-b515-7e6da94b1899', '2021-12-28 18:06:39', 1);
INSERT INTO `template` VALUES ('fdcfbe69-ed59-4a42-a544-6378679334b6', 'weixin', '微信', 'f975eb7e-cea4-4a1d-b515-7e6da94b1899', '2021-12-28 18:06:39', 1);
COMMIT;

-- ----------------------------
-- Table structure for template_config
-- ----------------------------
DROP TABLE IF EXISTS `template_config`;
CREATE TABLE `template_config` (
  `id` varchar(50) NOT NULL DEFAULT '',
  `template_id` varchar(50) DEFAULT NULL COMMENT '模板id',
  `template_version_id` varchar(50) DEFAULT NULL COMMENT '模板版本id',
  `template_version_git_id` varchar(50) DEFAULT NULL COMMENT '模板版本中git项id',
  `git_source_config_id` varchar(50) DEFAULT NULL COMMENT '模板版本中git项的配置项id',
  `target_value` varchar(100) CHARACTER SET utf8 COLLATE utf8_general_ci DEFAULT NULL COMMENT '默认值',
  `is_hidden` tinyint(1) NOT NULL DEFAULT '0' COMMENT '是否隐藏',
  `global_config_id` varchar(50) DEFAULT NULL COMMENT '全局配置id',
  PRIMARY KEY (`id`),
  KEY `template_id` (`template_id`),
  KEY `template_version_id` (`template_version_id`),
  KEY `template_version_git_id` (`template_version_git_id`),
  KEY `git_source_config_id` (`git_source_config_id`),
  KEY `global_config_id` (`global_config_id`),
  CONSTRAINT `template_config_ibfk_5` FOREIGN KEY (`global_config_id`) REFERENCES `template_global_config` (`id`),
  CONSTRAINT `template_config_ibfk_6` FOREIGN KEY (`template_id`) REFERENCES `template` (`id`),
  CONSTRAINT `template_config_ibfk_7` FOREIGN KEY (`template_version_id`) REFERENCES `template_version` (`id`),
  CONSTRAINT `template_config_ibfk_8` FOREIGN KEY (`template_version_git_id`) REFERENCES `template_version_git` (`id`),
  CONSTRAINT `template_config_ibfk_9` FOREIGN KEY (`git_source_config_id`) REFERENCES `source_config` (`id`)
) ENGINE=InnoDB DEFAULT CHARSET=utf8mb3 COMMENT='模板对应git源局部配置';

-- ----------------------------
-- Records of template_config
-- ----------------------------
BEGIN;
INSERT INTO `template_config` VALUES ('01415481-4606-4ffa-a27a-ed012992b0e8', '58c4dd42-4f8f-42cc-9e94-0dde1f630f16', '6fbcae78-9a27-402c-9e76-38689632beea', 'f1fc04f5-ef47-499e-8d7a-fedf2655489c', 'd5c15b1d-8966-4051-b106-2fa79884c1ae', '6379', 0, NULL);
INSERT INTO `template_config` VALUES ('026363f8-e400-4a09-bcc0-b6006594a238', 'bbaf3041-4c99-48ca-bc0a-d32bc1c4d0af', '49069253-2163-43b0-9f7c-34ac6e034131', 'cc42c252-de01-4d7d-8449-a9e6bc4d36c4', '0651883b-b2d2-458a-840a-d3428ebe0231', 'false', 0, '3fca43e5-dfaf-44fb-98fa-5bb6f2977c06');
INSERT INTO `template_config` VALUES ('038e5c88-7169-4633-9c01-6dd26f2a742b', '09e282cf-255d-4552-98be-327adfa06fc4', '06239042-1059-4416-b5cb-df4744cb342f', '11ec0c20-71e9-41d3-98f4-e1002b9dab6e', 'fa0b24f0-63f5-4cdf-92b6-f7498c48e2eb', 'realtime-1:7051,realtime-2:7051,realtime-3:7051', 0, NULL);
INSERT INTO `template_config` VALUES ('03bf8281-ebec-49fb-9d71-db908ada1198', 'bbaf3041-4c99-48ca-bc0a-d32bc1c4d0af', '49069253-2163-43b0-9f7c-34ac6e034131', 'cc42c252-de01-4d7d-8449-a9e6bc4d36c4', '239c9d78-79be-415a-ba94-3a18bc5bdda4', 'https://uba.it.pkpm.cn', 0, '4a0e74d9-4c5c-4e6c-b1dc-db445873e47b');
INSERT INTO `template_config` VALUES ('04bd9e22-d99b-4ed9-86bf-b71031639c86', 'ca0c677e-2317-41a7-b3dd-143b09978c9f', 'e8b22074-e4db-4346-972a-08ce231365dd', 'c53072fc-2410-43fb-9756-47793dccd972', '04af1ec5-ce2b-4233-a7f4-5d2fe4376543', '8898', 0, NULL);
INSERT INTO `template_config` VALUES ('04befee2-6702-4208-84b0-3dcca642fdc0', '1310de7c-272b-4dff-9795-eedbc51d576e', '2e31090d-2636-4b6a-bf97-45e883878993', '87eb2c14-97a3-4825-a8d3-bc8df72f0a47', 'f6ca8149-9edc-4274-91b5-f5853b6980cc', 'zanalytics', 0, '897799fa-092b-42e3-a0c1-6d7394faea16');
INSERT INTO `template_config` VALUES ('05314abd-fe57-43c1-abbe-0a336490b351', 'ca0c677e-2317-41a7-b3dd-143b09978c9f', 'e8b22074-e4db-4346-972a-08ce231365dd', 'c53072fc-2410-43fb-9756-47793dccd972', '8f8ec443-854c-4ce2-ad2a-717f768449a9', '8897', 0, NULL);
INSERT INTO `template_config` VALUES ('0560e4d1-e206-4c71-9254-53d406aeaf70', 'd8a17157-17f4-4b8e-95c1-7df1d5680e98', 'daad351c-4c67-43ab-818b-295a814efde1', '7c574068-4c8f-4bf0-8528-fdf7717d3865', 'ede6d3ea-3497-44c4-8739-aa2be8e52d55', '8888', 0, NULL);
INSERT INTO `template_config` VALUES ('06540589-0f59-441a-bb53-82835e56064d', 'cade69ed-085d-44b3-afd3-ab87712daa80', '9a987467-a547-4939-adfc-5bb468f6039e', 'fe2ce319-6cda-4ef8-8ba8-810306a5832a', 'd4063ed3-36a3-4790-b4f5-351c89a6c0e4', 'realtime-1', 0, 'b33aaf90-895e-421d-8879-c056e37ff5d4');
INSERT INTO `template_config` VALUES ('068464d7-9f55-436f-8dd4-d2a3a422a0f1', 'fdcfbe69-ed59-4a42-a544-6378679334b6', 'a51ee33a-2b77-404a-8f02-6ac9a794d8d2', '03215b85-5c1e-4a85-98ca-13051355358b', 'd4a4fc28-5599-4b17-b327-65fc350b3735', '9d3266fd556a4db7b9616d385f8bdf8f', 0, 'eb4da941-78bc-4b28-84fc-9120a4a2fef7');
INSERT INTO `template_config` VALUES ('07d282af-7936-43b0-ab7b-eafcea74f23a', '757f873e-31a8-4860-8f88-5c3f7d982d4a', '2eb189f1-b3f3-4b9f-bc90-92a13f6676c0', '5da40f4f-383d-44e2-bf4c-15a95b6e3abd', '296668df-616c-4267-8823-65f79810113a', 'realtime-1:2182', 0, NULL);
INSERT INTO `template_config` VALUES ('086e0e07-645a-4146-b47e-f6031ccaf11d', '1858487e-589a-4ea1-ac3b-2a465a508fbf', '812e72a6-4ea3-487a-b05f-9fc644130c94', 'aeb96b61-0780-4f26-a63b-bce2606cf50e', 'e95cd607-687d-4a4a-aa9c-9c9d1ef68514', 'https://uba.it.pkpm.cn', 0, NULL);
INSERT INTO `template_config` VALUES ('087dbba8-b4e0-445b-8468-77a1f7c1a64f', '2aefe28c-f5f3-4ee9-8c7e-169ce2701344', 'd1806bf2-bfda-43b6-940e-6490b330fe17', '1846a457-311d-4578-b0a5-8471527428cf', '9fbccfa2-d693-432d-89b0-d7b37a78c924', 'web', 0, NULL);
INSERT INTO `template_config` VALUES ('08fc98f4-f703-4b49-9c70-90d71cc7906a', 'bbaf3041-4c99-48ca-bc0a-d32bc1c4d0af', '49069253-2163-43b0-9f7c-34ac6e034131', 'cc42c252-de01-4d7d-8449-a9e6bc4d36c4', 'babde659-68ed-491a-ba2f-b90601a77243', 'https://uba.it.pkpm.cn', 0, '4a0e74d9-4c5c-4e6c-b1dc-db445873e47b');
INSERT INTO `template_config` VALUES ('097c3091-0e3c-4937-84bf-8f2476c9495a', '3a0c0e53-1f51-48cc-be59-3c32845cd1eb', '00cc8ece-2c9f-4296-8dc5-2a6cffc88ed1', '724fb332-fcde-4623-8cf6-f220504f367c', '001d5eab-ef87-43c9-a764-d4d243dda79d', 'realtime-1', 0, '4d58e5e4-1497-4285-9ad4-f1a23db16c4a');
INSERT INTO `template_config` VALUES ('09da4e0b-8d03-4434-a1ad-84f5ef424811', 'fdcfbe69-ed59-4a42-a544-6378679334b6', 'a51ee33a-2b77-404a-8f02-6ac9a794d8d2', '03215b85-5c1e-4a85-98ca-13051355358b', 'd29aaf1f-6d16-452f-a84e-1f009e9ee499', 'zanalytics', 0, '6ef7bc72-f517-4767-9a5d-6b374a2db557');
INSERT INTO `template_config` VALUES ('0a0397e7-00d3-47eb-ac51-7447b0ded0c9', 'c05c29a6-7ed4-4b5c-8ddc-aeb5929ab4a0', '15d79bec-cca2-4170-b432-c4e8be93a03d', '3c4bd56f-3a83-4610-9190-eb033b0e9b74', 'dc953615-f8eb-422c-b8b8-b7a6be7336d1', 'realtime-mkt:18001', 0, NULL);
INSERT INTO `template_config` VALUES ('0a0cc13c-044f-4dfb-a70d-a4516410fa53', '1858487e-589a-4ea1-ac3b-2a465a508fbf', '812e72a6-4ea3-487a-b05f-9fc644130c94', 'aeb96b61-0780-4f26-a63b-bce2606cf50e', '6931902c-aaec-43a2-ba17-51e8b7193551', '0', 0, NULL);
INSERT INTO `template_config` VALUES ('0a1742bd-c51d-4386-aee9-3e451eba2072', 'ce6073c1-27d7-4ffa-88e2-ca1ea7a9dd0b', 'f0a02eea-2bf7-4932-ac51-bd9f1febf668', '23eb08a2-7102-490b-ad59-8ef7c12c7370', '4adbc2e5-0ca9-48a4-9580-794467e38e86', 'Sun_unix*1101', 0, NULL);
INSERT INTO `template_config` VALUES ('0a77891d-8372-40e8-b694-86577710791f', '09e282cf-255d-4552-98be-327adfa06fc4', '06239042-1059-4416-b5cb-df4744cb342f', '11ec0c20-71e9-41d3-98f4-e1002b9dab6e', '2f78551a-c452-4d24-aaad-93310389d05a', '3306', 0, NULL);
INSERT INTO `template_config` VALUES ('0af87197-128e-4aca-b5b1-de2a529059fc', '4f08ecb9-06a7-4b52-8276-d4900a9f3cf3', '14d371dd-9e28-4638-9eba-69fc53fd5301', 'b2e76719-c88b-4456-ae74-9b2cf6ccd55b', '9fcc53d3-3346-45cc-b065-2774c6e66c44', 'realtime-mkt:1925', 0, 'f4f30a72-dce4-42ff-afb0-0708f510878c');
INSERT INTO `template_config` VALUES ('0afe8bb4-1dd7-4da1-bf12-7bb56850aa42', 'bbaf3041-4c99-48ca-bc0a-d32bc1c4d0af', '49069253-2163-43b0-9f7c-34ac6e034131', 'cc42c252-de01-4d7d-8449-a9e6bc4d36c4', 'fd3892e2-c8cb-4c93-b4f5-eedea50dda5f', 'false', 0, '3fca43e5-dfaf-44fb-98fa-5bb6f2977c06');
INSERT INTO `template_config` VALUES ('0dd506ae-514c-4e07-95fd-f2d3ea2d2d52', '67b75e31-f8d0-4854-8ed5-b5f00c3f9788', '8c16e280-2649-4008-8efb-27c35afa1dee', 'a9270716-e37e-482d-8365-91ffbdc1829e', 'd530ae82-eb13-49d1-ac77-bc8266baea68', 'web', 0, '2bc87915-67ab-425c-bdb3-0b6817e96366');
INSERT INTO `template_config` VALUES ('0eb828de-3676-4104-9072-0a78f58a5b42', 'e332b439-3cd8-41c1-b072-979ef6d598e3', '4c3f766a-818c-4f42-a543-9ff7b7b942b5', '726c1403-cf12-4f33-bdce-e72dcf45c667', '892b3bca-8ef6-444a-b91e-1c95077ac990', 'admin', 0, 'db0eff64-adab-410c-86a0-7ba9f70f1d4d');
INSERT INTO `template_config` VALUES ('0f245a86-8b05-4564-9f92-fe8998ecc31b', 'fdcfbe69-ed59-4a42-a544-6378679334b6', 'a51ee33a-2b77-404a-8f02-6ac9a794d8d2', '03215b85-5c1e-4a85-98ca-13051355358b', 'c126b494-367c-4a2f-9990-f9402fb4c5cc', 'realtime-1:80', 0, '3b948007-0a9c-4050-97f7-18882976675b');
INSERT INTO `template_config` VALUES ('0f483739-9663-4d4c-b5e4-7518d418bf09', 'bbaf3041-4c99-48ca-bc0a-d32bc1c4d0af', '49069253-2163-43b0-9f7c-34ac6e034131', 'cc42c252-de01-4d7d-8449-a9e6bc4d36c4', '74cddfc7-966f-4c7f-bffb-2de56b37f7de', 'true', 0, 'c72771de-e4a9-4609-96a8-efdf323e4a46');
INSERT INTO `template_config` VALUES ('0f845c28-d0f1-4ed7-ab1a-9778ce0a8269', 'b31ed00d-815c-4fde-bba2-852c69ee3c65', '1188df03-5c3d-495d-a08f-a2ec59aee730', '621e6bb8-9de9-40ed-ba92-504ebd5b3dd5', '3e211272-e0c3-4c16-b27c-d785364ca0f1', 'zanalytics', 0, 'dc537d46-fa1c-47f7-9284-7b33efc2fb87');
INSERT INTO `template_config` VALUES ('0f888e58-9d81-45f2-ace9-f30db578175b', '4f08ecb9-06a7-4b52-8276-d4900a9f3cf3', '14d371dd-9e28-4638-9eba-69fc53fd5301', 'b2e76719-c88b-4456-ae74-9b2cf6ccd55b', '089312ae-213e-44cc-a541-11437cb82649', 'realtime-mkt:1927', 0, '2b28afbe-3555-4fe4-84ac-7dd2f78ae003');
INSERT INTO `template_config` VALUES ('101bbc9c-7958-4e2f-b154-454e5e503f06', 'bbaf3041-4c99-48ca-bc0a-d32bc1c4d0af', '49069253-2163-43b0-9f7c-34ac6e034131', 'cc42c252-de01-4d7d-8449-a9e6bc4d36c4', 'cc252d59-6184-416a-96bd-d1238583012d', 'true', 0, 'c72771de-e4a9-4609-96a8-efdf323e4a46');
INSERT INTO `template_config` VALUES ('12234310-1feb-4235-a97f-74f91458022e', 'c05c29a6-7ed4-4b5c-8ddc-aeb5929ab4a0', '15d79bec-cca2-4170-b432-c4e8be93a03d', '3c4bd56f-3a83-4610-9190-eb033b0e9b74', '2cd9c929-3c40-4b36-8341-85c763af4584', 'realtime-1:16688', 0, 'e967459d-e43b-4394-9223-69eebf6d1c2c');
INSERT INTO `template_config` VALUES ('131843b5-f6c3-4153-9615-7aa025fe2546', 'c05c29a6-7ed4-4b5c-8ddc-aeb5929ab4a0', '15d79bec-cca2-4170-b432-c4e8be93a03d', '3c4bd56f-3a83-4610-9190-eb033b0e9b74', 'b7906b7e-7abb-4f00-9eb4-a2b3dfdae500', 'realtime-2:7713', 0, 'a848a1b2-c64f-47f4-8755-bc060565ace2');
INSERT INTO `template_config` VALUES ('1335f4c4-3031-4a98-b873-7a4ac90e90fa', '2aefe28c-f5f3-4ee9-8c7e-169ce2701344', 'd1806bf2-bfda-43b6-940e-6490b330fe17', '1846a457-311d-4578-b0a5-8471527428cf', '9427c536-3465-4419-bf8f-2f33758c9827', '8892', 0, NULL);
INSERT INTO `template_config` VALUES ('13732cff-d50f-4074-b4be-7bc13c3691ae', 'fdcfbe69-ed59-4a42-a544-6378679334b6', 'a51ee33a-2b77-404a-8f02-6ac9a794d8d2', '03215b85-5c1e-4a85-98ca-13051355358b', '1fd58a0b-9d80-47a0-9dc9-a2c65d56de33', '9d3266fd556a4db7b9616d385f8bdf8f', 0, 'eb4da941-78bc-4b28-84fc-9120a4a2fef7');
INSERT INTO `template_config` VALUES ('138b7556-b211-4806-b183-96afc6f19a8b', '673e2b30-15c5-43b6-bab1-4f8049cf969b', '93a056b4-1017-4d43-ae25-c991578cd360', 'db4fb351-2262-4655-bb5f-654a1e9527fc', '0f2b6e7b-c50e-48d8-b449-586d57eac6ae', 'realtime-1:8081', 0, '4b440abf-019e-4971-b968-813ef3af5d45');
INSERT INTO `template_config` VALUES ('144296d4-1658-40dd-97e8-9197a8ee271e', '67b75e31-f8d0-4854-8ed5-b5f00c3f9788', '8c16e280-2649-4008-8efb-27c35afa1dee', 'a9270716-e37e-482d-8365-91ffbdc1829e', 'c0b807bc-9fdd-41b8-adfb-960da7785b8c', 'zanalytics', 0, '903ab6da-19eb-4ac1-9f47-620022c601a7');
INSERT INTO `template_config` VALUES ('14f5be99-8847-4292-8e84-9ebf4e2cd741', 'c05c29a6-7ed4-4b5c-8ddc-aeb5929ab4a0', '15d79bec-cca2-4170-b432-c4e8be93a03d', '3c4bd56f-3a83-4610-9190-eb033b0e9b74', '5131a4ec-ad0f-47cf-998c-b4bc8adbb527', 'realtime-1:9003', 0, '851a7163-d380-4af2-a2e8-f149d3d22274');
INSERT INTO `template_config` VALUES ('1583be84-b552-468b-911a-817a07137617', 'b86534e1-1e2a-426a-957f-28d54c409d23', 'bb796cf9-c94b-4557-97fe-a2e7129dbcb6', '6fdbc42e-cd01-426c-a4cb-2e5033954bb0', 'bfe96e74-a833-40ca-909f-a5e93840c53d', 'realtime-1:9092,realtime-2:9092,realtime-3:9092', 0, NULL);
INSERT INTO `template_config` VALUES ('164c46c9-767c-4000-812e-5c80c94d765c', 'c05c29a6-7ed4-4b5c-8ddc-aeb5929ab4a0', '15d79bec-cca2-4170-b432-c4e8be93a03d', '3c4bd56f-3a83-4610-9190-eb033b0e9b74', '00010ff2-2a82-4ed9-95ea-1321a9685544', 'realtime-1:7715', 0, 'a3a10e0f-77c6-4534-b42f-8b0fe94a3823');
INSERT INTO `template_config` VALUES ('17e42270-fa1f-40ef-b659-c5251908e697', '287fa186-08c1-49d8-ade8-6ee8c560b9a6', '7d0383e3-5a02-4f04-be2f-8c75d9c18afb', 'cf3cf2ed-c50b-45e3-95d8-3aeba738e03e', '71c87b6f-7419-49fb-83a0-3ba026dfe4d9', '6379', 0, NULL);
INSERT INTO `template_config` VALUES ('18181aa2-80af-4a3d-856e-47c659875091', '62b44e7b-90b7-48ec-8a2b-763e44ee3cdb', '740ed81d-34c0-49ec-a680-68e26bb85427', '4b79dece-cf3c-4ca6-b085-42d5fa5b99e8', '1d5ff9e9-c218-423a-b312-60083f2380d1', 'admin', 0, 'b6429633-6db8-4175-b0df-d6ea78d1a041');
INSERT INTO `template_config` VALUES ('193c280f-0411-468b-a6bf-db177433cff5', '90e57ede-be9b-4f03-b1f0-1c9928ac4fde', 'b3dd396c-d1fa-4877-86bd-0a2bf4239324', '5e9b421a-fd97-4b8c-8115-49a70c277daa', 'e7e233d9-9a76-4eef-87a9-fdf2a80df08b', 'Sun_unix*1101', 0, NULL);
INSERT INTO `template_config` VALUES ('1976e337-70be-4fc3-a351-6ae3a26e5d9a', 'cade69ed-085d-44b3-afd3-ab87712daa80', '9a987467-a547-4939-adfc-5bb468f6039e', 'fe2ce319-6cda-4ef8-8ba8-810306a5832a', 'b809f0ff-1c51-4846-b7f1-9812a4707c7e', 'web', 0, 'b7258d68-61e0-4a9c-be83-446e7a15ac13');
INSERT INTO `template_config` VALUES ('19d49897-dd90-4c7a-86ae-d060973c65b2', '62b44e7b-90b7-48ec-8a2b-763e44ee3cdb', '740ed81d-34c0-49ec-a680-68e26bb85427', '4b79dece-cf3c-4ca6-b085-42d5fa5b99e8', 'f3a770fb-afc2-4be3-a2d6-001c60365689', 'realtime-1', 0, '04f1d349-a8ec-47b7-bce0-5aa950dd4a14');
INSERT INTO `template_config` VALUES ('1b02a1a6-f4b5-4adf-8096-ac0f20e4db12', '2aefe28c-f5f3-4ee9-8c7e-169ce2701344', 'd1806bf2-bfda-43b6-940e-6490b330fe17', '1846a457-311d-4578-b0a5-8471527428cf', '3b43839e-1b04-4bc6-bbab-8486c0de5019', 'realtime-2', 0, '87aff597-6cc2-4e1f-9ad2-03b3ccb2ef91');
INSERT INTO `template_config` VALUES ('1bb62b48-4a11-4298-bed9-1a6efa901c30', '673e2b30-15c5-43b6-bab1-4f8049cf969b', '93a056b4-1017-4d43-ae25-c991578cd360', 'db4fb351-2262-4655-bb5f-654a1e9527fc', '70218704-aac5-4fc4-a0fa-ff1c08edfff5', 'realtime-1:7713', 0, '49dbb456-f48d-4b48-b95e-dcb397e9b1c0');
INSERT INTO `template_config` VALUES ('1c1712cb-db86-4168-a585-f68785f69992', '673e2b30-15c5-43b6-bab1-4f8049cf969b', '93a056b4-1017-4d43-ae25-c991578cd360', 'db4fb351-2262-4655-bb5f-654a1e9527fc', 'e84b8c0c-71e9-46ff-bf17-1e6f0df3df5f', 'realtime-2:7808', 0, '6f7a094a-1957-4ffa-91ea-43035de3e13e');
INSERT INTO `template_config` VALUES ('1d50aaa5-6504-47ba-a14a-471fcbf556e8', 'dff789ae-db8e-4208-9038-8427626b631f', 'd23878ee-66bd-4131-b4be-848ec34b04f0', '5cc13b84-f088-4abc-85fd-f66180557c62', 'ddc23441-79e5-45b6-8bb7-067a505b3673', '9200', 0, '71774e0d-0b86-47e9-af23-c4c3c02c93c9');
INSERT INTO `template_config` VALUES ('1eee5a7a-a679-4ae2-bbe0-1b14e51a44b8', '90e57ede-be9b-4f03-b1f0-1c9928ac4fde', 'b3dd396c-d1fa-4877-86bd-0a2bf4239324', '5e9b421a-fd97-4b8c-8115-49a70c277daa', '09ee572b-a23d-4cca-ad57-5f5bff33f981', '8897', 0, NULL);
INSERT INTO `template_config` VALUES ('1f2bc2b1-ce40-403f-a507-6ac861dd3b96', '6fe448d0-eefb-4d41-bbee-4c4f66cb5444', 'e14c21b2-10c2-490d-a220-60403230b956', 'f678221e-d3c0-42e3-881c-06ae6ee58f4e', '4270a187-9849-47d4-b8d5-e392f59726b0', '/shiping/', 0, NULL);
INSERT INTO `template_config` VALUES ('1fb33426-6cb9-4d93-9fff-a4f526a3ceb0', '09e282cf-255d-4552-98be-327adfa06fc4', '06239042-1059-4416-b5cb-df4744cb342f', '11ec0c20-71e9-41d3-98f4-e1002b9dab6e', 'cf4ed080-8674-47d4-b5ce-8af709ee051f', 'zanalytics', 0, 'f24867c5-9e56-4337-833e-18851263f7aa');
INSERT INTO `template_config` VALUES ('20242bb4-a8a5-4f2e-9577-f6980b17d8ba', 'e332b439-3cd8-41c1-b072-979ef6d598e3', '4c3f766a-818c-4f42-a543-9ff7b7b942b5', '726c1403-cf12-4f33-bdce-e72dcf45c667', '1fc80d0f-9d14-47a1-b96e-c7028d75b69e', 'web', 0, NULL);
INSERT INTO `template_config` VALUES ('20c71822-8b35-45cf-b5eb-2cb377b24670', 'ade2c196-7873-479d-8213-3abbcfff0da8', '341d52ba-c6a3-4aad-b1fd-97b3d3241853', '04509a8e-a8c3-45ed-9d9e-eefcefcc1cd3', '83d2465d-efbf-4bee-9712-1ba4d98f904e', NULL, 0, NULL);
INSERT INTO `template_config` VALUES ('20f086a1-e8c4-4dbf-8ee5-ea55213488d9', '67b75e31-f8d0-4854-8ed5-b5f00c3f9788', '8c16e280-2649-4008-8efb-27c35afa1dee', 'a9270716-e37e-482d-8365-91ffbdc1829e', '2ebab418-1375-4f7f-8bf7-d6ed026f710b', NULL, 0, NULL);
INSERT INTO `template_config` VALUES ('22686578-0050-40ec-a08c-88fddea38d54', 'dff789ae-db8e-4208-9038-8427626b631f', 'd23878ee-66bd-4131-b4be-848ec34b04f0', '5cc13b84-f088-4abc-85fd-f66180557c62', 'ac65fa28-51ee-4c55-9c58-88d948061cf0', 'web', 0, NULL);
INSERT INTO `template_config` VALUES ('22894bfe-1192-474e-88c0-bdd5397501d4', 'fdcfbe69-ed59-4a42-a544-6378679334b6', 'a51ee33a-2b77-404a-8f02-6ac9a794d8d2', '03215b85-5c1e-4a85-98ca-13051355358b', '811989dd-94de-4d1d-8d9b-78996fbb12b1', 'realtime-1', 0, '3af4ec29-9851-441f-b65d-e9077f790f68');
INSERT INTO `template_config` VALUES ('24042ae7-4fe4-4d40-bb37-8d4fcb96b6b4', 'e332b439-3cd8-41c1-b072-979ef6d598e3', '4c3f766a-818c-4f42-a543-9ff7b7b942b5', '726c1403-cf12-4f33-bdce-e72dcf45c667', '5ab4bdd7-05bf-471a-a524-bc5e9543a237', '9200', 0, 'c50f0168-43ba-40d6-87a8-2a1d9009fc0b');
INSERT INTO `template_config` VALUES ('254c073a-e6e6-452c-b0e5-34f7c8b301ac', '62b44e7b-90b7-48ec-8a2b-763e44ee3cdb', '740ed81d-34c0-49ec-a680-68e26bb85427', '4b79dece-cf3c-4ca6-b085-42d5fa5b99e8', 'd49992db-af08-489c-bf2f-b6b83c2aea96', 'zanalytics', 0, '4665fcff-ebd4-48de-a59a-c7d9697e20d3');
INSERT INTO `template_config` VALUES ('259618dc-ba9f-4fe2-80da-25728d128a5b', '061a49c7-1b29-4d45-8fe3-02c0b8cd0fc3', '77f17a2d-9998-4728-a0c4-25e1de39cfc5', '10208bd4-baa0-49a7-8b98-0d81f7fbf58c', 'bbeab5e9-3314-42ec-9118-358edf9e198f', 'zanalytics', 0, '80f69ab2-ae50-42d3-bd03-9715ac4005bc');
INSERT INTO `template_config` VALUES ('259d1bfb-a62a-430a-9cb5-d5a91376882e', '90e57ede-be9b-4f03-b1f0-1c9928ac4fde', 'b3dd396c-d1fa-4877-86bd-0a2bf4239324', '5e9b421a-fd97-4b8c-8115-49a70c277daa', '72672a77-9c1b-4d5c-8fcb-8fd6e4ac365c', '26480', 0, NULL);
INSERT INTO `template_config` VALUES ('25cdec73-e3ae-430d-9717-26c7d0e35a71', '6fe448d0-eefb-4d41-bbee-4c4f66cb5444', 'e14c21b2-10c2-490d-a220-60403230b956', 'f678221e-d3c0-42e3-881c-06ae6ee58f4e', '8d84e7f0-e381-4574-8887-512bb3a48de9', '', 0, NULL);
INSERT INTO `template_config` VALUES ('26472ef5-03ba-44f9-9d9f-2326ae6b2dae', 'c05c29a6-7ed4-4b5c-8ddc-aeb5929ab4a0', '15d79bec-cca2-4170-b432-c4e8be93a03d', '3c4bd56f-3a83-4610-9190-eb033b0e9b74', '6a636295-9019-49b9-9138-14944d533fd5', 'realtime-2:7808', 0, '9b48c343-d3e0-470c-8e2f-90893676f3e2');
INSERT INTO `template_config` VALUES ('26b0c387-9045-4dc1-b1e5-009c7bd832a0', 'bbaf3041-4c99-48ca-bc0a-d32bc1c4d0af', '49069253-2163-43b0-9f7c-34ac6e034131', 'cc42c252-de01-4d7d-8449-a9e6bc4d36c4', 'ee494ba1-289f-495f-aba2-d3dc39106e80', 'ZhugeSDK', 0, NULL);
INSERT INTO `template_config` VALUES ('27d763df-a85d-47b6-bdb1-bc14371c82f1', '8200bdde-eb7d-418a-b0dd-6826e2f53ada', 'c3641de4-5575-4c5f-8d31-102a18073d5c', 'c3a84755-26b7-445b-bac7-90e7c3fe3c1a', '931c989e-7d5d-4626-a352-812f569b5108', 'realtime-1', 0, '4f03432a-5f8e-4e1f-a702-a1e87c4737ca');
INSERT INTO `template_config` VALUES ('280846f8-1177-4b9b-97b9-e608332ee854', '3a0c0e53-1f51-48cc-be59-3c32845cd1eb', '00cc8ece-2c9f-4296-8dc5-2a6cffc88ed1', '724fb332-fcde-4623-8cf6-f220504f367c', 'f4e9909e-510a-45fc-afa7-8c70c9c16774', '3306', 0, NULL);
INSERT INTO `template_config` VALUES ('284c9dde-984a-4a98-82e5-cc9ae2eed45b', '5b419fac-520a-4a40-b17c-3dbf93567074', 'c0cafa59-34cb-4bef-ad02-fca1b2a6507d', '2817fe53-19f7-41e5-82de-4b2024df08ed', '610ba6d8-d568-4e8e-a21f-80b038913a75', '/webapp/app/login', 0, NULL);
INSERT INTO `template_config` VALUES ('28f68d8a-8fa7-41e6-8ce8-24e744fa4e5a', '37b0f843-fd24-4ac5-8998-d1eed7dee3e0', 'd4b46317-2db8-4787-ab51-4527c4587cc8', '0217d8c9-4581-4e3b-8d0b-41068d9d2162', '5948b6fe-0fdb-4346-9f4f-ae2cec34cdaa', 'web', 0, NULL);
INSERT INTO `template_config` VALUES ('292612d8-4055-45f4-8ee1-fe56a4e7bbdf', 'fdcfbe69-ed59-4a42-a544-6378679334b6', 'a51ee33a-2b77-404a-8f02-6ac9a794d8d2', '03215b85-5c1e-4a85-98ca-13051355358b', '411891cc-53f8-4d11-8996-8a6695bf5bef', 'http://realtime-2:8882', 0, '96225239-040d-4e41-ac02-b74b0714b191');
INSERT INTO `template_config` VALUES ('29ab0532-e132-4af6-80ac-d0ab049f1f1a', '712c5458-e120-4cfc-91ca-5f549345a7c9', '05134307-3a86-46ca-b6f0-43af2b2f0dd0', 'bb45bd20-6057-4b31-b22f-244f4d0ad00c', '080a3a41-f344-4120-813a-da02304df18f', 'Sun_unix*1101', 0, '59eeae5f-6bdf-4330-af94-8862361ac7fb');
INSERT INTO `template_config` VALUES ('2a023f19-110f-4470-b8c3-312707731f58', 'b31ed00d-815c-4fde-bba2-852c69ee3c65', '1188df03-5c3d-495d-a08f-a2ec59aee730', '621e6bb8-9de9-40ed-ba92-504ebd5b3dd5', 'e26771c5-0098-48f3-910d-ebed8cfbc441', 'zanalytics', 0, 'dc537d46-fa1c-47f7-9284-7b33efc2fb87');
INSERT INTO `template_config` VALUES ('2a867c63-cf71-45be-b6f6-f4a28bb0998b', 'd8a17157-17f4-4b8e-95c1-7df1d5680e98', 'daad351c-4c67-43ab-818b-295a814efde1', '7c574068-4c8f-4bf0-8528-fdf7717d3865', '8f755fa7-4b89-4fb3-94f0-7b36030df9e8', 'realtime-1', 0, 'b1167c4c-67c6-4673-bfed-ecf40073bd97');
INSERT INTO `template_config` VALUES ('2d7b6384-d7d5-49f0-9c1d-27f07cceaa05', 'fdcfbe69-ed59-4a42-a544-6378679334b6', 'a51ee33a-2b77-404a-8f02-6ac9a794d8d2', '03215b85-5c1e-4a85-98ca-13051355358b', '8d7389fe-af80-46d8-acaf-dc9e6b051755', '3306', 0, 'f6580bca-55d8-445f-84b4-ecfb7c36dfc8');
INSERT INTO `template_config` VALUES ('2db6f1a7-0524-4738-ba39-6309cd858e75', '061a49c7-1b29-4d45-8fe3-02c0b8cd0fc3', '77f17a2d-9998-4728-a0c4-25e1de39cfc5', '10208bd4-baa0-49a7-8b98-0d81f7fbf58c', '7fef952d-d6f0-4b12-a3e6-9806be50e42d', 'zanalytics', 0, '80f69ab2-ae50-42d3-bd03-9715ac4005bc');
INSERT INTO `template_config` VALUES ('2e5f5669-3c30-4eb7-a5b1-dd25a8f63cac', '712c5458-e120-4cfc-91ca-5f549345a7c9', '05134307-3a86-46ca-b6f0-43af2b2f0dd0', 'bb45bd20-6057-4b31-b22f-244f4d0ad00c', '27f34967-2cfc-4e7d-8dd9-acc792597f9f', '1218', 0, NULL);
INSERT INTO `template_config` VALUES ('2ec97705-77d9-4fec-aec7-76ffd2e62c5f', '061a49c7-1b29-4d45-8fe3-02c0b8cd0fc3', '77f17a2d-9998-4728-a0c4-25e1de39cfc5', '10208bd4-baa0-49a7-8b98-0d81f7fbf58c', '0357a904-38f8-4174-851a-042079eda369', 'realtime-1:9092,realtime-2:9092,realtime-3:9092', 0, NULL);
INSERT INTO `template_config` VALUES ('2ef3fe9c-b160-4cbe-8396-3c7d36202ef8', '4f08ecb9-06a7-4b52-8276-d4900a9f3cf3', '14d371dd-9e28-4638-9eba-69fc53fd5301', 'b2e76719-c88b-4456-ae74-9b2cf6ccd55b', 'd6badbfe-601c-4d6d-8433-64709e5ee828', 'realtime-mkt:1923', 0, '53ecbec4-e3c8-47bb-ae66-b5ef65f2c41b');
INSERT INTO `template_config` VALUES ('2f971ef5-46bd-4c5e-b393-2f3f7709d4f0', 'fdcfbe69-ed59-4a42-a544-6378679334b6', 'a51ee33a-2b77-404a-8f02-6ac9a794d8d2', '03215b85-5c1e-4a85-98ca-13051355358b', '9e92d7b3-3412-41fb-88a6-68b50cf15000', 'realtime-1:80', 0, '3b948007-0a9c-4050-97f7-18882976675b');
INSERT INTO `template_config` VALUES ('2fdd220f-76d9-4a1b-9b2b-815aa2b5237f', 'e332b439-3cd8-41c1-b072-979ef6d598e3', '4c3f766a-818c-4f42-a543-9ff7b7b942b5', '726c1403-cf12-4f33-bdce-e72dcf45c667', 'caeaf86f-35fc-4eb2-9c57-36c970eddc38', 'zanalytics', 0, '51957058-4d73-4ada-b717-12f216ef8e52');
INSERT INTO `template_config` VALUES ('2fe02ddc-b3fc-4c5d-a7c9-02f1dda7d5c6', 'b86534e1-1e2a-426a-957f-28d54c409d23', 'bb796cf9-c94b-4557-97fe-a2e7129dbcb6', '6fdbc42e-cd01-426c-a4cb-2e5033954bb0', '09fddb8e-9078-4848-b800-d99f8aa8f6ec', 'realtime-3', 0, NULL);
INSERT INTO `template_config` VALUES ('30d571a3-2b9e-428c-b2aa-b1d68480b43d', 'ca0c677e-2317-41a7-b3dd-143b09978c9f', 'e8b22074-e4db-4346-972a-08ce231365dd', 'c53072fc-2410-43fb-9756-47793dccd972', '679c1a69-aef7-4002-850e-54df20ecc523', 'realtime-2', 0, '71fc0267-0627-4cf2-8a67-608f1bbe0861');
INSERT INTO `template_config` VALUES ('30df5fdc-10e2-489d-a040-46f74dde39e4', '4f08ecb9-06a7-4b52-8276-d4900a9f3cf3', '14d371dd-9e28-4638-9eba-69fc53fd5301', 'b2e76719-c88b-4456-ae74-9b2cf6ccd55b', '4e71a179-da5b-4030-ad9d-5b8fe3904806', 'realtime-mkt:1923', 0, '53ecbec4-e3c8-47bb-ae66-b5ef65f2c41b');
INSERT INTO `template_config` VALUES ('311e266c-8604-44da-98df-88dff16be7cc', '3a0c0e53-1f51-48cc-be59-3c32845cd1eb', '00cc8ece-2c9f-4296-8dc5-2a6cffc88ed1', '724fb332-fcde-4623-8cf6-f220504f367c', '2ab1350c-dd63-4224-884b-d4feea73d1f5', 'zanalytics', 0, '1225d1e0-d04c-4aab-ac14-47086e0da96d');
INSERT INTO `template_config` VALUES ('31ad9527-653b-4699-8288-af0394ecddc3', '90e57ede-be9b-4f03-b1f0-1c9928ac4fde', 'b3dd396c-d1fa-4877-86bd-0a2bf4239324', '5e9b421a-fd97-4b8c-8115-49a70c277daa', 'cc9ad966-55b5-4983-9edf-4a119dae604c', 'realtime-1', 0, NULL);
INSERT INTO `template_config` VALUES ('31cd24a9-16e1-4ddb-a5e9-338f9ed86419', '6fe448d0-eefb-4d41-bbee-4c4f66cb5444', 'e14c21b2-10c2-490d-a220-60403230b956', 'f678221e-d3c0-42e3-881c-06ae6ee58f4e', '26668eda-c2fc-462b-acb1-28ed89806238', '数据分析', 0, NULL);
INSERT INTO `template_config` VALUES ('332841dc-1295-47eb-bbb5-39b34c3387c1', 'fdcfbe69-ed59-4a42-a544-6378679334b6', 'a51ee33a-2b77-404a-8f02-6ac9a794d8d2', '03215b85-5c1e-4a85-98ca-13051355358b', '51f59fbf-209f-4f90-bab2-f662df7db2bd', 'https://weixin.zhugeio.com', 0, 'f3b1a083-abfe-41e1-9bc2-4a1b3279843b');
INSERT INTO `template_config` VALUES ('3452fc92-304b-4bac-aa4a-99a694986419', '62b44e7b-90b7-48ec-8a2b-763e44ee3cdb', '740ed81d-34c0-49ec-a680-68e26bb85427', '4b79dece-cf3c-4ca6-b085-42d5fa5b99e8', 'a8e76b76-1358-4cdb-8918-280492720aae', 'web', 0, NULL);
INSERT INTO `template_config` VALUES ('346b00f2-7107-4861-b716-bbd4eea7800c', 'fdcfbe69-ed59-4a42-a544-6378679334b6', 'a51ee33a-2b77-404a-8f02-6ac9a794d8d2', '03215b85-5c1e-4a85-98ca-13051355358b', 'b82955cf-eaf1-444d-a1c4-ee73ac1f71ed', 'realtime-1:80', 0, '3b948007-0a9c-4050-97f7-18882976675b');
INSERT INTO `template_config` VALUES ('34a0f841-2f42-4c19-8e2f-cd361adb59de', '673e2b30-15c5-43b6-bab1-4f8049cf969b', '93a056b4-1017-4d43-ae25-c991578cd360', 'db4fb351-2262-4655-bb5f-654a1e9527fc', '6d5b1843-8f3a-47a7-b38c-9f714526a9bf', 'realtime-mkt:18001', 0, NULL);
INSERT INTO `template_config` VALUES ('34a2d09b-9c59-4a97-86ec-81a0d29d6b34', 'ce6073c1-27d7-4ffa-88e2-ca1ea7a9dd0b', 'f0a02eea-2bf7-4932-ac51-bd9f1febf668', '23eb08a2-7102-490b-ad59-8ef7c12c7370', '5f095917-b10e-44f6-8288-7128b9ea2f5a', 'realtime-2', 0, NULL);
INSERT INTO `template_config` VALUES ('355e62bc-fe0a-4de3-8370-c58a0bdf0929', 'ade2c196-7873-479d-8213-3abbcfff0da8', '341d52ba-c6a3-4aad-b1fd-97b3d3241853', '04509a8e-a8c3-45ed-9d9e-eefcefcc1cd3', '63d987f4-dde6-4a6c-8422-e8e560cfb366', 'false', 0, NULL);
INSERT INTO `template_config` VALUES ('357796b7-e45c-4dd9-9654-8c2b29cd0c68', 'c05c29a6-7ed4-4b5c-8ddc-aeb5929ab4a0', '15d79bec-cca2-4170-b432-c4e8be93a03d', '3c4bd56f-3a83-4610-9190-eb033b0e9b74', '54fb42a8-1a6b-449a-bfaa-2ee4791037ba', 'realtime-1:8080', 0, '81497aaa-8a73-4064-b379-eb9a1072125f');
INSERT INTO `template_config` VALUES ('35bcc464-e31e-4145-88bf-12fe9d312d0f', '757f873e-31a8-4860-8f88-5c3f7d982d4a', '2eb189f1-b3f3-4b9f-bc90-92a13f6676c0', '5da40f4f-383d-44e2-bf4c-15a95b6e3abd', '1c6f692f-2d80-4879-8716-6266cee79784', 'zanalytics', 0, NULL);
INSERT INTO `template_config` VALUES ('36903bd6-8cdb-4ffa-9b8a-607564db64c1', 'c05c29a6-7ed4-4b5c-8ddc-aeb5929ab4a0', '15d79bec-cca2-4170-b432-c4e8be93a03d', '3c4bd56f-3a83-4610-9190-eb033b0e9b74', 'c7430aba-29f0-4c2c-a392-4b5253a9b4b6', 'realtime-1:8800', 0, '81497aaa-8a73-4064-b379-eb9a1072125f');
INSERT INTO `template_config` VALUES ('36a89749-4c2b-4d25-a19b-0c905513b47a', '061a49c7-1b29-4d45-8fe3-02c0b8cd0fc3', '77f17a2d-9998-4728-a0c4-25e1de39cfc5', '10208bd4-baa0-49a7-8b98-0d81f7fbf58c', 'dee0dbb7-7a2a-4270-a6a1-26f8a76208c7', 'realtime-1', 0, 'bfafcb06-7210-4f5d-bd08-9f13bbdd5803');
INSERT INTO `template_config` VALUES ('36cf1070-bbe2-4d08-8967-3b6fa743b4e1', '67b75e31-f8d0-4854-8ed5-b5f00c3f9788', '8c16e280-2649-4008-8efb-27c35afa1dee', 'a9270716-e37e-482d-8365-91ffbdc1829e', 'c354f389-d89a-4b3d-87eb-cf249874e23d', 'admin', 0, '625648a2-65a9-493c-baba-927b93612058');
INSERT INTO `template_config` VALUES ('377b1dc8-7226-4af7-8bc3-7ce02833a76a', 'e332b439-3cd8-41c1-b072-979ef6d598e3', '4c3f766a-818c-4f42-a543-9ff7b7b942b5', '726c1403-cf12-4f33-bdce-e72dcf45c667', '9ffc1033-5413-4112-b552-77afa1557004', 'admin', 0, 'db0eff64-adab-410c-86a0-7ba9f70f1d4d');
INSERT INTO `template_config` VALUES ('37b1f193-9bac-453d-b143-d7a7a6db74a2', '3a0c0e53-1f51-48cc-be59-3c32845cd1eb', '00cc8ece-2c9f-4296-8dc5-2a6cffc88ed1', '724fb332-fcde-4623-8cf6-f220504f367c', '2bccd70d-fd5c-44f1-9fff-0b128d3d709f', '8888', 0, NULL);
INSERT INTO `template_config` VALUES ('38fea963-a010-436a-9917-5c1897e598cf', 'fdcfbe69-ed59-4a42-a544-6378679334b6', 'a51ee33a-2b77-404a-8f02-6ac9a794d8d2', '03215b85-5c1e-4a85-98ca-13051355358b', 'b1575964-2a76-4fe0-8c9e-d3c770318b38', 'realtime-1:9092,realtime-2:9092,realtime-3:9092', 0, '5310fde2-514d-472f-97a0-b02a4739e64b');
INSERT INTO `template_config` VALUES ('3a3632e5-e4b6-47bc-94d0-f73d103edb85', 'fdcfbe69-ed59-4a42-a544-6378679334b6', 'a51ee33a-2b77-404a-8f02-6ac9a794d8d2', '03215b85-5c1e-4a85-98ca-13051355358b', '67d1e159-b9be-4015-9de7-9451ece361f9', '26480', 0, 'c5299c90-e88c-46ff-814d-49b66ac8d5fc');
INSERT INTO `template_config` VALUES ('3a45e6a3-12d4-483f-bda1-3c0b1e9bf7ef', '673e2b30-15c5-43b6-bab1-4f8049cf969b', '93a056b4-1017-4d43-ae25-c991578cd360', 'db4fb351-2262-4655-bb5f-654a1e9527fc', 'a53bb012-9fcf-4669-9184-1c1dee39c6bf', 'realtime-1:9003', 0, '2dc405a9-6944-422c-8db5-921c89611c1b');
INSERT INTO `template_config` VALUES ('3b12259e-99ca-45d9-bc63-852b94a0ca21', '09e282cf-255d-4552-98be-327adfa06fc4', '06239042-1059-4416-b5cb-df4744cb342f', '11ec0c20-71e9-41d3-98f4-e1002b9dab6e', '765c6647-ada6-4be4-845f-6faae87235d2', 'admin', 0, '6c1728f5-af40-4b8a-ad04-baa8dd7304dd');
INSERT INTO `template_config` VALUES ('3b4df9e9-8c44-4d8b-9af3-8d45ab1105b4', 'fdcfbe69-ed59-4a42-a544-6378679334b6', 'a51ee33a-2b77-404a-8f02-6ac9a794d8d2', '03215b85-5c1e-4a85-98ca-13051355358b', 'fb6478c4-f49b-4f11-84cd-0d06b7fa11a0', 'http://realtime-2:8882', 0, '96225239-040d-4e41-ac02-b74b0714b191');
INSERT INTO `template_config` VALUES ('3b7852ef-e60b-411b-9af3-490b88b0f54b', 'fdcfbe69-ed59-4a42-a544-6378679334b6', 'a51ee33a-2b77-404a-8f02-6ac9a794d8d2', '03215b85-5c1e-4a85-98ca-13051355358b', '965518e9-1753-4d11-b0a9-9c3bf0801298', 'realtime-1:2182,realtime-2:2182,realtime-3:2182', 0, NULL);
INSERT INTO `template_config` VALUES ('3b80d22b-4cae-4874-8f8e-c8aa798644be', 'bbaf3041-4c99-48ca-bc0a-d32bc1c4d0af', '49069253-2163-43b0-9f7c-34ac6e034131', 'cc42c252-de01-4d7d-8449-a9e6bc4d36c4', 'd8e2082b-ad24-4884-964e-63544bb93bfc', '', 0, NULL);
INSERT INTO `template_config` VALUES ('3bbeeee5-3bf8-4ac8-ac94-d709e7f98aef', 'e332b439-3cd8-41c1-b072-979ef6d598e3', '4c3f766a-818c-4f42-a543-9ff7b7b942b5', '726c1403-cf12-4f33-bdce-e72dcf45c667', '55719e61-0878-48de-b72b-743ff972496f', '9200', 0, 'c50f0168-43ba-40d6-87a8-2a1d9009fc0b');
INSERT INTO `template_config` VALUES ('3bcf376b-fe2d-4d63-86a1-7f14515461ac', '712c5458-e120-4cfc-91ca-5f549345a7c9', '05134307-3a86-46ca-b6f0-43af2b2f0dd0', 'bb45bd20-6057-4b31-b22f-244f4d0ad00c', '20ab77da-150e-4555-8215-14251fec4e3a', 'realtime-1:80', 0, 'cc0588ef-7729-4c39-8b26-878715e013d1');
INSERT INTO `template_config` VALUES ('3be07c73-c4df-4788-9bfc-7d57191514f0', '3a0c0e53-1f51-48cc-be59-3c32845cd1eb', '00cc8ece-2c9f-4296-8dc5-2a6cffc88ed1', '724fb332-fcde-4623-8cf6-f220504f367c', '346a2bbd-e1ce-4bb9-ae38-556fe47ac856', 'web', 0, '7b4dbc40-4b4f-42e0-bf19-86ca0d72f97d');
INSERT INTO `template_config` VALUES ('3c796d0e-d8a8-46ef-8036-712f374735f0', '1310de7c-272b-4dff-9795-eedbc51d576e', '2e31090d-2636-4b6a-bf97-45e883878993', '87eb2c14-97a3-4825-a8d3-bc8df72f0a47', 'fd4c2be3-7b34-4eea-a56f-d85a6b9b353a', 'realtime-1', 0, '0750403d-6981-444d-82ee-97026555db28');
INSERT INTO `template_config` VALUES ('3d4d216a-2477-4b16-ae60-37d6bb230325', '67b75e31-f8d0-4854-8ed5-b5f00c3f9788', '8c16e280-2649-4008-8efb-27c35afa1dee', 'a9270716-e37e-482d-8365-91ffbdc1829e', 'f03c2c42-258a-4769-bd1b-1746d8005027', 'zanalytics', 0, '903ab6da-19eb-4ac1-9f47-620022c601a7');
INSERT INTO `template_config` VALUES ('3f6dd92e-1f50-48cf-ae41-9a43d7079977', 'fdcfbe69-ed59-4a42-a544-6378679334b6', 'a51ee33a-2b77-404a-8f02-6ac9a794d8d2', '03215b85-5c1e-4a85-98ca-13051355358b', '36a7862e-c845-4e3d-8b93-8527217038e2', 'web', 0, '2b433eb8-6b29-488e-8640-d2509adb1f45');
INSERT INTO `template_config` VALUES ('40215a79-b89f-4070-902c-21d58e655318', 'ade2c196-7873-479d-8213-3abbcfff0da8', '341d52ba-c6a3-4aad-b1fd-97b3d3241853', '04509a8e-a8c3-45ed-9d9e-eefcefcc1cd3', '1ce1bc38-6963-4651-83a9-cf9a297a0bb5', 'realtime-1:80', 0, NULL);
INSERT INTO `template_config` VALUES ('40dcd1aa-14e3-451a-9554-c9010bf93a30', '061a49c7-1b29-4d45-8fe3-02c0b8cd0fc3', '77f17a2d-9998-4728-a0c4-25e1de39cfc5', '10208bd4-baa0-49a7-8b98-0d81f7fbf58c', '9e3e2eb5-5a9f-4aab-a235-eb7f1a7bccd2', 'web', 0, '70ca3e01-abd9-4fad-9b13-4809551e1e4a');
INSERT INTO `template_config` VALUES ('40f737bb-c01a-45de-8902-ff1d944e58da', '673e2b30-15c5-43b6-bab1-4f8049cf969b', '93a056b4-1017-4d43-ae25-c991578cd360', 'db4fb351-2262-4655-bb5f-654a1e9527fc', '10c6c13a-c8ea-479c-83cc-438cd33c9b2f', 'realtime-1:7715', 0, '1b8253b1-bd49-4e63-a7b5-f3e73caa9a8e');
INSERT INTO `template_config` VALUES ('41535f1f-f4e2-4a2c-b89e-0f0ce7fd2f8e', 'd8a17157-17f4-4b8e-95c1-7df1d5680e98', 'daad351c-4c67-43ab-818b-295a814efde1', '7c574068-4c8f-4bf0-8528-fdf7717d3865', '5261ca42-8c37-464b-9045-cd9aafc46b92', NULL, 0, NULL);
INSERT INTO `template_config` VALUES ('418dd024-a64a-44c6-9ab0-4b8626fd1a45', '5b419fac-520a-4a40-b17c-3dbf93567074', 'c0cafa59-34cb-4bef-ad02-fca1b2a6507d', '2817fe53-19f7-41e5-82de-4b2024df08ed', '42b175dd-9e59-4186-a9e7-30b5ad6b2532', '', 0, NULL);
INSERT INTO `template_config` VALUES ('42214188-f910-4284-bb57-bd53ef60671f', '8200bdde-eb7d-418a-b0dd-6826e2f53ada', 'c3641de4-5575-4c5f-8d31-102a18073d5c', 'c3a84755-26b7-445b-bac7-90e7c3fe3c1a', '54c8528a-3375-4673-9d55-605df0b8f8f1', '6379', 0, 'a198f892-a60e-4900-9f0f-dc9f54d5151b');
INSERT INTO `template_config` VALUES ('451614e2-4e12-424c-988c-fadb24a43a26', 'fdcfbe69-ed59-4a42-a544-6378679334b6', 'a51ee33a-2b77-404a-8f02-6ac9a794d8d2', '03215b85-5c1e-4a85-98ca-13051355358b', '778625c6-a2d3-427a-9c60-138821a66ea4', 'realtime-1:80', 0, '3b948007-0a9c-4050-97f7-18882976675b');
INSERT INTO `template_config` VALUES ('4637b075-dd47-43b3-927d-55a753adaea2', 'c05c29a6-7ed4-4b5c-8ddc-aeb5929ab4a0', '15d79bec-cca2-4170-b432-c4e8be93a03d', '3c4bd56f-3a83-4610-9190-eb033b0e9b74', '959306be-bfc4-4349-8f81-76836d87c7a7', 'realtime-1:7713', 0, 'a3db29c4-c2b4-4386-9de7-a28434a52c32');
INSERT INTO `template_config` VALUES ('464371f4-f42e-4c81-ba94-2453f985b1d3', 'e332b439-3cd8-41c1-b072-979ef6d598e3', '4c3f766a-818c-4f42-a543-9ff7b7b942b5', '726c1403-cf12-4f33-bdce-e72dcf45c667', '92166bd9-c515-4a01-a066-825992ece420', 'elasticsearch', 0, NULL);
INSERT INTO `template_config` VALUES ('46939ed1-4fec-4199-bf95-8d2e99129b0d', '712c5458-e120-4cfc-91ca-5f549345a7c9', '05134307-3a86-46ca-b6f0-43af2b2f0dd0', 'bb45bd20-6057-4b31-b22f-244f4d0ad00c', 'ac4b435a-e396-4235-ae9c-0d529ff580f1', 'zanalytics', 0, '4300dbe4-5636-45ed-8f47-622c9870eb86');
INSERT INTO `template_config` VALUES ('46ab0886-1b57-43c4-988f-7c9779829956', 'fdcfbe69-ed59-4a42-a544-6378679334b6', 'a51ee33a-2b77-404a-8f02-6ac9a794d8d2', '03215b85-5c1e-4a85-98ca-13051355358b', '231c31b5-f3da-4a6a-bcf2-f390737fa38c', 'zanalytics', 0, '6ef7bc72-f517-4767-9a5d-6b374a2db557');
INSERT INTO `template_config` VALUES ('47352460-d5c8-4da5-8355-4b49b2d2418c', 'bbaf3041-4c99-48ca-bc0a-d32bc1c4d0af', '49069253-2163-43b0-9f7c-34ac6e034131', 'cc42c252-de01-4d7d-8449-a9e6bc4d36c4', '4f7c2d37-d578-4302-b064-98d2c0bead4f', '0', 0, '40d13f55-1e64-4425-8f25-cd2d73e738c8');
INSERT INTO `template_config` VALUES ('47990c9c-d5f5-4334-bd65-1e4e11a25100', 'c05c29a6-7ed4-4b5c-8ddc-aeb5929ab4a0', '15d79bec-cca2-4170-b432-c4e8be93a03d', '3c4bd56f-3a83-4610-9190-eb033b0e9b74', '86c56750-1de9-426c-9ef8-e3df89ee38fc', 'realtime-3:18001', 0, NULL);
INSERT INTO `template_config` VALUES ('47ad588b-278d-4ef1-a011-f6cf3ba2c805', 'e332b439-3cd8-41c1-b072-979ef6d598e3', '4c3f766a-818c-4f42-a543-9ff7b7b942b5', '726c1403-cf12-4f33-bdce-e72dcf45c667', 'f16ee788-672a-49d3-8602-388e6f4568a0', 'realtime-1', 0, '87c300cf-5895-4d9f-b26e-605b607dad85');
INSERT INTO `template_config` VALUES ('482312ac-a968-4554-b0d0-b6cccb25f51f', 'cade69ed-085d-44b3-afd3-ab87712daa80', '9a987467-a547-4939-adfc-5bb468f6039e', 'fe2ce319-6cda-4ef8-8ba8-810306a5832a', 'e5bf16f5-0bbe-474c-b56b-8cbf81cd7cf3', 'zanalytics', 0, 'f7c9d723-c6ba-44c0-8383-54de4e59f71f');
INSERT INTO `template_config` VALUES ('487b9728-c04e-49f8-85a5-949e78105f26', 'cade69ed-085d-44b3-afd3-ab87712daa80', '9a987467-a547-4939-adfc-5bb468f6039e', 'fe2ce319-6cda-4ef8-8ba8-810306a5832a', '39c27407-dfcd-467c-ac6c-642b55ed9c13', 'admin', 0, 'b7258d68-61e0-4a9c-be83-446e7a15ac13');
INSERT INTO `template_config` VALUES ('4a199ee0-14e6-4dd4-ab46-5acae6cf4e89', 'd8a17157-17f4-4b8e-95c1-7df1d5680e98', 'daad351c-4c67-43ab-818b-295a814efde1', '7c574068-4c8f-4bf0-8528-fdf7717d3865', '1cce9784-a834-403e-affb-d362cabf8aea', 'realtime-1', 0, 'b1167c4c-67c6-4673-bfed-ecf40073bd97');
INSERT INTO `template_config` VALUES ('4a3468f8-9cfd-4a85-af8a-17d8cb4393c4', '1310de7c-272b-4dff-9795-eedbc51d576e', '2e31090d-2636-4b6a-bf97-45e883878993', '87eb2c14-97a3-4825-a8d3-bc8df72f0a47', '20c71d9e-df14-4b14-8251-644078dfde8c', 'realtime-1:7051,realtime-2:7051,realtime-3:7051', 0, NULL);
INSERT INTO `template_config` VALUES ('4b16071a-4f7d-48a6-9615-d668804a2c85', 'b31ed00d-815c-4fde-bba2-852c69ee3c65', '1188df03-5c3d-495d-a08f-a2ec59aee730', '621e6bb8-9de9-40ed-ba92-504ebd5b3dd5', '6d98e593-b44a-4427-a59e-2d8d7660bcd9', '6379', 0, NULL);
INSERT INTO `template_config` VALUES ('4c4f19bc-c773-4000-9e9c-5969dbe45f03', '58c4dd42-4f8f-42cc-9e94-0dde1f630f16', '6fbcae78-9a27-402c-9e76-38689632beea', 'f1fc04f5-ef47-499e-8d7a-fedf2655489c', '14ecdaba-be47-4ed0-bb85-01d17982f67f', 'realtime-1', 0, NULL);
INSERT INTO `template_config` VALUES ('4d279e2a-f384-4eb5-817e-180e89fed011', '757f873e-31a8-4860-8f88-5c3f7d982d4a', '2eb189f1-b3f3-4b9f-bc90-92a13f6676c0', '5da40f4f-383d-44e2-bf4c-15a95b6e3abd', '8c4a9b34-2619-4174-b273-89dfe5275419', 'realtime-1', 0, NULL);
INSERT INTO `template_config` VALUES ('4de296cf-3b06-4732-b7e3-9502dfb5474c', '8200bdde-eb7d-418a-b0dd-6826e2f53ada', 'c3641de4-5575-4c5f-8d31-102a18073d5c', 'c3a84755-26b7-445b-bac7-90e7c3fe3c1a', 'ebcc5155-76e3-4433-b1cb-b206d823de9d', 'web', 0, NULL);
INSERT INTO `template_config` VALUES ('4e804748-3be3-4ed5-a242-d9cb90b4eefb', 'b31ed00d-815c-4fde-bba2-852c69ee3c65', '1188df03-5c3d-495d-a08f-a2ec59aee730', '621e6bb8-9de9-40ed-ba92-504ebd5b3dd5', '0f71bb3d-35db-4219-a619-e6e7f2b23b30', 'realtime-1', 0, '4f4c3c92-0643-4073-bad0-1287c6d1b318');
INSERT INTO `template_config` VALUES ('4e8c174f-bdb5-4af8-99b4-440f559c4ea3', 'c05c29a6-7ed4-4b5c-8ddc-aeb5929ab4a0', '15d79bec-cca2-4170-b432-c4e8be93a03d', '3c4bd56f-3a83-4610-9190-eb033b0e9b74', '86915453-f863-4893-8743-d5c4bb3d5406', 'realtime-1:8081', 0, 'cf5eee76-daec-4b8b-8d65-4b7cbafac9a3');
INSERT INTO `template_config` VALUES ('4ed475f2-7d45-416e-a4bd-f2203130c3b2', 'ca0c677e-2317-41a7-b3dd-143b09978c9f', 'e8b22074-e4db-4346-972a-08ce231365dd', 'c53072fc-2410-43fb-9756-47793dccd972', '1e6e0564-d19c-4300-9d66-b381b04e0935', 'realtime-1:9092,realtime-2:9092,realtime-3:9092', 0, NULL);
INSERT INTO `template_config` VALUES ('4fae1fce-7992-4aab-9b3c-f69f87662806', '4f08ecb9-06a7-4b52-8276-d4900a9f3cf3', '14d371dd-9e28-4638-9eba-69fc53fd5301', 'b2e76719-c88b-4456-ae74-9b2cf6ccd55b', 'dc9c7c2e-23eb-4e01-ac3d-b1e257dfb276', 'realtime-mkt:1922', 0, '5ed362cf-570c-45d8-b5c3-f070b3baf555');
INSERT INTO `template_config` VALUES ('51841ac4-a745-444e-ad36-7d1e8631c780', 'dff789ae-db8e-4208-9038-8427626b631f', 'd23878ee-66bd-4131-b4be-848ec34b04f0', '5cc13b84-f088-4abc-85fd-f66180557c62', '617502b8-3980-4b99-8bd9-3c03a3427aa9', 'realtime-1', 0, '89b17ed5-78e1-402e-bae1-e1cadfb4c79f');
INSERT INTO `template_config` VALUES ('519cf4da-020e-49ae-823a-21b4176b530b', '673e2b30-15c5-43b6-bab1-4f8049cf969b', '93a056b4-1017-4d43-ae25-c991578cd360', 'db4fb351-2262-4655-bb5f-654a1e9527fc', 'a104af67-047e-493f-82ed-2246c101da33', 'realtime-1:8080', 0, 'df074425-3712-4db4-b1b2-56dba08d4943');
INSERT INTO `template_config` VALUES ('522bd16b-3455-4635-829f-fc00c5453db1', '61735edb-fe39-4e03-8163-535eca0864be', 'aa108278-e058-4e13-959e-e7b250948556', 'eceaccd8-c26d-4bf1-8181-37aacb8f83ab', 'd493628d-aecc-4ea8-8999-d604ac8d7a65', '/analysis/socket', 0, NULL);
INSERT INTO `template_config` VALUES ('52531f87-bc73-4802-a3da-56b3a249fc6c', '673e2b30-15c5-43b6-bab1-4f8049cf969b', '93a056b4-1017-4d43-ae25-c991578cd360', 'db4fb351-2262-4655-bb5f-654a1e9527fc', '6c4aa8ed-28dc-4342-b657-475d29b65cee', 'realtime-1:8800', 0, '2dce2165-e1ec-4e7e-aacb-c195adb24d82');
INSERT INTO `template_config` VALUES ('525525a0-afda-4161-ad41-4645d97193ef', '061a49c7-1b29-4d45-8fe3-02c0b8cd0fc3', '77f17a2d-9998-4728-a0c4-25e1de39cfc5', '10208bd4-baa0-49a7-8b98-0d81f7fbf58c', '1d614e1b-4701-446c-9461-ec9f11a26cd8', 'realtime-1', 0, 'bfafcb06-7210-4f5d-bd08-9f13bbdd5803');
INSERT INTO `template_config` VALUES ('52ac33da-70aa-4594-ae18-800a6b6b7bb5', '5b419fac-520a-4a40-b17c-3dbf93567074', 'c0cafa59-34cb-4bef-ad02-fca1b2a6507d', '2817fe53-19f7-41e5-82de-4b2024df08ed', 'a69eb977-1ca8-4ebc-a7f8-9a72e0c4f7f8', '/analysis/api', 0, NULL);
INSERT INTO `template_config` VALUES ('52d40093-c9df-4267-aff9-dfd1cb5d8482', '37b0f843-fd24-4ac5-8998-d1eed7dee3e0', 'd4b46317-2db8-4787-ab51-4527c4587cc8', '0217d8c9-4581-4e3b-8d0b-41068d9d2162', '64d8aca2-f604-4bb3-8049-47ae8f771761', 'zanalytics', 0, NULL);
INSERT INTO `template_config` VALUES ('53d09fff-ffa9-4109-9c04-67ace8e49b63', '2aefe28c-f5f3-4ee9-8c7e-169ce2701344', 'd1806bf2-bfda-43b6-940e-6490b330fe17', '1846a457-311d-4578-b0a5-8471527428cf', '5113fa0a-6d85-468c-a0da-17ac1440c07e', '8893', 0, NULL);
INSERT INTO `template_config` VALUES ('53d8bbd9-30a8-439f-9e9b-6c621f242110', '09e282cf-255d-4552-98be-327adfa06fc4', '06239042-1059-4416-b5cb-df4744cb342f', '11ec0c20-71e9-41d3-98f4-e1002b9dab6e', '128b240f-21db-4671-b852-fa2af3b5e4a6', 'realtime-2', 0, NULL);
INSERT INTO `template_config` VALUES ('543f73d4-9672-442f-bd0a-6e51f330d41d', 'bbaf3041-4c99-48ca-bc0a-d32bc1c4d0af', '49069253-2163-43b0-9f7c-34ac6e034131', 'cc42c252-de01-4d7d-8449-a9e6bc4d36c4', '14053ac1-49eb-4a5f-b1fc-59670ba62d26', '0', 0, 'c72771de-e4a9-4609-96a8-efdf323e4a46');
INSERT INTO `template_config` VALUES ('55b572d9-113a-4b61-81f4-91db0c81432d', '4f08ecb9-06a7-4b52-8276-d4900a9f3cf3', '14d371dd-9e28-4638-9eba-69fc53fd5301', 'b2e76719-c88b-4456-ae74-9b2cf6ccd55b', 'fbdc867a-e862-460f-8bc1-c488950e467d', 'realtime-mkt:1926', 0, '15655edc-edf9-4bd6-850a-63cff57889f4');
INSERT INTO `template_config` VALUES ('560004b7-f0f7-460d-9f83-96224d3126ba', '712c5458-e120-4cfc-91ca-5f549345a7c9', '05134307-3a86-46ca-b6f0-43af2b2f0dd0', 'bb45bd20-6057-4b31-b22f-244f4d0ad00c', '0cd4d8ac-1f4f-4e3c-bc43-daa3eef4dcb1', '1217', 0, NULL);
INSERT INTO `template_config` VALUES ('56474cab-f663-4d55-822a-46d62d5ac7ad', '62b44e7b-90b7-48ec-8a2b-763e44ee3cdb', '740ed81d-34c0-49ec-a680-68e26bb85427', '4b79dece-cf3c-4ca6-b085-42d5fa5b99e8', 'b751bf0c-c694-47fa-8dca-fe027cb466c0', NULL, 0, NULL);
INSERT INTO `template_config` VALUES ('568540ed-f936-4c00-8a77-af3f07e8026e', 'fdcfbe69-ed59-4a42-a544-6378679334b6', 'a51ee33a-2b77-404a-8f02-6ac9a794d8d2', '03215b85-5c1e-4a85-98ca-13051355358b', '3ae5a65c-bd74-4c6c-9a34-c78fffe36564', 'realtime-1:9092,realtime-2:9092,realtime-3:9092', 0, '5310fde2-514d-472f-97a0-b02a4739e64b');
INSERT INTO `template_config` VALUES ('570d8b05-8506-4caf-9676-79369686d1c1', '287fa186-08c1-49d8-ade8-6ee8c560b9a6', '7d0383e3-5a02-4f04-be2f-8c75d9c18afb', 'cf3cf2ed-c50b-45e3-95d8-3aeba738e03e', '32d7bacb-431e-4811-99da-34b43692c79e', 'realtime-1', 0, 'b960ab1a-0b3e-46ff-ad59-8b016e48fff2');
INSERT INTO `template_config` VALUES ('574b1cf2-1075-47f1-b8e2-b13777cdcb40', '62b44e7b-90b7-48ec-8a2b-763e44ee3cdb', '740ed81d-34c0-49ec-a680-68e26bb85427', '4b79dece-cf3c-4ca6-b085-42d5fa5b99e8', '5862c418-44a4-41c2-9f2d-32b2f2c820fc', '8888', 0, NULL);
INSERT INTO `template_config` VALUES ('5760dd1d-9a3b-4823-b2fb-f1121d3e3343', '673e2b30-15c5-43b6-bab1-4f8049cf969b', '93a056b4-1017-4d43-ae25-c991578cd360', 'db4fb351-2262-4655-bb5f-654a1e9527fc', '30bfd994-a115-4bf7-a15c-0349953850ee', 'realtime-1:9003', 0, '2dc405a9-6944-422c-8db5-921c89611c1b');
INSERT INTO `template_config` VALUES ('57bc1f0c-269b-4901-828e-886843f7a558', '4f08ecb9-06a7-4b52-8276-d4900a9f3cf3', '14d371dd-9e28-4638-9eba-69fc53fd5301', 'b2e76719-c88b-4456-ae74-9b2cf6ccd55b', '3cdd4b0a-bc3a-4fe4-8803-f4dde35e77b8', 'realtime-mkt:1924', 0, '2401a3e5-376a-4759-afd6-b09e0e4fc9f4');
INSERT INTO `template_config` VALUES ('58b54e59-90b9-4b77-837c-18494108ecf4', '8200bdde-eb7d-418a-b0dd-6826e2f53ada', 'c3641de4-5575-4c5f-8d31-102a18073d5c', 'c3a84755-26b7-445b-bac7-90e7c3fe3c1a', 'a9001a24-bad7-4a55-ae19-b829eed6e3d9', 'realtime-1', 0, '4f03432a-5f8e-4e1f-a702-a1e87c4737ca');
INSERT INTO `template_config` VALUES ('58f17456-e58f-4c16-afcb-0d564a9805e0', 'fdcfbe69-ed59-4a42-a544-6378679334b6', 'a51ee33a-2b77-404a-8f02-6ac9a794d8d2', '03215b85-5c1e-4a85-98ca-13051355358b', 'c3e2c7ea-e4b9-4627-938a-8108aec4a9d7', '26480', 0, 'c5299c90-e88c-46ff-814d-49b66ac8d5fc');
INSERT INTO `template_config` VALUES ('594ead5b-1ffd-4b78-83f0-97f12dcb2ae4', 'bbaf3041-4c99-48ca-bc0a-d32bc1c4d0af', '49069253-2163-43b0-9f7c-34ac6e034131', 'cc42c252-de01-4d7d-8449-a9e6bc4d36c4', '98f782dd-0845-48b6-81bd-8d3d72a8e9d3', '数据分析', 0, '08385545-960c-49a2-8b60-18bdee9d5eaf');
INSERT INTO `template_config` VALUES ('59b959b2-4e8d-4329-b9b2-281365cc6679', '8200bdde-eb7d-418a-b0dd-6826e2f53ada', 'c3641de4-5575-4c5f-8d31-102a18073d5c', 'c3a84755-26b7-445b-bac7-90e7c3fe3c1a', '0390d7da-8f15-4868-a102-077c785bb0db', '3306', 0, 'a2d9b605-3f38-4bf8-a4b4-49c299d90087');
INSERT INTO `template_config` VALUES ('5add2e8c-8760-4b21-9480-ce136ad6aa96', '757f873e-31a8-4860-8f88-5c3f7d982d4a', '2eb189f1-b3f3-4b9f-bc90-92a13f6676c0', '5da40f4f-383d-44e2-bf4c-15a95b6e3abd', '663e9a1d-0349-4ce7-b74a-7022c651a4ed', 'realtime-1:9092,realtime-2:9092,realtime-3:9092', 0, NULL);
INSERT INTO `template_config` VALUES ('5b210f55-3275-4e4a-9af2-008123a8d567', 'fdcfbe69-ed59-4a42-a544-6378679334b6', 'a51ee33a-2b77-404a-8f02-6ac9a794d8d2', '03215b85-5c1e-4a85-98ca-13051355358b', 'bf04a5f1-06ee-4404-8281-c48d95dd2df3', 'https://uba.it.pkpm.cn', 0, '4346aaa9-df32-4dac-90d0-37bf7043343b');
INSERT INTO `template_config` VALUES ('5b8cb837-de31-4aa1-a13c-b0ef60c71944', '712c5458-e120-4cfc-91ca-5f549345a7c9', '05134307-3a86-46ca-b6f0-43af2b2f0dd0', 'bb45bd20-6057-4b31-b22f-244f4d0ad00c', 'b29fbc7b-c317-4564-b6d9-d82ab11525be', 'realtime-2', 0, '63e51c0f-e19c-4544-92d5-6d7c814f89f7');
INSERT INTO `template_config` VALUES ('5c3d285e-43a9-48c0-8b11-f39ee6546a49', '061a49c7-1b29-4d45-8fe3-02c0b8cd0fc3', '77f17a2d-9998-4728-a0c4-25e1de39cfc5', '10208bd4-baa0-49a7-8b98-0d81f7fbf58c', 'fcd9e2d7-ffde-46a8-9882-5f8b4d273c7e', 'admin', 0, 'feab4636-dc54-4e75-b348-3ca5b779804d');
INSERT INTO `template_config` VALUES ('5c9f22fe-80cd-4b1d-af7c-33da91b824ae', 'ce6073c1-27d7-4ffa-88e2-ca1ea7a9dd0b', 'f0a02eea-2bf7-4932-ac51-bd9f1febf668', '23eb08a2-7102-490b-ad59-8ef7c12c7370', 'cf85d5e4-eb91-4285-b58d-d6137d85bf91', 'realtime-1:9092,realtime-2:9092,realtime-3:9092', 0, NULL);
INSERT INTO `template_config` VALUES ('5d0d9590-60ac-4b24-af9e-19d09ffb52f2', '8200bdde-eb7d-418a-b0dd-6826e2f53ada', 'c3641de4-5575-4c5f-8d31-102a18073d5c', 'c3a84755-26b7-445b-bac7-90e7c3fe3c1a', 'ee5937b6-32ec-4cde-a111-7edb2be895f2', 'realtime-1', 0, '4f03432a-5f8e-4e1f-a702-a1e87c4737ca');
INSERT INTO `template_config` VALUES ('5d64365c-043b-4c03-b90d-bd716dd8b9c2', '09e282cf-255d-4552-98be-327adfa06fc4', '06239042-1059-4416-b5cb-df4744cb342f', '11ec0c20-71e9-41d3-98f4-e1002b9dab6e', 'bdfcf799-a0ad-412e-be39-5e781fe56284', 'zanalytics', 0, 'f24867c5-9e56-4337-833e-18851263f7aa');
INSERT INTO `template_config` VALUES ('5dd4a7d3-c4e1-4694-9736-79fcf2d3263c', '8200bdde-eb7d-418a-b0dd-6826e2f53ada', 'c3641de4-5575-4c5f-8d31-102a18073d5c', 'c3a84755-26b7-445b-bac7-90e7c3fe3c1a', '298ff3de-a61d-4a4c-9699-a7a38e2f4800', '6379', 0, 'a198f892-a60e-4900-9f0f-dc9f54d5151b');
INSERT INTO `template_config` VALUES ('5e113220-54be-46bb-a5fa-9012408971cc', 'bbaf3041-4c99-48ca-bc0a-d32bc1c4d0af', '49069253-2163-43b0-9f7c-34ac6e034131', 'cc42c252-de01-4d7d-8449-a9e6bc4d36c4', 'd3beded1-eedb-4b6a-ae59-738aa923d304', 'Zhuge', 0, NULL);
INSERT INTO `template_config` VALUES ('5e2ecae4-ae8a-45d8-bf18-c19643734c99', 'd8a17157-17f4-4b8e-95c1-7df1d5680e98', 'daad351c-4c67-43ab-818b-295a814efde1', '7c574068-4c8f-4bf0-8528-fdf7717d3865', '04a7ab6f-321a-46f4-a6de-b898e8e67200', '21050', 0, NULL);
INSERT INTO `template_config` VALUES ('5fd605ba-e87d-4832-9916-41361aa1a6ed', 'c05c29a6-7ed4-4b5c-8ddc-aeb5929ab4a0', '15d79bec-cca2-4170-b432-c4e8be93a03d', '3c4bd56f-3a83-4610-9190-eb033b0e9b74', '92495eeb-72f7-4ea4-a98c-0009f1314b41', 'realtime-1:16688', 0, 'e967459d-e43b-4394-9223-69eebf6d1c2c');
INSERT INTO `template_config` VALUES ('604da93f-66a8-4ad3-85d0-3bbfb15e1dac', '90e57ede-be9b-4f03-b1f0-1c9928ac4fde', 'b3dd396c-d1fa-4877-86bd-0a2bf4239324', '5e9b421a-fd97-4b8c-8115-49a70c277daa', '005309a5-19ba-48ee-8a87-88ca0adca6a7', 'realtime-2', 0, NULL);
INSERT INTO `template_config` VALUES ('60d70288-02b3-4ffc-8aa1-77a3053d2009', '673e2b30-15c5-43b6-bab1-4f8049cf969b', '93a056b4-1017-4d43-ae25-c991578cd360', 'db4fb351-2262-4655-bb5f-654a1e9527fc', 'e2bd53b0-0b7b-4feb-bc4d-a6e1b461c53b', 'realtime-1:7715', 0, '1b8253b1-bd49-4e63-a7b5-f3e73caa9a8e');
INSERT INTO `template_config` VALUES ('60e16ce7-6b36-4909-a280-bc1e172ebbb2', '67b75e31-f8d0-4854-8ed5-b5f00c3f9788', '8c16e280-2649-4008-8efb-27c35afa1dee', 'a9270716-e37e-482d-8365-91ffbdc1829e', 'f4989cd1-ce04-4bc1-822b-2d15872988f4', 'web', 0, '2bc87915-67ab-425c-bdb3-0b6817e96366');
INSERT INTO `template_config` VALUES ('61807242-667b-4396-876a-0280aefdff33', '67b75e31-f8d0-4854-8ed5-b5f00c3f9788', '8c16e280-2649-4008-8efb-27c35afa1dee', 'a9270716-e37e-482d-8365-91ffbdc1829e', '8cfd4ace-b29f-488c-84db-0f1ab0f5bbe6', '3306', 0, NULL);
INSERT INTO `template_config` VALUES ('61900690-ccd8-4d9f-aa15-c11492310cdb', 'fdcfbe69-ed59-4a42-a544-6378679334b6', 'a51ee33a-2b77-404a-8f02-6ac9a794d8d2', '03215b85-5c1e-4a85-98ca-13051355358b', '9813821b-224b-4833-9d04-af11e843fbe3', 'https://weixin.zhugeio.com', 0, 'f3b1a083-abfe-41e1-9bc2-4a1b3279843b');
INSERT INTO `template_config` VALUES ('634edeb8-dd86-456c-9645-0622e43f0b85', '061a49c7-1b29-4d45-8fe3-02c0b8cd0fc3', '77f17a2d-9998-4728-a0c4-25e1de39cfc5', '10208bd4-baa0-49a7-8b98-0d81f7fbf58c', '369d804b-3579-45ab-b47c-12e776e81a88', 'zanalytics', 0, '80f69ab2-ae50-42d3-bd03-9715ac4005bc');
INSERT INTO `template_config` VALUES ('637f1a18-c4d0-48ae-b7c2-1bd63f4bf6d5', '4f08ecb9-06a7-4b52-8276-d4900a9f3cf3', '14d371dd-9e28-4638-9eba-69fc53fd5301', 'b2e76719-c88b-4456-ae74-9b2cf6ccd55b', 'c58a4e58-0705-4d85-87f5-9a34edca726f', 'realtime-mkt:1925', 0, 'f4f30a72-dce4-42ff-afb0-0708f510878c');
INSERT INTO `template_config` VALUES ('638ee738-e182-46df-b6fb-05f1cda97d4a', '673e2b30-15c5-43b6-bab1-4f8049cf969b', '93a056b4-1017-4d43-ae25-c991578cd360', 'db4fb351-2262-4655-bb5f-654a1e9527fc', '4f3ed4bb-e879-4d37-b5e9-73e01a79bcda', 'realtime-1:16688', 0, '42cc32a4-4277-4cee-8ce3-fc3737dc5d70');
INSERT INTO `template_config` VALUES ('6395367a-fafd-41ea-98ae-dc6ac929d6d5', 'fdcfbe69-ed59-4a42-a544-6378679334b6', 'a51ee33a-2b77-404a-8f02-6ac9a794d8d2', '03215b85-5c1e-4a85-98ca-13051355358b', 'd411dc44-4475-4b4a-a574-c3d2c0136fdc', 'https://weixin.zhugeio.com', 0, 'f3b1a083-abfe-41e1-9bc2-4a1b3279843b');
INSERT INTO `template_config` VALUES ('63fc4353-3e50-47ee-809b-17256927319b', 'bbaf3041-4c99-48ca-bc0a-d32bc1c4d0af', '49069253-2163-43b0-9f7c-34ac6e034131', 'cc42c252-de01-4d7d-8449-a9e6bc4d36c4', '4b56ac92-3b47-4f07-903c-1afccbb2c808', '/analysis/api', 0, NULL);
INSERT INTO `template_config` VALUES ('64e31479-244c-4052-b13e-06adee4a8a5b', 'cade69ed-085d-44b3-afd3-ab87712daa80', '9a987467-a547-4939-adfc-5bb468f6039e', 'fe2ce319-6cda-4ef8-8ba8-810306a5832a', 'd51d0bb4-2ce8-4c01-8795-ab133f3b6735', 'realtime-1:7051,realtime-2:7051,realtime-3:7051', 0, NULL);
INSERT INTO `template_config` VALUES ('6551d289-3bae-4ed4-aec0-6ad168cab1ff', '62b44e7b-90b7-48ec-8a2b-763e44ee3cdb', '740ed81d-34c0-49ec-a680-68e26bb85427', '4b79dece-cf3c-4ca6-b085-42d5fa5b99e8', 'a43a39e9-3624-48dd-88e0-0d71adbc6a09', 'realtime-1', 0, '04f1d349-a8ec-47b7-bce0-5aa950dd4a14');
INSERT INTO `template_config` VALUES ('65e51974-db93-44e9-9c13-8bf4aec12581', '8200bdde-eb7d-418a-b0dd-6826e2f53ada', 'c3641de4-5575-4c5f-8d31-102a18073d5c', 'c3a84755-26b7-445b-bac7-90e7c3fe3c1a', 'cc7dd946-aba2-4c5a-873b-c2919414280d', 'zanalytics', 0, '13a55d68-dadf-447d-b933-1a9765f41533');
INSERT INTO `template_config` VALUES ('6635684b-01ba-499d-aaec-b489c27523ce', 'b31ed00d-815c-4fde-bba2-852c69ee3c65', '1188df03-5c3d-495d-a08f-a2ec59aee730', '621e6bb8-9de9-40ed-ba92-504ebd5b3dd5', '12cda83f-8063-443d-a15e-15251fde992a', '21050', 0, NULL);
INSERT INTO `template_config` VALUES ('6655e268-b365-4776-8f27-b482e637b782', '712c5458-e120-4cfc-91ca-5f549345a7c9', '05134307-3a86-46ca-b6f0-43af2b2f0dd0', 'bb45bd20-6057-4b31-b22f-244f4d0ad00c', 'e2631f55-aabb-4814-bdcd-2b4e3821f027', NULL, 0, NULL);
INSERT INTO `template_config` VALUES ('66eb3f3f-5749-4340-8846-d8aa66ab45a5', '061a49c7-1b29-4d45-8fe3-02c0b8cd0fc3', '77f17a2d-9998-4728-a0c4-25e1de39cfc5', '10208bd4-baa0-49a7-8b98-0d81f7fbf58c', 'de151f52-fc83-4cbe-971a-ef541eb15748', '21050', 0, NULL);
INSERT INTO `template_config` VALUES ('67d8de8e-e139-48c6-af9b-74c1d8af99d4', '712c5458-e120-4cfc-91ca-5f549345a7c9', '05134307-3a86-46ca-b6f0-43af2b2f0dd0', 'bb45bd20-6057-4b31-b22f-244f4d0ad00c', 'ef6034bb-facf-4d85-8183-aeaaaa130be0', '9d3266fd556a4db7b9616d385f8bdf8f', 0, NULL);
INSERT INTO `template_config` VALUES ('67facf7d-03fc-49f7-80b5-54f989f2f8ef', 'bbaf3041-4c99-48ca-bc0a-d32bc1c4d0af', '49069253-2163-43b0-9f7c-34ac6e034131', 'cc42c252-de01-4d7d-8449-a9e6bc4d36c4', 'b232254b-2a08-4292-90da-5bb3dd175520', 'true', 0, 'c72771de-e4a9-4609-96a8-efdf323e4a46');
INSERT INTO `template_config` VALUES ('68ffaaa7-0676-4ff7-b2a9-e750de6ef884', 'ca0c677e-2317-41a7-b3dd-143b09978c9f', 'e8b22074-e4db-4346-972a-08ce231365dd', 'c53072fc-2410-43fb-9756-47793dccd972', 'edab3865-12a8-4be5-9e68-7be3aa5d44ee', NULL, 0, NULL);
INSERT INTO `template_config` VALUES ('6a6a4bda-2860-4452-ae98-4319be5e3f53', 'fdcfbe69-ed59-4a42-a544-6378679334b6', 'a51ee33a-2b77-404a-8f02-6ac9a794d8d2', '03215b85-5c1e-4a85-98ca-13051355358b', '44d46ef7-ceb3-4a2b-9b6e-939ad82409fd', 'Sun_unix*1101', 0, '9277985d-a298-426d-bc49-a4300ecd422e');
INSERT INTO `template_config` VALUES ('6af7eed8-7ec4-4c63-9402-79edf9abf33f', '287fa186-08c1-49d8-ade8-6ee8c560b9a6', '7d0383e3-5a02-4f04-be2f-8c75d9c18afb', 'cf3cf2ed-c50b-45e3-95d8-3aeba738e03e', '8b8f781c-0c73-46e7-8aef-6b184fe79918', 'realtime-1', 0, 'b960ab1a-0b3e-46ff-ad59-8b016e48fff2');
INSERT INTO `template_config` VALUES ('6be0f222-c1a9-4121-9877-4a1139524129', '67b75e31-f8d0-4854-8ed5-b5f00c3f9788', '8c16e280-2649-4008-8efb-27c35afa1dee', 'a9270716-e37e-482d-8365-91ffbdc1829e', '97f15bb4-6bee-484b-b3d4-2e3800b88c11', 'zanalytics', 0, '903ab6da-19eb-4ac1-9f47-620022c601a7');
INSERT INTO `template_config` VALUES ('6c4b11db-252b-4bc2-8e55-f12e32ce2704', '62b44e7b-90b7-48ec-8a2b-763e44ee3cdb', '740ed81d-34c0-49ec-a680-68e26bb85427', '4b79dece-cf3c-4ca6-b085-42d5fa5b99e8', 'c638243e-0411-46df-ac16-aa39a3fa348b', 'hive', 0, NULL);
INSERT INTO `template_config` VALUES ('6cb800c0-f548-457d-a54f-1b61da04e80e', '712c5458-e120-4cfc-91ca-5f549345a7c9', '05134307-3a86-46ca-b6f0-43af2b2f0dd0', 'bb45bd20-6057-4b31-b22f-244f4d0ad00c', '3e4f1737-329a-4342-90c9-af4df7dc46c4', '8888', 0, NULL);
INSERT INTO `template_config` VALUES ('6d126e92-3599-4def-9489-f7c564a95339', 'bbaf3041-4c99-48ca-bc0a-d32bc1c4d0af', '49069253-2163-43b0-9f7c-34ac6e034131', 'cc42c252-de01-4d7d-8449-a9e6bc4d36c4', '6989c3bd-e2a8-4cbc-b72f-feffa0d9c664', 'realtime-1:80', 0, NULL);
INSERT INTO `template_config` VALUES ('6f814b17-a318-4e2d-853c-be29ea703f59', 'fdcfbe69-ed59-4a42-a544-6378679334b6', 'a51ee33a-2b77-404a-8f02-6ac9a794d8d2', '03215b85-5c1e-4a85-98ca-13051355358b', '1f34659b-81fe-447a-b026-73e171fd43fa', 'Sun_unix*1101', 0, '9277985d-a298-426d-bc49-a4300ecd422e');
INSERT INTO `template_config` VALUES ('70d044b9-e26c-4996-acb2-f0718fd27a94', '2aefe28c-f5f3-4ee9-8c7e-169ce2701344', 'd1806bf2-bfda-43b6-940e-6490b330fe17', '1846a457-311d-4578-b0a5-8471527428cf', '76702d4c-b7be-4f98-a537-3f3cd18bd955', 'realtime-1', 0, NULL);
INSERT INTO `template_config` VALUES ('71190e57-8b23-4bce-8343-5330d10f24cb', '673e2b30-15c5-43b6-bab1-4f8049cf969b', '93a056b4-1017-4d43-ae25-c991578cd360', 'db4fb351-2262-4655-bb5f-654a1e9527fc', '72d6c9b4-f673-47cb-ac39-c228692ffddc', 'realtime-1:16688', 0, '42cc32a4-4277-4cee-8ce3-fc3737dc5d70');
INSERT INTO `template_config` VALUES ('71598c96-b077-4de4-bbd2-63417b64b655', '287fa186-08c1-49d8-ade8-6ee8c560b9a6', '7d0383e3-5a02-4f04-be2f-8c75d9c18afb', 'cf3cf2ed-c50b-45e3-95d8-3aeba738e03e', '2ddce5ae-6621-4625-b85d-e2bfdfc6d71d', 'realtime-1:9092,realtime-2:9092,realtime-3:9092', 0, NULL);
INSERT INTO `template_config` VALUES ('71750cbc-6a6b-48dc-8d1e-c06c9344ace0', '712c5458-e120-4cfc-91ca-5f549345a7c9', '05134307-3a86-46ca-b6f0-43af2b2f0dd0', 'bb45bd20-6057-4b31-b22f-244f4d0ad00c', 'a82ba9f1-3441-4733-a32d-2c04f2cd7a5b', 'zanalytics', 0, '4300dbe4-5636-45ed-8f47-622c9870eb86');
INSERT INTO `template_config` VALUES ('737b3fb1-1aa5-4ab3-8755-353543faa35e', '1310de7c-272b-4dff-9795-eedbc51d576e', '2e31090d-2636-4b6a-bf97-45e883878993', '87eb2c14-97a3-4825-a8d3-bc8df72f0a47', 'ce12d8b7-77cc-4678-83be-d71b084bcc0a', 'realtime-1', 0, '0750403d-6981-444d-82ee-97026555db28');
INSERT INTO `template_config` VALUES ('738ff5f5-155a-4b3f-9daf-ddb9c29fbf10', '1858487e-589a-4ea1-ac3b-2a465a508fbf', '812e72a6-4ea3-487a-b05f-9fc644130c94', 'aeb96b61-0780-4f26-a63b-bce2606cf50e', 'b8ccae08-9763-4c0b-81e1-aea92a983c19', 'wx0560f4a03bb55172', 0, NULL);
INSERT INTO `template_config` VALUES ('73a2038a-5890-4825-b719-b725c65be6d5', 'b86534e1-1e2a-426a-957f-28d54c409d23', 'bb796cf9-c94b-4557-97fe-a2e7129dbcb6', '6fdbc42e-cd01-426c-a4cb-2e5033954bb0', '1534fc21-3d17-46cf-8136-578f20f2d15c', NULL, 0, NULL);
INSERT INTO `template_config` VALUES ('73d02db7-abb2-4151-bc04-57a7c8089cd5', 'fdcfbe69-ed59-4a42-a544-6378679334b6', 'a51ee33a-2b77-404a-8f02-6ac9a794d8d2', '03215b85-5c1e-4a85-98ca-13051355358b', '7f25f84e-dd9b-4d02-a1ee-97af95909f36', 'realtime-1', 0, '3af4ec29-9851-441f-b65d-e9077f790f68');
INSERT INTO `template_config` VALUES ('749874ca-e2c6-401f-82ac-1df65eacf0c2', '673e2b30-15c5-43b6-bab1-4f8049cf969b', '93a056b4-1017-4d43-ae25-c991578cd360', 'db4fb351-2262-4655-bb5f-654a1e9527fc', '52780b01-37a9-48e4-8468-43f127ebfcb0', 'realtime-2:7713', 0, '49dbb456-f48d-4b48-b95e-dcb397e9b1c0');
INSERT INTO `template_config` VALUES ('753a322a-724b-4195-b633-7438e6a5997d', '1858487e-589a-4ea1-ac3b-2a465a508fbf', '812e72a6-4ea3-487a-b05f-9fc644130c94', 'aeb96b61-0780-4f26-a63b-bce2606cf50e', '57ad6bf1-dc1b-45b2-bc71-3c1f6c2d6afc', '', 0, NULL);
INSERT INTO `template_config` VALUES ('7552ba32-4534-4329-9c97-ff51889eb8c9', 'bbaf3041-4c99-48ca-bc0a-d32bc1c4d0af', '49069253-2163-43b0-9f7c-34ac6e034131', 'cc42c252-de01-4d7d-8449-a9e6bc4d36c4', '98423f0b-234f-450e-a582-5b1cdf63d40d', '/analysis/socket', 0, NULL);
INSERT INTO `template_config` VALUES ('75c9f6f1-c982-4023-bc30-f4f7d72ce11b', '712c5458-e120-4cfc-91ca-5f549345a7c9', '05134307-3a86-46ca-b6f0-43af2b2f0dd0', 'bb45bd20-6057-4b31-b22f-244f4d0ad00c', '1237f7e2-dd4e-430f-ba71-63f72f54acc4', 'zanalytics', 0, '4300dbe4-5636-45ed-8f47-622c9870eb86');
INSERT INTO `template_config` VALUES ('7602a8dd-46de-46f3-b932-c76b581f1a3f', 'b86534e1-1e2a-426a-957f-28d54c409d23', 'bb796cf9-c94b-4557-97fe-a2e7129dbcb6', '6fdbc42e-cd01-426c-a4cb-2e5033954bb0', 'b20dae3a-6aa7-4038-93a7-80772cf16ee2', '1217', 0, NULL);
INSERT INTO `template_config` VALUES ('760b52e3-dc10-4abf-a29a-62fd87106d98', '37b0f843-fd24-4ac5-8998-d1eed7dee3e0', 'd4b46317-2db8-4787-ab51-4527c4587cc8', '0217d8c9-4581-4e3b-8d0b-41068d9d2162', '02dbc9b5-a006-4ca0-9137-80fccf593370', '3306', 0, NULL);
INSERT INTO `template_config` VALUES ('7636ee03-e430-4676-98b4-79e09995aad3', 'c05c29a6-7ed4-4b5c-8ddc-aeb5929ab4a0', '15d79bec-cca2-4170-b432-c4e8be93a03d', '3c4bd56f-3a83-4610-9190-eb033b0e9b74', '6e8a8ff6-2b3e-49d6-9785-fafade361f4c', 'realtime-3:9004', 0, '81a854dd-3174-4d57-af15-bcf2187986bc');
INSERT INTO `template_config` VALUES ('76839421-5601-4158-bc04-2155067ab1b2', '52431552-5f39-4a14-8128-a8b48f051300', '96ed9ead-dc43-4460-ba6e-bc0aaf102d73', '5d77ab5b-7e26-4c66-b7dd-828769ec1a26', '8339b880-1730-4d07-bc3c-d0e22d8b4bbe', '/data/localization/nginx/certs/shiping/pix/', 0, NULL);
INSERT INTO `template_config` VALUES ('77112f20-0b4e-47b7-9bf2-d1a63513cfec', 'ade2c196-7873-479d-8213-3abbcfff0da8', '341d52ba-c6a3-4aad-b1fd-97b3d3241853', '04509a8e-a8c3-45ed-9d9e-eefcefcc1cd3', 'fd638bca-5b9f-45fc-a95a-260bc772dafa', 'web', 0, NULL);
INSERT INTO `template_config` VALUES ('779e1b4a-dfc7-4222-8bbf-a7267e340a6f', 'ca0c677e-2317-41a7-b3dd-143b09978c9f', 'e8b22074-e4db-4346-972a-08ce231365dd', 'c53072fc-2410-43fb-9756-47793dccd972', '36f53224-b62c-4787-890b-8afdd4d14264', '26480', 0, NULL);
INSERT INTO `template_config` VALUES ('79677873-2ae4-49c8-82b3-00ffa2f14a90', '62b44e7b-90b7-48ec-8a2b-763e44ee3cdb', '740ed81d-34c0-49ec-a680-68e26bb85427', '4b79dece-cf3c-4ca6-b085-42d5fa5b99e8', 'f5dbd1a4-d26b-47ca-8b69-85b3fd1b44a1', 'realtime-1', 0, '04f1d349-a8ec-47b7-bce0-5aa950dd4a14');
INSERT INTO `template_config` VALUES ('79bb2212-7771-487f-a260-270bb8fbd6a6', 'c05c29a6-7ed4-4b5c-8ddc-aeb5929ab4a0', '15d79bec-cca2-4170-b432-c4e8be93a03d', '3c4bd56f-3a83-4610-9190-eb033b0e9b74', '3bd86116-4042-4fd4-9125-e934a4d330a5', 'realtime-2:7713', 0, 'a848a1b2-c64f-47f4-8755-bc060565ace2');
INSERT INTO `template_config` VALUES ('79c9734a-ff60-428e-9c3b-3abb9b8caad6', 'bbaf3041-4c99-48ca-bc0a-d32bc1c4d0af', '49069253-2163-43b0-9f7c-34ac6e034131', 'cc42c252-de01-4d7d-8449-a9e6bc4d36c4', '18c90793-5c1e-4f7f-ab07-28dadf91a668', '/webapp/', 0, '288d933f-089c-4358-ae8c-7707426f9641');
INSERT INTO `template_config` VALUES ('79e02418-e151-43b3-a91d-afb402c7c180', '2aefe28c-f5f3-4ee9-8c7e-169ce2701344', 'd1806bf2-bfda-43b6-940e-6490b330fe17', '1846a457-311d-4578-b0a5-8471527428cf', '916eea4a-bfd9-4c2b-992a-a28959ffb775', 'realtime-2', 0, '87aff597-6cc2-4e1f-9ad2-03b3ccb2ef91');
INSERT INTO `template_config` VALUES ('7b79aa20-0fc8-44c0-8000-752393c12f71', 'ade2c196-7873-479d-8213-3abbcfff0da8', '341d52ba-c6a3-4aad-b1fd-97b3d3241853', '04509a8e-a8c3-45ed-9d9e-eefcefcc1cd3', 'ab4352f5-0425-4c41-803c-572045109fa4', NULL, 0, NULL);
INSERT INTO `template_config` VALUES ('7c963532-aede-40dc-8197-cfe5dc07391b', 'fdcfbe69-ed59-4a42-a544-6378679334b6', 'a51ee33a-2b77-404a-8f02-6ac9a794d8d2', '03215b85-5c1e-4a85-98ca-13051355358b', 'a66878a5-d8b5-45b0-a42a-b3548664778b', 'realtime-1', 0, '3af4ec29-9851-441f-b65d-e9077f790f68');
INSERT INTO `template_config` VALUES ('7cd12242-2e9c-436a-a94a-df1119db571a', 'ca0c677e-2317-41a7-b3dd-143b09978c9f', 'e8b22074-e4db-4346-972a-08ce231365dd', 'c53072fc-2410-43fb-9756-47793dccd972', '745755c0-88ac-4c01-8897-29797d81b7f0', 'Sun_unix*1101', 0, NULL);
INSERT INTO `template_config` VALUES ('7ce1c97c-c48a-46ca-9ce6-6b53028c7168', 'ade2c196-7873-479d-8213-3abbcfff0da8', '341d52ba-c6a3-4aad-b1fd-97b3d3241853', '04509a8e-a8c3-45ed-9d9e-eefcefcc1cd3', '6529d6b9-3141-40cf-8d80-dcea7f657d2f', '3306', 0, NULL);
INSERT INTO `template_config` VALUES ('7d08fe79-2633-4805-885e-a6a1da699476', '6fe448d0-eefb-4d41-bbee-4c4f66cb5444', 'e14c21b2-10c2-490d-a220-60403230b956', 'f678221e-d3c0-42e3-881c-06ae6ee58f4e', '3aff323e-cea7-4af5-9a6e-dfab2c186f0e', 'uba.it.pkpm.cn', 0, NULL);
INSERT INTO `template_config` VALUES ('7d0eb023-5b62-4b32-ab47-ab124f698f52', 'cade69ed-085d-44b3-afd3-ab87712daa80', '9a987467-a547-4939-adfc-5bb468f6039e', 'fe2ce319-6cda-4ef8-8ba8-810306a5832a', '94358cce-9a04-4243-8aa5-3586165a293e', 'zanalytics', 0, 'f7c9d723-c6ba-44c0-8383-54de4e59f71f');
INSERT INTO `template_config` VALUES ('7d4f05a2-4ed7-4d71-8e4e-54f2db804b17', 'bbaf3041-4c99-48ca-bc0a-d32bc1c4d0af', '49069253-2163-43b0-9f7c-34ac6e034131', 'cc42c252-de01-4d7d-8449-a9e6bc4d36c4', 'cb7cf731-9446-48a9-8cd0-72884b7f81d0', 'false', 0, '3fca43e5-dfaf-44fb-98fa-5bb6f2977c06');
INSERT INTO `template_config` VALUES ('7e4d94fb-7683-4d74-b79b-76074efed738', 'bbaf3041-4c99-48ca-bc0a-d32bc1c4d0af', '49069253-2163-43b0-9f7c-34ac6e034131', 'cc42c252-de01-4d7d-8449-a9e6bc4d36c4', '16493e49-388e-48eb-90c1-d66c138f01fd', 'true', 0, 'c72771de-e4a9-4609-96a8-efdf323e4a46');
INSERT INTO `template_config` VALUES ('7e6d7169-9d26-4179-ac0d-8709b70e0eae', '6fe448d0-eefb-4d41-bbee-4c4f66cb5444', 'e14c21b2-10c2-490d-a220-60403230b956', 'f678221e-d3c0-42e3-881c-06ae6ee58f4e', 'c63e73fd-bb85-4678-9dcd-137bf0aaa8e6', 'shiping', 0, NULL);
INSERT INTO `template_config` VALUES ('7e906fdf-9844-4e69-9b5f-47024206eadd', 'ade2c196-7873-479d-8213-3abbcfff0da8', '341d52ba-c6a3-4aad-b1fd-97b3d3241853', '04509a8e-a8c3-45ed-9d9e-eefcefcc1cd3', 'e2caedc6-2e74-4660-a0d8-6622938a14f3', '/analysis/api', 0, NULL);
INSERT INTO `template_config` VALUES ('7f9dc3b9-9f7a-4ac7-b4c9-d038b2701835', '52431552-5f39-4a14-8128-a8b48f051300', '96ed9ead-dc43-4460-ba6e-bc0aaf102d73', '5d77ab5b-7e26-4c66-b7dd-828769ec1a26', 'f8f46afa-91f3-4b87-a18e-d3ece68cb789', 'zg_see_pix', 0, NULL);
INSERT INTO `template_config` VALUES ('80750dab-6383-498a-9bdb-f3d9020dbc64', 'e332b439-3cd8-41c1-b072-979ef6d598e3', '4c3f766a-818c-4f42-a543-9ff7b7b942b5', '726c1403-cf12-4f33-bdce-e72dcf45c667', 'c5ea157b-2a79-477b-8f28-1631b8deccbe', 'zanalytics', 0, '51957058-4d73-4ada-b717-12f216ef8e52');
INSERT INTO `template_config` VALUES ('80bdefd7-0005-436f-ace7-ac2f784b80b4', '712c5458-e120-4cfc-91ca-5f549345a7c9', '05134307-3a86-46ca-b6f0-43af2b2f0dd0', 'bb45bd20-6057-4b31-b22f-244f4d0ad00c', '4d8e057a-fd35-4c77-8127-671290d91030', 'realtime-1:80', 0, 'cc0588ef-7729-4c39-8b26-878715e013d1');
INSERT INTO `template_config` VALUES ('813d9169-62d1-4dda-a1a7-898f62c77c1c', 'cade69ed-085d-44b3-afd3-ab87712daa80', '9a987467-a547-4939-adfc-5bb468f6039e', 'fe2ce319-6cda-4ef8-8ba8-810306a5832a', 'd4c4b9eb-8a74-4f7d-bd39-401536a3612a', 'zanalytics', 0, 'f7c9d723-c6ba-44c0-8383-54de4e59f71f');
INSERT INTO `template_config` VALUES ('824810a1-8c1d-4e55-b21a-4aad7d208d3e', 'dff789ae-db8e-4208-9038-8427626b631f', 'd23878ee-66bd-4131-b4be-848ec34b04f0', '5cc13b84-f088-4abc-85fd-f66180557c62', '8bc2f47e-0f26-4663-b51f-598012b0a9fa', NULL, 0, NULL);
INSERT INTO `template_config` VALUES ('826bc84f-713d-4d86-b21e-5af854d83acf', 'b31ed00d-815c-4fde-bba2-852c69ee3c65', '1188df03-5c3d-495d-a08f-a2ec59aee730', '621e6bb8-9de9-40ed-ba92-504ebd5b3dd5', '2586f88d-3930-4be7-8b0e-dc642108299b', 'realtime-2', 0, '505e60b8-909a-4ee2-bb36-de060df76588');
INSERT INTO `template_config` VALUES ('8381732c-4041-4be3-b2d1-966dbfecd9e1', '67b75e31-f8d0-4854-8ed5-b5f00c3f9788', '8c16e280-2649-4008-8efb-27c35afa1dee', 'a9270716-e37e-482d-8365-91ffbdc1829e', '9f98a9c7-de49-4c9d-980b-3948277eb402', 'realtime-1', 0, '2b7f0714-8cc6-48d1-a0ab-d73b40c5a654');
INSERT INTO `template_config` VALUES ('839f8ecf-a8d1-45e8-921e-c83ed52a0633', 'b86534e1-1e2a-426a-957f-28d54c409d23', 'bb796cf9-c94b-4557-97fe-a2e7129dbcb6', '6fdbc42e-cd01-426c-a4cb-2e5033954bb0', '0955b130-0514-47b5-908b-5c03fbbb4ba9', 'realtime-2', 0, NULL);
INSERT INTO `template_config` VALUES ('84a1ff6f-41b6-4d52-8ceb-712a178ac130', 'c05c29a6-7ed4-4b5c-8ddc-aeb5929ab4a0', '15d79bec-cca2-4170-b432-c4e8be93a03d', '3c4bd56f-3a83-4610-9190-eb033b0e9b74', '7b41d6c7-38e8-4675-9ae4-233325ebfce4', 'realtime-1:8800', 0, 'c23a50ed-3d94-4f96-8b31-7298354693a1');
INSERT INTO `template_config` VALUES ('84dc0f37-9a89-4194-9f55-46e36cffe9f9', 'b31ed00d-815c-4fde-bba2-852c69ee3c65', '1188df03-5c3d-495d-a08f-a2ec59aee730', '621e6bb8-9de9-40ed-ba92-504ebd5b3dd5', 'd439681e-44e6-4b74-bb12-bcd28aa088dd', 'admin', 0, 'f4ff73db-c68a-44c9-bfd1-03c1beb1d48b');
INSERT INTO `template_config` VALUES ('852bf1d1-cacb-49bf-9d39-6b759bc68623', '8200bdde-eb7d-418a-b0dd-6826e2f53ada', 'c3641de4-5575-4c5f-8d31-102a18073d5c', 'c3a84755-26b7-445b-bac7-90e7c3fe3c1a', '6e0320e0-72e0-4674-a457-2b948b2a6b1b', '3306', 0, 'a2d9b605-3f38-4bf8-a4b4-49c299d90087');
INSERT INTO `template_config` VALUES ('8574b9f7-934f-472f-9787-a99e3baed763', 'e332b439-3cd8-41c1-b072-979ef6d598e3', '4c3f766a-818c-4f42-a543-9ff7b7b942b5', '726c1403-cf12-4f33-bdce-e72dcf45c667', 'b70c40df-e451-434c-9d61-e412db4f9462', 'http://realtime-1:8008', 0, NULL);
INSERT INTO `template_config` VALUES ('86c341f1-28e0-4301-865e-ff9d752e64d9', '2aefe28c-f5f3-4ee9-8c7e-169ce2701344', 'd1806bf2-bfda-43b6-940e-6490b330fe17', '1846a457-311d-4578-b0a5-8471527428cf', 'a110a9a8-84da-4f4e-8b62-c2c233dc3078', NULL, 0, NULL);
INSERT INTO `template_config` VALUES ('87358410-e96e-447a-8443-2b1a60f6b181', '3a0c0e53-1f51-48cc-be59-3c32845cd1eb', '00cc8ece-2c9f-4296-8dc5-2a6cffc88ed1', '724fb332-fcde-4623-8cf6-f220504f367c', '5f5bbaba-a3ac-4466-991f-07d5a07b49e7', 'realtime-1', 0, '4d58e5e4-1497-4285-9ad4-f1a23db16c4a');
INSERT INTO `template_config` VALUES ('87810fdf-6ef4-4623-9a6b-1267d6b867a6', '673e2b30-15c5-43b6-bab1-4f8049cf969b', '93a056b4-1017-4d43-ae25-c991578cd360', 'db4fb351-2262-4655-bb5f-654a1e9527fc', '3de06223-e7fb-48c5-b360-31afcf615d02', 'realtime-1:18080', 0, '3a37eb06-4da1-48d8-a285-11a4e8cb74ce');
INSERT INTO `template_config` VALUES ('881286b2-8a4f-48e6-9882-c86e8ce11eb7', '061a49c7-1b29-4d45-8fe3-02c0b8cd0fc3', '77f17a2d-9998-4728-a0c4-25e1de39cfc5', '10208bd4-baa0-49a7-8b98-0d81f7fbf58c', 'a45469fa-fd96-4b3d-ab28-fe0bd66a0a1c', 'admin', 0, 'feab4636-dc54-4e75-b348-3ca5b779804d');
INSERT INTO `template_config` VALUES ('89015362-34be-4bef-a8eb-0c99c01fdff6', 'fdcfbe69-ed59-4a42-a544-6378679334b6', 'a51ee33a-2b77-404a-8f02-6ac9a794d8d2', '03215b85-5c1e-4a85-98ca-13051355358b', '14583db9-9349-47c3-925e-7157eb3fe33f', '3306', 0, 'f6580bca-55d8-445f-84b4-ecfb7c36dfc8');
INSERT INTO `template_config` VALUES ('89575e01-c1df-4076-a754-db1d17435721', '4f08ecb9-06a7-4b52-8276-d4900a9f3cf3', '14d371dd-9e28-4638-9eba-69fc53fd5301', 'b2e76719-c88b-4456-ae74-9b2cf6ccd55b', 'b43d240e-6429-4482-8cd3-e9bbbe9217f7', 'realtime-mkt:1927', 0, '2b28afbe-3555-4fe4-84ac-7dd2f78ae003');
INSERT INTO `template_config` VALUES ('899da5ce-30d4-40c2-97d8-727b7b7ee349', '62b44e7b-90b7-48ec-8a2b-763e44ee3cdb', '740ed81d-34c0-49ec-a680-68e26bb85427', '4b79dece-cf3c-4ca6-b085-42d5fa5b99e8', 'adcd47f1-0308-4208-9d06-7743e4989d34', '3306', 0, '00c67fbe-e9ad-44d9-a024-547c95b4e45a');
INSERT INTO `template_config` VALUES ('89cbbf6e-9fc2-46a6-b234-e294a3c9d4b5', '712c5458-e120-4cfc-91ca-5f549345a7c9', '05134307-3a86-46ca-b6f0-43af2b2f0dd0', 'bb45bd20-6057-4b31-b22f-244f4d0ad00c', 'cd4bfd92-e491-4e3f-8473-3a2aac6e5da9', 'realtime-3', 0, 'ed6a4251-0e18-40db-b3b8-df4ebaa54860');
INSERT INTO `template_config` VALUES ('8a8eac41-cccf-4acc-bac1-1a2596e14290', '58c4dd42-4f8f-42cc-9e94-0dde1f630f16', '6fbcae78-9a27-402c-9e76-38689632beea', 'f1fc04f5-ef47-499e-8d7a-fedf2655489c', 'a54a24ec-bf38-4bf5-ae4b-af5795da215f', 'Sun_unix*1101', 0, NULL);
INSERT INTO `template_config` VALUES ('8ab60430-eb0e-48be-bf32-68b124d0d054', '061a49c7-1b29-4d45-8fe3-02c0b8cd0fc3', '77f17a2d-9998-4728-a0c4-25e1de39cfc5', '10208bd4-baa0-49a7-8b98-0d81f7fbf58c', '4ef91629-81d8-4942-be4b-4507e393f199', 'zanalytics', 0, '80f69ab2-ae50-42d3-bd03-9715ac4005bc');
INSERT INTO `template_config` VALUES ('8b0d7a39-1ac1-4283-b088-4ed6eba62cd8', '8200bdde-eb7d-418a-b0dd-6826e2f53ada', 'c3641de4-5575-4c5f-8d31-102a18073d5c', 'c3a84755-26b7-445b-bac7-90e7c3fe3c1a', 'a91000e7-1416-4b23-8130-60d842468279', 'Sun_unix*1101', 0, 'fb867057-ca1d-498c-95ac-d7b60794b619');
INSERT INTO `template_config` VALUES ('8bc2034d-fed9-4b9e-8c65-474e9648f130', 'cade69ed-085d-44b3-afd3-ab87712daa80', '9a987467-a547-4939-adfc-5bb468f6039e', 'fe2ce319-6cda-4ef8-8ba8-810306a5832a', 'b1975cf1-393a-4616-b327-9f3c8bb5fe54', 'realtime-1', 0, 'b33aaf90-895e-421d-8879-c056e37ff5d4');
INSERT INTO `template_config` VALUES ('8d8dbcdc-799b-4c41-87ab-bcae18af7dcf', '712c5458-e120-4cfc-91ca-5f549345a7c9', '05134307-3a86-46ca-b6f0-43af2b2f0dd0', 'bb45bd20-6057-4b31-b22f-244f4d0ad00c', '38d32feb-1751-4a25-9f95-7e38fe5fb20c', '21050', 0, NULL);
INSERT INTO `template_config` VALUES ('8df8a902-6875-46a0-bab0-4c63b7d0fabf', 'b31ed00d-815c-4fde-bba2-852c69ee3c65', '1188df03-5c3d-495d-a08f-a2ec59aee730', '621e6bb8-9de9-40ed-ba92-504ebd5b3dd5', '6caeae43-9712-49b9-af7d-5d8aa570e8c7', 'admin', 0, 'f4ff73db-c68a-44c9-bfd1-03c1beb1d48b');
INSERT INTO `template_config` VALUES ('8ee14c37-6b29-471e-afea-fbf928ad62f0', 'bbaf3041-4c99-48ca-bc0a-d32bc1c4d0af', '49069253-2163-43b0-9f7c-34ac6e034131', 'cc42c252-de01-4d7d-8449-a9e6bc4d36c4', '2bf2b238-3d92-4388-85f6-c95be659de87', 'false', 0, '3fca43e5-dfaf-44fb-98fa-5bb6f2977c06');
INSERT INTO `template_config` VALUES ('8f1edea4-aee3-42e7-b005-f862fcae5b99', '1310de7c-272b-4dff-9795-eedbc51d576e', '2e31090d-2636-4b6a-bf97-45e883878993', '87eb2c14-97a3-4825-a8d3-bc8df72f0a47', 'fc91cd63-f7f2-4b8b-a579-bf14869afc15', 'zanalytics', 0, '897799fa-092b-42e3-a0c1-6d7394faea16');
INSERT INTO `template_config` VALUES ('8fb454e0-ab9b-4c72-a06b-62e8bae0f82d', 'b31ed00d-815c-4fde-bba2-852c69ee3c65', '1188df03-5c3d-495d-a08f-a2ec59aee730', '621e6bb8-9de9-40ed-ba92-504ebd5b3dd5', '47dbed4c-c225-4eb1-9eb7-60fc047c6aaa', 'realtime-1', 0, '4f4c3c92-0643-4073-bad0-1287c6d1b318');
INSERT INTO `template_config` VALUES ('905a5639-c04d-4566-ba3c-604eeb1809ab', 'bbaf3041-4c99-48ca-bc0a-d32bc1c4d0af', '49069253-2163-43b0-9f7c-34ac6e034131', 'cc42c252-de01-4d7d-8449-a9e6bc4d36c4', '912d75f9-1e92-4a31-a4f8-be7ad07cd1ec', 'uba.it.pkpm.cn', 0, NULL);
INSERT INTO `template_config` VALUES ('90c45bb8-289e-4331-854c-ab8a736e9ea4', '673e2b30-15c5-43b6-bab1-4f8049cf969b', '93a056b4-1017-4d43-ae25-c991578cd360', 'db4fb351-2262-4655-bb5f-654a1e9527fc', 'bd50dc7d-3067-4f5a-91bf-a35986af34cb', 'realtime-1:7713', 0, 'd04a1cc6-35a5-4846-9316-25fbd5f39208');
INSERT INTO `template_config` VALUES ('90cb68a3-831c-4dae-a2c7-50ef24c00fa9', '712c5458-e120-4cfc-91ca-5f549345a7c9', '05134307-3a86-46ca-b6f0-43af2b2f0dd0', 'bb45bd20-6057-4b31-b22f-244f4d0ad00c', '3d1c665c-cb04-4370-b45c-4d8b47f3f78a', '6380', 0, NULL);
INSERT INTO `template_config` VALUES ('921b3d34-6af7-4c48-aa88-efab9751394c', '712c5458-e120-4cfc-91ca-5f549345a7c9', '05134307-3a86-46ca-b6f0-43af2b2f0dd0', 'bb45bd20-6057-4b31-b22f-244f4d0ad00c', 'e8ea3160-c193-4ace-87e5-82f6344af433', 'https://uba.it.pkpm.cn', 0, NULL);
INSERT INTO `template_config` VALUES ('92563d2e-035b-4da4-8ae8-67903eff4b05', '3a0c0e53-1f51-48cc-be59-3c32845cd1eb', '00cc8ece-2c9f-4296-8dc5-2a6cffc88ed1', '724fb332-fcde-4623-8cf6-f220504f367c', '7b7ab5f8-3481-4c35-8193-4c996b579fbb', 'zanalytics', 0, '1225d1e0-d04c-4aab-ac14-47086e0da96d');
INSERT INTO `template_config` VALUES ('926da381-673e-4609-9d82-d803d73f859e', 'fdcfbe69-ed59-4a42-a544-6378679334b6', 'a51ee33a-2b77-404a-8f02-6ac9a794d8d2', '03215b85-5c1e-4a85-98ca-13051355358b', 'e16a92b3-42c4-428e-89ff-18bf6f0df715', 'https://uba.it.pkpm.cn', 0, '4346aaa9-df32-4dac-90d0-37bf7043343b');
INSERT INTO `template_config` VALUES ('932206c6-1998-4a5b-ac7f-a7195199f75c', 'b86534e1-1e2a-426a-957f-28d54c409d23', 'bb796cf9-c94b-4557-97fe-a2e7129dbcb6', '6fdbc42e-cd01-426c-a4cb-2e5033954bb0', '18bbf505-027d-4e9e-9c9b-0997f364f968', 'http://realtime-1:8008', 0, NULL);
INSERT INTO `template_config` VALUES ('9360969e-4ce2-4acd-96c7-d7b3428fb113', '2aefe28c-f5f3-4ee9-8c7e-169ce2701344', 'd1806bf2-bfda-43b6-940e-6490b330fe17', '1846a457-311d-4578-b0a5-8471527428cf', '32fa6435-8b28-40a3-84a8-3bfe67c4cd70', NULL, 0, NULL);
INSERT INTO `template_config` VALUES ('973a2ad9-19ef-4d8d-a411-e5936f31b5fd', '8200bdde-eb7d-418a-b0dd-6826e2f53ada', 'c3641de4-5575-4c5f-8d31-102a18073d5c', 'c3a84755-26b7-445b-bac7-90e7c3fe3c1a', 'b2b1e4da-d9d1-4822-8d49-c2eaabeef671', '6379', 0, 'a198f892-a60e-4900-9f0f-dc9f54d5151b');
INSERT INTO `template_config` VALUES ('97574b5b-e0ee-4cd7-81b6-ffffc1ae156b', '2aefe28c-f5f3-4ee9-8c7e-169ce2701344', 'd1806bf2-bfda-43b6-940e-6490b330fe17', '1846a457-311d-4578-b0a5-8471527428cf', 'd6d8396e-931d-4106-9093-93b6fa6b119c', '3306', 0, NULL);
INSERT INTO `template_config` VALUES ('98981ea7-aac4-4472-abc6-08a5dc4871c8', '67b75e31-f8d0-4854-8ed5-b5f00c3f9788', '8c16e280-2649-4008-8efb-27c35afa1dee', 'a9270716-e37e-482d-8365-91ffbdc1829e', 'e1c01d86-6376-406e-afca-b396617e46ef', 'realtime-1', 0, '2b7f0714-8cc6-48d1-a0ab-d73b40c5a654');
INSERT INTO `template_config` VALUES ('9927e6c6-822a-4e1f-a48c-66a62be79472', 'fdcfbe69-ed59-4a42-a544-6378679334b6', 'a51ee33a-2b77-404a-8f02-6ac9a794d8d2', '03215b85-5c1e-4a85-98ca-13051355358b', '5335c149-d63d-4b2f-8307-837743fe101e', 'realtime-1', 0, '3af4ec29-9851-441f-b65d-e9077f790f68');
INSERT INTO `template_config` VALUES ('9963bf0a-a203-4246-8ce5-5fc21e117127', '09e282cf-255d-4552-98be-327adfa06fc4', '06239042-1059-4416-b5cb-df4744cb342f', '11ec0c20-71e9-41d3-98f4-e1002b9dab6e', 'dc4e55b4-24ee-4a02-95f1-d043b6e2dbbe', 'realtime-1', 0, 'c8265186-5895-4565-a982-25a10dc0f63c');
INSERT INTO `template_config` VALUES ('9a9b99be-9a8e-4ad3-ae20-bdf21d93a51a', 'e332b439-3cd8-41c1-b072-979ef6d598e3', '4c3f766a-818c-4f42-a543-9ff7b7b942b5', '726c1403-cf12-4f33-bdce-e72dcf45c667', 'fb9a59fe-3522-451b-bc86-55f2b1d15dea', '21050', 0, NULL);
INSERT INTO `template_config` VALUES ('9b61456f-ac26-4af3-b05b-5fe4c09e299a', '67b75e31-f8d0-4854-8ed5-b5f00c3f9788', '8c16e280-2649-4008-8efb-27c35afa1dee', 'a9270716-e37e-482d-8365-91ffbdc1829e', 'fa426f5d-7a87-4164-9bd0-d46a89f2be9e', 'https://uba.it.pkpm.cn', 0, NULL);
INSERT INTO `template_config` VALUES ('9d059bf2-fc84-4657-956e-ac023a31f05f', '1310de7c-272b-4dff-9795-eedbc51d576e', '2e31090d-2636-4b6a-bf97-45e883878993', '87eb2c14-97a3-4825-a8d3-bc8df72f0a47', '20717ee3-b443-4eab-b0cd-227015e031a7', '21050', 0, NULL);
INSERT INTO `template_config` VALUES ('9d6d78cb-5986-4f05-8241-6acb323e25e6', '4f08ecb9-06a7-4b52-8276-d4900a9f3cf3', '14d371dd-9e28-4638-9eba-69fc53fd5301', 'b2e76719-c88b-4456-ae74-9b2cf6ccd55b', '929a0e39-8c37-421f-bf1b-f92204b2a333', 'realtime-mkt:1926', 0, '15655edc-edf9-4bd6-850a-63cff57889f4');
INSERT INTO `template_config` VALUES ('9dc5c659-e7c8-470a-b063-37761f1e4e38', 'b31ed00d-815c-4fde-bba2-852c69ee3c65', '1188df03-5c3d-495d-a08f-a2ec59aee730', '621e6bb8-9de9-40ed-ba92-504ebd5b3dd5', 'd9477c82-007d-4a6f-811e-0c600253df32', NULL, 0, NULL);
INSERT INTO `template_config` VALUES ('9e7f8904-8684-4f85-9523-0f9edd51465a', '3a0c0e53-1f51-48cc-be59-3c32845cd1eb', '00cc8ece-2c9f-4296-8dc5-2a6cffc88ed1', '724fb332-fcde-4623-8cf6-f220504f367c', '001b0579-862e-4298-b059-c2d25b222a94', 'zanalytics', 0, '1225d1e0-d04c-4aab-ac14-47086e0da96d');
INSERT INTO `template_config` VALUES ('9ea640ea-187a-4f5b-9fd8-3246e2a5a1a8', '673e2b30-15c5-43b6-bab1-4f8049cf969b', '93a056b4-1017-4d43-ae25-c991578cd360', 'db4fb351-2262-4655-bb5f-654a1e9527fc', '5937d5ab-1710-46fc-a869-77d3e273cb1b', 'realtime-3:9004', 0, 'b1c3d137-cbbc-45ce-a284-5c9d9a65a58e');
INSERT INTO `template_config` VALUES ('9f2636f1-d7d5-4761-aaec-20d83cd1d077', '8200bdde-eb7d-418a-b0dd-6826e2f53ada', 'c3641de4-5575-4c5f-8d31-102a18073d5c', 'c3a84755-26b7-445b-bac7-90e7c3fe3c1a', '28647bbc-c634-4eed-adeb-aa1cd5e5ab5f', 'realtime-1', 0, '4f03432a-5f8e-4e1f-a702-a1e87c4737ca');
INSERT INTO `template_config` VALUES ('9f6b5268-21f2-408c-b1c8-40e23b504855', '67b75e31-f8d0-4854-8ed5-b5f00c3f9788', '8c16e280-2649-4008-8efb-27c35afa1dee', 'a9270716-e37e-482d-8365-91ffbdc1829e', 'dbbf4e85-1293-42c2-8b28-baa6364a57d4', '21050', 0, NULL);
INSERT INTO `template_config` VALUES ('a024f17b-1b21-4fda-916f-da665d5c6ae7', 'c05c29a6-7ed4-4b5c-8ddc-aeb5929ab4a0', '15d79bec-cca2-4170-b432-c4e8be93a03d', '3c4bd56f-3a83-4610-9190-eb033b0e9b74', 'cfba7b75-afc4-4113-8098-9328885bdbeb', 'realtime-1:8080', 0, '81497aaa-8a73-4064-b379-eb9a1072125f');
INSERT INTO `template_config` VALUES ('a064c793-afa0-4fcc-b548-e362fe495f48', '673e2b30-15c5-43b6-bab1-4f8049cf969b', '93a056b4-1017-4d43-ae25-c991578cd360', 'db4fb351-2262-4655-bb5f-654a1e9527fc', '2276d52c-eb32-4125-a7ae-3920d1abdfdc', 'realtime-2:18001', 0, NULL);
INSERT INTO `template_config` VALUES ('a0b83a62-3d08-48ec-a84a-bbebbccce9d9', 'b31ed00d-815c-4fde-bba2-852c69ee3c65', '1188df03-5c3d-495d-a08f-a2ec59aee730', '621e6bb8-9de9-40ed-ba92-504ebd5b3dd5', '3a090037-0392-426c-8238-36ff823ed927', '8897', 0, NULL);
INSERT INTO `template_config` VALUES ('a0bd1456-ef2e-4eca-a039-687ac7d69e04', 'bbaf3041-4c99-48ca-bc0a-d32bc1c4d0af', '49069253-2163-43b0-9f7c-34ac6e034131', 'cc42c252-de01-4d7d-8449-a9e6bc4d36c4', '8e28ed52-5bf0-47b3-9ffc-c8785ff73510', 'zhuge', 0, NULL);
INSERT INTO `template_config` VALUES ('a0eca13d-03d4-4995-a13c-aff601f120fb', 'bbaf3041-4c99-48ca-bc0a-d32bc1c4d0af', '49069253-2163-43b0-9f7c-34ac6e034131', 'cc42c252-de01-4d7d-8449-a9e6bc4d36c4', '8f440cdc-5f1b-4df4-9e84-9318b87b30e6', 'shiping', 0, NULL);
INSERT INTO `template_config` VALUES ('a11cdd51-dabc-4e2d-8209-c91046ea7db6', 'bbaf3041-4c99-48ca-bc0a-d32bc1c4d0af', '49069253-2163-43b0-9f7c-34ac6e034131', 'cc42c252-de01-4d7d-8449-a9e6bc4d36c4', '21b8c682-d5cc-4a50-85ef-837a1b42223e', 'false', 0, '3fca43e5-dfaf-44fb-98fa-5bb6f2977c06');
INSERT INTO `template_config` VALUES ('a28c1a50-9c25-465a-b32c-ba2057ae1def', '8200bdde-eb7d-418a-b0dd-6826e2f53ada', 'c3641de4-5575-4c5f-8d31-102a18073d5c', 'c3a84755-26b7-445b-bac7-90e7c3fe3c1a', 'ebfd69e0-a209-4c35-98a3-f1d15d201312', 'realtime-1', 0, '4f03432a-5f8e-4e1f-a702-a1e87c4737ca');
INSERT INTO `template_config` VALUES ('a2b888fd-ab23-4407-9f97-923941a25e51', '09e282cf-255d-4552-98be-327adfa06fc4', '06239042-1059-4416-b5cb-df4744cb342f', '11ec0c20-71e9-41d3-98f4-e1002b9dab6e', '4280b5be-93f8-424d-a315-75fa48f9122c', NULL, 0, NULL);
INSERT INTO `template_config` VALUES ('a2e099f2-c9bb-43c3-8735-104889e05271', '3a0c0e53-1f51-48cc-be59-3c32845cd1eb', '00cc8ece-2c9f-4296-8dc5-2a6cffc88ed1', '724fb332-fcde-4623-8cf6-f220504f367c', 'a25aa13c-46f1-4c5d-99fd-d723ede06022', 'realtime-2', 0, NULL);
INSERT INTO `template_config` VALUES ('a30d367d-c5b8-4daf-8360-dce552fa1c12', '3a0c0e53-1f51-48cc-be59-3c32845cd1eb', '00cc8ece-2c9f-4296-8dc5-2a6cffc88ed1', '724fb332-fcde-4623-8cf6-f220504f367c', '26f8ffcc-580f-4897-a348-0170d3a4fe95', 'web', 0, '7b4dbc40-4b4f-42e0-bf19-86ca0d72f97d');
INSERT INTO `template_config` VALUES ('a3362c5c-edac-4db1-81fb-7e02669cf472', 'c05c29a6-7ed4-4b5c-8ddc-aeb5929ab4a0', '15d79bec-cca2-4170-b432-c4e8be93a03d', '3c4bd56f-3a83-4610-9190-eb033b0e9b74', 'ea682b47-8ca0-4973-8b27-09b4c843c005', 'realtime-1:9003', 0, '851a7163-d380-4af2-a2e8-f149d3d22274');
INSERT INTO `template_config` VALUES ('a46b5ebb-7b8e-4d70-baa4-b88fc5ac3bde', 'fdcfbe69-ed59-4a42-a544-6378679334b6', 'a51ee33a-2b77-404a-8f02-6ac9a794d8d2', '03215b85-5c1e-4a85-98ca-13051355358b', '248839fb-e758-483b-8b87-871408c6a4f2', 'zanalytics', 0, '6ef7bc72-f517-4767-9a5d-6b374a2db557');
INSERT INTO `template_config` VALUES ('a47a873b-7c1d-48a5-a152-f288b3487bda', 'bbaf3041-4c99-48ca-bc0a-d32bc1c4d0af', '49069253-2163-43b0-9f7c-34ac6e034131', 'cc42c252-de01-4d7d-8449-a9e6bc4d36c4', '2fa628b9-e121-4e80-a4d1-ef91517b0103', 'zhugeio', 0, NULL);
INSERT INTO `template_config` VALUES ('a52f9f62-6186-4e28-a461-7b536f9e3f06', '061a49c7-1b29-4d45-8fe3-02c0b8cd0fc3', '77f17a2d-9998-4728-a0c4-25e1de39cfc5', '10208bd4-baa0-49a7-8b98-0d81f7fbf58c', '5f9ff9f7-5542-4b76-a15b-26c5b94278ae', 'zg_see_pix', 0, NULL);
INSERT INTO `template_config` VALUES ('a5d9a662-1798-4349-8fc9-bf747b87da4c', '62b44e7b-90b7-48ec-8a2b-763e44ee3cdb', '740ed81d-34c0-49ec-a680-68e26bb85427', '4b79dece-cf3c-4ca6-b085-42d5fa5b99e8', 'a107ce05-4169-40b9-8cfc-4f255a7ec90d', 'zhugeio', 0, NULL);
INSERT INTO `template_config` VALUES ('a724a553-5ffa-4c9c-9977-53666ec858b5', 'e332b439-3cd8-41c1-b072-979ef6d598e3', '4c3f766a-818c-4f42-a543-9ff7b7b942b5', '726c1403-cf12-4f33-bdce-e72dcf45c667', '7a35c67b-abbf-4ef7-bfb7-bb266dd6d194', 'realtime-2', 0, '55ac2110-e932-4738-be5e-28ac3eadedf2');
INSERT INTO `template_config` VALUES ('a7931638-9c19-49b8-9b0b-c28535a43f6d', '37b0f843-fd24-4ac5-8998-d1eed7dee3e0', 'd4b46317-2db8-4787-ab51-4527c4587cc8', '0217d8c9-4581-4e3b-8d0b-41068d9d2162', '753d0c66-011e-4431-b5f7-7eba5394dc26', 'realtime-1', 0, NULL);
INSERT INTO `template_config` VALUES ('a7f1c2a2-d9e7-4368-83dd-8f6ea92f2d6e', '673e2b30-15c5-43b6-bab1-4f8049cf969b', '93a056b4-1017-4d43-ae25-c991578cd360', 'db4fb351-2262-4655-bb5f-654a1e9527fc', 'b4c6e15f-2336-4e51-aa57-577893e484e0', 'realtime-3:9004', 0, 'b1c3d137-cbbc-45ce-a284-5c9d9a65a58e');
INSERT INTO `template_config` VALUES ('a8431b72-e0af-4065-a147-92929416c5b2', 'c05c29a6-7ed4-4b5c-8ddc-aeb5929ab4a0', '15d79bec-cca2-4170-b432-c4e8be93a03d', '3c4bd56f-3a83-4610-9190-eb033b0e9b74', '4ed8959a-2b03-4e01-9f06-4774ea1a6056', 'realtime-1:7715', 0, 'a3a10e0f-77c6-4534-b42f-8b0fe94a3823');
INSERT INTO `template_config` VALUES ('a84741ea-8442-4894-b2ae-0fd5a6eb6e51', '62b44e7b-90b7-48ec-8a2b-763e44ee3cdb', '740ed81d-34c0-49ec-a680-68e26bb85427', '4b79dece-cf3c-4ca6-b085-42d5fa5b99e8', 'a47139f9-0c2b-445e-abff-d6e1f14d3076', 'zanalytics', 0, '4665fcff-ebd4-48de-a59a-c7d9697e20d3');
INSERT INTO `template_config` VALUES ('aa481fda-30f2-41ab-addb-e44d11c07488', '287fa186-08c1-49d8-ade8-6ee8c560b9a6', '7d0383e3-5a02-4f04-be2f-8c75d9c18afb', 'cf3cf2ed-c50b-45e3-95d8-3aeba738e03e', 'b69e1a8e-a179-43df-bc63-d92934fe35a9', 'realtime-1:7051,realtime-2:7051,realtime-3:7051', 0, NULL);
INSERT INTO `template_config` VALUES ('aa81b5d4-f3a4-4960-9313-d072de67aded', 'dff789ae-db8e-4208-9038-8427626b631f', 'd23878ee-66bd-4131-b4be-848ec34b04f0', '5cc13b84-f088-4abc-85fd-f66180557c62', '3d942cfe-6031-43f6-88bb-13965c546fed', 'realtime-2', 0, 'b0077993-b7e5-4d3b-b9a3-ea3f12ef7403');
INSERT INTO `template_config` VALUES ('ab6efccf-21a9-496b-96b7-c5b49dc55700', 'e332b439-3cd8-41c1-b072-979ef6d598e3', '4c3f766a-818c-4f42-a543-9ff7b7b942b5', '726c1403-cf12-4f33-bdce-e72dcf45c667', 'b193303a-5442-4cb5-aa7a-cd97e993286e', '3306', 0, NULL);
INSERT INTO `template_config` VALUES ('ab84377c-8c5f-4bbb-b107-aa08bd19db1c', 'bbaf3041-4c99-48ca-bc0a-d32bc1c4d0af', '49069253-2163-43b0-9f7c-34ac6e034131', 'cc42c252-de01-4d7d-8449-a9e6bc4d36c4', 'cbf0d8be-b62e-4e5d-970b-8e6bf82cacd0', 'true', 0, 'c72771de-e4a9-4609-96a8-efdf323e4a46');
INSERT INTO `template_config` VALUES ('ac43d6dd-62dc-4ef5-a8b9-c0f7d504bdf1', '061a49c7-1b29-4d45-8fe3-02c0b8cd0fc3', '77f17a2d-9998-4728-a0c4-25e1de39cfc5', '10208bd4-baa0-49a7-8b98-0d81f7fbf58c', 'bd817c4a-a232-408b-ae1e-1c79803bb2df', 'realtime-1:7051,realtime-2:7051,realtime-3:7051', 0, NULL);
INSERT INTO `template_config` VALUES ('ad18b277-9318-4842-bb3f-74e2e159cc0d', 'dff789ae-db8e-4208-9038-8427626b631f', 'd23878ee-66bd-4131-b4be-848ec34b04f0', '5cc13b84-f088-4abc-85fd-f66180557c62', '367aa919-c860-4f3c-be31-0611e7720249', 'zanalytics', 0, NULL);
INSERT INTO `template_config` VALUES ('ad458a5b-9a68-47a8-b9ff-e7ad39418a12', '67b75e31-f8d0-4854-8ed5-b5f00c3f9788', '8c16e280-2649-4008-8efb-27c35afa1dee', 'a9270716-e37e-482d-8365-91ffbdc1829e', '4b12a0b7-15c3-4190-ade1-8af6faeaa3ea', 'realtime-1:80', 0, NULL);
INSERT INTO `template_config` VALUES ('ae0d7391-2fcd-46b9-a2e0-c1083ffc35d4', '66eed477-efc9-4b4b-8675-571cc446ba46', 'a2350b6f-56e0-432a-8210-99419fe9526a', 'ddee57c0-f292-48d8-9c39-094580ce9d55', '7dcf656f-339e-444d-960b-260454738352', '/data/localization/web/tomcat', 0, NULL);
INSERT INTO `template_config` VALUES ('ae235a44-1f00-4e38-a2ce-5bccbb909792', 'ca0c677e-2317-41a7-b3dd-143b09978c9f', 'e8b22074-e4db-4346-972a-08ce231365dd', 'c53072fc-2410-43fb-9756-47793dccd972', 'afadb65d-2d23-4c33-8077-e646307ddd23', 'realtime-1', 0, NULL);
INSERT INTO `template_config` VALUES ('aecfa5f2-de3a-426d-8fff-dfe2c2fce525', 'bbaf3041-4c99-48ca-bc0a-d32bc1c4d0af', '49069253-2163-43b0-9f7c-34ac6e034131', 'cc42c252-de01-4d7d-8449-a9e6bc4d36c4', '5971130a-f8e7-4a22-90e5-2668b050c97e', '5f8a935cd15a47419df0e07d0547551b', 0, NULL);
INSERT INTO `template_config` VALUES ('af093b8f-45b4-444b-b8d1-7578dd3649b0', 'c05c29a6-7ed4-4b5c-8ddc-aeb5929ab4a0', '15d79bec-cca2-4170-b432-c4e8be93a03d', '3c4bd56f-3a83-4610-9190-eb033b0e9b74', '3fd9b345-a3cc-48ed-a3f5-8e241138960d', 'realtime-1:18080', 0, '51894e2c-fb35-443f-aa88-ba907ec8b79c');
INSERT INTO `template_config` VALUES ('aff832e9-e42a-4def-9004-a5a388c8b085', '62b44e7b-90b7-48ec-8a2b-763e44ee3cdb', '740ed81d-34c0-49ec-a680-68e26bb85427', '4b79dece-cf3c-4ca6-b085-42d5fa5b99e8', '494f59a1-d9d2-4ccf-b8f6-98342c000791', 'zanalytics', 0, '4665fcff-ebd4-48de-a59a-c7d9697e20d3');
INSERT INTO `template_config` VALUES ('b1773391-b43f-45e0-953c-afe48f86c04e', 'fdcfbe69-ed59-4a42-a544-6378679334b6', 'a51ee33a-2b77-404a-8f02-6ac9a794d8d2', '03215b85-5c1e-4a85-98ca-13051355358b', '7c7eef65-0806-435c-9ba7-cedc0152f8b7', 'realtime-1', 0, '3af4ec29-9851-441f-b65d-e9077f790f68');
INSERT INTO `template_config` VALUES ('b258b39a-d13b-4203-bf1e-c1a0aad1f275', '061a49c7-1b29-4d45-8fe3-02c0b8cd0fc3', '77f17a2d-9998-4728-a0c4-25e1de39cfc5', '10208bd4-baa0-49a7-8b98-0d81f7fbf58c', 'f7851cb0-2142-4234-a54e-e08936c3858b', 'zg_see', 0, NULL);
INSERT INTO `template_config` VALUES ('b2856df4-3c06-46dc-87e4-b35b5f769708', '5b419fac-520a-4a40-b17c-3dbf93567074', 'c0cafa59-34cb-4bef-ad02-fca1b2a6507d', '2817fe53-19f7-41e5-82de-4b2024df08ed', 'a639c93f-07cc-416f-ba58-e1d20d3f7ac3', '/market/', 0, NULL);
INSERT INTO `template_config` VALUES ('b357e683-7ef5-4276-992c-5cdf6adce229', 'b31ed00d-815c-4fde-bba2-852c69ee3c65', '1188df03-5c3d-495d-a08f-a2ec59aee730', '621e6bb8-9de9-40ed-ba92-504ebd5b3dd5', 'a2d6daf7-85c0-4ba3-8c9a-bd47ff10db2d', 'web', 0, NULL);
INSERT INTO `template_config` VALUES ('b39195d6-dbf1-4850-a525-1d4e8204ce55', '712c5458-e120-4cfc-91ca-5f549345a7c9', '05134307-3a86-46ca-b6f0-43af2b2f0dd0', 'bb45bd20-6057-4b31-b22f-244f4d0ad00c', '171a9f1d-7328-4158-8d74-7c105a966845', 'Sun_unix*1101', 0, '59eeae5f-6bdf-4330-af94-8862361ac7fb');
INSERT INTO `template_config` VALUES ('b399ccd2-035f-4224-b0dc-d8446a059d0f', '09e282cf-255d-4552-98be-327adfa06fc4', '06239042-1059-4416-b5cb-df4744cb342f', '11ec0c20-71e9-41d3-98f4-e1002b9dab6e', '4a600446-c3f5-426f-88ba-e4ec9ab79f22', 'realtime-1:9092,realtime-2:9092,realtime-3:9092', 0, NULL);
INSERT INTO `template_config` VALUES ('b4976f28-ccd8-4692-a8ec-44640ae0b70a', '09e282cf-255d-4552-98be-327adfa06fc4', '06239042-1059-4416-b5cb-df4744cb342f', '11ec0c20-71e9-41d3-98f4-e1002b9dab6e', '3b387bc1-43a1-4191-88aa-9af7e7a123da', 'admin', 0, '6c1728f5-af40-4b8a-ad04-baa8dd7304dd');
INSERT INTO `template_config` VALUES ('b5341600-cbe2-41a8-8e50-30ad900508e2', 'fdcfbe69-ed59-4a42-a544-6378679334b6', 'a51ee33a-2b77-404a-8f02-6ac9a794d8d2', '03215b85-5c1e-4a85-98ca-13051355358b', '2df86c79-5951-4c9a-8ee8-52b37df4442e', 'web', 0, '2b433eb8-6b29-488e-8640-d2509adb1f45');
INSERT INTO `template_config` VALUES ('b5871edd-7cf9-4cba-b5d0-1fa2cc09c40b', 'fdcfbe69-ed59-4a42-a544-6378679334b6', 'a51ee33a-2b77-404a-8f02-6ac9a794d8d2', '03215b85-5c1e-4a85-98ca-13051355358b', 'cc13a41f-14bc-4d46-8709-3bfbbdbdb938', 'realtime-1:80', 0, '3b948007-0a9c-4050-97f7-18882976675b');
INSERT INTO `template_config` VALUES ('b5e69252-1fa1-47dc-8730-4c8e962d596b', '287fa186-08c1-49d8-ade8-6ee8c560b9a6', '7d0383e3-5a02-4f04-be2f-8c75d9c18afb', 'cf3cf2ed-c50b-45e3-95d8-3aeba738e03e', 'ad2d5e6a-84ed-4dba-9455-0d330ca8b51f', 'zanalytics', 0, NULL);
INSERT INTO `template_config` VALUES ('b6be8d2e-fcb1-4ebf-9e4d-fcb089b31824', '90e57ede-be9b-4f03-b1f0-1c9928ac4fde', 'b3dd396c-d1fa-4877-86bd-0a2bf4239324', '5e9b421a-fd97-4b8c-8115-49a70c277daa', '0537ee38-353d-4e76-a1f9-66cfdbde6217', NULL, 0, NULL);
INSERT INTO `template_config` VALUES ('b6e47847-f6a5-42f1-8a83-6e0b0d0f92d8', '673e2b30-15c5-43b6-bab1-4f8049cf969b', '93a056b4-1017-4d43-ae25-c991578cd360', 'db4fb351-2262-4655-bb5f-654a1e9527fc', 'bd5dc6cd-1a96-4908-ad62-b8dfadcafc2b', 'realtime-1:8080', 0, '2dce2165-e1ec-4e7e-aacb-c195adb24d82');
INSERT INTO `template_config` VALUES ('b6eb828f-c6f0-4b5a-8d01-6dd5328c41a4', 'bbaf3041-4c99-48ca-bc0a-d32bc1c4d0af', '49069253-2163-43b0-9f7c-34ac6e034131', 'cc42c252-de01-4d7d-8449-a9e6bc4d36c4', '39b8a574-edf1-420b-ab80-83120ed57571', 'false', 0, '3fca43e5-dfaf-44fb-98fa-5bb6f2977c06');
INSERT INTO `template_config` VALUES ('b70839f7-d61a-4cf9-b227-147a2d492a87', 'bbaf3041-4c99-48ca-bc0a-d32bc1c4d0af', '49069253-2163-43b0-9f7c-34ac6e034131', 'cc42c252-de01-4d7d-8449-a9e6bc4d36c4', '9c049301-6c7d-4ad3-8bcc-2312dc752c93', '/webapp/', 0, '288d933f-089c-4358-ae8c-7707426f9641');
INSERT INTO `template_config` VALUES ('b7b51aff-971f-4847-82bd-f1f1a3c5efb7', '673e2b30-15c5-43b6-bab1-4f8049cf969b', '93a056b4-1017-4d43-ae25-c991578cd360', 'db4fb351-2262-4655-bb5f-654a1e9527fc', '0fc0f1e9-0e33-4d9c-ae57-cf3189e2c0d0', 'realtime-3:18001', 0, NULL);
INSERT INTO `template_config` VALUES ('b7d0b5d8-51cf-4512-8b02-ce9130088d73', '8200bdde-eb7d-418a-b0dd-6826e2f53ada', 'c3641de4-5575-4c5f-8d31-102a18073d5c', 'c3a84755-26b7-445b-bac7-90e7c3fe3c1a', 'fdda28da-839d-424d-96c0-92f26c1f3592', 'Sun_unix*1101', 0, 'fb867057-ca1d-498c-95ac-d7b60794b619');
INSERT INTO `template_config` VALUES ('b80b1952-15cb-49cd-a404-4167a00d47b5', '62b44e7b-90b7-48ec-8a2b-763e44ee3cdb', '740ed81d-34c0-49ec-a680-68e26bb85427', '4b79dece-cf3c-4ca6-b085-42d5fa5b99e8', '74ccf819-6bc5-449b-a5d9-5d41dae90264', '21050', 0, NULL);
INSERT INTO `template_config` VALUES ('b8a74562-979f-44ba-80c5-d8785adfa965', '67b75e31-f8d0-4854-8ed5-b5f00c3f9788', '8c16e280-2649-4008-8efb-27c35afa1dee', 'a9270716-e37e-482d-8365-91ffbdc1829e', '2ee25efa-30df-49ed-8d2d-c49fd02ad348', 'admin', 0, '625648a2-65a9-493c-baba-927b93612058');
INSERT INTO `template_config` VALUES ('b8b7842e-a7cd-4f7d-8615-5538f52c1b4c', '712c5458-e120-4cfc-91ca-5f549345a7c9', '05134307-3a86-46ca-b6f0-43af2b2f0dd0', 'bb45bd20-6057-4b31-b22f-244f4d0ad00c', 'c929dbd2-93e0-4016-95f5-89316d3b3203', '6379', 0, NULL);
INSERT INTO `template_config` VALUES ('b929f6ba-450a-4fb1-9c27-60bac54ace14', 'b31ed00d-815c-4fde-bba2-852c69ee3c65', '1188df03-5c3d-495d-a08f-a2ec59aee730', '621e6bb8-9de9-40ed-ba92-504ebd5b3dd5', '40e70440-c16c-43f0-9de7-749d63c5b704', 'realtime-1', 0, '4f4c3c92-0643-4073-bad0-1287c6d1b318');
INSERT INTO `template_config` VALUES ('ba555736-35f4-4cf1-9d7e-e0b31d07de66', 'e332b439-3cd8-41c1-b072-979ef6d598e3', '4c3f766a-818c-4f42-a543-9ff7b7b942b5', '726c1403-cf12-4f33-bdce-e72dcf45c667', '82a35d26-fbab-480a-aece-dc50da062e0e', 'realtime-2', 0, '55ac2110-e932-4738-be5e-28ac3eadedf2');
INSERT INTO `template_config` VALUES ('ba9a963b-bf3a-440c-aeae-0e6699edb304', 'b31ed00d-815c-4fde-bba2-852c69ee3c65', '1188df03-5c3d-495d-a08f-a2ec59aee730', '621e6bb8-9de9-40ed-ba92-504ebd5b3dd5', '18355ce1-3e2d-4657-a2fa-ae8af05c2732', 'realtime-2', 0, '505e60b8-909a-4ee2-bb36-de060df76588');
INSERT INTO `template_config` VALUES ('bb5307ea-3a63-497e-9a10-4254debe0642', '712c5458-e120-4cfc-91ca-5f549345a7c9', '05134307-3a86-46ca-b6f0-43af2b2f0dd0', 'bb45bd20-6057-4b31-b22f-244f4d0ad00c', '0c3b6a0f-e994-4b79-ac10-0916e3fce508', 'web', 0, NULL);
INSERT INTO `template_config` VALUES ('bbab9970-f1dc-4e11-831d-7dbcb5a6683f', 'ce6073c1-27d7-4ffa-88e2-ca1ea7a9dd0b', 'f0a02eea-2bf7-4932-ac51-bd9f1febf668', '23eb08a2-7102-490b-ad59-8ef7c12c7370', '52b07f44-b7de-457f-a014-ecd5407b09f8', '26480', 0, NULL);
INSERT INTO `template_config` VALUES ('bbd1155c-d179-43d7-b755-1a693809d337', '58c4dd42-4f8f-42cc-9e94-0dde1f630f16', '6fbcae78-9a27-402c-9e76-38689632beea', 'f1fc04f5-ef47-499e-8d7a-fedf2655489c', '4f6e1126-75ba-43b3-9088-1398cc5e150e', 'realtime-1:9092,realtime-2:9092,realtime-3:9092', 0, NULL);
INSERT INTO `template_config` VALUES ('bc1d2b1b-a366-4c82-9418-1b5c5df2a954', '712c5458-e120-4cfc-91ca-5f549345a7c9', '05134307-3a86-46ca-b6f0-43af2b2f0dd0', 'bb45bd20-6057-4b31-b22f-244f4d0ad00c', '44066c5e-e470-4e89-94a0-32d861551047', 'realtime-3', 0, 'ed6a4251-0e18-40db-b3b8-df4ebaa54860');
INSERT INTO `template_config` VALUES ('bc1dab1c-9b1e-4ac4-bf49-cbd69ce4a59d', '62b44e7b-90b7-48ec-8a2b-763e44ee3cdb', '740ed81d-34c0-49ec-a680-68e26bb85427', '4b79dece-cf3c-4ca6-b085-42d5fa5b99e8', '4fd5da04-cd7e-4d31-80d2-1071872a04ce', 'admin', 0, 'b6429633-6db8-4175-b0df-d6ea78d1a041');
INSERT INTO `template_config` VALUES ('bc8dd5a5-393d-4c2f-b22d-805947db3fe3', 'dff789ae-db8e-4208-9038-8427626b631f', 'd23878ee-66bd-4131-b4be-848ec34b04f0', '5cc13b84-f088-4abc-85fd-f66180557c62', '71304fcb-efe8-492e-9a32-7c7a7b1c0601', 'elastic', 0, NULL);
INSERT INTO `template_config` VALUES ('bd2faf7b-b3ca-457e-b205-362c4d2c9603', 'c05c29a6-7ed4-4b5c-8ddc-aeb5929ab4a0', '15d79bec-cca2-4170-b432-c4e8be93a03d', '3c4bd56f-3a83-4610-9190-eb033b0e9b74', '243b330e-e1ac-479b-a4fc-4c1d189906fe', 'realtime-1:7713', 0, 'a3db29c4-c2b4-4386-9de7-a28434a52c32');
INSERT INTO `template_config` VALUES ('bd8fc064-63ef-47e8-980b-01c1c988efc9', '673e2b30-15c5-43b6-bab1-4f8049cf969b', '93a056b4-1017-4d43-ae25-c991578cd360', 'db4fb351-2262-4655-bb5f-654a1e9527fc', '32173ca5-61d3-4562-9536-d911af12a5e5', 'realtime-2:7713', 0, '49dbb456-f48d-4b48-b95e-dcb397e9b1c0');
INSERT INTO `template_config` VALUES ('be885d3e-327d-4669-8b5d-dedd3687f37d', 'bbaf3041-4c99-48ca-bc0a-d32bc1c4d0af', '49069253-2163-43b0-9f7c-34ac6e034131', 'cc42c252-de01-4d7d-8449-a9e6bc4d36c4', 'cbe1876c-f2ef-42ad-ae09-ad3fa692086b', '数据分析', 0, '08385545-960c-49a2-8b60-18bdee9d5eaf');
INSERT INTO `template_config` VALUES ('bec72bcc-153b-4f96-a266-b480a2357fe5', 'e332b439-3cd8-41c1-b072-979ef6d598e3', '4c3f766a-818c-4f42-a543-9ff7b7b942b5', '726c1403-cf12-4f33-bdce-e72dcf45c667', '416465b5-3c36-44c4-89eb-54336c1014d8', 'realtime-1', 0, '87c300cf-5895-4d9f-b26e-605b607dad85');
INSERT INTO `template_config` VALUES ('bfdc9485-342e-4dc3-aa53-dfde9731354d', '5b419fac-520a-4a40-b17c-3dbf93567074', 'c0cafa59-34cb-4bef-ad02-fca1b2a6507d', '2817fe53-19f7-41e5-82de-4b2024df08ed', '2ef039b1-af76-458e-96ef-b46a3196a82d', 'true', 0, 'b4eb9cd8-3bde-4bc1-b9fe-cabccef30632');
INSERT INTO `template_config` VALUES ('c058fe80-02f7-4c78-9083-3249a1f644d7', '09e282cf-255d-4552-98be-327adfa06fc4', '06239042-1059-4416-b5cb-df4744cb342f', '11ec0c20-71e9-41d3-98f4-e1002b9dab6e', '6561dfb1-fcc0-4873-a0c7-74161432467b', 'realtime-1', 0, 'c8265186-5895-4565-a982-25a10dc0f63c');
INSERT INTO `template_config` VALUES ('c0b760c5-6d63-40c2-a777-4b94ed171a5c', 'fdcfbe69-ed59-4a42-a544-6378679334b6', 'a51ee33a-2b77-404a-8f02-6ac9a794d8d2', '03215b85-5c1e-4a85-98ca-13051355358b', '74df8fcd-e776-4b85-8cde-5ca3f5855def', 'https://weixin.zhugeio.com', 0, 'f3b1a083-abfe-41e1-9bc2-4a1b3279843b');
INSERT INTO `template_config` VALUES ('c115ad8d-1a76-4baf-b6ca-018f410a188c', 'c05c29a6-7ed4-4b5c-8ddc-aeb5929ab4a0', '15d79bec-cca2-4170-b432-c4e8be93a03d', '3c4bd56f-3a83-4610-9190-eb033b0e9b74', '60c29161-a12c-4eff-bb87-e2a1cdb63218', 'realtime-1:18080', 0, '51894e2c-fb35-443f-aa88-ba907ec8b79c');
INSERT INTO `template_config` VALUES ('c13dd14a-0fe0-4760-8b11-222bd4a5997f', '673e2b30-15c5-43b6-bab1-4f8049cf969b', '93a056b4-1017-4d43-ae25-c991578cd360', 'db4fb351-2262-4655-bb5f-654a1e9527fc', 'e03cedc7-526d-4fa1-b30f-697955dfa79f', 'realtime-2:7808', 0, '6f7a094a-1957-4ffa-91ea-43035de3e13e');
INSERT INTO `template_config` VALUES ('c141ef2f-9bcc-4f4f-b8d2-444356fc541c', '712c5458-e120-4cfc-91ca-5f549345a7c9', '05134307-3a86-46ca-b6f0-43af2b2f0dd0', 'bb45bd20-6057-4b31-b22f-244f4d0ad00c', '15c08693-779b-46ae-abf1-8476550a5a9d', '3306', 0, NULL);
INSERT INTO `template_config` VALUES ('c2c62017-92ae-4663-917e-9dcf7024a300', 'e332b439-3cd8-41c1-b072-979ef6d598e3', '4c3f766a-818c-4f42-a543-9ff7b7b942b5', '726c1403-cf12-4f33-bdce-e72dcf45c667', 'fb20bcf0-7a8f-424a-8648-1cbfb1aa100d', 'realtime-1:80', 0, NULL);
INSERT INTO `template_config` VALUES ('c37823a7-920f-405f-82d8-fd040aeba46e', 'bbaf3041-4c99-48ca-bc0a-d32bc1c4d0af', '49069253-2163-43b0-9f7c-34ac6e034131', 'cc42c252-de01-4d7d-8449-a9e6bc4d36c4', 'e0b8b2ae-d303-4fba-ae5b-85af7c8d2ddf', 'false', 0, '3fca43e5-dfaf-44fb-98fa-5bb6f2977c06');
INSERT INTO `template_config` VALUES ('c3c8ed9f-aebe-414c-aa47-a9dd0993b032', 'dff789ae-db8e-4208-9038-8427626b631f', 'd23878ee-66bd-4131-b4be-848ec34b04f0', '5cc13b84-f088-4abc-85fd-f66180557c62', 'e4e3137d-69f8-4a2d-ab77-287d183b449d', 'Sun_unix*1101', 0, NULL);
INSERT INTO `template_config` VALUES ('c3e886a7-1893-4e7e-b3e4-e010c99ac16f', '8200bdde-eb7d-418a-b0dd-6826e2f53ada', 'c3641de4-5575-4c5f-8d31-102a18073d5c', 'c3a84755-26b7-445b-bac7-90e7c3fe3c1a', '9c0ca6da-b991-4cee-878a-a36562648bcc', 'Sun_unix*1101', 0, 'fb867057-ca1d-498c-95ac-d7b60794b619');
INSERT INTO `template_config` VALUES ('c4b58dd4-7a9a-4079-b9f9-05dde326ce1a', 'c05c29a6-7ed4-4b5c-8ddc-aeb5929ab4a0', '15d79bec-cca2-4170-b432-c4e8be93a03d', '3c4bd56f-3a83-4610-9190-eb033b0e9b74', '7e2895e6-ead0-49e1-a531-0c86c646b817', 'realtime-2:7808', 0, '9b48c343-d3e0-470c-8e2f-90893676f3e2');
INSERT INTO `template_config` VALUES ('c4bcfc41-684c-483f-9e38-289f2e1989f9', 'cade69ed-085d-44b3-afd3-ab87712daa80', '9a987467-a547-4939-adfc-5bb468f6039e', 'fe2ce319-6cda-4ef8-8ba8-810306a5832a', 'ccb929f7-f890-45d1-9651-0fa7846d49a7', '21050', 0, NULL);
INSERT INTO `template_config` VALUES ('c4c261e9-0969-44a6-980a-a8850a7a25a2', 'fdcfbe69-ed59-4a42-a544-6378679334b6', 'a51ee33a-2b77-404a-8f02-6ac9a794d8d2', '03215b85-5c1e-4a85-98ca-13051355358b', '5c06fde7-8b6a-4874-a496-f331ae8be9a2', '9d3266fd556a4db7b9616d385f8bdf8f', 0, 'eb4da941-78bc-4b28-84fc-9120a4a2fef7');
INSERT INTO `template_config` VALUES ('c4d7e876-7c47-4a20-8d9c-7396b27bc6d8', 'dff789ae-db8e-4208-9038-8427626b631f', 'd23878ee-66bd-4131-b4be-848ec34b04f0', '5cc13b84-f088-4abc-85fd-f66180557c62', '4f88047b-6e4f-43f2-9ca2-c7f08f84a5ab', '3306', 0, NULL);
INSERT INTO `template_config` VALUES ('c4fc4016-483f-4361-94ef-661884f79a7d', '287fa186-08c1-49d8-ade8-6ee8c560b9a6', '7d0383e3-5a02-4f04-be2f-8c75d9c18afb', 'cf3cf2ed-c50b-45e3-95d8-3aeba738e03e', '82afc657-6b02-4e6a-8606-4348623db6fe', '21050', 0, NULL);
INSERT INTO `template_config` VALUES ('c57dc23e-00f2-4b85-95f1-1baee95d79ed', 'dff789ae-db8e-4208-9038-8427626b631f', 'd23878ee-66bd-4131-b4be-848ec34b04f0', '5cc13b84-f088-4abc-85fd-f66180557c62', '106a6e26-ba24-43be-be83-bec935f8bb20', 'realtime-2', 0, 'b0077993-b7e5-4d3b-b9a3-ea3f12ef7403');
INSERT INTO `template_config` VALUES ('c5c34f5b-9f43-4a41-b303-856b2a3ba520', 'b31ed00d-815c-4fde-bba2-852c69ee3c65', '1188df03-5c3d-495d-a08f-a2ec59aee730', '621e6bb8-9de9-40ed-ba92-504ebd5b3dd5', 'd4ed5abf-94c3-4bd9-9d53-85bbada74ed9', 'Sun_unix*1101', 0, NULL);
INSERT INTO `template_config` VALUES ('c5d1bf44-45e7-4335-bfe9-fc8ef260cccd', 'fdcfbe69-ed59-4a42-a544-6378679334b6', 'a51ee33a-2b77-404a-8f02-6ac9a794d8d2', '03215b85-5c1e-4a85-98ca-13051355358b', '15949175-7dc6-4f72-a1db-95fc68e69185', 'web', 0, '2b433eb8-6b29-488e-8640-d2509adb1f45');
INSERT INTO `template_config` VALUES ('c6c799eb-53e4-46df-8d7c-9dc3354bc3a2', '4f08ecb9-06a7-4b52-8276-d4900a9f3cf3', '14d371dd-9e28-4638-9eba-69fc53fd5301', 'b2e76719-c88b-4456-ae74-9b2cf6ccd55b', '79be268d-bddd-4ed3-a98c-4675f11ebd2f', 'realtime-mkt:1924', 0, '2401a3e5-376a-4759-afd6-b09e0e4fc9f4');
INSERT INTO `template_config` VALUES ('c7050edf-a46a-421c-9cd9-b3b4bb554a93', 'fdcfbe69-ed59-4a42-a544-6378679334b6', 'a51ee33a-2b77-404a-8f02-6ac9a794d8d2', '03215b85-5c1e-4a85-98ca-13051355358b', '3f2b530b-6595-4408-9575-01be16cd3e85', 'realtime-1', 0, '3af4ec29-9851-441f-b65d-e9077f790f68');
INSERT INTO `template_config` VALUES ('c903bb2d-8b8d-421b-ad61-c8e6adf748bf', '712c5458-e120-4cfc-91ca-5f549345a7c9', '05134307-3a86-46ca-b6f0-43af2b2f0dd0', 'bb45bd20-6057-4b31-b22f-244f4d0ad00c', 'ec5ee000-6ef6-4e59-8733-e1ed0d9c649e', 'realtime-2', 0, '63e51c0f-e19c-4544-92d5-6d7c814f89f7');
INSERT INTO `template_config` VALUES ('cac8206c-8b7f-490b-b891-394a065df877', '757f873e-31a8-4860-8f88-5c3f7d982d4a', '2eb189f1-b3f3-4b9f-bc90-92a13f6676c0', '5da40f4f-383d-44e2-bf4c-15a95b6e3abd', '91cefc88-5174-4db8-9a15-63522c721b85', '3306', 0, NULL);
INSERT INTO `template_config` VALUES ('cb98a7b8-954b-447c-a8b6-032eb0d7b151', '62b44e7b-90b7-48ec-8a2b-763e44ee3cdb', '740ed81d-34c0-49ec-a680-68e26bb85427', '4b79dece-cf3c-4ca6-b085-42d5fa5b99e8', '6be132ee-6b1a-450b-81af-751b9c715401', '3306', 0, '00c67fbe-e9ad-44d9-a024-547c95b4e45a');
INSERT INTO `template_config` VALUES ('cca0edc7-eae4-444b-b471-157de3b8cdc1', 'bbaf3041-4c99-48ca-bc0a-d32bc1c4d0af', '49069253-2163-43b0-9f7c-34ac6e034131', 'cc42c252-de01-4d7d-8449-a9e6bc4d36c4', '044a69bb-c3ca-47f1-8904-445729603451', 'true', 0, 'c72771de-e4a9-4609-96a8-efdf323e4a46');
INSERT INTO `template_config` VALUES ('cd38035f-af98-4237-8261-878b0ed495f2', '67b75e31-f8d0-4854-8ed5-b5f00c3f9788', '8c16e280-2649-4008-8efb-27c35afa1dee', 'a9270716-e37e-482d-8365-91ffbdc1829e', '630d7300-b33b-46bf-bce7-689192bbe888', '8888', 0, NULL);
INSERT INTO `template_config` VALUES ('cd4d9cb1-0659-48eb-8870-704a26396ecb', 'b31ed00d-815c-4fde-bba2-852c69ee3c65', '1188df03-5c3d-495d-a08f-a2ec59aee730', '621e6bb8-9de9-40ed-ba92-504ebd5b3dd5', '5b0262a8-9397-429f-9753-045deb09aadd', 'realtime-1:9092,realtime-2:9092,realtime-3:9092', 0, NULL);
INSERT INTO `template_config` VALUES ('cd736ea8-ffaa-498c-a654-f8847ae81d19', '2aefe28c-f5f3-4ee9-8c7e-169ce2701344', 'd1806bf2-bfda-43b6-940e-6490b330fe17', '1846a457-311d-4578-b0a5-8471527428cf', 'c9852561-429a-461b-b38d-13369ebb4ad3', 'zanalytics', 0, NULL);
INSERT INTO `template_config` VALUES ('cd814c55-1396-49e7-bc3f-f1806cc7e417', 'b86534e1-1e2a-426a-957f-28d54c409d23', 'bb796cf9-c94b-4557-97fe-a2e7129dbcb6', '6fdbc42e-cd01-426c-a4cb-2e5033954bb0', '8c06028e-3cf0-42fa-8122-eb2e050193aa', NULL, 0, NULL);
INSERT INTO `template_config` VALUES ('cd9a2d17-5928-4914-8a33-6591867628ff', '5b419fac-520a-4a40-b17c-3dbf93567074', 'c0cafa59-34cb-4bef-ad02-fca1b2a6507d', '2817fe53-19f7-41e5-82de-4b2024df08ed', 'ed99edcc-56e2-4055-bfbf-3323c9747f15', 'true', 0, 'b4eb9cd8-3bde-4bc1-b9fe-cabccef30632');
INSERT INTO `template_config` VALUES ('cd9a473a-aa03-42ee-a814-12dbd884e11f', 'c05c29a6-7ed4-4b5c-8ddc-aeb5929ab4a0', '15d79bec-cca2-4170-b432-c4e8be93a03d', '3c4bd56f-3a83-4610-9190-eb033b0e9b74', 'a9fd1059-d545-4438-a76f-a95d3290a170', 'realtime-1:8081', 0, 'cf5eee76-daec-4b8b-8d65-4b7cbafac9a3');
INSERT INTO `template_config` VALUES ('cd9c7907-3f66-4673-80e8-4aee1bb5f54d', '1858487e-589a-4ea1-ac3b-2a465a508fbf', '812e72a6-4ea3-487a-b05f-9fc644130c94', 'aeb96b61-0780-4f26-a63b-bce2606cf50e', '2c919fb8-3cb9-49bb-9e11-9c00792d2327', '/wx-h5', 0, NULL);
INSERT INTO `template_config` VALUES ('cda8f4f6-b1dd-4cbc-ab42-ac6d9adbdf03', 'dff789ae-db8e-4208-9038-8427626b631f', 'd23878ee-66bd-4131-b4be-848ec34b04f0', '5cc13b84-f088-4abc-85fd-f66180557c62', 'eb9be191-1f75-405e-8158-76eb7390e5cb', 'elasticsearch', 0, NULL);
INSERT INTO `template_config` VALUES ('cf431cd8-3770-4045-96ca-a6ced349316c', '09e282cf-255d-4552-98be-327adfa06fc4', '06239042-1059-4416-b5cb-df4744cb342f', '11ec0c20-71e9-41d3-98f4-e1002b9dab6e', '69b0f449-9f94-4ad2-b4f9-e21e99f2ac09', '8895', 0, NULL);
INSERT INTO `template_config` VALUES ('cfd12960-a9de-41a1-85b4-f1445eeda669', '061a49c7-1b29-4d45-8fe3-02c0b8cd0fc3', '77f17a2d-9998-4728-a0c4-25e1de39cfc5', '10208bd4-baa0-49a7-8b98-0d81f7fbf58c', 'e126c98d-7d1e-467a-99b7-7a7a27b031ac', '3306', 0, NULL);
INSERT INTO `template_config` VALUES ('d0e2ecc1-1386-43cc-8c3b-c0f000c1c382', 'c05c29a6-7ed4-4b5c-8ddc-aeb5929ab4a0', '15d79bec-cca2-4170-b432-c4e8be93a03d', '3c4bd56f-3a83-4610-9190-eb033b0e9b74', '2f388e34-187d-40fc-88df-5545fadcfb86', 'realtime-2:18001', 0, NULL);
INSERT INTO `template_config` VALUES ('d0ef6537-71bd-4911-9cb6-3b28847d228f', '67b75e31-f8d0-4854-8ed5-b5f00c3f9788', '8c16e280-2649-4008-8efb-27c35afa1dee', 'a9270716-e37e-482d-8365-91ffbdc1829e', '6001a6be-17c2-423f-8b47-57a358e90f4c', 'realtime-1', 0, '2b7f0714-8cc6-48d1-a0ab-d73b40c5a654');
INSERT INTO `template_config` VALUES ('d2cb1069-fb23-4e5a-82ac-c9b227fb4a40', 'b86534e1-1e2a-426a-957f-28d54c409d23', 'bb796cf9-c94b-4557-97fe-a2e7129dbcb6', '6fdbc42e-cd01-426c-a4cb-2e5033954bb0', 'be466c82-aca2-4033-b064-5e810e6f538a', '1218', 0, NULL);
INSERT INTO `template_config` VALUES ('d2d44498-c023-42cb-9ccf-3e3b5f6604bc', 'fdcfbe69-ed59-4a42-a544-6378679334b6', 'a51ee33a-2b77-404a-8f02-6ac9a794d8d2', '03215b85-5c1e-4a85-98ca-13051355358b', '5fd5d698-deb9-4c79-9e8f-e47ab71aac79', 'wt-weixin-topic', 0, '157c0b94-028c-49f7-a8e5-03f6886ba75c');
INSERT INTO `template_config` VALUES ('d31c007a-e266-4a38-be62-09e8b956b5c4', '62b44e7b-90b7-48ec-8a2b-763e44ee3cdb', '740ed81d-34c0-49ec-a680-68e26bb85427', '4b79dece-cf3c-4ca6-b085-42d5fa5b99e8', '3301cfe7-c70a-44d3-b066-f065f21649d5', 'realtime-1', 0, '04f1d349-a8ec-47b7-bce0-5aa950dd4a14');
INSERT INTO `template_config` VALUES ('d3419e0c-dc71-4067-b3c3-53a5f0edbffd', 'b31ed00d-815c-4fde-bba2-852c69ee3c65', '1188df03-5c3d-495d-a08f-a2ec59aee730', '621e6bb8-9de9-40ed-ba92-504ebd5b3dd5', '6b09c00b-c622-4164-ab33-327679887c4b', NULL, 0, NULL);
INSERT INTO `template_config` VALUES ('d392346d-2dfe-4d09-9557-753fad79b00e', 'de86c5dd-0f70-448e-b705-28d586741760', '13c2d518-5298-4038-bf0c-5b1f7b33857f', '9e05b52a-ef4a-490e-8820-583470454d07', '78bdac30-2867-46a4-9260-f52e5f0ce951', 'realtime-1', 0, NULL);
INSERT INTO `template_config` VALUES ('d3aec038-bc65-4c38-94a4-df21357079a0', 'de86c5dd-0f70-448e-b705-28d586741760', '13c2d518-5298-4038-bf0c-5b1f7b33857f', '9e05b52a-ef4a-490e-8820-583470454d07', '6d8bf4e6-fd7a-44b8-adb0-596e0544ef7f', '6379', 0, NULL);
INSERT INTO `template_config` VALUES ('d43b91b9-51e9-45b8-bb3d-8b243ce79084', 'b31ed00d-815c-4fde-bba2-852c69ee3c65', '1188df03-5c3d-495d-a08f-a2ec59aee730', '621e6bb8-9de9-40ed-ba92-504ebd5b3dd5', 'd197f12b-571b-4e3b-957e-cfe80986911d', '8892', 0, NULL);
INSERT INTO `template_config` VALUES ('d470463e-e5d6-49b0-8600-afb11b4e5241', 'ade2c196-7873-479d-8213-3abbcfff0da8', '341d52ba-c6a3-4aad-b1fd-97b3d3241853', '04509a8e-a8c3-45ed-9d9e-eefcefcc1cd3', 'c83de0da-9b3c-462c-8285-5603dd6491f2', 'realtime-1', 0, 'ac2a7ff9-129c-441d-812d-5b9a61e581ef');
INSERT INTO `template_config` VALUES ('d5407ead-1154-4047-8014-40f21fc91964', '4f08ecb9-06a7-4b52-8276-d4900a9f3cf3', '14d371dd-9e28-4638-9eba-69fc53fd5301', 'b2e76719-c88b-4456-ae74-9b2cf6ccd55b', 'c4bbcb80-e7a1-4449-90da-32660a1b499c', 'realtime-mkt:1920', 0, '407c6b13-88c1-40b4-a99f-060f909d6068');
INSERT INTO `template_config` VALUES ('d5690eed-5870-4702-b587-19e7c8c95525', 'ade2c196-7873-479d-8213-3abbcfff0da8', '341d52ba-c6a3-4aad-b1fd-97b3d3241853', '04509a8e-a8c3-45ed-9d9e-eefcefcc1cd3', 'fc9d681f-771a-4722-94f4-a76e7bee6f6d', 'zanalytics', 0, NULL);
INSERT INTO `template_config` VALUES ('d6080031-d616-468a-9dcf-e2d4c3784d92', 'fdcfbe69-ed59-4a42-a544-6378679334b6', 'a51ee33a-2b77-404a-8f02-6ac9a794d8d2', '03215b85-5c1e-4a85-98ca-13051355358b', 'fbc37c60-0e7b-4359-ad61-7eda3af7395d', '26480', 0, 'c5299c90-e88c-46ff-814d-49b66ac8d5fc');
INSERT INTO `template_config` VALUES ('d6999a9c-411b-45b6-ba1e-bd35aba3a34a', 'ce6073c1-27d7-4ffa-88e2-ca1ea7a9dd0b', 'f0a02eea-2bf7-4932-ac51-bd9f1febf668', '23eb08a2-7102-490b-ad59-8ef7c12c7370', '385501c9-668c-4ae2-88f8-61dd12e931f6', '8897', 0, NULL);
INSERT INTO `template_config` VALUES ('d7fd0c7a-f221-45c7-ab07-de07f479576c', '061a49c7-1b29-4d45-8fe3-02c0b8cd0fc3', '77f17a2d-9998-4728-a0c4-25e1de39cfc5', '10208bd4-baa0-49a7-8b98-0d81f7fbf58c', 'ce421355-cb49-4c66-9fa3-2ad6da7bf0e8', 'web', 0, '70ca3e01-abd9-4fad-9b13-4809551e1e4a');
INSERT INTO `template_config` VALUES ('d834b73a-3d92-4ea5-b6cf-f081b2eec2e2', 'fdcfbe69-ed59-4a42-a544-6378679334b6', 'a51ee33a-2b77-404a-8f02-6ac9a794d8d2', '03215b85-5c1e-4a85-98ca-13051355358b', '34393b11-f6fb-49cc-8877-c063690bf613', '3306', 0, 'f6580bca-55d8-445f-84b4-ecfb7c36dfc8');
INSERT INTO `template_config` VALUES ('db4938ba-d4dd-4090-aada-96cc780a5700', 'ade2c196-7873-479d-8213-3abbcfff0da8', '341d52ba-c6a3-4aad-b1fd-97b3d3241853', '04509a8e-a8c3-45ed-9d9e-eefcefcc1cd3', '601fdd91-921f-4909-8a1d-d4e50ea21fe2', 'realtime-1', 0, 'ac2a7ff9-129c-441d-812d-5b9a61e581ef');
INSERT INTO `template_config` VALUES ('dc9f4310-4ff2-40f4-a10e-0a2520fa050f', 'dff789ae-db8e-4208-9038-8427626b631f', 'd23878ee-66bd-4131-b4be-848ec34b04f0', '5cc13b84-f088-4abc-85fd-f66180557c62', 'cdbe221c-b6a8-4d33-aa91-207a3fd15085', 'realtime-1', 0, '89b17ed5-78e1-402e-bae1-e1cadfb4c79f');
INSERT INTO `template_config` VALUES ('dfb3bfa4-67c8-4da2-88dc-cd49399039aa', '6fe448d0-eefb-4d41-bbee-4c4f66cb5444', 'e14c21b2-10c2-490d-a220-60403230b956', 'f678221e-d3c0-42e3-881c-06ae6ee58f4e', '9fcd271f-1576-4d55-8859-a2901b0a431b', 'true', 0, NULL);
INSERT INTO `template_config` VALUES ('e033774a-bbb6-4bfa-a6db-c792a8ec17e0', 'ca0c677e-2317-41a7-b3dd-143b09978c9f', 'e8b22074-e4db-4346-972a-08ce231365dd', 'c53072fc-2410-43fb-9756-47793dccd972', '466fd6e5-85c7-4efe-b3d8-10266f1ccee8', NULL, 0, NULL);
INSERT INTO `template_config` VALUES ('e0b67285-e438-497a-98a0-9543c7f87ae7', '2aefe28c-f5f3-4ee9-8c7e-169ce2701344', 'd1806bf2-bfda-43b6-940e-6490b330fe17', '1846a457-311d-4578-b0a5-8471527428cf', '21714260-a9f5-4a56-ba71-5621e7fb4bea', '8894', 0, NULL);
INSERT INTO `template_config` VALUES ('e0f42799-4974-4e94-8617-038f04f29ba6', 'b31ed00d-815c-4fde-bba2-852c69ee3c65', '1188df03-5c3d-495d-a08f-a2ec59aee730', '621e6bb8-9de9-40ed-ba92-504ebd5b3dd5', '4f47810b-cf1a-4f61-b538-fc14f4278489', 'zanalytics', 0, 'dc537d46-fa1c-47f7-9284-7b33efc2fb87');
INSERT INTO `template_config` VALUES ('e1cf6f96-cd67-45e0-8dcf-e8832147f7fb', '8200bdde-eb7d-418a-b0dd-6826e2f53ada', 'c3641de4-5575-4c5f-8d31-102a18073d5c', 'c3a84755-26b7-445b-bac7-90e7c3fe3c1a', '5005b04e-b91e-4274-832c-062f32c765b0', 'zanalytics', 0, '13a55d68-dadf-447d-b933-1a9765f41533');
INSERT INTO `template_config` VALUES ('e213b4ec-9071-4f50-a3cb-7247c240e864', '8200bdde-eb7d-418a-b0dd-6826e2f53ada', 'c3641de4-5575-4c5f-8d31-102a18073d5c', 'c3a84755-26b7-445b-bac7-90e7c3fe3c1a', '0fdc1a40-90fe-43f7-a233-89d511cfe94e', 'realtime-1', 0, '4f03432a-5f8e-4e1f-a702-a1e87c4737ca');
INSERT INTO `template_config` VALUES ('e275223e-5d99-4d19-8960-738cbee2dc4d', '61735edb-fe39-4e03-8163-535eca0864be', 'aa108278-e058-4e13-959e-e7b250948556', 'eceaccd8-c26d-4bf1-8181-37aacb8f83ab', 'fd159b6a-83eb-4ab7-8818-61cc2c60c9b7', 'https://uba.it.pkpm.cn', 0, '76923c75-f1f6-4622-82d2-a831754cccb1');
INSERT INTO `template_config` VALUES ('e32ad125-b361-4ef2-b67d-882597a0b77d', '2aefe28c-f5f3-4ee9-8c7e-169ce2701344', 'd1806bf2-bfda-43b6-940e-6490b330fe17', '1846a457-311d-4578-b0a5-8471527428cf', '6a6b564e-48b6-499a-a6f4-e7978df255da', 'realtime-2', 0, '87aff597-6cc2-4e1f-9ad2-03b3ccb2ef91');
INSERT INTO `template_config` VALUES ('e35259f1-4deb-450a-a6d9-7ecbe7136455', 'dff789ae-db8e-4208-9038-8427626b631f', 'd23878ee-66bd-4131-b4be-848ec34b04f0', '5cc13b84-f088-4abc-85fd-f66180557c62', 'e6218e66-9ee4-4cbe-914e-7a80e6f8f22e', '8888', 0, NULL);
INSERT INTO `template_config` VALUES ('e44708ce-ac4f-4cb6-b7a7-46ed1bdbe9b5', 'ade2c196-7873-479d-8213-3abbcfff0da8', '341d52ba-c6a3-4aad-b1fd-97b3d3241853', '04509a8e-a8c3-45ed-9d9e-eefcefcc1cd3', '55386a87-52b5-4068-b075-1dbde58bde9f', 'Sun_unix*1101', 0, NULL);
INSERT INTO `template_config` VALUES ('e4fbde32-88fb-4337-b951-ec8a90301b7d', '62b44e7b-90b7-48ec-8a2b-763e44ee3cdb', '740ed81d-34c0-49ec-a680-68e26bb85427', '4b79dece-cf3c-4ca6-b085-42d5fa5b99e8', 'f8306f47-82e9-43c4-a7ec-db0b0b3291b5', 'zanalytics', 0, '4665fcff-ebd4-48de-a59a-c7d9697e20d3');
INSERT INTO `template_config` VALUES ('e5793f3f-902c-4939-ba83-a1b9c007d5ba', '37b0f843-fd24-4ac5-8998-d1eed7dee3e0', 'd4b46317-2db8-4787-ab51-4527c4587cc8', '0217d8c9-4581-4e3b-8d0b-41068d9d2162', '26920a95-3d7f-4c01-a000-eb31fcb34f72', 'realtime-1:9092,realtime-2:9092,realtime-3:9092', 0, NULL);
INSERT INTO `template_config` VALUES ('e5e9f907-786d-4434-8a0f-b641a0968919', 'fdcfbe69-ed59-4a42-a544-6378679334b6', 'a51ee33a-2b77-404a-8f02-6ac9a794d8d2', '03215b85-5c1e-4a85-98ca-13051355358b', '5eb59f34-b109-4ad5-aac3-1c9aae605b53', 'Sun_unix*1101', 0, '9277985d-a298-426d-bc49-a4300ecd422e');
INSERT INTO `template_config` VALUES ('e6046b9c-d92f-4c7f-aa88-7c837dfc7601', '061a49c7-1b29-4d45-8fe3-02c0b8cd0fc3', '77f17a2d-9998-4728-a0c4-25e1de39cfc5', '10208bd4-baa0-49a7-8b98-0d81f7fbf58c', '53e3277c-3517-4078-a491-32b046ff5603', 'realtime-1', 0, 'bfafcb06-7210-4f5d-bd08-9f13bbdd5803');
INSERT INTO `template_config` VALUES ('e64b4c03-f337-4d78-874c-c00713a1a176', '712c5458-e120-4cfc-91ca-5f549345a7c9', '05134307-3a86-46ca-b6f0-43af2b2f0dd0', 'bb45bd20-6057-4b31-b22f-244f4d0ad00c', 'beedfee1-420a-4767-969d-3a36e930c0de', NULL, 0, NULL);
INSERT INTO `template_config` VALUES ('e6876054-89b3-493b-a94c-a0d8669c1660', '2aefe28c-f5f3-4ee9-8c7e-169ce2701344', 'd1806bf2-bfda-43b6-940e-6490b330fe17', '1846a457-311d-4578-b0a5-8471527428cf', '60af0d0a-fdad-4cac-9096-40c0d37312cf', NULL, 0, NULL);
INSERT INTO `template_config` VALUES ('e7abef9c-d479-4665-8a3a-3b17c5a07cd1', '1858487e-589a-4ea1-ac3b-2a465a508fbf', '812e72a6-4ea3-487a-b05f-9fc644130c94', 'aeb96b61-0780-4f26-a63b-bce2606cf50e', '388ce78f-b5e4-4470-a305-8a08ea1fe714', '5f8a935cd15a47419df0e07d0547551b', 0, NULL);
INSERT INTO `template_config` VALUES ('e82d4959-1d86-4584-be98-b4e0ffa4dc63', '09e282cf-255d-4552-98be-327adfa06fc4', '06239042-1059-4416-b5cb-df4744cb342f', '11ec0c20-71e9-41d3-98f4-e1002b9dab6e', '7caf8a2d-9e72-404d-b28e-5658c92baaef', 'zanalytics', 0, 'f24867c5-9e56-4337-833e-18851263f7aa');
INSERT INTO `template_config` VALUES ('e832f7f9-24fa-448e-9f79-85e6a6b86885', 'ce6073c1-27d7-4ffa-88e2-ca1ea7a9dd0b', 'f0a02eea-2bf7-4932-ac51-bd9f1febf668', '23eb08a2-7102-490b-ad59-8ef7c12c7370', 'ad76ac53-cc46-4ec8-a3d0-657bbcb5b5a2', NULL, 0, NULL);
INSERT INTO `template_config` VALUES ('e8753368-3d20-4616-8a34-dd62c9ee5259', '09e282cf-255d-4552-98be-327adfa06fc4', '06239042-1059-4416-b5cb-df4744cb342f', '11ec0c20-71e9-41d3-98f4-e1002b9dab6e', 'eb222790-223c-4095-944f-d2e2282abec8', '21050', 0, NULL);
INSERT INTO `template_config` VALUES ('e8c6398f-29d7-4677-9c80-7f8d6619570b', 'c05c29a6-7ed4-4b5c-8ddc-aeb5929ab4a0', '15d79bec-cca2-4170-b432-c4e8be93a03d', '3c4bd56f-3a83-4610-9190-eb033b0e9b74', 'd8ee73df-12c5-487b-989a-f6cefa1b541f', 'realtime-3:9004', 0, '81a854dd-3174-4d57-af15-bcf2187986bc');
INSERT INTO `template_config` VALUES ('e955f83e-6ffe-4255-9d6d-fb3117847b80', 'ade2c196-7873-479d-8213-3abbcfff0da8', '341d52ba-c6a3-4aad-b1fd-97b3d3241853', '04509a8e-a8c3-45ed-9d9e-eefcefcc1cd3', '2b9b038d-1bad-461a-aa33-6bbdc938f88d', '7', 0, NULL);
INSERT INTO `template_config` VALUES ('e9d0a969-d0de-40a9-9033-718e881a3338', 'cade69ed-085d-44b3-afd3-ab87712daa80', '9a987467-a547-4939-adfc-5bb468f6039e', 'fe2ce319-6cda-4ef8-8ba8-810306a5832a', '1e075ed8-7915-449b-a084-0769670dcdf2', '3306', 0, NULL);
INSERT INTO `template_config` VALUES ('e9d55e1b-62c7-462a-9f2b-be5638223e30', '673e2b30-15c5-43b6-bab1-4f8049cf969b', '93a056b4-1017-4d43-ae25-c991578cd360', 'db4fb351-2262-4655-bb5f-654a1e9527fc', 'f7e669aa-2041-40d1-b64c-ad289620458b', 'realtime-1:8800', 0, '2dce2165-e1ec-4e7e-aacb-c195adb24d82');
INSERT INTO `template_config` VALUES ('ea123014-e0c6-4931-a386-02de17d61644', '673e2b30-15c5-43b6-bab1-4f8049cf969b', '93a056b4-1017-4d43-ae25-c991578cd360', 'db4fb351-2262-4655-bb5f-654a1e9527fc', '942e3953-617d-41ac-abc5-58a8843fb946', 'realtime-1:18080', 0, '3a37eb06-4da1-48d8-a285-11a4e8cb74ce');
INSERT INTO `template_config` VALUES ('ea4e1176-74f6-4e35-83f7-7bf8a5591cf3', '1310de7c-272b-4dff-9795-eedbc51d576e', '2e31090d-2636-4b6a-bf97-45e883878993', '87eb2c14-97a3-4825-a8d3-bc8df72f0a47', 'e51584f8-ed71-4d72-8a13-70b8e8533add', 'zanalytics', 0, '897799fa-092b-42e3-a0c1-6d7394faea16');
INSERT INTO `template_config` VALUES ('eaa4c3bc-519d-4a61-a929-0c4a9a75bd6a', 'fdcfbe69-ed59-4a42-a544-6378679334b6', 'a51ee33a-2b77-404a-8f02-6ac9a794d8d2', '03215b85-5c1e-4a85-98ca-13051355358b', 'bf9fd493-e3f6-49a1-a4ea-e3411bbe9bb9', '9d3266fd556a4db7b9616d385f8bdf8f', 0, 'eb4da941-78bc-4b28-84fc-9120a4a2fef7');
INSERT INTO `template_config` VALUES ('eb8b4f68-f36f-4a10-80c9-1db6d8b24934', '712c5458-e120-4cfc-91ca-5f549345a7c9', '05134307-3a86-46ca-b6f0-43af2b2f0dd0', 'bb45bd20-6057-4b31-b22f-244f4d0ad00c', '65657074-4f06-4b4f-9d41-738276cc0ec8', 'realtime-1', 0, 'b2799993-d7fa-4013-82af-02c403ae791f');
INSERT INTO `template_config` VALUES ('ebb25a66-8720-461e-9953-cff3f0b57f15', '61735edb-fe39-4e03-8163-535eca0864be', 'aa108278-e058-4e13-959e-e7b250948556', 'eceaccd8-c26d-4bf1-8181-37aacb8f83ab', '2222c20d-2400-42dd-a54c-a1dcb75049b7', 'https://uba.it.pkpm.cn', 0, '76923c75-f1f6-4622-82d2-a831754cccb1');
INSERT INTO `template_config` VALUES ('ec189cc8-95f8-4fee-a700-03e571bc79b6', 'fdcfbe69-ed59-4a42-a544-6378679334b6', 'a51ee33a-2b77-404a-8f02-6ac9a794d8d2', '03215b85-5c1e-4a85-98ca-13051355358b', '8a4b7e3e-398b-43fa-844c-39540d0bc189', 'wt-weixin-topic', 0, '157c0b94-028c-49f7-a8e5-03f6886ba75c');
INSERT INTO `template_config` VALUES ('ed4c62db-ba65-4e61-bc63-534bd494379c', 'dff789ae-db8e-4208-9038-8427626b631f', 'd23878ee-66bd-4131-b4be-848ec34b04f0', '5cc13b84-f088-4abc-85fd-f66180557c62', '58e788bd-fef0-46e5-b05e-317298500d72', '9200', 0, '71774e0d-0b86-47e9-af23-c4c3c02c93c9');
INSERT INTO `template_config` VALUES ('eee24c24-c693-4d5a-92a7-0636685e61c8', 'fdcfbe69-ed59-4a42-a544-6378679334b6', 'a51ee33a-2b77-404a-8f02-6ac9a794d8d2', '03215b85-5c1e-4a85-98ca-13051355358b', '4222b60b-171a-4c42-b61d-23ef218620ae', '5', 0, NULL);
INSERT INTO `template_config` VALUES ('ef083603-cc9e-46bc-a0f1-62a7922bea94', 'de86c5dd-0f70-448e-b705-28d586741760', '13c2d518-5298-4038-bf0c-5b1f7b33857f', '9e05b52a-ef4a-490e-8820-583470454d07', '17e75c80-7d75-4cc4-89f5-d1ef58e9f9df', 'Sun_unix*1101', 0, NULL);
INSERT INTO `template_config` VALUES ('efa56cc6-0c46-4f66-97a2-19eaf905313e', '4f08ecb9-06a7-4b52-8276-d4900a9f3cf3', '14d371dd-9e28-4638-9eba-69fc53fd5301', 'b2e76719-c88b-4456-ae74-9b2cf6ccd55b', '785de81c-db52-4566-aeed-a882131cf958', 'realtime-mkt:1920', 0, '407c6b13-88c1-40b4-a99f-060f909d6068');
INSERT INTO `template_config` VALUES ('f04f65e9-5dcd-401b-bf37-059b3a8e7496', '757f873e-31a8-4860-8f88-5c3f7d982d4a', '2eb189f1-b3f3-4b9f-bc90-92a13f6676c0', '5da40f4f-383d-44e2-bf4c-15a95b6e3abd', 'a655344e-8951-4508-80c2-352d33399614', 'web', 0, NULL);
INSERT INTO `template_config` VALUES ('f16653af-6069-4ea1-a3e2-d65029db9321', '712c5458-e120-4cfc-91ca-5f549345a7c9', '05134307-3a86-46ca-b6f0-43af2b2f0dd0', 'bb45bd20-6057-4b31-b22f-244f4d0ad00c', '18630b0b-2b80-42d2-bf02-c618a4cd508e', 'realtime-1', 0, 'b2799993-d7fa-4013-82af-02c403ae791f');
INSERT INTO `template_config` VALUES ('f1b35665-8027-46c1-8a29-7cc3976c2a4c', 'ca0c677e-2317-41a7-b3dd-143b09978c9f', 'e8b22074-e4db-4346-972a-08ce231365dd', 'c53072fc-2410-43fb-9756-47793dccd972', 'b34a5e0c-b1ea-421c-9ef4-c1362c8b0db7', 'realtime-2', 0, '71fc0267-0627-4cf2-8a67-608f1bbe0861');
INSERT INTO `template_config` VALUES ('f22bdc90-a46c-416b-ac0d-5d8b5559a606', 'cade69ed-085d-44b3-afd3-ab87712daa80', '9a987467-a547-4939-adfc-5bb468f6039e', 'fe2ce319-6cda-4ef8-8ba8-810306a5832a', 'a84a4d9c-a780-4b09-9c54-36c23ededed3', 'admin', 0, 'b7258d68-61e0-4a9c-be83-446e7a15ac13');
INSERT INTO `template_config` VALUES ('f365a683-c5b3-4914-8ecc-05490d60fc41', 'ade2c196-7873-479d-8213-3abbcfff0da8', '341d52ba-c6a3-4aad-b1fd-97b3d3241853', '04509a8e-a8c3-45ed-9d9e-eefcefcc1cd3', '018973e5-e833-4af8-b6ea-e909571085ae', '/analysis/socket', 0, NULL);
INSERT INTO `template_config` VALUES ('f36cd416-1ce4-4fae-af42-d38628bcca29', 'bbaf3041-4c99-48ca-bc0a-d32bc1c4d0af', '49069253-2163-43b0-9f7c-34ac6e034131', 'cc42c252-de01-4d7d-8449-a9e6bc4d36c4', 'a3c79309-ad35-454e-b10f-e4b0dfa9447f', '/webapp/spa/', 0, NULL);
INSERT INTO `template_config` VALUES ('f3a45904-e5ba-4e4e-ab19-ed4084eb81d3', '712c5458-e120-4cfc-91ca-5f549345a7c9', '05134307-3a86-46ca-b6f0-43af2b2f0dd0', 'bb45bd20-6057-4b31-b22f-244f4d0ad00c', '0ee7f6a8-c7be-4f46-a024-3c86443f28cf', 'realtime-1:80', 0, 'cc0588ef-7729-4c39-8b26-878715e013d1');
INSERT INTO `template_config` VALUES ('f3b49a3d-279c-4243-9664-4c2f43587608', 'ade2c196-7873-479d-8213-3abbcfff0da8', '341d52ba-c6a3-4aad-b1fd-97b3d3241853', '04509a8e-a8c3-45ed-9d9e-eefcefcc1cd3', '8a6e66df-5ba5-48da-8775-2ab264450c87', '26555', 0, NULL);
INSERT INTO `template_config` VALUES ('f4420567-f491-4a0e-b6ce-37e851361b58', '67b75e31-f8d0-4854-8ed5-b5f00c3f9788', '8c16e280-2649-4008-8efb-27c35afa1dee', 'a9270716-e37e-482d-8365-91ffbdc1829e', '28a1628e-80c6-421a-9338-992ad8775b2f', '/data/localization/nginx', 0, NULL);
INSERT INTO `template_config` VALUES ('f51489da-ee2d-4a23-a3cc-af4b87d32b5e', '8200bdde-eb7d-418a-b0dd-6826e2f53ada', 'c3641de4-5575-4c5f-8d31-102a18073d5c', 'c3a84755-26b7-445b-bac7-90e7c3fe3c1a', '95157497-751b-4d81-987b-4be0fa995bab', '6379', 0, 'a198f892-a60e-4900-9f0f-dc9f54d5151b');
INSERT INTO `template_config` VALUES ('f62af45d-f269-4ddf-9d9f-9b46a99c9f55', 'b31ed00d-815c-4fde-bba2-852c69ee3c65', '1188df03-5c3d-495d-a08f-a2ec59aee730', '621e6bb8-9de9-40ed-ba92-504ebd5b3dd5', 'd9b964d5-ce35-4b75-8386-c9430a78892b', '8888', 0, NULL);
INSERT INTO `template_config` VALUES ('f6e8e6af-7127-42af-aae3-455a60dfac10', 'd8a17157-17f4-4b8e-95c1-7df1d5680e98', 'daad351c-4c67-43ab-818b-295a814efde1', '7c574068-4c8f-4bf0-8528-fdf7717d3865', 'ffe53e8e-1702-4469-84d3-c3df16bd7666', 'uba.it.pkpm.cn', 0, NULL);
INSERT INTO `template_config` VALUES ('f71de13b-9e24-4c8b-83c5-b09bb634b976', '67b75e31-f8d0-4854-8ed5-b5f00c3f9788', '8c16e280-2649-4008-8efb-27c35afa1dee', 'a9270716-e37e-482d-8365-91ffbdc1829e', 'd81b12e4-4bd5-4d8c-8535-ed9372c8c755', 'realtime-1', 0, '2b7f0714-8cc6-48d1-a0ab-d73b40c5a654');
INSERT INTO `template_config` VALUES ('f7322c20-061d-467a-ba64-708987cd78c4', '061a49c7-1b29-4d45-8fe3-02c0b8cd0fc3', '77f17a2d-9998-4728-a0c4-25e1de39cfc5', '10208bd4-baa0-49a7-8b98-0d81f7fbf58c', 'c536c228-2587-4bd3-af9a-ab5fe36c83a9', 'zanalytics', 0, '80f69ab2-ae50-42d3-bd03-9715ac4005bc');
INSERT INTO `template_config` VALUES ('f84a4392-082a-47a8-8048-cde4dd0d9b4f', '09e282cf-255d-4552-98be-327adfa06fc4', '06239042-1059-4416-b5cb-df4744cb342f', '11ec0c20-71e9-41d3-98f4-e1002b9dab6e', 'b063addf-2d54-4dcb-a7d9-f7b03399c051', 'web', 0, NULL);
INSERT INTO `template_config` VALUES ('f8c76d2d-2c61-4d06-94f0-a18d911b409c', '2aefe28c-f5f3-4ee9-8c7e-169ce2701344', 'd1806bf2-bfda-43b6-940e-6490b330fe17', '1846a457-311d-4578-b0a5-8471527428cf', '0742007d-b66c-4d8d-bd5c-94dd50a489e2', 'realtime-1:9092,realtime-2:9092,realtime-3:9092', 0, NULL);
INSERT INTO `template_config` VALUES ('f8e66c6e-6998-4411-b87e-553082e4a28b', '90e57ede-be9b-4f03-b1f0-1c9928ac4fde', 'b3dd396c-d1fa-4877-86bd-0a2bf4239324', '5e9b421a-fd97-4b8c-8115-49a70c277daa', '886a6d6c-1318-4b29-92a0-ab12d128641c', 'realtime-1:9092,realtime-2:9092,realtime-3:9092', 0, NULL);
INSERT INTO `template_config` VALUES ('fb37418e-b245-4011-8ee4-1c4020574465', '61735edb-fe39-4e03-8163-535eca0864be', 'aa108278-e058-4e13-959e-e7b250948556', 'eceaccd8-c26d-4bf1-8181-37aacb8f83ab', 'e46811b2-09f6-4e90-b939-f30d142c1a0f', 'https://uba.it.pkpm.cn', 0, '76923c75-f1f6-4622-82d2-a831754cccb1');
INSERT INTO `template_config` VALUES ('fb5ffd10-7b7f-4d0a-a714-4bf6dfbd5c98', 'ce6073c1-27d7-4ffa-88e2-ca1ea7a9dd0b', 'f0a02eea-2bf7-4932-ac51-bd9f1febf668', '23eb08a2-7102-490b-ad59-8ef7c12c7370', '5263a48e-3a49-4466-a90d-506b4f754990', 'realtime-1', 0, NULL);
INSERT INTO `template_config` VALUES ('fc4bdd5a-282c-416d-8e69-b33dd89634a2', 'd8a17157-17f4-4b8e-95c1-7df1d5680e98', 'daad351c-4c67-43ab-818b-295a814efde1', '7c574068-4c8f-4bf0-8528-fdf7717d3865', 'd3be2b06-905f-4c3a-a7f0-0046ea51a2dc', 'zanalytics', 0, NULL);
INSERT INTO `template_config` VALUES ('fcc6255b-c5f5-4a99-888e-ee4b06e5fbda', '673e2b30-15c5-43b6-bab1-4f8049cf969b', '93a056b4-1017-4d43-ae25-c991578cd360', 'db4fb351-2262-4655-bb5f-654a1e9527fc', 'dcfa945b-8745-4883-9238-c3a6158b65c0', 'realtime-1:8081', 0, '4b440abf-019e-4971-b968-813ef3af5d45');
INSERT INTO `template_config` VALUES ('fcea35ae-8058-4fe4-b944-f840f847bce6', '8200bdde-eb7d-418a-b0dd-6826e2f53ada', 'c3641de4-5575-4c5f-8d31-102a18073d5c', 'c3a84755-26b7-445b-bac7-90e7c3fe3c1a', '549c9f14-5953-4da8-9b91-3e63539d9d1d', 'Sun_unix*1101', 0, 'fb867057-ca1d-498c-95ac-d7b60794b619');
INSERT INTO `template_config` VALUES ('fd095dd5-1ee2-4490-b6c3-555e0ee1c5a5', '52431552-5f39-4a14-8128-a8b48f051300', '96ed9ead-dc43-4460-ba6e-bc0aaf102d73', '5d77ab5b-7e26-4c66-b7dd-828769ec1a26', '90974786-3ea5-4b1b-8a8a-6f380ee645d1', 'realtime-1:2182,realtime-2:2182,realtime-3:2182', 0, NULL);
INSERT INTO `template_config` VALUES ('fdaf59fd-b416-4dce-9c86-37dac8a28992', '4f08ecb9-06a7-4b52-8276-d4900a9f3cf3', '14d371dd-9e28-4638-9eba-69fc53fd5301', 'b2e76719-c88b-4456-ae74-9b2cf6ccd55b', '54fd34ed-149d-4c51-b123-06570c0c4d48', 'realtime-mkt:1922', 0, '5ed362cf-570c-45d8-b5c3-f070b3baf555');
INSERT INTO `template_config` VALUES ('fdba1a5b-6ef4-4570-a469-fcba27857d46', 'd8a17157-17f4-4b8e-95c1-7df1d5680e98', 'daad351c-4c67-43ab-818b-295a814efde1', '7c574068-4c8f-4bf0-8528-fdf7717d3865', 'ebeb24a5-9f5c-4555-a30c-8c85fb9375d0', 'realtime-1:80', 0, NULL);
INSERT INTO `template_config` VALUES ('ff67d993-52ca-4cf7-a91f-6a6ad1a23c95', '3a0c0e53-1f51-48cc-be59-3c32845cd1eb', '00cc8ece-2c9f-4296-8dc5-2a6cffc88ed1', '724fb332-fcde-4623-8cf6-f220504f367c', 'e0350672-8c94-46f9-a4eb-2740f3b8629c', 'realtime-1', 0, '4d58e5e4-1497-4285-9ad4-f1a23db16c4a');
COMMIT;

-- ----------------------------
-- Table structure for template_global_config
-- ----------------------------
DROP TABLE IF EXISTS `template_global_config`;
CREATE TABLE `template_global_config` (
  `id` varchar(50) NOT NULL DEFAULT '',
  `name` varchar(50) DEFAULT NULL COMMENT '名称',
  `description` varchar(50) CHARACTER SET utf8 COLLATE utf8_general_ci DEFAULT NULL COMMENT '描述',
  `template_id` varchar(50) DEFAULT NULL COMMENT '模板id',
  `template_version_id` varchar(50) DEFAULT NULL COMMENT '模板版本id',
  `target_value` text CHARACTER SET utf8 COLLATE utf8_general_ci COMMENT '默认值',
  `is_hidden` tinyint(1) NOT NULL DEFAULT '0' COMMENT '是否隐藏配置项',
  `type` int DEFAULT NULL COMMENT '配置类型',
  PRIMARY KEY (`id`),
  KEY `template_version_id` (`template_version_id`),
  KEY `template_id` (`template_id`),
  CONSTRAINT `template_source_config_ibfk_1` FOREIGN KEY (`template_version_id`) REFERENCES `template_version` (`id`),
  CONSTRAINT `template_source_config_ibfk_2` FOREIGN KEY (`template_id`) REFERENCES `template` (`id`)
) ENGINE=InnoDB DEFAULT CHARSET=utf8mb3 COMMENT='模板中全局配置信息';

-- ----------------------------
-- Records of template_global_config
-- ----------------------------
BEGIN;
INSERT INTO `template_global_config` VALUES ('00c67fbe-e9ad-44d9-a024-547c95b4e45a', '3306', '3306', '62b44e7b-90b7-48ec-8a2b-763e44ee3cdb', '740ed81d-34c0-49ec-a680-68e26bb85427', '3306', 0, 0);
INSERT INTO `template_global_config` VALUES ('04f1d349-a8ec-47b7-bce0-5aa950dd4a14', 'realtime-1', 'realtime-1', '62b44e7b-90b7-48ec-8a2b-763e44ee3cdb', '740ed81d-34c0-49ec-a680-68e26bb85427', 'realtime-1', 0, 0);
INSERT INTO `template_global_config` VALUES ('0750403d-6981-444d-82ee-97026555db28', 'realtime-1', 'realtime-1', '1310de7c-272b-4dff-9795-eedbc51d576e', '2e31090d-2636-4b6a-bf97-45e883878993', 'realtime-1', 0, 0);
INSERT INTO `template_global_config` VALUES ('08385545-960c-49a2-8b60-18bdee9d5eaf', '数据分析', '数据分析', 'bbaf3041-4c99-48ca-bc0a-d32bc1c4d0af', '49069253-2163-43b0-9f7c-34ac6e034131', '数据分析', 0, 0);
INSERT INTO `template_global_config` VALUES ('1225d1e0-d04c-4aab-ac14-47086e0da96d', 'zanalytics', 'zanalytics', '3a0c0e53-1f51-48cc-be59-3c32845cd1eb', '00cc8ece-2c9f-4296-8dc5-2a6cffc88ed1', 'zanalytics', 0, 0);
INSERT INTO `template_global_config` VALUES ('13a55d68-dadf-447d-b933-1a9765f41533', 'zanalytics', 'zanalytics', '8200bdde-eb7d-418a-b0dd-6826e2f53ada', 'c3641de4-5575-4c5f-8d31-102a18073d5c', 'zanalytics', 0, 0);
INSERT INTO `template_global_config` VALUES ('15655edc-edf9-4bd6-850a-63cff57889f4', 'realtime-mkt:1926', 'realtime-mkt:1926', '4f08ecb9-06a7-4b52-8276-d4900a9f3cf3', '14d371dd-9e28-4638-9eba-69fc53fd5301', 'realtime-mkt:1926', 0, 0);
INSERT INTO `template_global_config` VALUES ('157c0b94-028c-49f7-a8e5-03f6886ba75c', 'wt-weixin-topic', 'wt-weixin-topic', 'fdcfbe69-ed59-4a42-a544-6378679334b6', 'a51ee33a-2b77-404a-8f02-6ac9a794d8d2', 'wt-weixin-topic', 0, 0);
INSERT INTO `template_global_config` VALUES ('1b8253b1-bd49-4e63-a7b5-f3e73caa9a8e', 'realtime-1:7715', 'realtime-1:7715', '673e2b30-15c5-43b6-bab1-4f8049cf969b', '93a056b4-1017-4d43-ae25-c991578cd360', 'realtime-1:7715', 0, 0);
INSERT INTO `template_global_config` VALUES ('2401a3e5-376a-4759-afd6-b09e0e4fc9f4', 'realtime-mkt:1924', 'realtime-mkt:1924', '4f08ecb9-06a7-4b52-8276-d4900a9f3cf3', '14d371dd-9e28-4638-9eba-69fc53fd5301', 'realtime-mkt:1924', 0, 0);
INSERT INTO `template_global_config` VALUES ('288d933f-089c-4358-ae8c-7707426f9641', '/webapp/', '/webapp/', 'bbaf3041-4c99-48ca-bc0a-d32bc1c4d0af', '49069253-2163-43b0-9f7c-34ac6e034131', '/webapp/', 0, 0);
INSERT INTO `template_global_config` VALUES ('2b28afbe-3555-4fe4-84ac-7dd2f78ae003', 'realtime-mkt:1927', 'realtime-mkt:1927', '4f08ecb9-06a7-4b52-8276-d4900a9f3cf3', '14d371dd-9e28-4638-9eba-69fc53fd5301', 'realtime-mkt:1927', 0, 0);
INSERT INTO `template_global_config` VALUES ('2b433eb8-6b29-488e-8640-d2509adb1f45', 'web', 'web', 'fdcfbe69-ed59-4a42-a544-6378679334b6', 'a51ee33a-2b77-404a-8f02-6ac9a794d8d2', 'web', 0, 0);
INSERT INTO `template_global_config` VALUES ('2b7f0714-8cc6-48d1-a0ab-d73b40c5a654', 'realtime-1', 'realtime-1', '67b75e31-f8d0-4854-8ed5-b5f00c3f9788', '8c16e280-2649-4008-8efb-27c35afa1dee', 'realtime-1', 0, 0);
INSERT INTO `template_global_config` VALUES ('2bc87915-67ab-425c-bdb3-0b6817e96366', 'web', 'web', '67b75e31-f8d0-4854-8ed5-b5f00c3f9788', '8c16e280-2649-4008-8efb-27c35afa1dee', 'web', 0, 0);
INSERT INTO `template_global_config` VALUES ('2dc405a9-6944-422c-8db5-921c89611c1b', 'realtime-1:9003', 'realtime-1:9003', '673e2b30-15c5-43b6-bab1-4f8049cf969b', '93a056b4-1017-4d43-ae25-c991578cd360', 'realtime-1:9003', 0, 0);
INSERT INTO `template_global_config` VALUES ('2dce2165-e1ec-4e7e-aacb-c195adb24d82', 'realtime-1:8800', 'realtime-1:8800', '673e2b30-15c5-43b6-bab1-4f8049cf969b', '93a056b4-1017-4d43-ae25-c991578cd360', 'realtime-1:8800', 0, 0);
INSERT INTO `template_global_config` VALUES ('3a37eb06-4da1-48d8-a285-11a4e8cb74ce', 'realtime-1:18080', 'realtime-1:18080', '673e2b30-15c5-43b6-bab1-4f8049cf969b', '93a056b4-1017-4d43-ae25-c991578cd360', 'realtime-1:18080', 0, 0);
INSERT INTO `template_global_config` VALUES ('3af4ec29-9851-441f-b65d-e9077f790f68', 'realtime-1', 'realtime-1', 'fdcfbe69-ed59-4a42-a544-6378679334b6', 'a51ee33a-2b77-404a-8f02-6ac9a794d8d2', 'realtime-1', 0, 0);
INSERT INTO `template_global_config` VALUES ('3b948007-0a9c-4050-97f7-18882976675b', 'realtime-1:80', 'realtime-1:80', 'fdcfbe69-ed59-4a42-a544-6378679334b6', 'a51ee33a-2b77-404a-8f02-6ac9a794d8d2', 'realtime-1:80', 0, 0);
INSERT INTO `template_global_config` VALUES ('3fca43e5-dfaf-44fb-98fa-5bb6f2977c06', 'false', 'false', 'bbaf3041-4c99-48ca-bc0a-d32bc1c4d0af', '49069253-2163-43b0-9f7c-34ac6e034131', 'false', 0, 0);
INSERT INTO `template_global_config` VALUES ('407c6b13-88c1-40b4-a99f-060f909d6068', 'realtime-mkt:1920', 'realtime-mkt:1920', '4f08ecb9-06a7-4b52-8276-d4900a9f3cf3', '14d371dd-9e28-4638-9eba-69fc53fd5301', 'realtime-mkt:1920', 0, 0);
INSERT INTO `template_global_config` VALUES ('40d13f55-1e64-4425-8f25-cd2d73e738c8', '0', '0', 'bbaf3041-4c99-48ca-bc0a-d32bc1c4d0af', '49069253-2163-43b0-9f7c-34ac6e034131', '0', 0, 0);
INSERT INTO `template_global_config` VALUES ('42cc32a4-4277-4cee-8ce3-fc3737dc5d70', 'realtime-1:16688', 'realtime-1:16688', '673e2b30-15c5-43b6-bab1-4f8049cf969b', '93a056b4-1017-4d43-ae25-c991578cd360', 'realtime-1:16688', 0, 0);
INSERT INTO `template_global_config` VALUES ('4300dbe4-5636-45ed-8f47-622c9870eb86', 'zanalytics', 'zanalytics', '712c5458-e120-4cfc-91ca-5f549345a7c9', '05134307-3a86-46ca-b6f0-43af2b2f0dd0', 'zanalytics', 0, 0);
INSERT INTO `template_global_config` VALUES ('4346aaa9-df32-4dac-90d0-37bf7043343b', 'https://uba.it.pkpm.cn', 'https://uba.it.pkpm.cn', 'fdcfbe69-ed59-4a42-a544-6378679334b6', 'a51ee33a-2b77-404a-8f02-6ac9a794d8d2', 'https://uba.it.pkpm.cn', 0, 0);
INSERT INTO `template_global_config` VALUES ('4665fcff-ebd4-48de-a59a-c7d9697e20d3', 'zanalytics', 'zanalytics', '62b44e7b-90b7-48ec-8a2b-763e44ee3cdb', '740ed81d-34c0-49ec-a680-68e26bb85427', 'zanalytics', 0, 0);
INSERT INTO `template_global_config` VALUES ('49dbb456-f48d-4b48-b95e-dcb397e9b1c0', 'realtime-2:7713', 'realtime-2:7713', '673e2b30-15c5-43b6-bab1-4f8049cf969b', '93a056b4-1017-4d43-ae25-c991578cd360', 'realtime-2:7713', 0, 0);
INSERT INTO `template_global_config` VALUES ('4a0e74d9-4c5c-4e6c-b1dc-db445873e47b', 'https://uba.it.pkpm.cn', 'https://uba.it.pkpm.cn', 'bbaf3041-4c99-48ca-bc0a-d32bc1c4d0af', '49069253-2163-43b0-9f7c-34ac6e034131', 'https://uba.it.pkpm.cn', 0, 0);
INSERT INTO `template_global_config` VALUES ('4b440abf-019e-4971-b968-813ef3af5d45', 'realtime-1:8081', 'realtime-1:8081', '673e2b30-15c5-43b6-bab1-4f8049cf969b', '93a056b4-1017-4d43-ae25-c991578cd360', 'realtime-1:8081', 0, 0);
INSERT INTO `template_global_config` VALUES ('4d58e5e4-1497-4285-9ad4-f1a23db16c4a', 'realtime-1', 'realtime-1', '3a0c0e53-1f51-48cc-be59-3c32845cd1eb', '00cc8ece-2c9f-4296-8dc5-2a6cffc88ed1', 'realtime-1', 0, 0);
INSERT INTO `template_global_config` VALUES ('4f03432a-5f8e-4e1f-a702-a1e87c4737ca', 'realtime-1', 'realtime-1', '8200bdde-eb7d-418a-b0dd-6826e2f53ada', 'c3641de4-5575-4c5f-8d31-102a18073d5c', 'realtime-1', 0, 0);
INSERT INTO `template_global_config` VALUES ('4f4c3c92-0643-4073-bad0-1287c6d1b318', 'realtime-1', 'realtime-1', 'b31ed00d-815c-4fde-bba2-852c69ee3c65', '1188df03-5c3d-495d-a08f-a2ec59aee730', 'realtime-1', 0, 0);
INSERT INTO `template_global_config` VALUES ('505e60b8-909a-4ee2-bb36-de060df76588', 'realtime-2', 'realtime-2', 'b31ed00d-815c-4fde-bba2-852c69ee3c65', '1188df03-5c3d-495d-a08f-a2ec59aee730', 'realtime-2', 0, 0);
INSERT INTO `template_global_config` VALUES ('51894e2c-fb35-443f-aa88-ba907ec8b79c', 'realtime-1:18080', 'realtime-1:18080', 'c05c29a6-7ed4-4b5c-8ddc-aeb5929ab4a0', '15d79bec-cca2-4170-b432-c4e8be93a03d', 'realtime-1:18080', 0, 0);
INSERT INTO `template_global_config` VALUES ('51957058-4d73-4ada-b717-12f216ef8e52', 'zanalytics', 'zanalytics', 'e332b439-3cd8-41c1-b072-979ef6d598e3', '4c3f766a-818c-4f42-a543-9ff7b7b942b5', 'zanalytics', 0, 0);
INSERT INTO `template_global_config` VALUES ('5310fde2-514d-472f-97a0-b02a4739e64b', 'realtime-1:9092,realtime-2:9092,realtime-3:9092', 'realtime-1:9092,realtime-2:9092,realtime-3:9092', 'fdcfbe69-ed59-4a42-a544-6378679334b6', 'a51ee33a-2b77-404a-8f02-6ac9a794d8d2', 'realtime-1:9092,realtime-2:9092,realtime-3:9092', 0, 0);
INSERT INTO `template_global_config` VALUES ('53ecbec4-e3c8-47bb-ae66-b5ef65f2c41b', 'realtime-mkt:1923', 'realtime-mkt:1923', '4f08ecb9-06a7-4b52-8276-d4900a9f3cf3', '14d371dd-9e28-4638-9eba-69fc53fd5301', 'realtime-mkt:1923', 0, 0);
INSERT INTO `template_global_config` VALUES ('55ac2110-e932-4738-be5e-28ac3eadedf2', 'realtime-2', 'realtime-2', 'e332b439-3cd8-41c1-b072-979ef6d598e3', '4c3f766a-818c-4f42-a543-9ff7b7b942b5', 'realtime-2', 0, 0);
INSERT INTO `template_global_config` VALUES ('59eeae5f-6bdf-4330-af94-8862361ac7fb', 'Sun_unix*1101', 'Sun_unix*1101', '712c5458-e120-4cfc-91ca-5f549345a7c9', '05134307-3a86-46ca-b6f0-43af2b2f0dd0', 'Sun_unix*1101', 0, 0);
INSERT INTO `template_global_config` VALUES ('5ed362cf-570c-45d8-b5c3-f070b3baf555', 'realtime-mkt:1922', 'realtime-mkt:1922', '4f08ecb9-06a7-4b52-8276-d4900a9f3cf3', '14d371dd-9e28-4638-9eba-69fc53fd5301', 'realtime-mkt:1922', 0, 0);
INSERT INTO `template_global_config` VALUES ('625648a2-65a9-493c-baba-927b93612058', 'admin', 'admin', '67b75e31-f8d0-4854-8ed5-b5f00c3f9788', '8c16e280-2649-4008-8efb-27c35afa1dee', 'admin', 0, 0);
INSERT INTO `template_global_config` VALUES ('63e51c0f-e19c-4544-92d5-6d7c814f89f7', 'realtime-2', 'realtime-2', '712c5458-e120-4cfc-91ca-5f549345a7c9', '05134307-3a86-46ca-b6f0-43af2b2f0dd0', 'realtime-2', 0, 0);
INSERT INTO `template_global_config` VALUES ('6c1728f5-af40-4b8a-ad04-baa8dd7304dd', 'admin', 'admin', '09e282cf-255d-4552-98be-327adfa06fc4', '06239042-1059-4416-b5cb-df4744cb342f', 'admin', 0, 0);
INSERT INTO `template_global_config` VALUES ('6ef7bc72-f517-4767-9a5d-6b374a2db557', 'zanalytics', 'zanalytics', 'fdcfbe69-ed59-4a42-a544-6378679334b6', 'a51ee33a-2b77-404a-8f02-6ac9a794d8d2', 'zanalytics', 0, 0);
INSERT INTO `template_global_config` VALUES ('6f7a094a-1957-4ffa-91ea-43035de3e13e', 'realtime-2:7808', 'realtime-2:7808', '673e2b30-15c5-43b6-bab1-4f8049cf969b', '93a056b4-1017-4d43-ae25-c991578cd360', 'realtime-2:7808', 0, 0);
INSERT INTO `template_global_config` VALUES ('70ca3e01-abd9-4fad-9b13-4809551e1e4a', 'web', 'web', '061a49c7-1b29-4d45-8fe3-02c0b8cd0fc3', '77f17a2d-9998-4728-a0c4-25e1de39cfc5', 'web', 0, 0);
INSERT INTO `template_global_config` VALUES ('71774e0d-0b86-47e9-af23-c4c3c02c93c9', '9200', '9200', 'dff789ae-db8e-4208-9038-8427626b631f', 'd23878ee-66bd-4131-b4be-848ec34b04f0', '9200', 0, 0);
INSERT INTO `template_global_config` VALUES ('71fc0267-0627-4cf2-8a67-608f1bbe0861', 'realtime-2', 'realtime-2', 'ca0c677e-2317-41a7-b3dd-143b09978c9f', 'e8b22074-e4db-4346-972a-08ce231365dd', 'realtime-2', 0, 0);
INSERT INTO `template_global_config` VALUES ('76923c75-f1f6-4622-82d2-a831754cccb1', 'https://uba.it.pkpm.cn', 'https://uba.it.pkpm.cn', '61735edb-fe39-4e03-8163-535eca0864be', 'aa108278-e058-4e13-959e-e7b250948556', 'https://uba.it.pkpm.cn', 0, 0);
INSERT INTO `template_global_config` VALUES ('7b4dbc40-4b4f-42e0-bf19-86ca0d72f97d', 'web', 'web', '3a0c0e53-1f51-48cc-be59-3c32845cd1eb', '00cc8ece-2c9f-4296-8dc5-2a6cffc88ed1', 'web', 0, 0);
INSERT INTO `template_global_config` VALUES ('80f69ab2-ae50-42d3-bd03-9715ac4005bc', 'zanalytics', 'zanalytics', '061a49c7-1b29-4d45-8fe3-02c0b8cd0fc3', '77f17a2d-9998-4728-a0c4-25e1de39cfc5', 'zanalytics', 0, 0);
INSERT INTO `template_global_config` VALUES ('81497aaa-8a73-4064-b379-eb9a1072125f', 'realtime-1:8080', 'realtime-1:8080', 'c05c29a6-7ed4-4b5c-8ddc-aeb5929ab4a0', '15d79bec-cca2-4170-b432-c4e8be93a03d', 'realtime-1:8080', 0, 0);
INSERT INTO `template_global_config` VALUES ('81a854dd-3174-4d57-af15-bcf2187986bc', 'realtime-3:9004', 'realtime-3:9004', 'c05c29a6-7ed4-4b5c-8ddc-aeb5929ab4a0', '15d79bec-cca2-4170-b432-c4e8be93a03d', 'realtime-3:9004', 0, 0);
INSERT INTO `template_global_config` VALUES ('851a7163-d380-4af2-a2e8-f149d3d22274', 'realtime-1:9003', 'realtime-1:9003', 'c05c29a6-7ed4-4b5c-8ddc-aeb5929ab4a0', '15d79bec-cca2-4170-b432-c4e8be93a03d', 'realtime-1:9003', 0, 0);
INSERT INTO `template_global_config` VALUES ('87aff597-6cc2-4e1f-9ad2-03b3ccb2ef91', 'realtime-2', 'realtime-2', '2aefe28c-f5f3-4ee9-8c7e-169ce2701344', 'd1806bf2-bfda-43b6-940e-6490b330fe17', 'realtime-2', 0, 0);
INSERT INTO `template_global_config` VALUES ('87c300cf-5895-4d9f-b26e-605b607dad85', 'realtime-1', 'realtime-1', 'e332b439-3cd8-41c1-b072-979ef6d598e3', '4c3f766a-818c-4f42-a543-9ff7b7b942b5', 'realtime-1', 0, 0);
INSERT INTO `template_global_config` VALUES ('897799fa-092b-42e3-a0c1-6d7394faea16', 'zanalytics', 'zanalytics', '1310de7c-272b-4dff-9795-eedbc51d576e', '2e31090d-2636-4b6a-bf97-45e883878993', 'zanalytics', 0, 0);
INSERT INTO `template_global_config` VALUES ('89b17ed5-78e1-402e-bae1-e1cadfb4c79f', 'realtime-1', 'realtime-1', 'dff789ae-db8e-4208-9038-8427626b631f', 'd23878ee-66bd-4131-b4be-848ec34b04f0', 'realtime-1', 0, 0);
INSERT INTO `template_global_config` VALUES ('903ab6da-19eb-4ac1-9f47-620022c601a7', 'zanalytics', 'zanalytics', '67b75e31-f8d0-4854-8ed5-b5f00c3f9788', '8c16e280-2649-4008-8efb-27c35afa1dee', 'zanalytics', 0, 0);
INSERT INTO `template_global_config` VALUES ('9277985d-a298-426d-bc49-a4300ecd422e', 'Sun_unix*1101', 'Sun_unix*1101', 'fdcfbe69-ed59-4a42-a544-6378679334b6', 'a51ee33a-2b77-404a-8f02-6ac9a794d8d2', 'Sun_unix*1101', 0, 0);
INSERT INTO `template_global_config` VALUES ('96225239-040d-4e41-ac02-b74b0714b191', 'http://realtime-2:8882', 'http://realtime-2:8882', 'fdcfbe69-ed59-4a42-a544-6378679334b6', 'a51ee33a-2b77-404a-8f02-6ac9a794d8d2', 'http://realtime-2:8882', 0, 0);
INSERT INTO `template_global_config` VALUES ('9b48c343-d3e0-470c-8e2f-90893676f3e2', 'realtime-2:7808', 'realtime-2:7808', 'c05c29a6-7ed4-4b5c-8ddc-aeb5929ab4a0', '15d79bec-cca2-4170-b432-c4e8be93a03d', 'realtime-2:7808', 0, 0);
INSERT INTO `template_global_config` VALUES ('a198f892-a60e-4900-9f0f-dc9f54d5151b', '6379', '6379', '8200bdde-eb7d-418a-b0dd-6826e2f53ada', 'c3641de4-5575-4c5f-8d31-102a18073d5c', '6379', 0, 0);
INSERT INTO `template_global_config` VALUES ('a2d9b605-3f38-4bf8-a4b4-49c299d90087', '3306', '3306', '8200bdde-eb7d-418a-b0dd-6826e2f53ada', 'c3641de4-5575-4c5f-8d31-102a18073d5c', '3306', 0, 0);
INSERT INTO `template_global_config` VALUES ('a3a10e0f-77c6-4534-b42f-8b0fe94a3823', 'realtime-1:7715', 'realtime-1:7715', 'c05c29a6-7ed4-4b5c-8ddc-aeb5929ab4a0', '15d79bec-cca2-4170-b432-c4e8be93a03d', 'realtime-1:7715', 0, 0);
INSERT INTO `template_global_config` VALUES ('a3db29c4-c2b4-4386-9de7-a28434a52c32', 'realtime-1:7713', 'realtime-1:7713', 'c05c29a6-7ed4-4b5c-8ddc-aeb5929ab4a0', '15d79bec-cca2-4170-b432-c4e8be93a03d', 'realtime-1:7713', 0, 0);
INSERT INTO `template_global_config` VALUES ('a848a1b2-c64f-47f4-8755-bc060565ace2', 'realtime-2:7713', 'realtime-2:7713', 'c05c29a6-7ed4-4b5c-8ddc-aeb5929ab4a0', '15d79bec-cca2-4170-b432-c4e8be93a03d', 'realtime-2:7713', 0, 0);
INSERT INTO `template_global_config` VALUES ('ac2a7ff9-129c-441d-812d-5b9a61e581ef', 'realtime-1', 'realtime-1', 'ade2c196-7873-479d-8213-3abbcfff0da8', '341d52ba-c6a3-4aad-b1fd-97b3d3241853', 'realtime-1', 0, 0);
INSERT INTO `template_global_config` VALUES ('b0077993-b7e5-4d3b-b9a3-ea3f12ef7403', 'realtime-2', 'realtime-2', 'dff789ae-db8e-4208-9038-8427626b631f', 'd23878ee-66bd-4131-b4be-848ec34b04f0', 'realtime-2', 0, 0);
INSERT INTO `template_global_config` VALUES ('b1167c4c-67c6-4673-bfed-ecf40073bd97', 'realtime-1', 'realtime-1', 'd8a17157-17f4-4b8e-95c1-7df1d5680e98', 'daad351c-4c67-43ab-818b-295a814efde1', 'realtime-1', 0, 0);
INSERT INTO `template_global_config` VALUES ('b1c3d137-cbbc-45ce-a284-5c9d9a65a58e', 'realtime-3:9004', 'realtime-3:9004', '673e2b30-15c5-43b6-bab1-4f8049cf969b', '93a056b4-1017-4d43-ae25-c991578cd360', 'realtime-3:9004', 0, 0);
INSERT INTO `template_global_config` VALUES ('b2799993-d7fa-4013-82af-02c403ae791f', 'realtime-1', 'realtime-1', '712c5458-e120-4cfc-91ca-5f549345a7c9', '05134307-3a86-46ca-b6f0-43af2b2f0dd0', 'realtime-1', 0, 0);
INSERT INTO `template_global_config` VALUES ('b33aaf90-895e-421d-8879-c056e37ff5d4', 'realtime-1', 'realtime-1', 'cade69ed-085d-44b3-afd3-ab87712daa80', '9a987467-a547-4939-adfc-5bb468f6039e', 'realtime-1', 0, 0);
INSERT INTO `template_global_config` VALUES ('b4eb9cd8-3bde-4bc1-b9fe-cabccef30632', 'true', 'true', '5b419fac-520a-4a40-b17c-3dbf93567074', 'c0cafa59-34cb-4bef-ad02-fca1b2a6507d', 'true', 0, 0);
INSERT INTO `template_global_config` VALUES ('b6429633-6db8-4175-b0df-d6ea78d1a041', 'admin', 'admin', '62b44e7b-90b7-48ec-8a2b-763e44ee3cdb', '740ed81d-34c0-49ec-a680-68e26bb85427', 'admin', 0, 0);
INSERT INTO `template_global_config` VALUES ('b7258d68-61e0-4a9c-be83-446e7a15ac13', 'admin', 'admin', 'cade69ed-085d-44b3-afd3-ab87712daa80', '9a987467-a547-4939-adfc-5bb468f6039e', 'admin', 0, 0);
INSERT INTO `template_global_config` VALUES ('b960ab1a-0b3e-46ff-ad59-8b016e48fff2', 'realtime-1', 'realtime-1', '287fa186-08c1-49d8-ade8-6ee8c560b9a6', '7d0383e3-5a02-4f04-be2f-8c75d9c18afb', 'realtime-1', 0, 0);
INSERT INTO `template_global_config` VALUES ('bfafcb06-7210-4f5d-bd08-9f13bbdd5803', 'realtime-1', 'realtime-1', '061a49c7-1b29-4d45-8fe3-02c0b8cd0fc3', '77f17a2d-9998-4728-a0c4-25e1de39cfc5', 'realtime-1', 0, 0);
INSERT INTO `template_global_config` VALUES ('c23a50ed-3d94-4f96-8b31-7298354693a1', 'realtime-1:8800', 'realtime-1:8800', 'c05c29a6-7ed4-4b5c-8ddc-aeb5929ab4a0', '15d79bec-cca2-4170-b432-c4e8be93a03d', 'realtime-1:8800', 0, 0);
INSERT INTO `template_global_config` VALUES ('c50f0168-43ba-40d6-87a8-2a1d9009fc0b', '9200', '9200', 'e332b439-3cd8-41c1-b072-979ef6d598e3', '4c3f766a-818c-4f42-a543-9ff7b7b942b5', '9200', 0, 0);
INSERT INTO `template_global_config` VALUES ('c5299c90-e88c-46ff-814d-49b66ac8d5fc', '26480', '26480', 'fdcfbe69-ed59-4a42-a544-6378679334b6', 'a51ee33a-2b77-404a-8f02-6ac9a794d8d2', '26480', 0, 0);
INSERT INTO `template_global_config` VALUES ('c72771de-e4a9-4609-96a8-efdf323e4a46', 'true', 'true', 'bbaf3041-4c99-48ca-bc0a-d32bc1c4d0af', '49069253-2163-43b0-9f7c-34ac6e034131', 'true', 0, 0);
INSERT INTO `template_global_config` VALUES ('c8265186-5895-4565-a982-25a10dc0f63c', 'realtime-1', 'realtime-1', '09e282cf-255d-4552-98be-327adfa06fc4', '06239042-1059-4416-b5cb-df4744cb342f', 'realtime-1', 0, 0);
INSERT INTO `template_global_config` VALUES ('cc0588ef-7729-4c39-8b26-878715e013d1', 'realtime-1:80', 'realtime-1:80', '712c5458-e120-4cfc-91ca-5f549345a7c9', '05134307-3a86-46ca-b6f0-43af2b2f0dd0', 'realtime-1:80', 0, 0);
INSERT INTO `template_global_config` VALUES ('cf5eee76-daec-4b8b-8d65-4b7cbafac9a3', 'realtime-1:8081', 'realtime-1:8081', 'c05c29a6-7ed4-4b5c-8ddc-aeb5929ab4a0', '15d79bec-cca2-4170-b432-c4e8be93a03d', 'realtime-1:8081', 0, 0);
INSERT INTO `template_global_config` VALUES ('d04a1cc6-35a5-4846-9316-25fbd5f39208', 'realtime-1:7713', 'realtime-1:7713', '673e2b30-15c5-43b6-bab1-4f8049cf969b', '93a056b4-1017-4d43-ae25-c991578cd360', 'realtime-1:7713', 0, 0);
INSERT INTO `template_global_config` VALUES ('db0eff64-adab-410c-86a0-7ba9f70f1d4d', 'admin', 'admin', 'e332b439-3cd8-41c1-b072-979ef6d598e3', '4c3f766a-818c-4f42-a543-9ff7b7b942b5', 'admin', 0, 0);
INSERT INTO `template_global_config` VALUES ('dc537d46-fa1c-47f7-9284-7b33efc2fb87', 'zanalytics', 'zanalytics', 'b31ed00d-815c-4fde-bba2-852c69ee3c65', '1188df03-5c3d-495d-a08f-a2ec59aee730', 'zanalytics', 0, 0);
INSERT INTO `template_global_config` VALUES ('df074425-3712-4db4-b1b2-56dba08d4943', 'realtime-1:8080', 'realtime-1:8080', '673e2b30-15c5-43b6-bab1-4f8049cf969b', '93a056b4-1017-4d43-ae25-c991578cd360', 'realtime-1:8080', 0, 0);
INSERT INTO `template_global_config` VALUES ('e967459d-e43b-4394-9223-69eebf6d1c2c', 'realtime-1:16688', 'realtime-1:16688', 'c05c29a6-7ed4-4b5c-8ddc-aeb5929ab4a0', '15d79bec-cca2-4170-b432-c4e8be93a03d', 'realtime-1:16688', 0, 0);
INSERT INTO `template_global_config` VALUES ('eb4da941-78bc-4b28-84fc-9120a4a2fef7', '9d3266fd556a4db7b9616d385f8bdf8f', '9d3266fd556a4db7b9616d385f8bdf8f', 'fdcfbe69-ed59-4a42-a544-6378679334b6', 'a51ee33a-2b77-404a-8f02-6ac9a794d8d2', '9d3266fd556a4db7b9616d385f8bdf8f', 0, 0);
INSERT INTO `template_global_config` VALUES ('ed6a4251-0e18-40db-b3b8-df4ebaa54860', 'realtime-3', 'realtime-3', '712c5458-e120-4cfc-91ca-5f549345a7c9', '05134307-3a86-46ca-b6f0-43af2b2f0dd0', 'realtime-3', 0, 0);
INSERT INTO `template_global_config` VALUES ('f24867c5-9e56-4337-833e-18851263f7aa', 'zanalytics', 'zanalytics', '09e282cf-255d-4552-98be-327adfa06fc4', '06239042-1059-4416-b5cb-df4744cb342f', 'zanalytics', 0, 0);
INSERT INTO `template_global_config` VALUES ('f3b1a083-abfe-41e1-9bc2-4a1b3279843b', 'https://weixin.zhugeio.com', 'https://weixin.zhugeio.com', 'fdcfbe69-ed59-4a42-a544-6378679334b6', 'a51ee33a-2b77-404a-8f02-6ac9a794d8d2', 'https://weixin.zhugeio.com', 0, 0);
INSERT INTO `template_global_config` VALUES ('f4f30a72-dce4-42ff-afb0-0708f510878c', 'realtime-mkt:1925', 'realtime-mkt:1925', '4f08ecb9-06a7-4b52-8276-d4900a9f3cf3', '14d371dd-9e28-4638-9eba-69fc53fd5301', 'realtime-mkt:1925', 0, 0);
INSERT INTO `template_global_config` VALUES ('f4ff73db-c68a-44c9-bfd1-03c1beb1d48b', 'admin', 'admin', 'b31ed00d-815c-4fde-bba2-852c69ee3c65', '1188df03-5c3d-495d-a08f-a2ec59aee730', 'admin', 0, 0);
INSERT INTO `template_global_config` VALUES ('f6580bca-55d8-445f-84b4-ecfb7c36dfc8', '3306', '3306', 'fdcfbe69-ed59-4a42-a544-6378679334b6', 'a51ee33a-2b77-404a-8f02-6ac9a794d8d2', '3306', 0, 0);
INSERT INTO `template_global_config` VALUES ('f7c9d723-c6ba-44c0-8383-54de4e59f71f', 'zanalytics', 'zanalytics', 'cade69ed-085d-44b3-afd3-ab87712daa80', '9a987467-a547-4939-adfc-5bb468f6039e', 'zanalytics', 0, 0);
INSERT INTO `template_global_config` VALUES ('fb867057-ca1d-498c-95ac-d7b60794b619', 'Sun_unix*1101', 'Sun_unix*1101', '8200bdde-eb7d-418a-b0dd-6826e2f53ada', 'c3641de4-5575-4c5f-8d31-102a18073d5c', 'Sun_unix*1101', 0, 0);
INSERT INTO `template_global_config` VALUES ('feab4636-dc54-4e75-b348-3ca5b779804d', 'admin', 'admin', '061a49c7-1b29-4d45-8fe3-02c0b8cd0fc3', '77f17a2d-9998-4728-a0c4-25e1de39cfc5', 'admin', 0, 0);
COMMIT;

-- ----------------------------
-- Table structure for template_version
-- ----------------------------
DROP TABLE IF EXISTS `template_version`;
CREATE TABLE `template_version` (
  `id` varchar(50) NOT NULL DEFAULT '' COMMENT '模板版本id',
  `template_id` varchar(50) DEFAULT NULL COMMENT '模板id',
  `description` varchar(200) DEFAULT NULL COMMENT '版本描述',
  `version` varchar(50) DEFAULT NULL COMMENT '模板版本号',
  `status` int NOT NULL DEFAULT '1' COMMENT '版本状态：0：废弃；1：正常；',
  `publish_time` timestamp NULL DEFAULT NULL COMMENT '版本发布时间',
  `readme_doc` text COMMENT '说明文档',
  `build_doc` text COMMENT '部署文档',
  `update_doc` text COMMENT '更新文档',
  `public_type` int DEFAULT NULL COMMENT '0 发布git 1 下载',
  PRIMARY KEY (`id`),
  KEY `template_id` (`template_id`),
  CONSTRAINT `template_version_ibfk_3` FOREIGN KEY (`template_id`) REFERENCES `template` (`id`)
) ENGINE=InnoDB DEFAULT CHARSET=utf8mb3 COMMENT='模板版本';

-- ----------------------------
-- Records of template_version
-- ----------------------------
BEGIN;
INSERT INTO `template_version` VALUES ('00cc8ece-2c9f-4296-8dc5-2a6cffc88ed1', '3a0c0e53-1f51-48cc-be59-3c32845cd1eb', '初始版本', '1.0.0', 1, '2021-12-28 18:06:39', '\n# smc-stable-svr\n', '\n# smc-stable-svr\n', '\n# smc-stable-svr\n', 0);
INSERT INTO `template_version` VALUES ('05134307-3a86-46ca-b6f0-43af2b2f0dd0', '712c5458-e120-4cfc-91ca-5f549345a7c9', '初始版本', '1.0.0', 1, '2021-12-28 18:06:39', '\n# clockwork\n', '\n# clockwork\n', '\n# clockwork\n', 0);
INSERT INTO `template_version` VALUES ('06239042-1059-4416-b5cb-df4744cb342f', '09e282cf-255d-4552-98be-327adfa06fc4', '初始版本', '1.0.0', 1, '2021-12-28 18:06:39', '\n# etl-private\n', '\n# etl-private\n', '\n# etl-private\n', 0);
INSERT INTO `template_version` VALUES ('1188df03-5c3d-495d-a08f-a2ec59aee730', 'b31ed00d-815c-4fde-bba2-852c69ee3c65', '初始版本', '1.0.0', 1, '2021-12-28 18:06:39', '\n# etl-private\n', '\n# etl-private\n', '\n# etl-private\n', 0);
INSERT INTO `template_version` VALUES ('13c2d518-5298-4038-bf0c-5b1f7b33857f', 'de86c5dd-0f70-448e-b705-28d586741760', '初始版本', '1.0.0', 1, '2021-12-28 18:06:39', '\n# smc-stable-svr\n', '\n# smc-stable-svr\n', '\n# smc-stable-svr\n', 0);
INSERT INTO `template_version` VALUES ('14d371dd-9e28-4638-9eba-69fc53fd5301', '4f08ecb9-06a7-4b52-8276-d4900a9f3cf3', '初始版本', '1.0.0', 1, '2021-12-28 18:06:39', '\n# playwell\n', '\n# playwell\n', '\n# playwell\n', 0);
INSERT INTO `template_version` VALUES ('15d79bec-cca2-4170-b432-c4e8be93a03d', 'c05c29a6-7ed4-4b5c-8ddc-aeb5929ab4a0', '初始版本', '1.0.0', 1, '2021-12-28 18:06:39', '\n# smc-stable-svr\n', '\n# smc-stable-svr\n', '\n# smc-stable-svr\n', 0);
INSERT INTO `template_version` VALUES ('2e31090d-2636-4b6a-bf97-45e883878993', '1310de7c-272b-4dff-9795-eedbc51d576e', '初始版本', '1.0.0', 1, '2021-12-28 18:06:39', '\n# etl-private\n', '\n# etl-private\n', '\n# etl-private\n', 0);
INSERT INTO `template_version` VALUES ('2eb189f1-b3f3-4b9f-bc90-92a13f6676c0', '757f873e-31a8-4860-8f88-5c3f7d982d4a', '初始版本', '1.0.0', 1, '2021-12-28 18:06:39', '\n# etl-virtual-app\n', '\n# etl-virtual-app\n', '\n# etl-virtual-app\n', 0);
INSERT INTO `template_version` VALUES ('341d52ba-c6a3-4aad-b1fd-97b3d3241853', 'ade2c196-7873-479d-8213-3abbcfff0da8', '初始版本', '1.0.0', 1, '2021-12-28 18:06:39', '\n# webapp-server\n', '\n# webapp-server\n', '\n# webapp-server\n', 0);
INSERT INTO `template_version` VALUES ('49069253-2163-43b0-9f7c-34ac6e034131', 'bbaf3041-4c99-48ca-bc0a-d32bc1c4d0af', '初始版本', '1.0.0', 1, '2021-12-28 18:06:39', '\n# webapp\n', '\n# webapp\n', '\n# webapp\n', 0);
INSERT INTO `template_version` VALUES ('4c3f766a-818c-4f42-a543-9ff7b7b942b5', 'e332b439-3cd8-41c1-b072-979ef6d598e3', '初始版本', '1.0.0', 1, '2021-12-28 18:06:39', '\n# zhugeio-marketing-cloud\n', '\n# zhugeio-marketing-cloud\n', '\n# zhugeio-marketing-cloud\n', 0);
INSERT INTO `template_version` VALUES ('6fbcae78-9a27-402c-9e76-38689632beea', '58c4dd42-4f8f-42cc-9e94-0dde1f630f16', '初始版本', '1.0.0', 1, '2021-12-28 18:06:39', '\n# etl-private\n', '\n# etl-private\n', '\n# etl-private\n', 0);
INSERT INTO `template_version` VALUES ('740ed81d-34c0-49ec-a680-68e26bb85427', '62b44e7b-90b7-48ec-8a2b-763e44ee3cdb', '初始版本', '1.0.0', 1, '2021-12-28 18:06:39', '\n# etl-private\n', '\n# etl-private\n', '\n# etl-private\n', 0);
INSERT INTO `template_version` VALUES ('77f17a2d-9998-4728-a0c4-25e1de39cfc5', '061a49c7-1b29-4d45-8fe3-02c0b8cd0fc3', '初始版本', '1.0.0', 1, '2021-12-28 18:06:39', '\n# zgsee-init\n', '\n# zgsee-init\n', '\n# zgsee-init\n', 0);
INSERT INTO `template_version` VALUES ('7d0383e3-5a02-4f04-be2f-8c75d9c18afb', '287fa186-08c1-49d8-ade8-6ee8c560b9a6', '初始版本', '1.0.0', 1, '2021-12-28 18:06:39', '\n# dimension_expansion\n', '\n# dimension_expansion\n', '\n# dimension_expansion\n', 0);
INSERT INTO `template_version` VALUES ('812e72a6-4ea3-487a-b05f-9fc644130c94', '1858487e-589a-4ea1-ac3b-2a465a508fbf', '初始版本', '1.0.0', 1, '2021-12-28 18:06:39', '\n# m-webapp\n', '\n# m-webapp\n', '\n# m-webapp\n', 0);
INSERT INTO `template_version` VALUES ('8c16e280-2649-4008-8efb-27c35afa1dee', '67b75e31-f8d0-4854-8ed5-b5f00c3f9788', '初始版本', '1.0.0', 1, '2021-12-28 18:06:39', '\n# zgsee-web\n', '\n# zgsee-web\n', '\n# zgsee-web\n', 0);
INSERT INTO `template_version` VALUES ('93a056b4-1017-4d43-ae25-c991578cd360', '673e2b30-15c5-43b6-bab1-4f8049cf969b', '初始版本', '1.0.0', 1, '2021-12-28 18:06:39', '\n# smc-stable-svr\n', '\n# smc-stable-svr\n', '\n# smc-stable-svr\n', 0);
INSERT INTO `template_version` VALUES ('96ed9ead-dc43-4460-ba6e-bc0aaf102d73', '52431552-5f39-4a14-8128-a8b48f051300', '初始版本', '1.0.0', 1, '2021-12-28 18:06:39', '\n# zgsee-pix\n', '\n# zgsee-pix\n', '\n# zgsee-pix\n', 0);
INSERT INTO `template_version` VALUES ('9a987467-a547-4939-adfc-5bb468f6039e', 'cade69ed-085d-44b3-afd3-ab87712daa80', '初始版本', '1.0.0', 1, '2021-12-28 18:06:39', '\n# etl-private\n', '\n# etl-private\n', '\n# etl-private\n', 0);
INSERT INTO `template_version` VALUES ('9c0ef3e2-f762-4722-94ae-cac3559cadf0', 'cd5c5b36-d2a7-46a9-8423-e3a34797c73b', '初始版本', '1.0.0', 1, '2021-12-28 18:06:39', '\n# zhugesdkv\n', '\n# zhugesdkv\n', '\n# zhugesdkv\n', 0);
INSERT INTO `template_version` VALUES ('a2350b6f-56e0-432a-8210-99419fe9526a', '66eed477-efc9-4b4b-8675-571cc446ba46', '初始版本', '1.0.0', 1, '2021-12-28 18:06:39', '\n# zhugesdkv\n', '\n# zhugesdkv\n', '\n# zhugesdkv\n', 0);
INSERT INTO `template_version` VALUES ('a51ee33a-2b77-404a-8f02-6ac9a794d8d2', 'fdcfbe69-ed59-4a42-a544-6378679334b6', '初始版本', '1.0.0', 1, '2021-12-28 18:06:39', '\n# wt\n', '\n# wt\n', '\n# wt\n', 0);
INSERT INTO `template_version` VALUES ('aa108278-e058-4e13-959e-e7b250948556', '61735edb-fe39-4e03-8163-535eca0864be', '初始版本', '1.0.0', 1, '2021-12-28 18:06:39', '\n# js-sdk\n', '\n# js-sdk\n', '\n# js-sdk\n', 0);
INSERT INTO `template_version` VALUES ('b19ee8c5-5dc1-42e1-8b24-37e5da400a04', '1d17374b-7909-45c6-aea8-745d3a8d9ab5', '初始版本', '1.0.0', 1, '2021-12-28 18:06:39', '\n# zhugeio-api\n', '\n# zhugeio-api\n', '\n# zhugeio-api\n', 0);
INSERT INTO `template_version` VALUES ('b3dd396c-d1fa-4877-86bd-0a2bf4239324', '90e57ede-be9b-4f03-b1f0-1c9928ac4fde', '初始版本', '1.0.0', 1, '2021-12-28 18:06:39', '\n# etl-private\n', '\n# etl-private\n', '\n# etl-private\n', 0);
INSERT INTO `template_version` VALUES ('bb796cf9-c94b-4557-97fe-a2e7129dbcb6', 'b86534e1-1e2a-426a-957f-28d54c409d23', '初始版本', '1.0.0', 1, '2021-12-28 18:06:39', '\n# etl-private\n', '\n# etl-private\n', '\n# etl-private\n', 0);
INSERT INTO `template_version` VALUES ('c0cafa59-34cb-4bef-ad02-fca1b2a6507d', '5b419fac-520a-4a40-b17c-3dbf93567074', '初始版本', '1.0.0', 1, '2021-12-28 18:06:39', '\n# market-cloud-app\n', '\n# market-cloud-app\n', '\n# market-cloud-app\n', 0);
INSERT INTO `template_version` VALUES ('c3641de4-5575-4c5f-8d31-102a18073d5c', '8200bdde-eb7d-418a-b0dd-6826e2f53ada', '初始版本', '1.0.0', 1, '2021-12-28 18:06:39', '\n# smc-stable-svr\n', '\n# smc-stable-svr\n', '\n# smc-stable-svr\n', 0);
INSERT INTO `template_version` VALUES ('d1806bf2-bfda-43b6-940e-6490b330fe17', '2aefe28c-f5f3-4ee9-8c7e-169ce2701344', '初始版本', '1.0.0', 1, '2021-12-28 18:06:39', '\n# etl-private\n', '\n# etl-private\n', '\n# etl-private\n', 0);
INSERT INTO `template_version` VALUES ('d23878ee-66bd-4131-b4be-848ec34b04f0', 'dff789ae-db8e-4208-9038-8427626b631f', '初始版本', '1.0.0', 1, '2021-12-28 18:06:39', '\n# zhugeio-es\n', '\n# zhugeio-es\n', '\n# zhugeio-es\n', 0);
INSERT INTO `template_version` VALUES ('d4b46317-2db8-4787-ab51-4527c4587cc8', '37b0f843-fd24-4ac5-8998-d1eed7dee3e0', '初始版本', '1.0.0', 1, '2021-12-28 18:06:39', '\n# etl-private\n', '\n# etl-private\n', '\n# etl-private\n', 0);
INSERT INTO `template_version` VALUES ('d6b27b63-1c05-4a57-bf74-5181719c49f7', '736222c0-3f88-4d6d-8798-e4bf6774d9a6', '初始版本', '1.0.0', 1, '2021-12-28 18:06:39', '\n# zhugeio-marketing-cloud\n', '\n# zhugeio-marketing-cloud\n', '\n# zhugeio-marketing-cloud\n', 0);
INSERT INTO `template_version` VALUES ('daad351c-4c67-43ab-818b-295a814efde1', 'd8a17157-17f4-4b8e-95c1-7df1d5680e98', '初始版本', '1.0.0', 1, '2021-12-28 18:06:39', '\n# smc-stable-svr\n', '\n# smc-stable-svr\n', '\n# smc-stable-svr\n', 0);
INSERT INTO `template_version` VALUES ('dbc998fd-875e-411b-873e-76cb805f397b', '2739eb8f-079a-4d07-8e2b-42dedfd0ce4e', '初始版本', '1.0.0', 1, '2021-12-28 18:06:39', '\n# zhugeio-tools\n', '\n# zhugeio-tools\n', '\n# zhugeio-tools\n', 0);
INSERT INTO `template_version` VALUES ('e0644967-4262-4228-8677-8c72b11e5312', '4620f6a1-1d45-4b70-9ce4-980a92324a92', '初始版本', '1.0.0', 1, '2021-12-28 18:06:39', '\n# smc-stable-svr\n', '\n# smc-stable-svr\n', '\n# smc-stable-svr\n', 0);
INSERT INTO `template_version` VALUES ('e14c21b2-10c2-490d-a220-60403230b956', '6fe448d0-eefb-4d41-bbee-4c4f66cb5444', '初始版本', '1.0.0', 1, '2021-12-28 18:06:39', '\n# zgSee\n', '\n# zgSee\n', '\n# zgSee\n', 0);
INSERT INTO `template_version` VALUES ('e8b22074-e4db-4346-972a-08ce231365dd', 'ca0c677e-2317-41a7-b3dd-143b09978c9f', '初始版本', '1.0.0', 1, '2021-12-28 18:06:39', '\n# etl-private\n', '\n# etl-private\n', '\n# etl-private\n', 0);
INSERT INTO `template_version` VALUES ('f0a02eea-2bf7-4932-ac51-bd9f1febf668', 'ce6073c1-27d7-4ffa-88e2-ca1ea7a9dd0b', '初始版本', '1.0.0', 1, '2021-12-28 18:06:39', '\n# etl-private\n', '\n# etl-private\n', '\n# etl-private\n', 0);
INSERT INTO `template_version` VALUES ('f817b3b3-d69e-41c8-9706-c49bc8e0cf31', 'f1494515-41ab-48ae-90bf-e433a19e687c', '初始版本', '1.0.0', 1, '2021-12-28 18:06:39', '\n# api-extension\n', '\n# api-extension\n', '\n# api-extension\n', 0);
COMMIT;

-- ----------------------------
-- Table structure for template_version_git
-- ----------------------------
DROP TABLE IF EXISTS `template_version_git`;
CREATE TABLE `template_version_git` (
  `id` varchar(50) NOT NULL DEFAULT '',
  `template_id` varchar(50) DEFAULT NULL COMMENT '模板id',
  `template_version_id` varchar(50) DEFAULT NULL COMMENT '模板版本id',
  `git_source_id` varchar(50) DEFAULT NULL COMMENT 'git源id',
  `git_source_version_id` varchar(50) DEFAULT NULL COMMENT 'git源版本id',
  `git_source_branch_id` varchar(50) CHARACTER SET utf8 COLLATE utf8_general_ci DEFAULT NULL COMMENT 'git源branchId',
  PRIMARY KEY (`id`),
  KEY `template_id` (`template_id`),
  KEY `template_version_id` (`template_version_id`),
  KEY `git_source_id` (`git_source_id`),
  KEY `git_source_version_id` (`git_source_version_id`),
  CONSTRAINT `template_config_ibfk_1` FOREIGN KEY (`template_id`) REFERENCES `template` (`id`),
  CONSTRAINT `template_config_ibfk_2` FOREIGN KEY (`template_version_id`) REFERENCES `template_version` (`id`),
  CONSTRAINT `template_config_ibfk_3` FOREIGN KEY (`git_source_id`) REFERENCES `git_source` (`id`),
  CONSTRAINT `template_config_ibfk_4` FOREIGN KEY (`git_source_version_id`) REFERENCES `source_version` (`id`)
) ENGINE=InnoDB DEFAULT CHARSET=utf8mb3 COMMENT='模板版本中git源';

-- ----------------------------
-- Records of template_version_git
-- ----------------------------
BEGIN;
INSERT INTO `template_version_git` VALUES ('0217d8c9-4581-4e3b-8d0b-41068d9d2162', '37b0f843-fd24-4ac5-8998-d1eed7dee3e0', 'd4b46317-2db8-4787-ab51-4527c4587cc8', 'e58e440d-a1a5-4608-b918-5540e0b128b5', '57626162-4ab5-4e1a-8ff4-d125a03095c4', 'def8f93e-eda9-403a-885a-6b8cf6ccd73f');
INSERT INTO `template_version_git` VALUES ('03215b85-5c1e-4a85-98ca-13051355358b', 'fdcfbe69-ed59-4a42-a544-6378679334b6', 'a51ee33a-2b77-404a-8f02-6ac9a794d8d2', '01fae700-c94b-487b-a635-08c5a72b6815', '606f0835-a6c1-4c82-8a73-484254d618aa', 'b3bb446d-d1ec-468a-994e-39b9703a744a');
INSERT INTO `template_version_git` VALUES ('04509a8e-a8c3-45ed-9d9e-eefcefcc1cd3', 'ade2c196-7873-479d-8213-3abbcfff0da8', '341d52ba-c6a3-4aad-b1fd-97b3d3241853', '424d629f-e5da-4c49-9604-04c1c7c2152f', '18d73a8b-7f0c-45dd-b9f7-3c6f1bfa278f', 'e1e63823-51e8-4b43-aa7e-b591c975b3f5');
INSERT INTO `template_version_git` VALUES ('10208bd4-baa0-49a7-8b98-0d81f7fbf58c', '061a49c7-1b29-4d45-8fe3-02c0b8cd0fc3', '77f17a2d-9998-4728-a0c4-25e1de39cfc5', '7caec2a0-df23-456c-9c43-f9ea0dab0ccb', '674801dd-36d8-4386-af4e-41019e0c8208', '42a7003a-4eb8-4dc0-9393-1ca7383d123a');
INSERT INTO `template_version_git` VALUES ('11ec0c20-71e9-41d3-98f4-e1002b9dab6e', '09e282cf-255d-4552-98be-327adfa06fc4', '06239042-1059-4416-b5cb-df4744cb342f', 'e58e440d-a1a5-4608-b918-5540e0b128b5', 'c4943386-e46a-4811-82e7-41da8dbacc73', 'f3d4ce35-7b4d-4061-aa7f-2b6d8a2036cc');
INSERT INTO `template_version_git` VALUES ('15cb8ec5-93a6-4177-b1ea-3542482e4d46', '4620f6a1-1d45-4b70-9ce4-980a92324a92', 'e0644967-4262-4228-8677-8c72b11e5312', '5286f7cd-3773-4361-90d6-f51fe4a024e5', 'cf0b0a25-accc-498f-b687-e9748c58b025', 'db364f46-4040-49cd-ba73-96b0480fb58a');
INSERT INTO `template_version_git` VALUES ('1846a457-311d-4578-b0a5-8471527428cf', '2aefe28c-f5f3-4ee9-8c7e-169ce2701344', 'd1806bf2-bfda-43b6-940e-6490b330fe17', 'e58e440d-a1a5-4608-b918-5540e0b128b5', 'd2adae98-dc8e-46c4-beb9-b5df5c4cc83c', '7c33482b-864c-4b51-9d24-1d44a31b0818');
INSERT INTO `template_version_git` VALUES ('23eb08a2-7102-490b-ad59-8ef7c12c7370', 'ce6073c1-27d7-4ffa-88e2-ca1ea7a9dd0b', 'f0a02eea-2bf7-4932-ac51-bd9f1febf668', 'e58e440d-a1a5-4608-b918-5540e0b128b5', '565ec772-efa3-4c6a-a2da-44e81f906b39', 'cc69d492-9d36-4bad-a71a-d83a7c9f9009');
INSERT INTO `template_version_git` VALUES ('2817fe53-19f7-41e5-82de-4b2024df08ed', '5b419fac-520a-4a40-b17c-3dbf93567074', 'c0cafa59-34cb-4bef-ad02-fca1b2a6507d', 'f44a753c-d1a3-4c8b-be56-69bb9b032da9', 'c0cc7efd-48a7-417e-9f28-14f2b3316d01', '07244c11-ad9e-43b6-9d02-4bf7ea25dd85');
INSERT INTO `template_version_git` VALUES ('3c4bd56f-3a83-4610-9190-eb033b0e9b74', 'c05c29a6-7ed4-4b5c-8ddc-aeb5929ab4a0', '15d79bec-cca2-4170-b432-c4e8be93a03d', '5286f7cd-3773-4361-90d6-f51fe4a024e5', 'd072d3b8-b6e0-4ae9-b119-d74dd203a619', 'a992dda2-3bb8-464a-8e1d-40da1f71f275');
INSERT INTO `template_version_git` VALUES ('4b79dece-cf3c-4ca6-b085-42d5fa5b99e8', '62b44e7b-90b7-48ec-8a2b-763e44ee3cdb', '740ed81d-34c0-49ec-a680-68e26bb85427', 'e58e440d-a1a5-4608-b918-5540e0b128b5', 'b06a5506-bc66-4090-8e98-506f03773593', '1af445aa-8947-4585-8134-33839697a1ce');
INSERT INTO `template_version_git` VALUES ('4f19961d-f659-479b-98b5-1234cc203b78', 'f1494515-41ab-48ae-90bf-e433a19e687c', 'f817b3b3-d69e-41c8-9706-c49bc8e0cf31', 'bdca785b-36be-4f19-92ae-aae81fc3a499', '987104a0-119b-4d77-ac3a-e88229e9df44', '48375035-479d-4d59-9b51-f8b972541548');
INSERT INTO `template_version_git` VALUES ('5cc13b84-f088-4abc-85fd-f66180557c62', 'dff789ae-db8e-4208-9038-8427626b631f', 'd23878ee-66bd-4131-b4be-848ec34b04f0', 'b5c71d51-7a01-4cd3-b661-c6afbd16f108', '70822287-b390-404f-9cd0-aca103a7355d', '1e60d50d-0c17-4617-9da6-ec297c9f6866');
INSERT INTO `template_version_git` VALUES ('5d77ab5b-7e26-4c66-b7dd-828769ec1a26', '52431552-5f39-4a14-8128-a8b48f051300', '96ed9ead-dc43-4460-ba6e-bc0aaf102d73', 'ead24a3c-0b3d-4c96-8349-8d0b4cbec504', '3560b3ce-66ec-45cd-b0b2-225c12c7514f', '956f809d-09ed-40b0-af13-729ace70a221');
INSERT INTO `template_version_git` VALUES ('5da40f4f-383d-44e2-bf4c-15a95b6e3abd', '757f873e-31a8-4860-8f88-5c3f7d982d4a', '2eb189f1-b3f3-4b9f-bc90-92a13f6676c0', '6ea4a7ad-7940-4057-b425-47f2ad04822a', 'dc44dfb8-2e9a-4429-816a-f4c1877a4504', '80d90559-dd8b-417b-bb27-67e40b2c16f8');
INSERT INTO `template_version_git` VALUES ('5e9b421a-fd97-4b8c-8115-49a70c277daa', '90e57ede-be9b-4f03-b1f0-1c9928ac4fde', 'b3dd396c-d1fa-4877-86bd-0a2bf4239324', 'e58e440d-a1a5-4608-b918-5540e0b128b5', 'a4bff95a-4ea6-4299-a8b4-eff6dac2b68b', '5ce13a14-0829-40a9-886e-3806a93f2eed');
INSERT INTO `template_version_git` VALUES ('621e6bb8-9de9-40ed-ba92-504ebd5b3dd5', 'b31ed00d-815c-4fde-bba2-852c69ee3c65', '1188df03-5c3d-495d-a08f-a2ec59aee730', 'e58e440d-a1a5-4608-b918-5540e0b128b5', '2c620647-cc28-4a32-bc3e-875e1c004437', 'd6281022-0c4a-4900-8652-34d251b4b0e0');
INSERT INTO `template_version_git` VALUES ('69852f35-8272-4f1a-95d5-2ce4bee5ab7d', '736222c0-3f88-4d6d-8798-e4bf6774d9a6', 'd6b27b63-1c05-4a57-bf74-5181719c49f7', 'b8f92387-21a4-4df0-8f8b-7f56791308e2', 'ecb03341-7eca-47fa-baa8-f312ce0d9f80', '5f13d5d9-6a75-4674-ba97-660b4782fc96');
INSERT INTO `template_version_git` VALUES ('6fdbc42e-cd01-426c-a4cb-2e5033954bb0', 'b86534e1-1e2a-426a-957f-28d54c409d23', 'bb796cf9-c94b-4557-97fe-a2e7129dbcb6', 'e58e440d-a1a5-4608-b918-5540e0b128b5', 'b3500566-84ad-4c0e-b178-9388bdc23d41', '10a988f0-da2f-4900-b708-1521ffa3192c');
INSERT INTO `template_version_git` VALUES ('724fb332-fcde-4623-8cf6-f220504f367c', '3a0c0e53-1f51-48cc-be59-3c32845cd1eb', '00cc8ece-2c9f-4296-8dc5-2a6cffc88ed1', '5286f7cd-3773-4361-90d6-f51fe4a024e5', '995da2c5-3dc4-4f2b-807b-8ed1bc2a4e5c', 'a97922a1-618c-40c6-b95a-3a4f8380a55a');
INSERT INTO `template_version_git` VALUES ('726c1403-cf12-4f33-bdce-e72dcf45c667', 'e332b439-3cd8-41c1-b072-979ef6d598e3', '4c3f766a-818c-4f42-a543-9ff7b7b942b5', 'b8f92387-21a4-4df0-8f8b-7f56791308e2', '5d38ebe9-203a-4140-ba72-98e2498513c2', '59add1c5-5228-4cd1-ba13-ff62df2bfb14');
INSERT INTO `template_version_git` VALUES ('7c574068-4c8f-4bf0-8528-fdf7717d3865', 'd8a17157-17f4-4b8e-95c1-7df1d5680e98', 'daad351c-4c67-43ab-818b-295a814efde1', '5286f7cd-3773-4361-90d6-f51fe4a024e5', 'dc376025-c426-4c3a-a3b3-3c63d6df7225', 'a5e09e9d-2721-42ef-9565-7742ae989e7c');
INSERT INTO `template_version_git` VALUES ('87eb2c14-97a3-4825-a8d3-bc8df72f0a47', '1310de7c-272b-4dff-9795-eedbc51d576e', '2e31090d-2636-4b6a-bf97-45e883878993', 'e58e440d-a1a5-4608-b918-5540e0b128b5', '62cbefc8-d6cf-4901-b656-9486e1d1073f', '1e0c9528-696a-487b-a8a5-473fb8661097');
INSERT INTO `template_version_git` VALUES ('9d3c1845-7b8f-4160-891a-9b4c0d14324c', 'cd5c5b36-d2a7-46a9-8423-e3a34797c73b', '9c0ef3e2-f762-4722-94ae-cac3559cadf0', '9b83f7b0-6c89-408b-b150-a1d266d8bb4b', '990f27f9-f68a-42fe-baf6-46ecb3a15d92', '2419bd68-9180-4f57-a6e6-d4e84c91cf68');
INSERT INTO `template_version_git` VALUES ('9e05b52a-ef4a-490e-8820-583470454d07', 'de86c5dd-0f70-448e-b705-28d586741760', '13c2d518-5298-4038-bf0c-5b1f7b33857f', '5286f7cd-3773-4361-90d6-f51fe4a024e5', '17dca2aa-a90a-4a2e-8660-541b67c1d95f', 'eab04e09-e6a8-48ba-89fa-d9db78696f28');
INSERT INTO `template_version_git` VALUES ('a9270716-e37e-482d-8365-91ffbdc1829e', '67b75e31-f8d0-4854-8ed5-b5f00c3f9788', '8c16e280-2649-4008-8efb-27c35afa1dee', 'e7fa2e6a-1f41-4d25-b047-349d0c76754d', 'b6b2106f-e3aa-4be4-9fb1-1c2aa8b425e2', '3fb6bac6-acfc-400e-9328-eabf02a561e2');
INSERT INTO `template_version_git` VALUES ('aeb96b61-0780-4f26-a63b-bce2606cf50e', '1858487e-589a-4ea1-ac3b-2a465a508fbf', '812e72a6-4ea3-487a-b05f-9fc644130c94', 'a03aa383-d78b-4e36-bad4-cd873cd91eeb', '15d0f53e-9253-4a3a-af47-656b854b0f3b', '3f4cb6de-cfbb-4b9a-8b55-52853c4c184d');
INSERT INTO `template_version_git` VALUES ('b2e76719-c88b-4456-ae74-9b2cf6ccd55b', '4f08ecb9-06a7-4b52-8276-d4900a9f3cf3', '14d371dd-9e28-4638-9eba-69fc53fd5301', '171218c4-c51d-455b-8ab1-39bea10e1286', '1d10e7d9-98bb-4995-8c61-e6dc3a8ac03e', 'c1687c10-4867-4a26-a5ad-c5e80226df01');
INSERT INTO `template_version_git` VALUES ('bb45bd20-6057-4b31-b22f-244f4d0ad00c', '712c5458-e120-4cfc-91ca-5f549345a7c9', '05134307-3a86-46ca-b6f0-43af2b2f0dd0', '675a30a8-8dc3-4799-abfe-4ca6737414e8', 'd994ed15-a2c8-4456-b347-af0b35d6137f', '1bcfc8fc-d2fb-4d29-a2b5-e9a216db75f2');
INSERT INTO `template_version_git` VALUES ('c3a84755-26b7-445b-bac7-90e7c3fe3c1a', '8200bdde-eb7d-418a-b0dd-6826e2f53ada', 'c3641de4-5575-4c5f-8d31-102a18073d5c', '5286f7cd-3773-4361-90d6-f51fe4a024e5', 'abf8ff3c-97a4-40f3-9a25-d92a48a7de38', 'f4e08264-398f-45e5-9a7e-5b5b512427b4');
INSERT INTO `template_version_git` VALUES ('c53072fc-2410-43fb-9756-47793dccd972', 'ca0c677e-2317-41a7-b3dd-143b09978c9f', 'e8b22074-e4db-4346-972a-08ce231365dd', 'e58e440d-a1a5-4608-b918-5540e0b128b5', '69bcc435-79e0-45db-9a18-2553d2a07cc7', '0bda27da-5615-4485-b076-f06be0f5a437');
INSERT INTO `template_version_git` VALUES ('c889ec20-5b0f-4a85-9171-359c132e7861', '1d17374b-7909-45c6-aea8-745d3a8d9ab5', 'b19ee8c5-5dc1-42e1-8b24-37e5da400a04', '6e1d4158-f11e-43bf-ad65-81b87279e29a', 'dff58ca1-d649-4eb4-805f-69478df01982', 'bb13b45f-6169-48f7-bddb-4a4dad93dff8');
INSERT INTO `template_version_git` VALUES ('cc42c252-de01-4d7d-8449-a9e6bc4d36c4', 'bbaf3041-4c99-48ca-bc0a-d32bc1c4d0af', '49069253-2163-43b0-9f7c-34ac6e034131', 'e8c5b131-ce6c-4cff-b6c7-7efcfd5db04f', '228eef90-b176-4fa6-9ce8-30a7278d152f', '679650a4-5526-470f-a78e-a6aeb449b39d');
INSERT INTO `template_version_git` VALUES ('cf3cf2ed-c50b-45e3-95d8-3aeba738e03e', '287fa186-08c1-49d8-ade8-6ee8c560b9a6', '7d0383e3-5a02-4f04-be2f-8c75d9c18afb', '64e49573-c01b-4c86-bed9-6c634ba6dbad', 'ddaaef35-6269-4afb-a446-7285b8a6a809', '2e1fb66e-9ebb-4724-8923-86345aa5af49');
INSERT INTO `template_version_git` VALUES ('db4fb351-2262-4655-bb5f-654a1e9527fc', '673e2b30-15c5-43b6-bab1-4f8049cf969b', '93a056b4-1017-4d43-ae25-c991578cd360', '5286f7cd-3773-4361-90d6-f51fe4a024e5', '38071411-283d-4a16-a061-5316144cc396', '9ad78082-2e6e-4b75-8c6b-0a8333cce99d');
INSERT INTO `template_version_git` VALUES ('ddee57c0-f292-48d8-9c39-094580ce9d55', '66eed477-efc9-4b4b-8675-571cc446ba46', 'a2350b6f-56e0-432a-8210-99419fe9526a', '9b83f7b0-6c89-408b-b150-a1d266d8bb4b', 'd80fa45c-7274-42ff-aefb-d39fdbfcf7b8', 'b76a51b5-a127-4ba8-bd83-fb510acae56c');
INSERT INTO `template_version_git` VALUES ('eceaccd8-c26d-4bf1-8181-37aacb8f83ab', '61735edb-fe39-4e03-8163-535eca0864be', 'aa108278-e058-4e13-959e-e7b250948556', '7dc43ea6-8dfb-4f19-8054-a7cf62882c8c', 'b416b11f-474d-4e21-8286-c873831367f8', '28622285-9690-4cd4-87f0-a32ad1e29ddd');
INSERT INTO `template_version_git` VALUES ('f1fc04f5-ef47-499e-8d7a-fedf2655489c', '58c4dd42-4f8f-42cc-9e94-0dde1f630f16', '6fbcae78-9a27-402c-9e76-38689632beea', 'e58e440d-a1a5-4608-b918-5540e0b128b5', '6158ebbd-b524-477e-8c2d-8d997ab3ef5b', '25188553-c54a-46c5-b788-3e998f5cb344');
INSERT INTO `template_version_git` VALUES ('f46a07a2-0d95-459e-b159-2c1aff721835', '2739eb8f-079a-4d07-8e2b-42dedfd0ce4e', 'dbc998fd-875e-411b-873e-76cb805f397b', '18f5022a-f415-4884-a25b-8e56500fce17', '4c6c65ed-970c-46a5-a915-4178b0929015', 'a5c6e4a1-9dc7-442a-a290-ef49bf9df39a');
INSERT INTO `template_version_git` VALUES ('f678221e-d3c0-42e3-881c-06ae6ee58f4e', '6fe448d0-eefb-4d41-bbee-4c4f66cb5444', 'e14c21b2-10c2-490d-a220-60403230b956', 'd3910a9b-f2e4-4701-b7b9-148f5d834880', '2f827d8b-3898-4e05-81dd-49a8efb98612', 'f5980af3-d79b-49e0-a097-2f730b77a29c');
INSERT INTO `template_version_git` VALUES ('fe2ce319-6cda-4ef8-8ba8-810306a5832a', 'cade69ed-085d-44b3-afd3-ab87712daa80', '9a987467-a547-4939-adfc-5bb468f6039e', 'e58e440d-a1a5-4608-b918-5540e0b128b5', '2128bbfe-1755-4249-8b13-70310d78fea9', 'f510cace-de73-4509-8c57-ff46b0fe5c59');
COMMIT;

-- ----------------------------
-- Table structure for user
-- ----------------------------
DROP TABLE IF EXISTS `user`;
CREATE TABLE `user` (
  `id` varchar(50) NOT NULL DEFAULT '',
  `name` varchar(50) DEFAULT NULL COMMENT '用户名',
  `password` varchar(50) DEFAULT NULL COMMENT '密码',
  `email` varchar(100) DEFAULT NULL COMMENT '邮箱',
  PRIMARY KEY (`id`)
) ENGINE=InnoDB DEFAULT CHARSET=utf8mb3;

-- ----------------------------
-- Records of user
-- ----------------------------
BEGIN;
INSERT INTO `user` VALUES ('f975eb7e-cea4-4a1d-b515-7e6da94b1899', '260245435@qq.com', '123456', '260245435@qq.com');
COMMIT;

-- ----------------------------
-- Table structure for user_role
-- ----------------------------
DROP TABLE IF EXISTS `user_role`;
CREATE TABLE `user_role` (
  `id` varchar(50) NOT NULL DEFAULT '',
  `user_id` varchar(50) DEFAULT NULL,
  `role_id` int DEFAULT NULL,
  PRIMARY KEY (`id`),
  KEY `user_id` (`user_id`),
  KEY `role_id` (`role_id`),
  CONSTRAINT `user_role_ibfk_1` FOREIGN KEY (`user_id`) REFERENCES `user` (`id`),
  CONSTRAINT `user_role_ibfk_2` FOREIGN KEY (`role_id`) REFERENCES `role` (`id`)
) ENGINE=InnoDB DEFAULT CHARSET=utf8mb3;

-- ----------------------------
-- Records of user_role
-- ----------------------------
BEGIN;
COMMIT;

SET FOREIGN_KEY_CHECKS = 1;
