/*
 Navicat Premium Data Transfer

 Source Server         : localhost_3306
 Source Server Type    : MySQL
 Source Server Version : 80025
 Source Host           : localhost:3306
 Source Schema         : clever_compile

 Target Server Type    : MySQL
 Target Server Version : 80025
 File Encoding         : 65001

 Date: 04/01/2022 23:16:01
*/

SET NAMES utf8mb4;
SET FOREIGN_KEY_CHECKS = 0;

-- ----------------------------
-- Table structure for compile
-- ----------------------------
DROP TABLE IF EXISTS `compile`;
CREATE TABLE `compile` (
  `id` varchar(50) CHARACTER SET utf8 COLLATE utf8_general_ci NOT NULL,
  `compile_time` datetime NOT NULL ON UPDATE CURRENT_TIMESTAMP COMMENT '编译时间',
  `compile_user` varchar(50) CHARACTER SET utf8 COLLATE utf8_general_ci NOT NULL COMMENT '编译用户',
  `compile_result` text CHARACTER SET utf8 COLLATE utf8_general_ci NOT NULL COMMENT '编译结果',
  `project_id` varchar(50) CHARACTER SET utf8 COLLATE utf8_general_ci NOT NULL COMMENT '编译项目id',
  `description` varchar(50) CHARACTER SET utf8 COLLATE utf8_general_ci DEFAULT NULL COMMENT '描述',
  `file` varchar(255) CHARACTER SET utf8 COLLATE utf8_general_ci DEFAULT NULL COMMENT '文件地址',
  `config` text CHARACTER SET utf8 COLLATE utf8_general_ci COMMENT '配置文件',
  PRIMARY KEY (`id`),
  KEY `compile_ibfk_1` (`compile_user`),
  KEY `compile_ibfk_2` (`project_id`),
  CONSTRAINT `compile_ibfk_1` FOREIGN KEY (`compile_user`) REFERENCES `user` (`id`) ON DELETE RESTRICT ON UPDATE RESTRICT,
  CONSTRAINT `compile_ibfk_2` FOREIGN KEY (`project_id`) REFERENCES `project` (`id`) ON DELETE RESTRICT ON UPDATE RESTRICT
) ENGINE=InnoDB DEFAULT CHARSET=utf8mb3;

-- ----------------------------
-- Records of compile
-- ----------------------------
BEGIN;
INSERT INTO `compile` VALUES ('5806ab78-4f0d-40aa-8fa6-996bd7813e7d', '2022-01-04 23:14:14', 'f975eb7e-cea4-4a1d-b515-7e6da94b1899', '[\"项目：webapp ===》 编译 false\",\"打包成功：0/1 \\n 失败git：webapp\"]', '8d7e79ad-91c3-408e-a167-0e9945e44865', '解决', '1642294490f975eb7e-cea4-4a1d-b515-7e6da94b1899', '[{\"userId\":\"f975eb7e-cea4-4a1d-b515-7e6da94b1899\",\"gitName\":\"webapp\",\"gitSsh\":\"git@gl.zhugeio.com:dongyongqiang/webapp.git\",\"gitValue\":\"87a642c6dfdc2115495547fda44273e405dcaea2\",\"gitType\":\"commit\",\"compileOrders\":[\"yarn --pure-lockfile\",\"npm rebuild node-sass\",\"npm run build\",\"cd spa\",\"yarn --pure-lockfile\",\"npm rebuild node-sass\",\"npm run build\"],\"configList\":[{\"id\":\"90876fc3-d507-496d-b77a-3b4ed508a984\",\"typeId\":0,\"reg\":\"{\\\"source\\\":\\\"#{webapp.word.and_sdk}\\\",\\\"global\\\":false,\\\"ignoreCase\\\":false,\\\"matchIndex\\\":0}\",\"filePath\":\"spa/config/prod.env.js.tpl\",\"description\":\"android-sdkv名称\",\"globalConfigId\":null,\"templateId\":\"fbe813ac-b0dc-4126-b48f-c71038b2554a\",\"templateVersionId\":\"83798ffa-99c5-4d27-9397-3d7e81985ca2\",\"templateVersionGitId\":\"9fd43ada-748a-4aec-9016-595e1abf8fd8\",\"gitSourceConfigId\":\"e1ae90fd-7a5d-460d-a4d6-52b5966fee43\",\"isHidden\":0,\"visable\":1,\"targetValue\":\"ZhugeSDK\"},{\"id\":\"158b70c8-bf7c-4c81-82f6-7be695c2f29a\",\"typeId\":0,\"reg\":\"{\\\"source\\\":\\\"#{webapp.word.js_sdk}\\\",\\\"global\\\":false,\\\"ignoreCase\\\":false,\\\"matchIndex\\\":0}\",\"filePath\":\"spa/config/prod.env.js.tpl\",\"description\":\"js-sdk名称\",\"globalConfigId\":null,\"templateId\":\"fbe813ac-b0dc-4126-b48f-c71038b2554a\",\"templateVersionId\":\"83798ffa-99c5-4d27-9397-3d7e81985ca2\",\"templateVersionGitId\":\"9fd43ada-748a-4aec-9016-595e1abf8fd8\",\"gitSourceConfigId\":\"2c311716-437f-4d5c-831f-c99540d6a584\",\"isHidden\":0,\"visable\":1,\"targetValue\":\"zhuge\"},{\"id\":\"87560c3d-019f-42b9-a5ec-02d5a8828e38\",\"typeId\":0,\"reg\":\"{\\\"source\\\":\\\"#{webapp.use_zgsee}\\\",\\\"global\\\":false,\\\"ignoreCase\\\":false,\\\"matchIndex\\\":0}\",\"filePath\":\"spa/config/prod.env.js.tpl\",\"description\":\"是否启用分析平台的视屏功能\",\"globalConfigId\":null,\"templateId\":\"fbe813ac-b0dc-4126-b48f-c71038b2554a\",\"templateVersionId\":\"83798ffa-99c5-4d27-9397-3d7e81985ca2\",\"templateVersionGitId\":\"9fd43ada-748a-4aec-9016-595e1abf8fd8\",\"gitSourceConfigId\":\"6f48eb20-9e67-4c92-bebc-8e643d616961\",\"isHidden\":0,\"visable\":1,\"targetValue\":\"false\"},{\"id\":\"8ff770d2-9378-4296-8b4f-89fb451a0749\",\"typeId\":0,\"reg\":\"{\\\"source\\\":\\\"#{webapp.word.zg_text}\\\",\\\"global\\\":false,\\\"ignoreCase\\\":false,\\\"matchIndex\\\":0}\",\"filePath\":\"spa/config/prod.env.js.tpl\",\"description\":\"诸葛字样标识\",\"globalConfigId\":null,\"templateId\":\"fbe813ac-b0dc-4126-b48f-c71038b2554a\",\"templateVersionId\":\"83798ffa-99c5-4d27-9397-3d7e81985ca2\",\"templateVersionGitId\":\"9fd43ada-748a-4aec-9016-595e1abf8fd8\",\"gitSourceConfigId\":\"407a1955-559e-4ee9-bc9b-213a7ee24841\",\"isHidden\":0,\"visable\":1,\"targetValue\":\"数据分析\"},{\"id\":\"6473a2a3-5d84-4e3d-9ce9-de991425ba7e\",\"typeId\":0,\"reg\":\"{\\\"source\\\":\\\"#{webapp.show_download_button}\\\",\\\"global\\\":false,\\\"ignoreCase\\\":false,\\\"matchIndex\\\":0}\",\"filePath\":\"spa/config/prod.env.js.tpl\",\"description\":\"用户信息下载控制开关，true显示下载/false隐藏下载\",\"globalConfigId\":null,\"templateId\":\"fbe813ac-b0dc-4126-b48f-c71038b2554a\",\"templateVersionId\":\"83798ffa-99c5-4d27-9397-3d7e81985ca2\",\"templateVersionGitId\":\"9fd43ada-748a-4aec-9016-595e1abf8fd8\",\"gitSourceConfigId\":\"043e8daf-4f34-48b7-899e-9fb60d5fdfe2\",\"isHidden\":0,\"visable\":1,\"targetValue\":\"true\"},{\"id\":\"135707b3-1aeb-461d-8a9f-43792e895a0b\",\"typeId\":0,\"reg\":\"{\\\"source\\\":\\\"#{webapp.route_base_path}\\\",\\\"global\\\":false,\\\"ignoreCase\\\":false,\\\"matchIndex\\\":0}\",\"filePath\":\"spa/config/prod.env.js.tpl\",\"description\":\"根路由\",\"globalConfigId\":null,\"templateId\":\"fbe813ac-b0dc-4126-b48f-c71038b2554a\",\"templateVersionId\":\"83798ffa-99c5-4d27-9397-3d7e81985ca2\",\"templateVersionGitId\":\"9fd43ada-748a-4aec-9016-595e1abf8fd8\",\"gitSourceConfigId\":\"67dcaea1-3480-4870-a26a-5797d452a330\",\"isHidden\":0,\"visable\":1,\"targetValue\":\"/webapp/\"},{\"id\":\"2cf88ed3-48d3-44c7-ac8a-069b75249fdf\",\"typeId\":0,\"reg\":\"{\\\"source\\\":\\\"#{webapp.show_deep_share}\\\",\\\"global\\\":false,\\\"ignoreCase\\\":false,\\\"matchIndex\\\":0}\",\"filePath\":\"spa/config/prod.env.js.tpl\",\"description\":\"deepShare开关\",\"globalConfigId\":null,\"templateId\":\"fbe813ac-b0dc-4126-b48f-c71038b2554a\",\"templateVersionId\":\"83798ffa-99c5-4d27-9397-3d7e81985ca2\",\"templateVersionGitId\":\"9fd43ada-748a-4aec-9016-595e1abf8fd8\",\"gitSourceConfigId\":\"67398a51-aaed-49e0-80bf-2675654fe29f\",\"isHidden\":0,\"visable\":1,\"targetValue\":\"true\"},{\"id\":\"5fe0a0b6-3341-4ad7-ab6e-f0abe8ddebaa\",\"typeId\":0,\"reg\":\"{\\\"source\\\":\\\"#{webapp.login_img_code}\\\",\\\"global\\\":false,\\\"ignoreCase\\\":false,\\\"matchIndex\\\":0}\",\"filePath\":\"spa/config/prod.env.js.tpl\",\"description\":\"登录图片验证码开关\",\"globalConfigId\":null,\"templateId\":\"fbe813ac-b0dc-4126-b48f-c71038b2554a\",\"templateVersionId\":\"83798ffa-99c5-4d27-9397-3d7e81985ca2\",\"templateVersionGitId\":\"9fd43ada-748a-4aec-9016-595e1abf8fd8\",\"gitSourceConfigId\":\"44d10e01-de64-4264-8f31-780001133a31\",\"isHidden\":0,\"visable\":1,\"targetValue\":\"false\"},{\"id\":\"afe025eb-5852-4186-a78d-c5380cf26d86\",\"typeId\":0,\"reg\":\"{\\\"source\\\":\\\"#{webapp.show_virtual_app}\\\",\\\"global\\\":false,\\\"ignoreCase\\\":false,\\\"matchIndex\\\":0}\",\"filePath\":\"spa/config/prod.env.js.tpl\",\"description\":\"虚拟应用开关\",\"globalConfigId\":null,\"templateId\":\"fbe813ac-b0dc-4126-b48f-c71038b2554a\",\"templateVersionId\":\"83798ffa-99c5-4d27-9397-3d7e81985ca2\",\"templateVersionGitId\":\"9fd43ada-748a-4aec-9016-595e1abf8fd8\",\"gitSourceConfigId\":\"a6043fb3-40cd-484f-b94a-6c07a7793254\",\"isHidden\":0,\"visable\":1,\"targetValue\":\"false\"},{\"id\":\"7b3ff627-000c-4e4f-91cf-5e0bbd9ced6e\",\"typeId\":0,\"reg\":\"{\\\"source\\\":\\\"#{webapp.appkey_zg}\\\",\\\"global\\\":false,\\\"ignoreCase\\\":false,\\\"matchIndex\\\":0}\",\"filePath\":\"spa/config/prod.env.js.tpl\",\"description\":\"分析平台内部打点上传应用app_key\",\"globalConfigId\":null,\"templateId\":\"fbe813ac-b0dc-4126-b48f-c71038b2554a\",\"templateVersionId\":\"83798ffa-99c5-4d27-9397-3d7e81985ca2\",\"templateVersionGitId\":\"9fd43ada-748a-4aec-9016-595e1abf8fd8\",\"gitSourceConfigId\":\"ec778003-bc6c-4e33-ac2e-2dffb96c0a48\",\"isHidden\":0,\"visable\":1,\"targetValue\":\"5f8a935cd15a47419df0e07d0547551b\"},{\"id\":\"1525ac41-dbf4-43fd-8890-8613d4dfd9f9\",\"typeId\":0,\"reg\":\"{\\\"source\\\":\\\"#{webapp->is_mars_ui}\\\",\\\"global\\\":false,\\\"ignoreCase\\\":false,\\\"matchIndex\\\":0}\",\"filePath\":\"spa/config/prod.env.js.tpl\",\"description\":\"webapp相关配置\",\"globalConfigId\":null,\"templateId\":\"fbe813ac-b0dc-4126-b48f-c71038b2554a\",\"templateVersionId\":\"83798ffa-99c5-4d27-9397-3d7e81985ca2\",\"templateVersionGitId\":\"9fd43ada-748a-4aec-9016-595e1abf8fd8\",\"gitSourceConfigId\":\"83212858-73d2-4f06-b084-0613228bfe71\",\"isHidden\":0,\"visable\":1,\"targetValue\":\"false\"},{\"id\":\"2be64fd0-5aac-425e-ab8d-c443728d5fa3\",\"typeId\":0,\"reg\":\"{\\\"source\\\":\\\"#{webapp.channel_date_config}\\\",\\\"global\\\":false,\\\"ignoreCase\\\":false,\\\"matchIndex\\\":0}\",\"filePath\":\"spa/config/prod.env.js.tpl\",\"description\":\"获取模块日期默认值\",\"globalConfigId\":null,\"templateId\":\"fbe813ac-b0dc-4126-b48f-c71038b2554a\",\"templateVersionId\":\"83798ffa-99c5-4d27-9397-3d7e81985ca2\",\"templateVersionGitId\":\"9fd43ada-748a-4aec-9016-595e1abf8fd8\",\"gitSourceConfigId\":\"cc85b9c5-6fe3-46ca-b238-1b6c3b50acdb\",\"isHidden\":0,\"visable\":1,\"targetValue\":\"0\"},{\"id\":\"d7da6360-502a-453a-9cd8-0230041dd5be\",\"typeId\":0,\"reg\":\"{\\\"source\\\":\\\"#{webapp.word.title}\\\",\\\"global\\\":false,\\\"ignoreCase\\\":false,\\\"matchIndex\\\":0}\",\"filePath\":\"spa/config/prod.env.js.tpl\",\"description\":\"页面的title信息\",\"globalConfigId\":null,\"templateId\":\"fbe813ac-b0dc-4126-b48f-c71038b2554a\",\"templateVersionId\":\"83798ffa-99c5-4d27-9397-3d7e81985ca2\",\"templateVersionGitId\":\"9fd43ada-748a-4aec-9016-595e1abf8fd8\",\"gitSourceConfigId\":\"b84b64a9-ceeb-4464-ae6d-8eebf43f7b4c\",\"isHidden\":0,\"visable\":1,\"targetValue\":\"数据分析\"},{\"id\":\"7255ca1b-0de8-482a-9a35-62552aadd230\",\"typeId\":0,\"reg\":\"{\\\"source\\\":\\\"#{webapp.show_data_daily}\\\",\\\"global\\\":false,\\\"ignoreCase\\\":false,\\\"matchIndex\\\":0}\",\"filePath\":\"spa/config/prod.env.js.tpl\",\"description\":\"数据日报开关(有日报必须有微信菜单，有微信菜单可以不用日报)\",\"globalConfigId\":null,\"templateId\":\"fbe813ac-b0dc-4126-b48f-c71038b2554a\",\"templateVersionId\":\"83798ffa-99c5-4d27-9397-3d7e81985ca2\",\"templateVersionGitId\":\"9fd43ada-748a-4aec-9016-595e1abf8fd8\",\"gitSourceConfigId\":\"f97bb3f0-1648-4aa5-9245-bfbf2bd7a7b5\",\"isHidden\":0,\"visable\":1,\"targetValue\":\"true\"},{\"id\":\"83c6ed56-7faa-40dc-810a-b6e404f03e19\",\"typeId\":0,\"reg\":\"{\\\"source\\\":\\\"#{svr.domain.extranet}\\\",\\\"global\\\":false,\\\"ignoreCase\\\":false,\\\"matchIndex\\\":0}\",\"filePath\":\"spa/config/prod.env.js.tpl\",\"description\":\"合并端口外网访问地址(需要加协议http(s))(填网站的)\",\"globalConfigId\":null,\"templateId\":\"fbe813ac-b0dc-4126-b48f-c71038b2554a\",\"templateVersionId\":\"83798ffa-99c5-4d27-9397-3d7e81985ca2\",\"templateVersionGitId\":\"9fd43ada-748a-4aec-9016-595e1abf8fd8\",\"gitSourceConfigId\":\"89a51264-9a39-4e0a-848a-3495efd98705\",\"isHidden\":0,\"visable\":1,\"targetValue\":\"https://uba.it.pkpm.cn\"},{\"id\":\"a22c5aea-6395-426d-90d0-c22a3c455ee0\",\"typeId\":0,\"reg\":\"{\\\"source\\\":\\\"#{svr.domain.intranet}\\\",\\\"global\\\":false,\\\"ignoreCase\\\":true,\\\"matchIndex\\\":0}\",\"filePath\":\"spa/config/prod.env.js.tpl\",\"description\":\"合并端口内网访问地址\",\"globalConfigId\":null,\"templateId\":\"fbe813ac-b0dc-4126-b48f-c71038b2554a\",\"templateVersionId\":\"83798ffa-99c5-4d27-9397-3d7e81985ca2\",\"templateVersionGitId\":\"9fd43ada-748a-4aec-9016-595e1abf8fd8\",\"gitSourceConfigId\":\"893b5f5a-0731-4d24-bdfe-902e5545e859\",\"isHidden\":0,\"visable\":1,\"targetValue\":\"realtime-1:80\"},{\"id\":\"e2f7e024-83d3-4bb8-b768-debb8d8814fc\",\"typeId\":0,\"reg\":\"{\\\"source\\\":\\\"#{node.api.socket.prefix}\\\",\\\"global\\\":false,\\\"ignoreCase\\\":false,\\\"matchIndex\\\":0}\",\"filePath\":\"spa/config/prod.env.js.tpl\",\"description\":\"node服务socket接口前缀\",\"globalConfigId\":null,\"templateId\":\"fbe813ac-b0dc-4126-b48f-c71038b2554a\",\"templateVersionId\":\"83798ffa-99c5-4d27-9397-3d7e81985ca2\",\"templateVersionGitId\":\"9fd43ada-748a-4aec-9016-595e1abf8fd8\",\"gitSourceConfigId\":\"489b18f8-8da4-4db6-a7cb-7eb47a6bc702\",\"isHidden\":0,\"visable\":1,\"targetValue\":\"/analysis/socket\"},{\"id\":\"9a99786d-cf7c-48db-9a6e-65e3d53af28f\",\"typeId\":0,\"reg\":\"{\\\"source\\\":\\\"#{webapp.shiping_root_path}\\\",\\\"global\\\":false,\\\"ignoreCase\\\":false,\\\"matchIndex\\\":0}\",\"filePath\":\"spa/config/prod.env.js.tpl\",\"description\":\"视屏根路径\",\"globalConfigId\":null,\"templateId\":\"fbe813ac-b0dc-4126-b48f-c71038b2554a\",\"templateVersionId\":\"83798ffa-99c5-4d27-9397-3d7e81985ca2\",\"templateVersionGitId\":\"9fd43ada-748a-4aec-9016-595e1abf8fd8\",\"gitSourceConfigId\":\"4ccf1214-7d2a-48bd-a80f-dc258c7d4f7c\",\"isHidden\":0,\"visable\":1,\"targetValue\":\"shiping\"},{\"id\":\"2d3e7c9d-103d-4426-8fa4-8b1245cf917d\",\"typeId\":0,\"reg\":\"{\\\"source\\\":\\\"#{analysis.zhuge_session_domain}\\\",\\\"global\\\":false,\\\"ignoreCase\\\":false,\\\"matchIndex\\\":0}\",\"filePath\":\"spa/config/prod.env.js.tpl\",\"description\":\"分析session/cookie存储域名(填网站的)(不需要加端口)\",\"globalConfigId\":null,\"templateId\":\"fbe813ac-b0dc-4126-b48f-c71038b2554a\",\"templateVersionId\":\"83798ffa-99c5-4d27-9397-3d7e81985ca2\",\"templateVersionGitId\":\"9fd43ada-748a-4aec-9016-595e1abf8fd8\",\"gitSourceConfigId\":\"03416287-31d1-4e97-aa7c-97827668b020\",\"isHidden\":0,\"visable\":1,\"targetValue\":\"uba.it.pkpm.cn\"},{\"id\":\"6dcf5c59-af37-4c90-b80d-dcda6f9d594a\",\"typeId\":0,\"reg\":\"{\\\"source\\\":\\\"#{webapp.use_pwd_rules}\\\",\\\"global\\\":false,\\\"ignoreCase\\\":false,\\\"matchIndex\\\":0}\",\"filePath\":\"spa/config/prod.env.js.tpl\",\"description\":\"是否启动密码强校验功能\",\"globalConfigId\":null,\"templateId\":\"fbe813ac-b0dc-4126-b48f-c71038b2554a\",\"templateVersionId\":\"83798ffa-99c5-4d27-9397-3d7e81985ca2\",\"templateVersionGitId\":\"9fd43ada-748a-4aec-9016-595e1abf8fd8\",\"gitSourceConfigId\":\"482855b8-864e-4c28-a299-b2bcead1e695\",\"isHidden\":0,\"visable\":1,\"targetValue\":\"true\"},{\"id\":\"ddd70be6-3375-488c-a151-6d33d222636c\",\"typeId\":0,\"reg\":\"{\\\"source\\\":\\\"#{webapp.show_app_download}\\\",\\\"global\\\":false,\\\"ignoreCase\\\":false,\\\"matchIndex\\\":0}\",\"filePath\":\"spa/config/prod.env.js.tpl\",\"description\":\"app扫码下载\",\"globalConfigId\":null,\"templateId\":\"fbe813ac-b0dc-4126-b48f-c71038b2554a\",\"templateVersionId\":\"83798ffa-99c5-4d27-9397-3d7e81985ca2\",\"templateVersionGitId\":\"9fd43ada-748a-4aec-9016-595e1abf8fd8\",\"gitSourceConfigId\":\"71eec3a0-8c2b-470b-a2be-da11c395ef44\",\"isHidden\":0,\"visable\":1,\"targetValue\":\"false\"},{\"id\":\"ef25b1b4-6052-480c-bc98-a35344cef14d\",\"typeId\":0,\"reg\":\"{\\\"source\\\":\\\"#{webapp.show_visualizer_track}\\\",\\\"global\\\":false,\\\"ignoreCase\\\":false,\\\"matchIndex\\\":0}\",\"filePath\":\"spa/config/prod.env.js.tpl\",\"description\":\"分析平台的可视化埋点\",\"globalConfigId\":null,\"templateId\":\"fbe813ac-b0dc-4126-b48f-c71038b2554a\",\"templateVersionId\":\"83798ffa-99c5-4d27-9397-3d7e81985ca2\",\"templateVersionGitId\":\"9fd43ada-748a-4aec-9016-595e1abf8fd8\",\"gitSourceConfigId\":\"d6a818f0-1c70-4b5d-8455-8c3d1bcd231f\",\"isHidden\":0,\"visable\":1,\"targetValue\":\"true\"},{\"id\":\"0efe76b5-9908-434d-b0c4-182fb6350cd5\",\"typeId\":0,\"reg\":\"{\\\"source\\\":\\\"#{webapp->is_ultralimit}\\\",\\\"global\\\":false,\\\"ignoreCase\\\":false,\\\"matchIndex\\\":0}\",\"filePath\":\"spa/config/prod.env.js.tpl\",\"description\":\"webapp相关配置\",\"globalConfigId\":null,\"templateId\":\"fbe813ac-b0dc-4126-b48f-c71038b2554a\",\"templateVersionId\":\"83798ffa-99c5-4d27-9397-3d7e81985ca2\",\"templateVersionGitId\":\"9fd43ada-748a-4aec-9016-595e1abf8fd8\",\"gitSourceConfigId\":\"402168b8-4146-43ce-bffc-933f4702f0cf\",\"isHidden\":0,\"visable\":1,\"targetValue\":\"false\"},{\"id\":\"146a4b00-a322-43b1-9b2f-ef8e1291aaf4\",\"typeId\":0,\"reg\":\"{\\\"source\\\":\\\"#{webapp.show_logo}\\\",\\\"global\\\":false,\\\"ignoreCase\\\":false,\\\"matchIndex\\\":0}\",\"filePath\":\"spa/config/prod.env.js.tpl\",\"description\":\"显示logo\",\"globalConfigId\":null,\"templateId\":\"fbe813ac-b0dc-4126-b48f-c71038b2554a\",\"templateVersionId\":\"83798ffa-99c5-4d27-9397-3d7e81985ca2\",\"templateVersionGitId\":\"9fd43ada-748a-4aec-9016-595e1abf8fd8\",\"gitSourceConfigId\":\"d80da916-a2d5-4e98-8ff0-82aae8173cf8\",\"isHidden\":0,\"visable\":1,\"targetValue\":\"true\"},{\"id\":\"5eedcf5f-521c-4e96-ad5a-417027dc572c\",\"typeId\":0,\"reg\":\"{\\\"source\\\":\\\"#{webapp.word.zg_link}\\\",\\\"global\\\":false,\\\"ignoreCase\\\":false,\\\"matchIndex\\\":0}\",\"filePath\":\"spa/config/prod.env.js.tpl\",\"description\":\"zhugeio链接\",\"globalConfigId\":null,\"templateId\":\"fbe813ac-b0dc-4126-b48f-c71038b2554a\",\"templateVersionId\":\"83798ffa-99c5-4d27-9397-3d7e81985ca2\",\"templateVersionGitId\":\"9fd43ada-748a-4aec-9016-595e1abf8fd8\",\"gitSourceConfigId\":\"912886f4-c612-4c59-bdef-d949b02e1b54\",\"isHidden\":0,\"visable\":1,\"targetValue\":\"zhugeio\"},{\"id\":\"045de411-bc5e-4a09-9d70-13521eaea9bb\",\"typeId\":0,\"reg\":\"{\\\"source\\\":\\\"#{webapp.show_app_account}\\\",\\\"global\\\":false,\\\"ignoreCase\\\":false,\\\"matchIndex\\\":0}\",\"filePath\":\"spa/config/prod.env.js.tpl\",\"description\":\"是否开启应用备注功能\",\"globalConfigId\":null,\"templateId\":\"fbe813ac-b0dc-4126-b48f-c71038b2554a\",\"templateVersionId\":\"83798ffa-99c5-4d27-9397-3d7e81985ca2\",\"templateVersionGitId\":\"9fd43ada-748a-4aec-9016-595e1abf8fd8\",\"gitSourceConfigId\":\"efaf72bc-338e-4911-8011-c5286614d0df\",\"isHidden\":0,\"visable\":1,\"targetValue\":\"false\"},{\"id\":\"5ca089ef-336a-41ed-be6d-65bd4e365e15\",\"typeId\":0,\"reg\":\"{\\\"source\\\":\\\"dist\\\",\\\"global\\\":false,\\\"ignoreCase\\\":false,\\\"matchIndex\\\":0}\",\"filePath\":\"spa/config/prod.env.js.tpl\",\"description\":\"默认配置spa文件输出地址\",\"globalConfigId\":null,\"templateId\":\"fbe813ac-b0dc-4126-b48f-c71038b2554a\",\"templateVersionId\":\"83798ffa-99c5-4d27-9397-3d7e81985ca2\",\"templateVersionGitId\":\"9fd43ada-748a-4aec-9016-595e1abf8fd8\",\"gitSourceConfigId\":\"233d2e9b-d075-4a48-993d-5fc6f53433f0\",\"isHidden\":0,\"visable\":1,\"targetValue\":\"../dist/spa\"},{\"id\":\"5f3ddb59-56d8-4580-a4d7-8f56d489b57e\",\"typeId\":0,\"reg\":\"{\\\"source\\\":\\\"#{webapp.word.ios_sdk}\\\",\\\"global\\\":false,\\\"ignoreCase\\\":false,\\\"matchIndex\\\":0}\",\"filePath\":\"spa/config/prod.env.js.tpl\",\"description\":\"ios-sdkv名称\",\"globalConfigId\":null,\"templateId\":\"fbe813ac-b0dc-4126-b48f-c71038b2554a\",\"templateVersionId\":\"83798ffa-99c5-4d27-9397-3d7e81985ca2\",\"templateVersionGitId\":\"9fd43ada-748a-4aec-9016-595e1abf8fd8\",\"gitSourceConfigId\":\"0716afc5-ced3-4d60-882c-046d7ddc165a\",\"isHidden\":0,\"visable\":1,\"targetValue\":\"Zhuge\"},{\"id\":\"0aeb2770-323a-4221-95d8-6e174de23222\",\"typeId\":0,\"reg\":\"{\\\"source\\\":\\\"#{node.api.prefix}\\\",\\\"global\\\":false,\\\"ignoreCase\\\":false,\\\"matchIndex\\\":0}\",\"filePath\":\"spa/config/prod.env.js.tpl\",\"description\":\"node服务socket接口前缀\",\"globalConfigId\":null,\"templateId\":\"fbe813ac-b0dc-4126-b48f-c71038b2554a\",\"templateVersionId\":\"83798ffa-99c5-4d27-9397-3d7e81985ca2\",\"templateVersionGitId\":\"9fd43ada-748a-4aec-9016-595e1abf8fd8\",\"gitSourceConfigId\":\"7caa7c46-8a2d-485b-b709-0d961fb41566\",\"isHidden\":0,\"visable\":1,\"targetValue\":\"/analysis/api\"},{\"id\":\"0d4372d8-ca19-40b9-a9dd-e503b3401b9a\",\"typeId\":0,\"reg\":\"{\\\"source\\\":\\\"#{svr.domain.nginx.extranet}\\\",\\\"global\\\":false,\\\"ignoreCase\\\":false,\\\"matchIndex\\\":0}\",\"filePath\":\"spa/config/prod.env.js.tpl\",\"description\":\"合并端口外网访问地址(需要加协议http(s))(填网关的)\",\"globalConfigId\":null,\"templateId\":\"fbe813ac-b0dc-4126-b48f-c71038b2554a\",\"templateVersionId\":\"83798ffa-99c5-4d27-9397-3d7e81985ca2\",\"templateVersionGitId\":\"9fd43ada-748a-4aec-9016-595e1abf8fd8\",\"gitSourceConfigId\":\"de2c2d63-eaf5-4098-a8a3-ff44282da7fc\",\"isHidden\":0,\"visable\":1,\"targetValue\":\"https://uba.it.pkpm.cn\"},{\"id\":\"ae79c220-cb12-4fed-b1e0-bad681d4ea3a\",\"typeId\":0,\"reg\":\"{\\\"source\\\":\\\"#{webapp.assets_public_path}\\\",\\\"global\\\":false,\\\"ignoreCase\\\":false,\\\"matchIndex\\\":0}\",\"filePath\":\"spa/config/prod.env.js.tpl\",\"description\":\"spa模块静态文件访问目录\",\"globalConfigId\":null,\"templateId\":\"fbe813ac-b0dc-4126-b48f-c71038b2554a\",\"templateVersionId\":\"83798ffa-99c5-4d27-9397-3d7e81985ca2\",\"templateVersionGitId\":\"9fd43ada-748a-4aec-9016-595e1abf8fd8\",\"gitSourceConfigId\":\"112baff7-709a-48b9-8eab-f8f34d1cb684\",\"isHidden\":0,\"visable\":1,\"targetValue\":\"/webapp/spa/\"},{\"id\":\"d1a2a32e-00bb-440b-a6a8-55f7f6bd1b0e\",\"typeId\":0,\"reg\":\"{\\\"source\\\":\\\"#{webapp.old_assets_path}\\\",\\\"global\\\":false,\\\"ignoreCase\\\":false,\\\"matchIndex\\\":0}\",\"filePath\":\"spa/config/prod.env.js.tpl\",\"description\":\"老模块静态文件访问目录\",\"globalConfigId\":null,\"templateId\":\"fbe813ac-b0dc-4126-b48f-c71038b2554a\",\"templateVersionId\":\"83798ffa-99c5-4d27-9397-3d7e81985ca2\",\"templateVersionGitId\":\"9fd43ada-748a-4aec-9016-595e1abf8fd8\",\"gitSourceConfigId\":\"86218bbf-e306-49ab-a388-5729ad0ee90f\",\"isHidden\":0,\"visable\":1,\"targetValue\":\"/webapp/\"},{\"id\":\"a9a87e66-e43f-4b97-a145-5a757b53d12f\",\"typeId\":0,\"reg\":\"{\\\"source\\\":\\\"#{webapp.use_track}\\\",\\\"global\\\":false,\\\"ignoreCase\\\":false,\\\"matchIndex\\\":0}\",\"filePath\":\"spa/config/prod.env.js.tpl\",\"description\":\"诸葛打点，0关闭，1上传至saas，2上传至私有部署\",\"globalConfigId\":null,\"templateId\":\"fbe813ac-b0dc-4126-b48f-c71038b2554a\",\"templateVersionId\":\"83798ffa-99c5-4d27-9397-3d7e81985ca2\",\"templateVersionGitId\":\"9fd43ada-748a-4aec-9016-595e1abf8fd8\",\"gitSourceConfigId\":\"4c26adad-170a-41b1-aebb-32284b7d5aab\",\"isHidden\":0,\"visable\":1,\"targetValue\":\"0\"},{\"id\":\"44b63f1b-8796-43de-82f5-58ca069d7e37\",\"typeId\":0,\"reg\":\"{\\\"source\\\":\\\"#{webapp.login_destination_white_list}\\\",\\\"global\\\":false,\\\"ignoreCase\\\":false,\\\"matchIndex\\\":0}\",\"filePath\":\"spa/config/prod.env.js.tpl\",\"description\":\"登录跳转域名白名单，前端使用样例：^(http://localhost:3000)|(http://test.zhugeio.com:8080)|()\",\"globalConfigId\":null,\"templateId\":\"fbe813ac-b0dc-4126-b48f-c71038b2554a\",\"templateVersionId\":\"83798ffa-99c5-4d27-9397-3d7e81985ca2\",\"templateVersionGitId\":\"9fd43ada-748a-4aec-9016-595e1abf8fd8\",\"gitSourceConfigId\":\"1b669299-e950-46fb-88c2-e46fbd9611e0\",\"isHidden\":0,\"visable\":1,\"targetValue\":\"\"}],\"compileType\":0,\"templateId\":\"fbe813ac-b0dc-4126-b48f-c71038b2554a\",\"templateVersionId\":\"83798ffa-99c5-4d27-9397-3d7e81985ca2\"}]');
INSERT INTO `compile` VALUES ('e98ebb5a-5bea-4084-9128-efb57603c825', '2022-01-04 23:11:56', 'f975eb7e-cea4-4a1d-b515-7e6da94b1899', '[\"项目：webapp ===》 编译 false\",\"打包成功：0/1 \\n 失败git：webapp\"]', '8d7e79ad-91c3-408e-a167-0e9945e44865', '玩儿玩儿', '1642153999f975eb7e-cea4-4a1d-b515-7e6da94b1899', '[{\"userId\":\"f975eb7e-cea4-4a1d-b515-7e6da94b1899\",\"gitName\":\"webapp\",\"gitSsh\":\"git@gl.zhugeio.com:dongyongqiang/webapp.git\",\"gitValue\":\"87a642c6dfdc2115495547fda44273e405dcaea2\",\"gitType\":\"commit\",\"compileOrders\":[\"yarn --pure-lockfile\",\"npm rebuild node-sass\",\"npm run build\",\"cd spa\",\"yarn --pure-lockfile\",\"npm rebuild node-sass\",\"npm run build\"],\"configList\":[{\"id\":\"90876fc3-d507-496d-b77a-3b4ed508a984\",\"typeId\":0,\"reg\":\"{\\\"source\\\":\\\"#{webapp.word.and_sdk}\\\",\\\"global\\\":false,\\\"ignoreCase\\\":false,\\\"matchIndex\\\":0}\",\"filePath\":\"spa/config/prod.env.js.tpl\",\"description\":\"android-sdkv名称\",\"globalConfigId\":null,\"templateId\":\"fbe813ac-b0dc-4126-b48f-c71038b2554a\",\"templateVersionId\":\"83798ffa-99c5-4d27-9397-3d7e81985ca2\",\"templateVersionGitId\":\"9fd43ada-748a-4aec-9016-595e1abf8fd8\",\"gitSourceConfigId\":\"e1ae90fd-7a5d-460d-a4d6-52b5966fee43\",\"isHidden\":0,\"visable\":1,\"targetValue\":\"ZhugeSDK\"},{\"id\":\"158b70c8-bf7c-4c81-82f6-7be695c2f29a\",\"typeId\":0,\"reg\":\"{\\\"source\\\":\\\"#{webapp.word.js_sdk}\\\",\\\"global\\\":false,\\\"ignoreCase\\\":false,\\\"matchIndex\\\":0}\",\"filePath\":\"spa/config/prod.env.js.tpl\",\"description\":\"js-sdk名称\",\"globalConfigId\":null,\"templateId\":\"fbe813ac-b0dc-4126-b48f-c71038b2554a\",\"templateVersionId\":\"83798ffa-99c5-4d27-9397-3d7e81985ca2\",\"templateVersionGitId\":\"9fd43ada-748a-4aec-9016-595e1abf8fd8\",\"gitSourceConfigId\":\"2c311716-437f-4d5c-831f-c99540d6a584\",\"isHidden\":0,\"visable\":1,\"targetValue\":\"zhuge\"},{\"id\":\"87560c3d-019f-42b9-a5ec-02d5a8828e38\",\"typeId\":0,\"reg\":\"{\\\"source\\\":\\\"#{webapp.use_zgsee}\\\",\\\"global\\\":false,\\\"ignoreCase\\\":false,\\\"matchIndex\\\":0}\",\"filePath\":\"spa/config/prod.env.js.tpl\",\"description\":\"是否启用分析平台的视屏功能\",\"globalConfigId\":null,\"templateId\":\"fbe813ac-b0dc-4126-b48f-c71038b2554a\",\"templateVersionId\":\"83798ffa-99c5-4d27-9397-3d7e81985ca2\",\"templateVersionGitId\":\"9fd43ada-748a-4aec-9016-595e1abf8fd8\",\"gitSourceConfigId\":\"6f48eb20-9e67-4c92-bebc-8e643d616961\",\"isHidden\":0,\"visable\":1,\"targetValue\":\"false\"},{\"id\":\"8ff770d2-9378-4296-8b4f-89fb451a0749\",\"typeId\":0,\"reg\":\"{\\\"source\\\":\\\"#{webapp.word.zg_text}\\\",\\\"global\\\":false,\\\"ignoreCase\\\":false,\\\"matchIndex\\\":0}\",\"filePath\":\"spa/config/prod.env.js.tpl\",\"description\":\"诸葛字样标识\",\"globalConfigId\":null,\"templateId\":\"fbe813ac-b0dc-4126-b48f-c71038b2554a\",\"templateVersionId\":\"83798ffa-99c5-4d27-9397-3d7e81985ca2\",\"templateVersionGitId\":\"9fd43ada-748a-4aec-9016-595e1abf8fd8\",\"gitSourceConfigId\":\"407a1955-559e-4ee9-bc9b-213a7ee24841\",\"isHidden\":0,\"visable\":1,\"targetValue\":\"数据分析\"},{\"id\":\"6473a2a3-5d84-4e3d-9ce9-de991425ba7e\",\"typeId\":0,\"reg\":\"{\\\"source\\\":\\\"#{webapp.show_download_button}\\\",\\\"global\\\":false,\\\"ignoreCase\\\":false,\\\"matchIndex\\\":0}\",\"filePath\":\"spa/config/prod.env.js.tpl\",\"description\":\"用户信息下载控制开关，true显示下载/false隐藏下载\",\"globalConfigId\":null,\"templateId\":\"fbe813ac-b0dc-4126-b48f-c71038b2554a\",\"templateVersionId\":\"83798ffa-99c5-4d27-9397-3d7e81985ca2\",\"templateVersionGitId\":\"9fd43ada-748a-4aec-9016-595e1abf8fd8\",\"gitSourceConfigId\":\"043e8daf-4f34-48b7-899e-9fb60d5fdfe2\",\"isHidden\":0,\"visable\":1,\"targetValue\":\"true\"},{\"id\":\"135707b3-1aeb-461d-8a9f-43792e895a0b\",\"typeId\":0,\"reg\":\"{\\\"source\\\":\\\"#{webapp.route_base_path}\\\",\\\"global\\\":false,\\\"ignoreCase\\\":false,\\\"matchIndex\\\":0}\",\"filePath\":\"spa/config/prod.env.js.tpl\",\"description\":\"根路由\",\"globalConfigId\":null,\"templateId\":\"fbe813ac-b0dc-4126-b48f-c71038b2554a\",\"templateVersionId\":\"83798ffa-99c5-4d27-9397-3d7e81985ca2\",\"templateVersionGitId\":\"9fd43ada-748a-4aec-9016-595e1abf8fd8\",\"gitSourceConfigId\":\"67dcaea1-3480-4870-a26a-5797d452a330\",\"isHidden\":0,\"visable\":1,\"targetValue\":\"/webapp/\"},{\"id\":\"2cf88ed3-48d3-44c7-ac8a-069b75249fdf\",\"typeId\":0,\"reg\":\"{\\\"source\\\":\\\"#{webapp.show_deep_share}\\\",\\\"global\\\":false,\\\"ignoreCase\\\":false,\\\"matchIndex\\\":0}\",\"filePath\":\"spa/config/prod.env.js.tpl\",\"description\":\"deepShare开关\",\"globalConfigId\":null,\"templateId\":\"fbe813ac-b0dc-4126-b48f-c71038b2554a\",\"templateVersionId\":\"83798ffa-99c5-4d27-9397-3d7e81985ca2\",\"templateVersionGitId\":\"9fd43ada-748a-4aec-9016-595e1abf8fd8\",\"gitSourceConfigId\":\"67398a51-aaed-49e0-80bf-2675654fe29f\",\"isHidden\":0,\"visable\":1,\"targetValue\":\"true\"},{\"id\":\"5fe0a0b6-3341-4ad7-ab6e-f0abe8ddebaa\",\"typeId\":0,\"reg\":\"{\\\"source\\\":\\\"#{webapp.login_img_code}\\\",\\\"global\\\":false,\\\"ignoreCase\\\":false,\\\"matchIndex\\\":0}\",\"filePath\":\"spa/config/prod.env.js.tpl\",\"description\":\"登录图片验证码开关\",\"globalConfigId\":null,\"templateId\":\"fbe813ac-b0dc-4126-b48f-c71038b2554a\",\"templateVersionId\":\"83798ffa-99c5-4d27-9397-3d7e81985ca2\",\"templateVersionGitId\":\"9fd43ada-748a-4aec-9016-595e1abf8fd8\",\"gitSourceConfigId\":\"44d10e01-de64-4264-8f31-780001133a31\",\"isHidden\":0,\"visable\":1,\"targetValue\":\"false\"},{\"id\":\"afe025eb-5852-4186-a78d-c5380cf26d86\",\"typeId\":0,\"reg\":\"{\\\"source\\\":\\\"#{webapp.show_virtual_app}\\\",\\\"global\\\":false,\\\"ignoreCase\\\":false,\\\"matchIndex\\\":0}\",\"filePath\":\"spa/config/prod.env.js.tpl\",\"description\":\"虚拟应用开关\",\"globalConfigId\":null,\"templateId\":\"fbe813ac-b0dc-4126-b48f-c71038b2554a\",\"templateVersionId\":\"83798ffa-99c5-4d27-9397-3d7e81985ca2\",\"templateVersionGitId\":\"9fd43ada-748a-4aec-9016-595e1abf8fd8\",\"gitSourceConfigId\":\"a6043fb3-40cd-484f-b94a-6c07a7793254\",\"isHidden\":0,\"visable\":1,\"targetValue\":\"false\"},{\"id\":\"7b3ff627-000c-4e4f-91cf-5e0bbd9ced6e\",\"typeId\":0,\"reg\":\"{\\\"source\\\":\\\"#{webapp.appkey_zg}\\\",\\\"global\\\":false,\\\"ignoreCase\\\":false,\\\"matchIndex\\\":0}\",\"filePath\":\"spa/config/prod.env.js.tpl\",\"description\":\"分析平台内部打点上传应用app_key\",\"globalConfigId\":null,\"templateId\":\"fbe813ac-b0dc-4126-b48f-c71038b2554a\",\"templateVersionId\":\"83798ffa-99c5-4d27-9397-3d7e81985ca2\",\"templateVersionGitId\":\"9fd43ada-748a-4aec-9016-595e1abf8fd8\",\"gitSourceConfigId\":\"ec778003-bc6c-4e33-ac2e-2dffb96c0a48\",\"isHidden\":0,\"visable\":1,\"targetValue\":\"5f8a935cd15a47419df0e07d0547551b\"},{\"id\":\"1525ac41-dbf4-43fd-8890-8613d4dfd9f9\",\"typeId\":0,\"reg\":\"{\\\"source\\\":\\\"#{webapp->is_mars_ui}\\\",\\\"global\\\":false,\\\"ignoreCase\\\":false,\\\"matchIndex\\\":0}\",\"filePath\":\"spa/config/prod.env.js.tpl\",\"description\":\"webapp相关配置\",\"globalConfigId\":null,\"templateId\":\"fbe813ac-b0dc-4126-b48f-c71038b2554a\",\"templateVersionId\":\"83798ffa-99c5-4d27-9397-3d7e81985ca2\",\"templateVersionGitId\":\"9fd43ada-748a-4aec-9016-595e1abf8fd8\",\"gitSourceConfigId\":\"83212858-73d2-4f06-b084-0613228bfe71\",\"isHidden\":0,\"visable\":1,\"targetValue\":\"false\"},{\"id\":\"2be64fd0-5aac-425e-ab8d-c443728d5fa3\",\"typeId\":0,\"reg\":\"{\\\"source\\\":\\\"#{webapp.channel_date_config}\\\",\\\"global\\\":false,\\\"ignoreCase\\\":false,\\\"matchIndex\\\":0}\",\"filePath\":\"spa/config/prod.env.js.tpl\",\"description\":\"获取模块日期默认值\",\"globalConfigId\":null,\"templateId\":\"fbe813ac-b0dc-4126-b48f-c71038b2554a\",\"templateVersionId\":\"83798ffa-99c5-4d27-9397-3d7e81985ca2\",\"templateVersionGitId\":\"9fd43ada-748a-4aec-9016-595e1abf8fd8\",\"gitSourceConfigId\":\"cc85b9c5-6fe3-46ca-b238-1b6c3b50acdb\",\"isHidden\":0,\"visable\":1,\"targetValue\":\"0\"},{\"id\":\"d7da6360-502a-453a-9cd8-0230041dd5be\",\"typeId\":0,\"reg\":\"{\\\"source\\\":\\\"#{webapp.word.title}\\\",\\\"global\\\":false,\\\"ignoreCase\\\":false,\\\"matchIndex\\\":0}\",\"filePath\":\"spa/config/prod.env.js.tpl\",\"description\":\"页面的title信息\",\"globalConfigId\":null,\"templateId\":\"fbe813ac-b0dc-4126-b48f-c71038b2554a\",\"templateVersionId\":\"83798ffa-99c5-4d27-9397-3d7e81985ca2\",\"templateVersionGitId\":\"9fd43ada-748a-4aec-9016-595e1abf8fd8\",\"gitSourceConfigId\":\"b84b64a9-ceeb-4464-ae6d-8eebf43f7b4c\",\"isHidden\":0,\"visable\":1,\"targetValue\":\"数据分析\"},{\"id\":\"7255ca1b-0de8-482a-9a35-62552aadd230\",\"typeId\":0,\"reg\":\"{\\\"source\\\":\\\"#{webapp.show_data_daily}\\\",\\\"global\\\":false,\\\"ignoreCase\\\":false,\\\"matchIndex\\\":0}\",\"filePath\":\"spa/config/prod.env.js.tpl\",\"description\":\"数据日报开关(有日报必须有微信菜单，有微信菜单可以不用日报)\",\"globalConfigId\":null,\"templateId\":\"fbe813ac-b0dc-4126-b48f-c71038b2554a\",\"templateVersionId\":\"83798ffa-99c5-4d27-9397-3d7e81985ca2\",\"templateVersionGitId\":\"9fd43ada-748a-4aec-9016-595e1abf8fd8\",\"gitSourceConfigId\":\"f97bb3f0-1648-4aa5-9245-bfbf2bd7a7b5\",\"isHidden\":0,\"visable\":1,\"targetValue\":\"true\"},{\"id\":\"83c6ed56-7faa-40dc-810a-b6e404f03e19\",\"typeId\":0,\"reg\":\"{\\\"source\\\":\\\"#{svr.domain.extranet}\\\",\\\"global\\\":false,\\\"ignoreCase\\\":false,\\\"matchIndex\\\":0}\",\"filePath\":\"spa/config/prod.env.js.tpl\",\"description\":\"合并端口外网访问地址(需要加协议http(s))(填网站的)\",\"globalConfigId\":null,\"templateId\":\"fbe813ac-b0dc-4126-b48f-c71038b2554a\",\"templateVersionId\":\"83798ffa-99c5-4d27-9397-3d7e81985ca2\",\"templateVersionGitId\":\"9fd43ada-748a-4aec-9016-595e1abf8fd8\",\"gitSourceConfigId\":\"89a51264-9a39-4e0a-848a-3495efd98705\",\"isHidden\":0,\"visable\":1,\"targetValue\":\"https://uba.it.pkpm.cn\"},{\"id\":\"a22c5aea-6395-426d-90d0-c22a3c455ee0\",\"typeId\":0,\"reg\":\"{\\\"source\\\":\\\"#{svr.domain.intranet}\\\",\\\"global\\\":false,\\\"ignoreCase\\\":true,\\\"matchIndex\\\":0}\",\"filePath\":\"spa/config/prod.env.js.tpl\",\"description\":\"合并端口内网访问地址\",\"globalConfigId\":null,\"templateId\":\"fbe813ac-b0dc-4126-b48f-c71038b2554a\",\"templateVersionId\":\"83798ffa-99c5-4d27-9397-3d7e81985ca2\",\"templateVersionGitId\":\"9fd43ada-748a-4aec-9016-595e1abf8fd8\",\"gitSourceConfigId\":\"893b5f5a-0731-4d24-bdfe-902e5545e859\",\"isHidden\":0,\"visable\":1,\"targetValue\":\"realtime-1:80\"},{\"id\":\"e2f7e024-83d3-4bb8-b768-debb8d8814fc\",\"typeId\":0,\"reg\":\"{\\\"source\\\":\\\"#{node.api.socket.prefix}\\\",\\\"global\\\":false,\\\"ignoreCase\\\":false,\\\"matchIndex\\\":0}\",\"filePath\":\"spa/config/prod.env.js.tpl\",\"description\":\"node服务socket接口前缀\",\"globalConfigId\":null,\"templateId\":\"fbe813ac-b0dc-4126-b48f-c71038b2554a\",\"templateVersionId\":\"83798ffa-99c5-4d27-9397-3d7e81985ca2\",\"templateVersionGitId\":\"9fd43ada-748a-4aec-9016-595e1abf8fd8\",\"gitSourceConfigId\":\"489b18f8-8da4-4db6-a7cb-7eb47a6bc702\",\"isHidden\":0,\"visable\":1,\"targetValue\":\"/analysis/socket\"},{\"id\":\"9a99786d-cf7c-48db-9a6e-65e3d53af28f\",\"typeId\":0,\"reg\":\"{\\\"source\\\":\\\"#{webapp.shiping_root_path}\\\",\\\"global\\\":false,\\\"ignoreCase\\\":false,\\\"matchIndex\\\":0}\",\"filePath\":\"spa/config/prod.env.js.tpl\",\"description\":\"视屏根路径\",\"globalConfigId\":null,\"templateId\":\"fbe813ac-b0dc-4126-b48f-c71038b2554a\",\"templateVersionId\":\"83798ffa-99c5-4d27-9397-3d7e81985ca2\",\"templateVersionGitId\":\"9fd43ada-748a-4aec-9016-595e1abf8fd8\",\"gitSourceConfigId\":\"4ccf1214-7d2a-48bd-a80f-dc258c7d4f7c\",\"isHidden\":0,\"visable\":1,\"targetValue\":\"shiping\"},{\"id\":\"2d3e7c9d-103d-4426-8fa4-8b1245cf917d\",\"typeId\":0,\"reg\":\"{\\\"source\\\":\\\"#{analysis.zhuge_session_domain}\\\",\\\"global\\\":false,\\\"ignoreCase\\\":false,\\\"matchIndex\\\":0}\",\"filePath\":\"spa/config/prod.env.js.tpl\",\"description\":\"分析session/cookie存储域名(填网站的)(不需要加端口)\",\"globalConfigId\":null,\"templateId\":\"fbe813ac-b0dc-4126-b48f-c71038b2554a\",\"templateVersionId\":\"83798ffa-99c5-4d27-9397-3d7e81985ca2\",\"templateVersionGitId\":\"9fd43ada-748a-4aec-9016-595e1abf8fd8\",\"gitSourceConfigId\":\"03416287-31d1-4e97-aa7c-97827668b020\",\"isHidden\":0,\"visable\":1,\"targetValue\":\"uba.it.pkpm.cn\"},{\"id\":\"6dcf5c59-af37-4c90-b80d-dcda6f9d594a\",\"typeId\":0,\"reg\":\"{\\\"source\\\":\\\"#{webapp.use_pwd_rules}\\\",\\\"global\\\":false,\\\"ignoreCase\\\":false,\\\"matchIndex\\\":0}\",\"filePath\":\"spa/config/prod.env.js.tpl\",\"description\":\"是否启动密码强校验功能\",\"globalConfigId\":null,\"templateId\":\"fbe813ac-b0dc-4126-b48f-c71038b2554a\",\"templateVersionId\":\"83798ffa-99c5-4d27-9397-3d7e81985ca2\",\"templateVersionGitId\":\"9fd43ada-748a-4aec-9016-595e1abf8fd8\",\"gitSourceConfigId\":\"482855b8-864e-4c28-a299-b2bcead1e695\",\"isHidden\":0,\"visable\":1,\"targetValue\":\"true\"},{\"id\":\"ddd70be6-3375-488c-a151-6d33d222636c\",\"typeId\":0,\"reg\":\"{\\\"source\\\":\\\"#{webapp.show_app_download}\\\",\\\"global\\\":false,\\\"ignoreCase\\\":false,\\\"matchIndex\\\":0}\",\"filePath\":\"spa/config/prod.env.js.tpl\",\"description\":\"app扫码下载\",\"globalConfigId\":null,\"templateId\":\"fbe813ac-b0dc-4126-b48f-c71038b2554a\",\"templateVersionId\":\"83798ffa-99c5-4d27-9397-3d7e81985ca2\",\"templateVersionGitId\":\"9fd43ada-748a-4aec-9016-595e1abf8fd8\",\"gitSourceConfigId\":\"71eec3a0-8c2b-470b-a2be-da11c395ef44\",\"isHidden\":0,\"visable\":1,\"targetValue\":\"false\"},{\"id\":\"ef25b1b4-6052-480c-bc98-a35344cef14d\",\"typeId\":0,\"reg\":\"{\\\"source\\\":\\\"#{webapp.show_visualizer_track}\\\",\\\"global\\\":false,\\\"ignoreCase\\\":false,\\\"matchIndex\\\":0}\",\"filePath\":\"spa/config/prod.env.js.tpl\",\"description\":\"分析平台的可视化埋点\",\"globalConfigId\":null,\"templateId\":\"fbe813ac-b0dc-4126-b48f-c71038b2554a\",\"templateVersionId\":\"83798ffa-99c5-4d27-9397-3d7e81985ca2\",\"templateVersionGitId\":\"9fd43ada-748a-4aec-9016-595e1abf8fd8\",\"gitSourceConfigId\":\"d6a818f0-1c70-4b5d-8455-8c3d1bcd231f\",\"isHidden\":0,\"visable\":1,\"targetValue\":\"true\"},{\"id\":\"0efe76b5-9908-434d-b0c4-182fb6350cd5\",\"typeId\":0,\"reg\":\"{\\\"source\\\":\\\"#{webapp->is_ultralimit}\\\",\\\"global\\\":false,\\\"ignoreCase\\\":false,\\\"matchIndex\\\":0}\",\"filePath\":\"spa/config/prod.env.js.tpl\",\"description\":\"webapp相关配置\",\"globalConfigId\":null,\"templateId\":\"fbe813ac-b0dc-4126-b48f-c71038b2554a\",\"templateVersionId\":\"83798ffa-99c5-4d27-9397-3d7e81985ca2\",\"templateVersionGitId\":\"9fd43ada-748a-4aec-9016-595e1abf8fd8\",\"gitSourceConfigId\":\"402168b8-4146-43ce-bffc-933f4702f0cf\",\"isHidden\":0,\"visable\":1,\"targetValue\":\"false\"},{\"id\":\"146a4b00-a322-43b1-9b2f-ef8e1291aaf4\",\"typeId\":0,\"reg\":\"{\\\"source\\\":\\\"#{webapp.show_logo}\\\",\\\"global\\\":false,\\\"ignoreCase\\\":false,\\\"matchIndex\\\":0}\",\"filePath\":\"spa/config/prod.env.js.tpl\",\"description\":\"显示logo\",\"globalConfigId\":null,\"templateId\":\"fbe813ac-b0dc-4126-b48f-c71038b2554a\",\"templateVersionId\":\"83798ffa-99c5-4d27-9397-3d7e81985ca2\",\"templateVersionGitId\":\"9fd43ada-748a-4aec-9016-595e1abf8fd8\",\"gitSourceConfigId\":\"d80da916-a2d5-4e98-8ff0-82aae8173cf8\",\"isHidden\":0,\"visable\":1,\"targetValue\":\"true\"},{\"id\":\"5eedcf5f-521c-4e96-ad5a-417027dc572c\",\"typeId\":0,\"reg\":\"{\\\"source\\\":\\\"#{webapp.word.zg_link}\\\",\\\"global\\\":false,\\\"ignoreCase\\\":false,\\\"matchIndex\\\":0}\",\"filePath\":\"spa/config/prod.env.js.tpl\",\"description\":\"zhugeio链接\",\"globalConfigId\":null,\"templateId\":\"fbe813ac-b0dc-4126-b48f-c71038b2554a\",\"templateVersionId\":\"83798ffa-99c5-4d27-9397-3d7e81985ca2\",\"templateVersionGitId\":\"9fd43ada-748a-4aec-9016-595e1abf8fd8\",\"gitSourceConfigId\":\"912886f4-c612-4c59-bdef-d949b02e1b54\",\"isHidden\":0,\"visable\":1,\"targetValue\":\"zhugeio\"},{\"id\":\"045de411-bc5e-4a09-9d70-13521eaea9bb\",\"typeId\":0,\"reg\":\"{\\\"source\\\":\\\"#{webapp.show_app_account}\\\",\\\"global\\\":false,\\\"ignoreCase\\\":false,\\\"matchIndex\\\":0}\",\"filePath\":\"spa/config/prod.env.js.tpl\",\"description\":\"是否开启应用备注功能\",\"globalConfigId\":null,\"templateId\":\"fbe813ac-b0dc-4126-b48f-c71038b2554a\",\"templateVersionId\":\"83798ffa-99c5-4d27-9397-3d7e81985ca2\",\"templateVersionGitId\":\"9fd43ada-748a-4aec-9016-595e1abf8fd8\",\"gitSourceConfigId\":\"efaf72bc-338e-4911-8011-c5286614d0df\",\"isHidden\":0,\"visable\":1,\"targetValue\":\"false\"},{\"id\":\"5ca089ef-336a-41ed-be6d-65bd4e365e15\",\"typeId\":0,\"reg\":\"{\\\"source\\\":\\\"dist\\\",\\\"global\\\":false,\\\"ignoreCase\\\":false,\\\"matchIndex\\\":0}\",\"filePath\":\"spa/config/prod.env.js.tpl\",\"description\":\"默认配置spa文件输出地址\",\"globalConfigId\":null,\"templateId\":\"fbe813ac-b0dc-4126-b48f-c71038b2554a\",\"templateVersionId\":\"83798ffa-99c5-4d27-9397-3d7e81985ca2\",\"templateVersionGitId\":\"9fd43ada-748a-4aec-9016-595e1abf8fd8\",\"gitSourceConfigId\":\"233d2e9b-d075-4a48-993d-5fc6f53433f0\",\"isHidden\":0,\"visable\":1,\"targetValue\":\"../dist/spa\"},{\"id\":\"5f3ddb59-56d8-4580-a4d7-8f56d489b57e\",\"typeId\":0,\"reg\":\"{\\\"source\\\":\\\"#{webapp.word.ios_sdk}\\\",\\\"global\\\":false,\\\"ignoreCase\\\":false,\\\"matchIndex\\\":0}\",\"filePath\":\"spa/config/prod.env.js.tpl\",\"description\":\"ios-sdkv名称\",\"globalConfigId\":null,\"templateId\":\"fbe813ac-b0dc-4126-b48f-c71038b2554a\",\"templateVersionId\":\"83798ffa-99c5-4d27-9397-3d7e81985ca2\",\"templateVersionGitId\":\"9fd43ada-748a-4aec-9016-595e1abf8fd8\",\"gitSourceConfigId\":\"0716afc5-ced3-4d60-882c-046d7ddc165a\",\"isHidden\":0,\"visable\":1,\"targetValue\":\"Zhuge\"},{\"id\":\"0aeb2770-323a-4221-95d8-6e174de23222\",\"typeId\":0,\"reg\":\"{\\\"source\\\":\\\"#{node.api.prefix}\\\",\\\"global\\\":false,\\\"ignoreCase\\\":false,\\\"matchIndex\\\":0}\",\"filePath\":\"spa/config/prod.env.js.tpl\",\"description\":\"node服务socket接口前缀\",\"globalConfigId\":null,\"templateId\":\"fbe813ac-b0dc-4126-b48f-c71038b2554a\",\"templateVersionId\":\"83798ffa-99c5-4d27-9397-3d7e81985ca2\",\"templateVersionGitId\":\"9fd43ada-748a-4aec-9016-595e1abf8fd8\",\"gitSourceConfigId\":\"7caa7c46-8a2d-485b-b709-0d961fb41566\",\"isHidden\":0,\"visable\":1,\"targetValue\":\"/analysis/api\"},{\"id\":\"0d4372d8-ca19-40b9-a9dd-e503b3401b9a\",\"typeId\":0,\"reg\":\"{\\\"source\\\":\\\"#{svr.domain.nginx.extranet}\\\",\\\"global\\\":false,\\\"ignoreCase\\\":false,\\\"matchIndex\\\":0}\",\"filePath\":\"spa/config/prod.env.js.tpl\",\"description\":\"合并端口外网访问地址(需要加协议http(s))(填网关的)\",\"globalConfigId\":null,\"templateId\":\"fbe813ac-b0dc-4126-b48f-c71038b2554a\",\"templateVersionId\":\"83798ffa-99c5-4d27-9397-3d7e81985ca2\",\"templateVersionGitId\":\"9fd43ada-748a-4aec-9016-595e1abf8fd8\",\"gitSourceConfigId\":\"de2c2d63-eaf5-4098-a8a3-ff44282da7fc\",\"isHidden\":0,\"visable\":1,\"targetValue\":\"https://uba.it.pkpm.cn\"},{\"id\":\"ae79c220-cb12-4fed-b1e0-bad681d4ea3a\",\"typeId\":0,\"reg\":\"{\\\"source\\\":\\\"#{webapp.assets_public_path}\\\",\\\"global\\\":false,\\\"ignoreCase\\\":false,\\\"matchIndex\\\":0}\",\"filePath\":\"spa/config/prod.env.js.tpl\",\"description\":\"spa模块静态文件访问目录\",\"globalConfigId\":null,\"templateId\":\"fbe813ac-b0dc-4126-b48f-c71038b2554a\",\"templateVersionId\":\"83798ffa-99c5-4d27-9397-3d7e81985ca2\",\"templateVersionGitId\":\"9fd43ada-748a-4aec-9016-595e1abf8fd8\",\"gitSourceConfigId\":\"112baff7-709a-48b9-8eab-f8f34d1cb684\",\"isHidden\":0,\"visable\":1,\"targetValue\":\"/webapp/spa/\"},{\"id\":\"d1a2a32e-00bb-440b-a6a8-55f7f6bd1b0e\",\"typeId\":0,\"reg\":\"{\\\"source\\\":\\\"#{webapp.old_assets_path}\\\",\\\"global\\\":false,\\\"ignoreCase\\\":false,\\\"matchIndex\\\":0}\",\"filePath\":\"spa/config/prod.env.js.tpl\",\"description\":\"老模块静态文件访问目录\",\"globalConfigId\":null,\"templateId\":\"fbe813ac-b0dc-4126-b48f-c71038b2554a\",\"templateVersionId\":\"83798ffa-99c5-4d27-9397-3d7e81985ca2\",\"templateVersionGitId\":\"9fd43ada-748a-4aec-9016-595e1abf8fd8\",\"gitSourceConfigId\":\"86218bbf-e306-49ab-a388-5729ad0ee90f\",\"isHidden\":0,\"visable\":1,\"targetValue\":\"/webapp/\"},{\"id\":\"a9a87e66-e43f-4b97-a145-5a757b53d12f\",\"typeId\":0,\"reg\":\"{\\\"source\\\":\\\"#{webapp.use_track}\\\",\\\"global\\\":false,\\\"ignoreCase\\\":false,\\\"matchIndex\\\":0}\",\"filePath\":\"spa/config/prod.env.js.tpl\",\"description\":\"诸葛打点，0关闭，1上传至saas，2上传至私有部署\",\"globalConfigId\":null,\"templateId\":\"fbe813ac-b0dc-4126-b48f-c71038b2554a\",\"templateVersionId\":\"83798ffa-99c5-4d27-9397-3d7e81985ca2\",\"templateVersionGitId\":\"9fd43ada-748a-4aec-9016-595e1abf8fd8\",\"gitSourceConfigId\":\"4c26adad-170a-41b1-aebb-32284b7d5aab\",\"isHidden\":0,\"visable\":1,\"targetValue\":\"0\"},{\"id\":\"44b63f1b-8796-43de-82f5-58ca069d7e37\",\"typeId\":0,\"reg\":\"{\\\"source\\\":\\\"#{webapp.login_destination_white_list}\\\",\\\"global\\\":false,\\\"ignoreCase\\\":false,\\\"matchIndex\\\":0}\",\"filePath\":\"spa/config/prod.env.js.tpl\",\"description\":\"登录跳转域名白名单，前端使用样例：^(http://localhost:3000)|(http://test.zhugeio.com:8080)|()\",\"globalConfigId\":null,\"templateId\":\"fbe813ac-b0dc-4126-b48f-c71038b2554a\",\"templateVersionId\":\"83798ffa-99c5-4d27-9397-3d7e81985ca2\",\"templateVersionGitId\":\"9fd43ada-748a-4aec-9016-595e1abf8fd8\",\"gitSourceConfigId\":\"1b669299-e950-46fb-88c2-e46fbd9611e0\",\"isHidden\":0,\"visable\":1,\"targetValue\":\"\"}],\"compileType\":0,\"templateId\":\"fbe813ac-b0dc-4126-b48f-c71038b2554a\",\"templateVersionId\":\"83798ffa-99c5-4d27-9397-3d7e81985ca2\"}]');
COMMIT;

-- ----------------------------
-- Table structure for config_type
-- ----------------------------
DROP TABLE IF EXISTS `config_type`;
CREATE TABLE `config_type` (
  `id` int NOT NULL,
  `label` varchar(100) DEFAULT NULL COMMENT '类型描述',
  `key` varchar(10) DEFAULT NULL COMMENT '英文标识',
  PRIMARY KEY (`id`)
) ENGINE=InnoDB DEFAULT CHARSET=utf8mb3 COMMENT='文本、文件替换、json';

-- ----------------------------
-- Records of config_type
-- ----------------------------
BEGIN;
INSERT INTO `config_type` VALUES (0, '文本', 'text');
INSERT INTO `config_type` VALUES (1, '文件替换', 'file');
COMMIT;

-- ----------------------------
-- Table structure for customer
-- ----------------------------
DROP TABLE IF EXISTS `customer`;
CREATE TABLE `customer` (
  `id` varchar(50) CHARACTER SET utf8 COLLATE utf8_general_ci NOT NULL,
  `name` varchar(50) CHARACTER SET utf8 COLLATE utf8_general_ci DEFAULT NULL COMMENT '客户名称',
  `description` varchar(200) CHARACTER SET utf8 COLLATE utf8_general_ci DEFAULT NULL COMMENT '描述',
  `creator_id` varchar(50) CHARACTER SET utf8 COLLATE utf8_general_ci NOT NULL COMMENT '创建者id',
  `tel` varchar(11) DEFAULT NULL COMMENT '联系方式',
  PRIMARY KEY (`id`),
  KEY `customer_ibfk_2` (`creator_id`),
  CONSTRAINT `customer_ibfk_2` FOREIGN KEY (`creator_id`) REFERENCES `user` (`id`) ON DELETE RESTRICT ON UPDATE RESTRICT
) ENGINE=InnoDB DEFAULT CHARSET=utf8mb3 COMMENT='客户表';

-- ----------------------------
-- Records of customer
-- ----------------------------
BEGIN;
INSERT INTO `customer` VALUES ('4623a388-1bc9-4d8b-9f24-1c724c299396', 'hjg', 'hjgj', 'f975eb7e-cea4-4a1d-b515-7e6da94b1899', 'hhj');
COMMIT;

-- ----------------------------
-- Table structure for git_source
-- ----------------------------
DROP TABLE IF EXISTS `git_source`;
CREATE TABLE `git_source` (
  `id` varchar(50) NOT NULL DEFAULT '',
  `name` varchar(50) DEFAULT NULL COMMENT '源名称',
  `description` text COMMENT '库描述信息',
  `git` varchar(100) DEFAULT NULL COMMENT 'git地址',
  `enable` tinyint(1) DEFAULT '1' COMMENT '是否启用为源',
  `git_id` int DEFAULT NULL COMMENT 'git库中的id',
  `creator_id` varchar(50) DEFAULT NULL COMMENT '创建者id',
  PRIMARY KEY (`id`)
) ENGINE=InnoDB DEFAULT CHARSET=utf8mb3 COMMENT='git源\n会将当前git账号有权限的所有git库都导入进来';

-- ----------------------------
-- Records of git_source
-- ----------------------------
BEGIN;
INSERT INTO `git_source` VALUES ('04d51d81-5439-4f4b-ad95-ab0610f933ae', 'zhugesdkv', '', 'git@gl.zhugeio.com:tangxingcai/zhugesdkv.git', 1, 22, 'f975eb7e-cea4-4a1d-b515-7e6da94b1899');
INSERT INTO `git_source` VALUES ('0f0dfcad-40a0-4a99-9bc6-232b4efb22d4', 'webapp', '诸葛网站应用', 'git@gl.zhugeio.com:dongyongqiang/webapp.git', 1, 23, 'f975eb7e-cea4-4a1d-b515-7e6da94b1899');
INSERT INTO `git_source` VALUES ('1e4058bb-b8e6-4ca9-ae31-4065365d51f1', 'zgSee', '视屏服务前端项目', 'git@gl.zhugeio.com:dongyongqiang/zgSee.git', 1, 268, 'f975eb7e-cea4-4a1d-b515-7e6da94b1899');
INSERT INTO `git_source` VALUES ('2f46f470-e0ec-4119-bc84-c4d111475889', 'zhugeio-api', '', 'git@gl.zhugeio.com:server/zhugeio-api.git', 1, 36, 'f975eb7e-cea4-4a1d-b515-7e6da94b1899');
INSERT INTO `git_source` VALUES ('37363fe8-c813-456e-aa3a-63275a8973f9', 'etl-private', '', 'git@gl.zhugeio.com:dengziwu/etl-private.git', 1, 77, 'f975eb7e-cea4-4a1d-b515-7e6da94b1899');
INSERT INTO `git_source` VALUES ('40e643c4-5254-4ae7-a3cb-bc7a31aeeefc', 'clockwork', '营销云正式版工作流', 'git@gl.zhugeio.com:marketing-cloud/clockwork.git', 1, 146, 'f975eb7e-cea4-4a1d-b515-7e6da94b1899');
INSERT INTO `git_source` VALUES ('45a9da44-30ae-4660-a2f8-7729b3036d2e', 'smc-stable-svr', '私有部署静态包', 'git@gl.zhugeio.com:realtime/smc-stable-svr.git', 1, 346, 'f975eb7e-cea4-4a1d-b515-7e6da94b1899');
INSERT INTO `git_source` VALUES ('46c0879d-a25b-4f8b-bc66-610d6ed88ef4', 'wt', '基于微信第三方平台授权模式搭建平台。\r\n对关注、取关、扫码等事件打点，基于公众号/小程序数据进行数据查询处理。\r\n\r\n此项目是zhugeWeixinThird第二版，因模块不一致，每次切换分支时会遗留之前版本目录数据，造成紊乱，所以新建项目。', 'git@gl.zhugeio.com:zoufanqi/wt.git', 1, 291, 'f975eb7e-cea4-4a1d-b515-7e6da94b1899');
INSERT INTO `git_source` VALUES ('51993461-d59f-4f5b-86a6-742db1d3194a', 'js-sdk', '诸葛js-sdk', 'git@gl.zhugeio.com:dongyongqiang/js-sdk.git', 1, 25, 'f975eb7e-cea4-4a1d-b515-7e6da94b1899');
INSERT INTO `git_source` VALUES ('68e078fb-eb3d-4659-9e38-272e35316e38', 'm-webapp', '诸葛移动端网页app', 'git@gl.zhugeio.com:dongyongqiang/m-webapp.git', 1, 199, 'f975eb7e-cea4-4a1d-b515-7e6da94b1899');
INSERT INTO `git_source` VALUES ('71671909-9834-44b3-b2eb-a0789696eeb6', 'dimension_expansion', '维度表扩展', 'git@gl.zhugeio.com:wucheng/dimension_expansion.git', 1, 404, 'f975eb7e-cea4-4a1d-b515-7e6da94b1899');
INSERT INTO `git_source` VALUES ('7c6a4ef0-7af7-40b0-aa69-99bad2d6271d', 'webapp-server', '分析平台node服务', 'git@gl.zhugeio.com:frontEnd/webapp-server.git', 1, 365, 'f975eb7e-cea4-4a1d-b515-7e6da94b1899');
INSERT INTO `git_source` VALUES ('7d341f59-b0ce-4ed2-95b9-bbdfad64ab3c', 'api-extension', 'api扩展。如：用户是否所属用户群', 'git@gl.zhugeio.com:realtime/api-extension.git', 1, 415, 'f975eb7e-cea4-4a1d-b515-7e6da94b1899');
INSERT INTO `git_source` VALUES ('85866bad-811d-44af-952e-bdf1c1f1cd1a', 'zgsee-init', 'zgsee etl', 'git@gl.zhugeio.com:zgsee/zgsee-init.git', 1, 270, 'f975eb7e-cea4-4a1d-b515-7e6da94b1899');
INSERT INTO `git_source` VALUES ('8d3c85d6-4bd3-4936-9e0f-ee44cfe312ca', 'zhugeio-tools', '私有部署相关工具集。如：菜单增删、同步mysql库元数据等', 'git@gl.zhugeio.com:realtime/zhugeio-tools.git', 1, 367, 'f975eb7e-cea4-4a1d-b515-7e6da94b1899');
INSERT INTO `git_source` VALUES ('997e7123-62a2-438a-88cc-122c32965519', 'zhugeio-marketing-cloud', '诸葛营销云api', 'git@gl.zhugeio.com:marketing-cloud/zhugeio-marketing-cloud.git', 1, 221, 'f975eb7e-cea4-4a1d-b515-7e6da94b1899');
INSERT INTO `git_source` VALUES ('b365bc9c-2dfd-4fe1-afba-5b56d58e65a3', 'market-cloud-app', '营销云前端库', 'git@gl.zhugeio.com:dongyongqiang/market-cloud-app.git', 1, 121, 'f975eb7e-cea4-4a1d-b515-7e6da94b1899');
INSERT INTO `git_source` VALUES ('b4779bc3-b64b-4556-8fbf-e1660abc77d7', 'zhugeio-es', '', 'git@gl.zhugeio.com:server/zhugeio-es.git', 1, 124, 'f975eb7e-cea4-4a1d-b515-7e6da94b1899');
INSERT INTO `git_source` VALUES ('c2c43a72-6413-43b6-8cc5-3707945b32f0', 'zgsee-pix', 'zgsee 图片处理', 'git@gl.zhugeio.com:zgsee/zgsee-pix.git', 1, 271, 'f975eb7e-cea4-4a1d-b515-7e6da94b1899');
INSERT INTO `git_source` VALUES ('c901f2f3-ee26-4461-b830-7c47e4f4bd6a', 'etl-virtual-app', '', 'git@gl.zhugeio.com:zhangdongbin/etl-virtual-app.git', 1, 297, 'f975eb7e-cea4-4a1d-b515-7e6da94b1899');
INSERT INTO `git_source` VALUES ('cdac3b88-7578-4a0e-8151-f96627832942', 'playwell', 'Playwell Framework', 'git@gl.zhugeio.com:marketing-cloud/playwell.git', 1, 337, 'f975eb7e-cea4-4a1d-b515-7e6da94b1899');
INSERT INTO `git_source` VALUES ('dae89e64-2932-4bec-b3ae-4ac5be585617', 'zgsee-web', '', 'git@gl.zhugeio.com:zgsee/zgsee-web.git', 1, 275, 'f975eb7e-cea4-4a1d-b515-7e6da94b1899');
COMMIT;

-- ----------------------------
-- Table structure for project
-- ----------------------------
DROP TABLE IF EXISTS `project`;
CREATE TABLE `project` (
  `id` varchar(50) NOT NULL DEFAULT '' COMMENT '工程id',
  `name` varchar(100) DEFAULT NULL COMMENT '配置名称',
  `template_id` varchar(50) CHARACTER SET utf8 COLLATE utf8_general_ci NOT NULL COMMENT '模板id',
  `template_version` varchar(50) CHARACTER SET utf8 COLLATE utf8_general_ci NOT NULL COMMENT '模板版本',
  `compile_type` int DEFAULT NULL COMMENT '编译类型。0：私有部署；1：常规迭代；2：发布测试',
  `public_type` int DEFAULT NULL COMMENT '发布方式。0：发布到git；1：下载；2：自动',
  `description` varchar(200) CHARACTER SET utf8 COLLATE utf8_general_ci DEFAULT NULL COMMENT '描述',
  `create_time` datetime DEFAULT NULL COMMENT '创建时间',
  `customer` varchar(50) DEFAULT NULL COMMENT '客户id',
  `receive_user_id` text COMMENT '被分享的成员id',
  `creator_id` varchar(50) DEFAULT NULL COMMENT '创建者id',
  PRIMARY KEY (`id`),
  KEY `project_ibfk_1` (`template_id`),
  KEY `project_ibfk_2` (`template_version`),
  KEY `project_ibfk_3` (`customer`),
  CONSTRAINT `project_ibfk_1` FOREIGN KEY (`template_id`) REFERENCES `template` (`id`) ON DELETE RESTRICT ON UPDATE RESTRICT,
  CONSTRAINT `project_ibfk_2` FOREIGN KEY (`template_version`) REFERENCES `template_version` (`id`) ON DELETE RESTRICT ON UPDATE RESTRICT,
  CONSTRAINT `project_ibfk_3` FOREIGN KEY (`customer`) REFERENCES `customer` (`id`) ON DELETE RESTRICT ON UPDATE RESTRICT
) ENGINE=InnoDB DEFAULT CHARSET=utf8mb3 COMMENT='项目表。';

-- ----------------------------
-- Records of project
-- ----------------------------
BEGIN;
INSERT INTO `project` VALUES ('8d7e79ad-91c3-408e-a167-0e9945e44865', 'webapp测试', 'fbe813ac-b0dc-4126-b48f-c71038b2554a', '83798ffa-99c5-4d27-9397-3d7e81985ca2', 0, 0, 'we但我企鹅我', '2022-01-04 23:11:50', '4623a388-1bc9-4d8b-9f24-1c724c299396', '[]', 'f975eb7e-cea4-4a1d-b515-7e6da94b1899');
COMMIT;

-- ----------------------------
-- Table structure for project_config
-- ----------------------------
DROP TABLE IF EXISTS `project_config`;
CREATE TABLE `project_config` (
  `id` varchar(50) CHARACTER SET utf8 COLLATE utf8_general_ci NOT NULL,
  `target_value` varchar(200) CHARACTER SET utf8 COLLATE utf8_general_ci DEFAULT NULL COMMENT '默认值',
  `global_config_id` varchar(50) DEFAULT NULL COMMENT '全局配置id',
  `project_git_id` varchar(50) DEFAULT NULL COMMENT '项目git',
  `template_config_id` varchar(50) DEFAULT NULL COMMENT '配置局部id',
  `is_hidden` int DEFAULT NULL COMMENT '是否隐藏',
  `visable` int DEFAULT NULL COMMENT '配置可见',
  PRIMARY KEY (`id`),
  KEY `project_config_ibfk_3` (`global_config_id`),
  KEY `proejct_config_ibfk_4` (`project_git_id`),
  KEY `project_config_ibfk_4` (`template_config_id`),
  CONSTRAINT `proejct_config_ibfk_4` FOREIGN KEY (`project_git_id`) REFERENCES `project_git` (`id`) ON DELETE RESTRICT ON UPDATE RESTRICT,
  CONSTRAINT `project_config_ibfk_3` FOREIGN KEY (`global_config_id`) REFERENCES `project_global_config` (`id`) ON DELETE RESTRICT ON UPDATE RESTRICT,
  CONSTRAINT `project_config_ibfk_4` FOREIGN KEY (`template_config_id`) REFERENCES `template_config` (`id`) ON DELETE RESTRICT ON UPDATE RESTRICT
) ENGINE=InnoDB DEFAULT CHARSET=utf8mb3 COMMENT='编译项目配置';

-- ----------------------------
-- Records of project_config
-- ----------------------------
BEGIN;
INSERT INTO `project_config` VALUES ('0645d7d9-4805-4f6a-b1a9-e70be2848d99', 'ZhugeSDK', NULL, '25d3cb6c-4d5b-4faa-930e-18a849c4dc86', '90876fc3-d507-496d-b77a-3b4ed508a984', 0, 1);
INSERT INTO `project_config` VALUES ('1326c017-d743-4235-90c7-6c45d440af84', 'zhuge', NULL, '25d3cb6c-4d5b-4faa-930e-18a849c4dc86', '158b70c8-bf7c-4c81-82f6-7be695c2f29a', 0, 1);
INSERT INTO `project_config` VALUES ('1aa55129-f238-4727-9499-f5926a207c71', 'false', NULL, '25d3cb6c-4d5b-4faa-930e-18a849c4dc86', '87560c3d-019f-42b9-a5ec-02d5a8828e38', 0, 1);
INSERT INTO `project_config` VALUES ('1efe28f8-96ad-420b-9b95-93a9d2233a09', '数据分析', NULL, '25d3cb6c-4d5b-4faa-930e-18a849c4dc86', '8ff770d2-9378-4296-8b4f-89fb451a0749', 0, 1);
INSERT INTO `project_config` VALUES ('23a8c631-9eaf-4735-bd01-961a847bb2ad', 'true', NULL, '25d3cb6c-4d5b-4faa-930e-18a849c4dc86', '6473a2a3-5d84-4e3d-9ce9-de991425ba7e', 0, 1);
INSERT INTO `project_config` VALUES ('29d5c2ff-27f2-4470-a37a-a40c2bad31cd', '/webapp/', NULL, '25d3cb6c-4d5b-4faa-930e-18a849c4dc86', '135707b3-1aeb-461d-8a9f-43792e895a0b', 0, 1);
INSERT INTO `project_config` VALUES ('2bfbbceb-cfc3-47c6-ac64-6ef6cadcde3f', 'true', NULL, '25d3cb6c-4d5b-4faa-930e-18a849c4dc86', '2cf88ed3-48d3-44c7-ac8a-069b75249fdf', 0, 1);
INSERT INTO `project_config` VALUES ('2fc0283f-0d30-44b1-a840-156c05ba656c', 'false', NULL, '25d3cb6c-4d5b-4faa-930e-18a849c4dc86', '5fe0a0b6-3341-4ad7-ab6e-f0abe8ddebaa', 0, 1);
INSERT INTO `project_config` VALUES ('31aef81e-370c-4261-b421-c0f103905c97', 'false', NULL, '25d3cb6c-4d5b-4faa-930e-18a849c4dc86', 'afe025eb-5852-4186-a78d-c5380cf26d86', 0, 1);
INSERT INTO `project_config` VALUES ('34e058c6-8930-4020-8a6c-92c41622e9f0', '5f8a935cd15a47419df0e07d0547551b', NULL, '25d3cb6c-4d5b-4faa-930e-18a849c4dc86', '7b3ff627-000c-4e4f-91cf-5e0bbd9ced6e', 0, 1);
INSERT INTO `project_config` VALUES ('41fdcf1e-3025-4382-91fb-8e9ea6476870', 'false', NULL, '25d3cb6c-4d5b-4faa-930e-18a849c4dc86', '1525ac41-dbf4-43fd-8890-8613d4dfd9f9', 0, 1);
INSERT INTO `project_config` VALUES ('4c064321-eefd-4974-a209-ac76de9d161a', '0', NULL, '25d3cb6c-4d5b-4faa-930e-18a849c4dc86', '2be64fd0-5aac-425e-ab8d-c443728d5fa3', 0, 1);
INSERT INTO `project_config` VALUES ('54513a9e-71e7-4a7f-a9a0-71b14e3a8299', '数据分析', NULL, '25d3cb6c-4d5b-4faa-930e-18a849c4dc86', 'd7da6360-502a-453a-9cd8-0230041dd5be', 0, 1);
INSERT INTO `project_config` VALUES ('557d65aa-9a22-46f2-ad1b-8527a0bea8df', 'true', NULL, '25d3cb6c-4d5b-4faa-930e-18a849c4dc86', '7255ca1b-0de8-482a-9a35-62552aadd230', 0, 1);
INSERT INTO `project_config` VALUES ('59252224-3abd-4a8a-b0c2-e6526c2fb52a', 'https://uba.it.pkpm.cn', NULL, '25d3cb6c-4d5b-4faa-930e-18a849c4dc86', '83c6ed56-7faa-40dc-810a-b6e404f03e19', 0, 1);
INSERT INTO `project_config` VALUES ('633e573c-e311-428b-b388-8a63fd8b85bb', 'realtime-1:80', NULL, '25d3cb6c-4d5b-4faa-930e-18a849c4dc86', 'a22c5aea-6395-426d-90d0-c22a3c455ee0', 0, 1);
INSERT INTO `project_config` VALUES ('6d491752-b14d-466b-8799-b9307ebfbacd', '/analysis/socket', NULL, '25d3cb6c-4d5b-4faa-930e-18a849c4dc86', 'e2f7e024-83d3-4bb8-b768-debb8d8814fc', 0, 1);
INSERT INTO `project_config` VALUES ('6eb76d43-1514-482f-9cb1-ce802fc7b770', 'shiping', NULL, '25d3cb6c-4d5b-4faa-930e-18a849c4dc86', '9a99786d-cf7c-48db-9a6e-65e3d53af28f', 0, 1);
INSERT INTO `project_config` VALUES ('7905d95d-0481-42f6-9bc3-3a27fe43be70', 'uba.it.pkpm.cn', NULL, '25d3cb6c-4d5b-4faa-930e-18a849c4dc86', '2d3e7c9d-103d-4426-8fa4-8b1245cf917d', 0, 1);
INSERT INTO `project_config` VALUES ('7e734d40-7dab-4ca5-a89d-377f7b0e6b20', 'true', NULL, '25d3cb6c-4d5b-4faa-930e-18a849c4dc86', '6dcf5c59-af37-4c90-b80d-dcda6f9d594a', 0, 1);
INSERT INTO `project_config` VALUES ('81996c6f-47c1-4378-885b-d80699061118', 'false', NULL, '25d3cb6c-4d5b-4faa-930e-18a849c4dc86', 'ddd70be6-3375-488c-a151-6d33d222636c', 0, 1);
INSERT INTO `project_config` VALUES ('82eea6ea-9ddd-43d6-9292-3105b47d910d', 'true', NULL, '25d3cb6c-4d5b-4faa-930e-18a849c4dc86', 'ef25b1b4-6052-480c-bc98-a35344cef14d', 0, 1);
INSERT INTO `project_config` VALUES ('856a8e32-b621-4182-88f4-1123879f4611', 'false', NULL, '25d3cb6c-4d5b-4faa-930e-18a849c4dc86', '0efe76b5-9908-434d-b0c4-182fb6350cd5', 0, 1);
INSERT INTO `project_config` VALUES ('8fe96d58-34ce-40c0-a2d8-182b22e819b4', 'true', NULL, '25d3cb6c-4d5b-4faa-930e-18a849c4dc86', '146a4b00-a322-43b1-9b2f-ef8e1291aaf4', 0, 1);
INSERT INTO `project_config` VALUES ('a727085b-c88e-4e83-a516-965a467df193', 'zhugeio', NULL, '25d3cb6c-4d5b-4faa-930e-18a849c4dc86', '5eedcf5f-521c-4e96-ad5a-417027dc572c', 0, 1);
INSERT INTO `project_config` VALUES ('ac5337c1-769f-4480-a14a-401eac8f9519', 'false', NULL, '25d3cb6c-4d5b-4faa-930e-18a849c4dc86', '045de411-bc5e-4a09-9d70-13521eaea9bb', 0, 1);
INSERT INTO `project_config` VALUES ('b1d0ed6f-bf20-428f-9a1f-5ebc0dc2adcd', '../dist/spa', NULL, '25d3cb6c-4d5b-4faa-930e-18a849c4dc86', '5ca089ef-336a-41ed-be6d-65bd4e365e15', 0, 1);
INSERT INTO `project_config` VALUES ('c4dbfcb7-9fbd-4053-aca1-cd5f0b66c998', 'Zhuge', NULL, '25d3cb6c-4d5b-4faa-930e-18a849c4dc86', '5f3ddb59-56d8-4580-a4d7-8f56d489b57e', 0, 1);
INSERT INTO `project_config` VALUES ('c664b3a7-18ad-43d4-8743-c98b110ef5e4', '/analysis/api', NULL, '25d3cb6c-4d5b-4faa-930e-18a849c4dc86', '0aeb2770-323a-4221-95d8-6e174de23222', 0, 1);
INSERT INTO `project_config` VALUES ('d130e8f8-0ee4-4567-9c0e-8827e4183b4e', 'https://uba.it.pkpm.cn', NULL, '25d3cb6c-4d5b-4faa-930e-18a849c4dc86', '0d4372d8-ca19-40b9-a9dd-e503b3401b9a', 0, 1);
INSERT INTO `project_config` VALUES ('d49c2429-a8d7-4e52-ad45-5f743d4f8015', '/webapp/spa/', NULL, '25d3cb6c-4d5b-4faa-930e-18a849c4dc86', 'ae79c220-cb12-4fed-b1e0-bad681d4ea3a', 0, 1);
INSERT INTO `project_config` VALUES ('e25e70fc-f7bf-4ec1-a6e5-d2186c57e211', '/webapp/', NULL, '25d3cb6c-4d5b-4faa-930e-18a849c4dc86', 'd1a2a32e-00bb-440b-a6a8-55f7f6bd1b0e', 0, 1);
INSERT INTO `project_config` VALUES ('f15c7485-4682-4f43-b47d-8579b1430ba0', '0', NULL, '25d3cb6c-4d5b-4faa-930e-18a849c4dc86', 'a9a87e66-e43f-4b97-a145-5a757b53d12f', 0, 1);
INSERT INTO `project_config` VALUES ('f97220c3-37f9-4a30-9108-a77cdfd5603d', '', NULL, '25d3cb6c-4d5b-4faa-930e-18a849c4dc86', '44b63f1b-8796-43de-82f5-58ca069d7e37', 0, 1);
COMMIT;

-- ----------------------------
-- Table structure for project_git
-- ----------------------------
DROP TABLE IF EXISTS `project_git`;
CREATE TABLE `project_git` (
  `id` varchar(50) NOT NULL,
  `name` varchar(255) DEFAULT NULL,
  `project_id` varchar(50) DEFAULT NULL COMMENT '项目id',
  `template_git_id` varchar(50) DEFAULT NULL,
  PRIMARY KEY (`id`),
  KEY `project_git_ibfk_3` (`project_id`),
  KEY `project_git_ibfk_1` (`template_git_id`),
  CONSTRAINT `project_git_ibfk_1` FOREIGN KEY (`template_git_id`) REFERENCES `template_version_git` (`id`) ON DELETE RESTRICT ON UPDATE RESTRICT,
  CONSTRAINT `project_git_ibfk_3` FOREIGN KEY (`project_id`) REFERENCES `project` (`id`) ON DELETE RESTRICT ON UPDATE RESTRICT
) ENGINE=InnoDB DEFAULT CHARSET=utf8mb3;

-- ----------------------------
-- Records of project_git
-- ----------------------------
BEGIN;
INSERT INTO `project_git` VALUES ('25d3cb6c-4d5b-4faa-930e-18a849c4dc86', 'webapp', '8d7e79ad-91c3-408e-a167-0e9945e44865', '9fd43ada-748a-4aec-9016-595e1abf8fd8');
COMMIT;

-- ----------------------------
-- Table structure for project_global_config
-- ----------------------------
DROP TABLE IF EXISTS `project_global_config`;
CREATE TABLE `project_global_config` (
  `id` varchar(50) NOT NULL DEFAULT '' COMMENT '配置项id',
  `project_id` varchar(50) CHARACTER SET utf8 COLLATE utf8_general_ci NOT NULL COMMENT '工程id',
  `target_value` varchar(200) CHARACTER SET utf8 COLLATE utf8_general_ci DEFAULT NULL,
  `template_global_config_id` varchar(50) DEFAULT NULL COMMENT '模版全局配置id',
  `is_hidden` int DEFAULT NULL COMMENT '是否隐藏',
  `visable` int DEFAULT NULL COMMENT '配置是否可见',
  PRIMARY KEY (`id`),
  KEY `project_global_config_ibfk_2` (`project_id`),
  KEY `project_global_config_ibfk_3` (`template_global_config_id`),
  CONSTRAINT `project_global_config_ibfk_2` FOREIGN KEY (`project_id`) REFERENCES `project` (`id`) ON DELETE RESTRICT ON UPDATE RESTRICT,
  CONSTRAINT `project_global_config_ibfk_3` FOREIGN KEY (`template_global_config_id`) REFERENCES `template_global_config` (`id`) ON DELETE RESTRICT ON UPDATE RESTRICT
) ENGINE=InnoDB DEFAULT CHARSET=utf8mb3;

-- ----------------------------
-- Records of project_global_config
-- ----------------------------
BEGIN;
COMMIT;

-- ----------------------------
-- Table structure for role
-- ----------------------------
DROP TABLE IF EXISTS `role`;
CREATE TABLE `role` (
  `id` int NOT NULL,
  `name` varchar(100) DEFAULT NULL COMMENT '角色名称',
  PRIMARY KEY (`id`)
) ENGINE=InnoDB DEFAULT CHARSET=utf8mb3;

-- ----------------------------
-- Records of role
-- ----------------------------
BEGIN;
INSERT INTO `role` VALUES (0, '运维');
INSERT INTO `role` VALUES (1, '技术支持');
INSERT INTO `role` VALUES (2, '研发');
INSERT INTO `role` VALUES (3, '测试');
COMMIT;

-- ----------------------------
-- Table structure for source_branch
-- ----------------------------
DROP TABLE IF EXISTS `source_branch`;
CREATE TABLE `source_branch` (
  `id` varchar(50) NOT NULL,
  `name` varchar(255) DEFAULT NULL,
  `description` varchar(255) DEFAULT NULL,
  `create_time` datetime DEFAULT NULL,
  `source_id` varchar(50) DEFAULT NULL COMMENT 'git_source id',
  `creator` varchar(50) DEFAULT NULL COMMENT '创建者id',
  PRIMARY KEY (`id`)
) ENGINE=InnoDB DEFAULT CHARSET=utf8mb3;

-- ----------------------------
-- Records of source_branch
-- ----------------------------
BEGIN;
INSERT INTO `source_branch` VALUES ('0579e662-f44b-4177-b216-0654ac59d198', '初始分支', '迁移数据初始化', '2021-12-29 13:18:40', '04d51d81-5439-4f4b-ad95-ab0610f933ae', 'f975eb7e-cea4-4a1d-b515-7e6da94b1899');
INSERT INTO `source_branch` VALUES ('062c1e84-d6f4-47a8-8b4e-07afdd265b1d', '初始分支', '迁移数据初始化', '2021-12-29 13:18:40', '2f46f470-e0ec-4119-bc84-c4d111475889', 'f975eb7e-cea4-4a1d-b515-7e6da94b1899');
INSERT INTO `source_branch` VALUES ('16681dcb-9b1d-4a01-b7b4-49642a8c597d', '初始分支', '迁移数据初始化', '2021-12-29 13:18:51', '51993461-d59f-4f5b-86a6-742db1d3194a', 'f975eb7e-cea4-4a1d-b515-7e6da94b1899');
INSERT INTO `source_branch` VALUES ('1a7dbda6-64d8-4762-957e-3e0fc685b2bc', '初始分支', '迁移数据初始化', '2021-12-29 13:18:44', '85866bad-811d-44af-952e-bdf1c1f1cd1a', 'f975eb7e-cea4-4a1d-b515-7e6da94b1899');
INSERT INTO `source_branch` VALUES ('2adb04c3-4559-4239-bddc-1910ec83039a', '初始分支', '迁移数据初始化', '2021-12-29 13:18:45', '37363fe8-c813-456e-aa3a-63275a8973f9', 'f975eb7e-cea4-4a1d-b515-7e6da94b1899');
INSERT INTO `source_branch` VALUES ('330d1d81-aa72-4724-8aa8-521b5c821f3a', '初始分支', '迁移数据初始化', '2021-12-29 13:18:52', '71671909-9834-44b3-b2eb-a0789696eeb6', 'f975eb7e-cea4-4a1d-b515-7e6da94b1899');
INSERT INTO `source_branch` VALUES ('40b595a4-d4d1-4cb7-9226-9776e7a56725', '初始分支', '迁移数据初始化', '2021-12-29 13:18:49', '7c6a4ef0-7af7-40b0-aa69-99bad2d6271d', 'f975eb7e-cea4-4a1d-b515-7e6da94b1899');
INSERT INTO `source_branch` VALUES ('487f444a-c8e0-4278-a17c-e9f8850b9312', '初始分支', '迁移数据初始化', '2021-12-29 13:18:48', 'c901f2f3-ee26-4461-b830-7c47e4f4bd6a', 'f975eb7e-cea4-4a1d-b515-7e6da94b1899');
INSERT INTO `source_branch` VALUES ('50270704-f720-48a8-8777-737fdbd004ed', '初始分支', '迁移数据初始化', '2021-12-29 13:18:42', 'cdac3b88-7578-4a0e-8151-f96627832942', 'f975eb7e-cea4-4a1d-b515-7e6da94b1899');
INSERT INTO `source_branch` VALUES ('57f13728-d1cd-4d6a-abd7-a3796c344491', '初始分支', '迁移数据初始化', '2021-12-29 13:18:38', 'b4779bc3-b64b-4556-8fbf-e1660abc77d7', 'f975eb7e-cea4-4a1d-b515-7e6da94b1899');
INSERT INTO `source_branch` VALUES ('6d14a0df-ace5-48c0-857b-11fb62964329', '初始分支', '迁移数据初始化', '2021-12-29 13:18:41', '40e643c4-5254-4ae7-a3cb-bc7a31aeeefc', 'f975eb7e-cea4-4a1d-b515-7e6da94b1899');
INSERT INTO `source_branch` VALUES ('79431cd1-1f56-49e2-a3ba-4f337f2160d5', '初始分支', '迁移数据初始化', '2021-12-29 13:18:52', '7d341f59-b0ce-4ed2-95b9-bbdfad64ab3c', 'f975eb7e-cea4-4a1d-b515-7e6da94b1899');
INSERT INTO `source_branch` VALUES ('7afe8898-2700-47ae-94e2-3d1fbf805519', '初始分支', '迁移数据初始化', '2021-12-29 13:18:51', '68e078fb-eb3d-4659-9e38-272e35316e38', 'f975eb7e-cea4-4a1d-b515-7e6da94b1899');
INSERT INTO `source_branch` VALUES ('7b541f87-00c4-455c-bf7c-23168fa9eca4', '初始分支', '迁移数据初始化', '2021-12-29 13:18:48', '0f0dfcad-40a0-4a99-9bc6-232b4efb22d4', 'f975eb7e-cea4-4a1d-b515-7e6da94b1899');
INSERT INTO `source_branch` VALUES ('a6effe1d-131f-4cd9-b766-e75f5f8dd09f', '初始分支', '迁移数据初始化', '2021-12-29 13:18:49', '1e4058bb-b8e6-4ca9-ae31-4065365d51f1', 'f975eb7e-cea4-4a1d-b515-7e6da94b1899');
INSERT INTO `source_branch` VALUES ('b19955a6-a909-4b56-811f-f481d1f0a3ad', '初始分支', '迁移数据初始化', '2021-12-29 13:18:43', 'dae89e64-2932-4bec-b3ae-4ac5be585617', 'f975eb7e-cea4-4a1d-b515-7e6da94b1899');
INSERT INTO `source_branch` VALUES ('ca325f3d-8ffb-481b-a643-1ccf2560ed37', '初始分支', '迁移数据初始化', '2021-12-29 13:18:51', '8d3c85d6-4bd3-4936-9e0f-ee44cfe312ca', 'f975eb7e-cea4-4a1d-b515-7e6da94b1899');
INSERT INTO `source_branch` VALUES ('d9b48323-f1c5-4b0a-88b5-8a0f5f73ca64', '初始分支', '迁移数据初始化', '2021-12-29 13:18:50', 'b365bc9c-2dfd-4fe1-afba-5b56d58e65a3', 'f975eb7e-cea4-4a1d-b515-7e6da94b1899');
INSERT INTO `source_branch` VALUES ('dfb8370a-5903-4ede-bdaa-3069b274e5b9', '初始分支', '迁移数据初始化', '2021-12-29 13:18:39', '46c0879d-a25b-4f8b-bc66-610d6ed88ef4', 'f975eb7e-cea4-4a1d-b515-7e6da94b1899');
INSERT INTO `source_branch` VALUES ('e3a73360-a439-4f08-bf12-201e1f3f5951', '初始分支', '迁移数据初始化', '2021-12-29 13:18:41', '997e7123-62a2-438a-88cc-122c32965519', 'f975eb7e-cea4-4a1d-b515-7e6da94b1899');
INSERT INTO `source_branch` VALUES ('f23ef329-8be8-4b90-9013-de0f93840496', '初始分支', '迁移数据初始化', '2021-12-29 13:18:37', '45a9da44-30ae-4660-a2f8-7729b3036d2e', 'f975eb7e-cea4-4a1d-b515-7e6da94b1899');
INSERT INTO `source_branch` VALUES ('f856880f-e535-4c05-a929-82520752f49b', '初始分支', '迁移数据初始化', '2021-12-29 13:18:44', 'c2c43a72-6413-43b6-8cc5-3707945b32f0', 'f975eb7e-cea4-4a1d-b515-7e6da94b1899');
COMMIT;

-- ----------------------------
-- Table structure for source_config
-- ----------------------------
DROP TABLE IF EXISTS `source_config`;
CREATE TABLE `source_config` (
  `id` varchar(50) NOT NULL DEFAULT '',
  `source_id` varchar(50) DEFAULT NULL COMMENT '源id',
  `version_id` varchar(50) DEFAULT NULL COMMENT '版本id',
  `description` text CHARACTER SET utf8 COLLATE utf8_general_ci COMMENT '配置项描述',
  `reg` varchar(200) DEFAULT NULL COMMENT '配置项正则',
  `type_id` int DEFAULT NULL COMMENT '配置项类型id',
  `file_path` varchar(1000) DEFAULT NULL COMMENT '原始文件路径',
  `target_value` text COMMENT '目标值。类型是文件类型时，该值是文件存放地址',
  `branch_id` varchar(50) DEFAULT NULL COMMENT '分支id',
  PRIMARY KEY (`id`),
  KEY `source_id` (`source_id`),
  KEY `version_id` (`version_id`),
  KEY `type_id` (`type_id`),
  CONSTRAINT `source_config_ibfk_1` FOREIGN KEY (`source_id`) REFERENCES `git_source` (`id`),
  CONSTRAINT `source_config_ibfk_2` FOREIGN KEY (`version_id`) REFERENCES `source_version` (`id`),
  CONSTRAINT `source_config_ibfk_3` FOREIGN KEY (`type_id`) REFERENCES `config_type` (`id`)
) ENGINE=InnoDB DEFAULT CHARSET=utf8mb3;

-- ----------------------------
-- Records of source_config
-- ----------------------------
BEGIN;
INSERT INTO `source_config` VALUES ('000c3579-5384-420a-a697-85799f3703b5', '85866bad-811d-44af-952e-bdf1c1f1cd1a', '4a826f66-9c1d-42f7-a328-b1d84ead507f', 'kudu集群', '{\"source\":\"#{kudu_clusters}\",\"global\":false,\"ignoreCase\":false,\"matchIndex\":0}', 0, 'config/private/tpl/config.properties', 'realtime-1:7051,realtime-2:7051,realtime-3:7051', NULL);
INSERT INTO `source_config` VALUES ('01dcc771-10b1-4117-9529-6085208c6c56', '37363fe8-c813-456e-aa3a-63275a8973f9', '07fcd766-9451-4287-9e4b-f27de4e3df14', 'redis 8893端口', '{\"source\":\"#{redis_8893,1}\",\"global\":false,\"ignoreCase\":false,\"matchIndex\":0}', 0, 'etl-id-kudu/config/tpl/config/id_redis.properties', 'realtime-2', NULL);
INSERT INTO `source_config` VALUES ('022333a2-cd01-402c-b4a5-6443152b4ac4', '46c0879d-a25b-4f8b-bc66-610d6ed88ef4', 'd96de692-4e70-4d52-89f9-3d1deceeee78', 'kafka服务集群', '{\"source\":\"#{kafka_bootstrap_servers}\",\"global\":false,\"ignoreCase\":false,\"matchIndex\":0}', 0, 'doc/部署准备资料/client-realtime-tpl/receiver/config.properties', 'realtime-1:9092,realtime-2:9092,realtime-3:9092', NULL);
INSERT INTO `source_config` VALUES ('024fc745-2069-49a0-9983-9827de10beb2', '37363fe8-c813-456e-aa3a-63275a8973f9', '07fcd766-9451-4287-9e4b-f27de4e3df14', 'redis 26480端口', '{\"source\":\"#{redis_26480,3}\",\"global\":false,\"ignoreCase\":false,\"matchIndex\":0}', 0, 'etl-count/config/tpl/config/redis.properties', 'Sun_unix*1101', NULL);
INSERT INTO `source_config` VALUES ('028b2633-f7fe-4caa-81fe-c2dd6c5a29cf', '46c0879d-a25b-4f8b-bc66-610d6ed88ef4', 'd96de692-4e70-4d52-89f9-3d1deceeee78', '前端mysql库连接配置（host,登录名,登录密码,端口）', '{\"source\":\"#{mysql,4/3306}\",\"global\":false,\"ignoreCase\":false,\"matchIndex\":0}', 0, 'doc/部署准备资料/client-realtime-tpl/worker/config.properties', '3306', NULL);
INSERT INTO `source_config` VALUES ('02afcbc8-3252-4b0d-b84f-e9ef4078f1ac', '45a9da44-30ae-4660-a2f8-7729b3036d2e', '44e0bfcc-edfd-4d5c-a84d-615d444cee77', '前端mysql库连接配置（host,登录名,登录密码,端口）', '{\"source\":\"#{mysql,1}\",\"global\":false,\"ignoreCase\":false,\"matchIndex\":0}', 0, 'es-index/zanalytics-index-db/tpl/impala-shell.sh', 'realtime-1', NULL);
INSERT INTO `source_config` VALUES ('02ca4589-dc60-44bb-815f-1b74118bfc4c', '46c0879d-a25b-4f8b-bc66-610d6ed88ef4', 'd96de692-4e70-4d52-89f9-3d1deceeee78', '微信客户端kafka-topic', '{\"source\":\"#{wt.client.kafka_topic}\",\"global\":false,\"ignoreCase\":false,\"matchIndex\":0}', 0, 'doc/部署准备资料/client-realtime-tpl/receiver/config.properties', 'wt-weixin-topic', NULL);
INSERT INTO `source_config` VALUES ('02dcbea1-4f67-4830-bab9-f519b4fe6b55', '37363fe8-c813-456e-aa3a-63275a8973f9', '07fcd766-9451-4287-9e4b-f27de4e3df14', 'redis 8892端口', '{\"source\":\"#{redis_8892,2}\",\"global\":false,\"ignoreCase\":false,\"matchIndex\":0}', 0, 'etl-id-kudu/config/tpl/config/id_redis.properties', '8892', NULL);
INSERT INTO `source_config` VALUES ('03416287-31d1-4e97-aa7c-97827668b020', '0f0dfcad-40a0-4a99-9bc6-232b4efb22d4', '50fe744e-6396-4aef-93db-cb1c31fc22d3', '分析session/cookie存储域名(填网站的)(不需要加端口)', '{\"source\":\"#{analysis.zhuge_session_domain}\",\"global\":false,\"ignoreCase\":false,\"matchIndex\":0}', 0, 'spa/config/prod.env.js.tpl', 'uba.it.pkpm.cn', '7b541f87-00c4-455c-bf7c-23168fa9eca4');
INSERT INTO `source_config` VALUES ('038a18d9-889d-4d21-a644-c72f1025c3e5', '45a9da44-30ae-4660-a2f8-7729b3036d2e', '44e0bfcc-edfd-4d5c-a84d-615d444cee77', 'zgsee内网服务部署地址', '{\"source\":\"#{svr.domain.intranet.zgsee.www}\",\"global\":false,\"ignoreCase\":false,\"matchIndex\":0}', 0, 'nginx-single/nginx/conf/nginx.conf-upload', 'realtime-1:18080', NULL);
INSERT INTO `source_config` VALUES ('040df7d1-af7c-4056-9e1a-8e59b7ed713b', '40e643c4-5254-4ae7-a3cb-bc7a31aeeefc', '43df9041-08b4-4179-a7d5-303f15485253', 'ssdb 1217端口', '{\"source\":\"#{ssdb_1217,2}\",\"global\":false,\"ignoreCase\":false,\"matchIndex\":0}', 0, 'config/tpl/clockwork.config', '1217', NULL);
INSERT INTO `source_config` VALUES ('043e8daf-4f34-48b7-899e-9fb60d5fdfe2', '0f0dfcad-40a0-4a99-9bc6-232b4efb22d4', '50fe744e-6396-4aef-93db-cb1c31fc22d3', '用户信息下载控制开关，true显示下载/false隐藏下载', '{\"source\":\"#{webapp.show_download_button}\",\"global\":false,\"ignoreCase\":false,\"matchIndex\":0}', 0, 'spa/config/prod.env.js.tpl', 'true', '7b541f87-00c4-455c-bf7c-23168fa9eca4');
INSERT INTO `source_config` VALUES ('060fbe5a-44d6-4dc5-bd45-fe0c5622353a', 'cdac3b88-7578-4a0e-8151-f96627832942', '40ce7785-d4d6-41bf-9d58-ed7ec7e9767c', '触达2.0相关配置', '{\"source\":\"#{mktv2.config->server.threshold}\",\"global\":false,\"ignoreCase\":false,\"matchIndex\":0}', 0, 'docs/tpl/scripts/package/playwell-client/README.md', 'realtime-mkt:1923', NULL);
INSERT INTO `source_config` VALUES ('070b821a-8f52-49e9-b970-152be500ee12', '46c0879d-a25b-4f8b-bc66-610d6ed88ef4', 'd96de692-4e70-4d52-89f9-3d1deceeee78', '前端mysql库连接配置（host,登录名,登录密码,端口）', '{\"source\":\"#{mysql,2}\",\"global\":false,\"ignoreCase\":false,\"matchIndex\":0}', 0, 'doc/部署准备资料/client-realtime-tpl/worker/config.properties', 'web', NULL);
INSERT INTO `source_config` VALUES ('0716afc5-ced3-4d60-882c-046d7ddc165a', '0f0dfcad-40a0-4a99-9bc6-232b4efb22d4', '50fe744e-6396-4aef-93db-cb1c31fc22d3', 'ios-sdkv名称', '{\"source\":\"#{webapp.word.ios_sdk}\",\"global\":false,\"ignoreCase\":false,\"matchIndex\":0}', 0, 'spa/config/prod.env.js.tpl', 'Zhuge', '7b541f87-00c4-455c-bf7c-23168fa9eca4');
INSERT INTO `source_config` VALUES ('07810dbf-6497-435f-a759-fd03544323c4', '45a9da44-30ae-4660-a2f8-7729b3036d2e', '44e0bfcc-edfd-4d5c-a84d-615d444cee77', '前端mysql库连接配置（host,登录名,登录密码,端口）', '{\"source\":\"#{mysql,1}\",\"global\":false,\"ignoreCase\":false,\"matchIndex\":0}', 0, 'es-index/zanalytics-index-db/tpl/2-db1.conf', 'realtime-1', NULL);
INSERT INTO `source_config` VALUES ('078df709-46eb-4345-a934-90f049a5fba2', '45a9da44-30ae-4660-a2f8-7729b3036d2e', '44e0bfcc-edfd-4d5c-a84d-615d444cee77', 'sql查询平台内网服务部署地址', '{\"source\":\"#{svr.domain.intranet.sql.www}\",\"global\":false,\"ignoreCase\":false,\"matchIndex\":0}', 0, 'nginx/nginx/conf/nginx.conf-upload', 'realtime-1:9003', NULL);
INSERT INTO `source_config` VALUES ('07a97cd7-b540-430b-9c82-8b24adc211ae', '40e643c4-5254-4ae7-a3cb-bc7a31aeeefc', '43df9041-08b4-4179-a7d5-303f15485253', '合并端口外网访问地址(需要加协议http(s))(填网关的)', '{\"source\":\"#{svr.domain.nginx.extranet}\",\"global\":false,\"ignoreCase\":true,\"matchIndex\":0}', 0, 'config/tpl/clockwork.config', 'https://uba.it.pkpm.cn', NULL);
INSERT INTO `source_config` VALUES ('082a6f01-0a85-468a-85c1-02285c644fec', '0f0dfcad-40a0-4a99-9bc6-232b4efb22d4', '8d1ab3f3-5a5c-4442-81a9-336cc455ef02', '合并端口外网访问地址(需要加协议http(s))(填网关的)', '{\"source\":\"#{svr.domain.nginx.extranet}\",\"global\":false,\"ignoreCase\":false,\"matchIndex\":0}', 0, 'spa/config/prod.env.js.tpl', 'https://uba.it.pkpm.cn', NULL);
INSERT INTO `source_config` VALUES ('082b7c68-b21f-4fd5-8f3a-0bc313aed40c', '45a9da44-30ae-4660-a2f8-7729b3036d2e', '44e0bfcc-edfd-4d5c-a84d-615d444cee77', 'redis 6379端口', '{\"source\":\"#{redis_6379,2}\",\"global\":false,\"ignoreCase\":false,\"matchIndex\":0}', 0, 'zanalytics_online_debug/online_debug_config.py-tpl', '6379', NULL);
INSERT INTO `source_config` VALUES ('08fbe034-69d4-4633-baa8-ef483cf4cb44', '37363fe8-c813-456e-aa3a-63275a8973f9', '07fcd766-9451-4287-9e4b-f27de4e3df14', '前端mysql库连接配置（host,登录名,登录密码,端口）', '{\"source\":\"#{mysql,4/3306}\",\"global\":false,\"ignoreCase\":false,\"matchIndex\":0}', 0, 'etl-id-kudu/config/tpl/config/front_db.properties', '3306', NULL);
INSERT INTO `source_config` VALUES ('0abc97eb-1c72-47ea-9b7f-3210d25a8d3a', '37363fe8-c813-456e-aa3a-63275a8973f9', '07fcd766-9451-4287-9e4b-f27de4e3df14', 'impala连接配置（host,登录名,登录密码,端口,仓库名）', '{\"source\":\"#{impala,4}\",\"global\":false,\"ignoreCase\":false,\"matchIndex\":0}', 0, 'etl-load-cdh/config/tpl/config/impala_db.properties', '21050', NULL);
INSERT INTO `source_config` VALUES ('0b1807d6-ae62-4e1d-b1a9-1f8dece30320', '37363fe8-c813-456e-aa3a-63275a8973f9', '07fcd766-9451-4287-9e4b-f27de4e3df14', 'ssdb 1217端口', '{\"source\":\"#{ssdb_1217,2}\",\"global\":false,\"ignoreCase\":false,\"matchIndex\":0}', 0, 'etl-market-cloud/config/tpl/config/redis.properties', '1217', NULL);
INSERT INTO `source_config` VALUES ('0ca3cd9e-145a-4577-a935-dbb857f47f48', '37363fe8-c813-456e-aa3a-63275a8973f9', '07fcd766-9451-4287-9e4b-f27de4e3df14', 'impala连接配置（host,登录名,登录密码,端口,仓库名）', '{\"source\":\"#{impala,5/zhugeio}\",\"global\":false,\"ignoreCase\":false,\"matchIndex\":0}', 0, 'etl-dw-kudu/config/tpl/config/impala_db.properties', 'zanalytics', NULL);
INSERT INTO `source_config` VALUES ('0e52eb62-d563-40e7-a7b9-ec3269d10804', '85866bad-811d-44af-952e-bdf1c1f1cd1a', '4a826f66-9c1d-42f7-a328-b1d84ead507f', '前端mysql库连接配置（host,登录名,登录密码,端口）', '{\"source\":\"#{mysql,3}\",\"global\":false,\"ignoreCase\":false,\"matchIndex\":0}', 0, 'config/private/tpl/config.properties', 'zanalytics', NULL);
INSERT INTO `source_config` VALUES ('0f98e2ab-9935-48a7-bf57-f3b42ea3c7ee', 'c2c43a72-6413-43b6-8cc5-3707945b32f0', '2a259bdd-cbb7-4317-b1da-a1c27ffd583d', 'zookeeper服务集群', '{\"source\":\"#{zookeepr_servers}\",\"global\":false,\"ignoreCase\":false,\"matchIndex\":0}', 0, 'docs/config/tpl/config-kpt.properties', 'realtime-1:2182,realtime-2:2182,realtime-3:2182', NULL);
INSERT INTO `source_config` VALUES ('106c5448-f64e-4e7a-8b96-61b249284619', '40e643c4-5254-4ae7-a3cb-bc7a31aeeefc', '43df9041-08b4-4179-a7d5-303f15485253', '合并端口内网访问地址', '{\"source\":\"#{svr.domain.intranet}\",\"global\":false,\"ignoreCase\":true,\"matchIndex\":0}', 0, 'config/tpl/clockwork.config', 'realtime-1:80', NULL);
INSERT INTO `source_config` VALUES ('112baff7-709a-48b9-8eab-f8f34d1cb684', '0f0dfcad-40a0-4a99-9bc6-232b4efb22d4', '50fe744e-6396-4aef-93db-cb1c31fc22d3', 'spa模块静态文件访问目录', '{\"source\":\"#{webapp.assets_public_path}\",\"global\":false,\"ignoreCase\":false,\"matchIndex\":0}', 0, 'spa/config/prod.env.js.tpl', '/webapp/spa/', '7b541f87-00c4-455c-bf7c-23168fa9eca4');
INSERT INTO `source_config` VALUES ('12341ed1-a8e9-4f66-9f28-7737817293a5', '40e643c4-5254-4ae7-a3cb-bc7a31aeeefc', '43df9041-08b4-4179-a7d5-303f15485253', 'ssdb 1217端口', '{\"source\":\"#{ssdb_1217,1}\",\"global\":false,\"ignoreCase\":false,\"matchIndex\":0}', 0, 'config/tpl/clockwork.config', 'realtime-2', NULL);
INSERT INTO `source_config` VALUES ('129bd6a4-4b89-43f8-969d-44d883036d59', '37363fe8-c813-456e-aa3a-63275a8973f9', '07fcd766-9451-4287-9e4b-f27de4e3df14', 'redis 8897端口', '{\"source\":\"#{redis_8897,1}\",\"global\":false,\"ignoreCase\":false,\"matchIndex\":0}', 0, 'etl-single/config/tpl/config/redis.properties', 'realtime-2', NULL);
INSERT INTO `source_config` VALUES ('13beefa9-1cb3-4791-988b-3c9896e2008c', '37363fe8-c813-456e-aa3a-63275a8973f9', '07fcd766-9451-4287-9e4b-f27de4e3df14', 'impala连接配置（host,登录名,登录密码,端口,仓库名）', '{\"source\":\"#{impala,5/zhugeio}\",\"global\":false,\"ignoreCase\":false,\"matchIndex\":0}', 0, 'etl-paopi/config/tpl/config/config.properties', 'zanalytics', NULL);
INSERT INTO `source_config` VALUES ('145e5304-69bf-4fdf-83a4-bd6dde7b1871', '0f0dfcad-40a0-4a99-9bc6-232b4efb22d4', '8d1ab3f3-5a5c-4442-81a9-336cc455ef02', 'ios-sdkv名称', '{\"source\":\"#{webapp.word.ios_sdk}\",\"global\":false,\"ignoreCase\":false,\"matchIndex\":0}', 0, 'spa/config/prod.env.js.tpl', 'Zhuge', NULL);
INSERT INTO `source_config` VALUES ('14b64f14-c399-424f-84a5-aeefe9566d13', 'dae89e64-2932-4bec-b3ae-4ac5be585617', '7a5c3982-1c5c-43c5-b4fa-15d9bd89fcdb', 'ssdb 8888端口', '{\"source\":\"#{ssdb_8888,3}\",\"global\":false,\"ignoreCase\":false,\"matchIndex\":0}', 0, 'docs/config/tpl/application.properties', NULL, NULL);
INSERT INTO `source_config` VALUES ('153550dd-e5d0-481b-95d2-ce77bcff34ff', '46c0879d-a25b-4f8b-bc66-610d6ed88ef4', 'd96de692-4e70-4d52-89f9-3d1deceeee78', 'redis 26480端口', '{\"source\":\"#{redis_26480,2}\",\"global\":false,\"ignoreCase\":false,\"matchIndex\":0}', 0, 'doc/部署准备资料/client-realtime-tpl/consumer/config.properties', '26480', NULL);
INSERT INTO `source_config` VALUES ('1539a37c-7ccd-4ae6-97a2-e7ab1da45731', '40e643c4-5254-4ae7-a3cb-bc7a31aeeefc', '43df9041-08b4-4179-a7d5-303f15485253', '前端mysql库连接配置（host,登录名,登录密码,端口）', '{\"source\":\"#{mysql,2}\",\"global\":false,\"ignoreCase\":true,\"matchIndex\":0}', 0, 'config/tpl/clockwork.config', 'web', NULL);
INSERT INTO `source_config` VALUES ('16a609e5-5fc3-4f78-813b-495769429a11', '45a9da44-30ae-4660-a2f8-7729b3036d2e', '44e0bfcc-edfd-4d5c-a84d-615d444cee77', '分析api内网服务部署地址（默认1个）', '{\"source\":\"#{svr.domain.intranet.api.www}\",\"global\":false,\"ignoreCase\":false,\"matchIndex\":0}', 0, 'nginx-single/nginx/conf/nginx.conf-upload', 'realtime-1:8800', NULL);
INSERT INTO `source_config` VALUES ('16c451b1-6676-448a-bde0-f1742bee5735', '45a9da44-30ae-4660-a2f8-7729b3036d2e', '44e0bfcc-edfd-4d5c-a84d-615d444cee77', 'impala连接配置（host,登录名,登录密码,端口,仓库名）', '{\"source\":\"#{impala,5/zhugeio}\",\"global\":false,\"ignoreCase\":false,\"matchIndex\":0}', 0, 'sql-zeppelin/zeppelin/conf-tpl/interpreter.json', 'zanalytics', NULL);
INSERT INTO `source_config` VALUES ('17088830-ca34-4273-b709-31b69a9d963a', 'c901f2f3-ee26-4461-b830-7c47e4f4bd6a', '2da9b5de-74d0-4533-860f-8915766b270a', '前端mysql库连接配置（host,登录名,登录密码,端口）', '{\"source\":\"#{mysql,4/3306}\",\"global\":false,\"ignoreCase\":false,\"matchIndex\":0}', 0, 'tpl/config/application.yml', '3306', NULL);
INSERT INTO `source_config` VALUES ('173b27a9-a142-488a-803d-6f65c397457f', 'cdac3b88-7578-4a0e-8151-f96627832942', '40ce7785-d4d6-41bf-9d58-ed7ec7e9767c', '触达2.0相关配置', '{\"source\":\"#{mktv2.config->server.postman}\",\"global\":false,\"ignoreCase\":false,\"matchIndex\":0}', 0, 'docs/tpl/scripts/package/playwell-client/README.md', 'realtime-mkt:1924', NULL);
INSERT INTO `source_config` VALUES ('1759076b-eea5-4422-a0d8-961a5a0f8bc8', '37363fe8-c813-456e-aa3a-63275a8973f9', '07fcd766-9451-4287-9e4b-f27de4e3df14', 'impala/hive元数据库连接配置（host,登录名,登录密码）', '{\"source\":\"#{mysql_hive,3}\",\"global\":false,\"ignoreCase\":false,\"matchIndex\":0}', 0, 'etl-paopi/config/tpl/config/hive_db.properties', 'zhugeio', NULL);
INSERT INTO `source_config` VALUES ('18a9944d-dd48-4d48-854a-1e535fdcad8b', '45a9da44-30ae-4660-a2f8-7729b3036d2e', '44e0bfcc-edfd-4d5c-a84d-615d444cee77', '微信内网（www）服务部署地址（默认1个）【/data/wt/www/config】', '{\"source\":\"#{svr.domain.intranet.weixin.www}\",\"global\":false,\"ignoreCase\":false,\"matchIndex\":0}', 0, 'nginx-single/nginx/conf/nginx.conf', 'realtime-1:7715', NULL);
INSERT INTO `source_config` VALUES ('193e5774-1391-4113-8069-3c5da741c2d4', 'c901f2f3-ee26-4461-b830-7c47e4f4bd6a', '2da9b5de-74d0-4533-860f-8915766b270a', 'zookeeper服务集群', '{\"source\":\"#{zookeepr_servers,1}\",\"global\":false,\"ignoreCase\":false,\"matchIndex\":0}', 0, 'tpl/config/consumer-virtual-app.properties', 'realtime-1:2182', NULL);
INSERT INTO `source_config` VALUES ('19db88bc-79cc-473d-96c5-984fecc496ff', '37363fe8-c813-456e-aa3a-63275a8973f9', '07fcd766-9451-4287-9e4b-f27de4e3df14', '前端mysql库连接配置（host,登录名,登录密码,端口）', '{\"source\":\"#{mysql,4/3306}\",\"global\":false,\"ignoreCase\":false,\"matchIndex\":0}', 0, 'etl-gate/config/tpl/config/front_db.properties', '3306', NULL);
INSERT INTO `source_config` VALUES ('1b669299-e950-46fb-88c2-e46fbd9611e0', '0f0dfcad-40a0-4a99-9bc6-232b4efb22d4', '50fe744e-6396-4aef-93db-cb1c31fc22d3', '登录跳转域名白名单，前端使用样例：^(http://localhost:3000)|(http://test.zhugeio.com:8080)|()', '{\"source\":\"#{webapp.login_destination_white_list}\",\"global\":false,\"ignoreCase\":false,\"matchIndex\":0}', 0, 'spa/config/prod.env.js.tpl', '', '7b541f87-00c4-455c-bf7c-23168fa9eca4');
INSERT INTO `source_config` VALUES ('1baa6954-71b0-41c4-8ba8-cd87812aea31', '37363fe8-c813-456e-aa3a-63275a8973f9', '07fcd766-9451-4287-9e4b-f27de4e3df14', 'kafka服务集群', '{\"source\":\"#{kafka_bootstrap_servers}\",\"global\":false,\"ignoreCase\":false,\"matchIndex\":0}', 0, 'etl-adv-count/config/tpl/config/config.properties', 'realtime-1:9092,realtime-2:9092,realtime-3:9092', NULL);
INSERT INTO `source_config` VALUES ('1cbef129-cdae-4d6d-8395-d4b1074a7142', '997e7123-62a2-438a-88cc-122c32965519', 'b27b0e60-a9a0-469e-a5a6-d59d3235a5ea', '前端mysql库连接配置（host,登录名,登录密码,端口）', '{\"source\":\"#{mysql,3}\",\"global\":false,\"ignoreCase\":true,\"matchIndex\":0}', 0, 'docs/config/tpl/config.properties', 'zanalytics', NULL);
INSERT INTO `source_config` VALUES ('1df5b8fe-e3c2-4ff8-a015-e5d5e0df9e00', 'c2c43a72-6413-43b6-8cc5-3707945b32f0', '2a259bdd-cbb7-4317-b1da-a1c27ffd583d', 'zgsee-pix服务kafka-topic', '{\"source\":\"#{zgsee.pix.kafka_topic}\",\"global\":false,\"ignoreCase\":false,\"matchIndex\":0}', 0, 'docs/config/tpl/config-kpt.properties', 'zg_see_pix', NULL);
INSERT INTO `source_config` VALUES ('1ea56dd2-b9b6-499d-91bd-5f87782f01e4', 'c901f2f3-ee26-4461-b830-7c47e4f4bd6a', '2da9b5de-74d0-4533-860f-8915766b270a', '前端mysql库连接配置（host,登录名,登录密码,端口）', '{\"source\":\"#{mysql,3}\",\"global\":false,\"ignoreCase\":false,\"matchIndex\":0}', 0, 'tpl/config/application.yml', 'zanalytics', NULL);
INSERT INTO `source_config` VALUES ('1ec386ee-b9f3-4d59-a2d3-7ced13ab3a3d', '71671909-9834-44b3-b2eb-a0789696eeb6', '47bee3c6-4754-4bda-b3da-b6215fee96e1', 'impala连接配置（host,登录名,登录密码,端口,仓库名）', '{\"source\":\"#{impala,1}\",\"global\":false,\"ignoreCase\":false,\"matchIndex\":0}', 0, 'bin/tpl/config.yml', 'realtime-1', NULL);
INSERT INTO `source_config` VALUES ('1edd9ade-fe8d-4b81-b51d-cbf89f6f39b3', 'cdac3b88-7578-4a0e-8151-f96627832942', '40ce7785-d4d6-41bf-9d58-ed7ec7e9767c', '触达2.0相关配置', '{\"source\":\"#{mktv2.config->server.adapter}\",\"global\":false,\"ignoreCase\":false,\"matchIndex\":0}', 0, 'docs/tpl/scripts/package/playwell-client/README.md', 'realtime-mkt:1920', NULL);
INSERT INTO `source_config` VALUES ('1f1db73d-fcb8-47d0-8473-7379882a776b', '46c0879d-a25b-4f8b-bc66-610d6ed88ef4', 'd96de692-4e70-4d52-89f9-3d1deceeee78', 'redis 26480端口', '{\"source\":\"#{redis_26480,3}\",\"global\":false,\"ignoreCase\":false,\"matchIndex\":0}', 0, 'doc/部署准备资料/client-realtime-tpl/consumer/config.properties', 'Sun_unix*1101', NULL);
INSERT INTO `source_config` VALUES ('1ff309b7-b106-461f-a281-43e8a5c0400d', '37363fe8-c813-456e-aa3a-63275a8973f9', '07fcd766-9451-4287-9e4b-f27de4e3df14', 'kudu集群', '{\"source\":\"#{kudu_clusters}\",\"global\":false,\"ignoreCase\":false,\"matchIndex\":0}', 0, 'etl-dw-kudu/config/tpl/config/config.properties', 'realtime-1:7051,realtime-2:7051,realtime-3:7051', NULL);
INSERT INTO `source_config` VALUES ('20613513-afd5-428f-9f88-884edbcf8d7b', '7c6a4ef0-7af7-40b0-aa69-99bad2d6271d', '41f4d639-5aba-4888-838a-f25459698ddb', 'redis 26555端口', '{\"source\":\"#{redis_26555,1}\",\"global\":false,\"ignoreCase\":true,\"matchIndex\":0}', 0, 'src/config.ts.tpl', 'realtime-1', NULL);
INSERT INTO `source_config` VALUES ('20d0e727-ebed-46a3-86ff-8b8ec137fac0', '45a9da44-30ae-4660-a2f8-7729b3036d2e', '44e0bfcc-edfd-4d5c-a84d-615d444cee77', '前端mysql库连接配置（host,登录名,登录密码,端口）', '{\"source\":\"#{mysql,1}\",\"global\":false,\"ignoreCase\":false,\"matchIndex\":0}', 0, 'userbehaviorpath_usergroup/getdbdata-tpl.sh', 'realtime-1', NULL);
INSERT INTO `source_config` VALUES ('218b2017-fb0a-4c0d-b7c7-f9838dab02d5', '0f0dfcad-40a0-4a99-9bc6-232b4efb22d4', '8d1ab3f3-5a5c-4442-81a9-336cc455ef02', 'android-sdkv名称', '{\"source\":\"#{webapp.word.and_sdk}\",\"global\":false,\"ignoreCase\":false,\"matchIndex\":0}', 0, 'spa/config/prod.env.js.tpl', 'ZhugeSDK', NULL);
INSERT INTO `source_config` VALUES ('221b5f55-cad0-4a19-9477-0d695143e9d7', '37363fe8-c813-456e-aa3a-63275a8973f9', '07fcd766-9451-4287-9e4b-f27de4e3df14', 'impala连接配置（host,登录名,登录密码,端口,仓库名）', '{\"source\":\"#{impala,4}\",\"global\":false,\"ignoreCase\":false,\"matchIndex\":0}', 0, 'etl-dw-kudu/config/tpl/config/impala_db.properties', '21050', NULL);
INSERT INTO `source_config` VALUES ('22b2bb15-20f5-410e-9483-ba91dff6783f', '0f0dfcad-40a0-4a99-9bc6-232b4efb22d4', '8d1ab3f3-5a5c-4442-81a9-336cc455ef02', '数据日报开关(有日报必须有微信菜单，有微信菜单可以不用日报)', '{\"source\":\"#{webapp.show_data_daily}\",\"global\":false,\"ignoreCase\":false,\"matchIndex\":0}', 0, 'spa/config/prod.env.js.tpl', 'true', NULL);
INSERT INTO `source_config` VALUES ('233d2e9b-d075-4a48-993d-5fc6f53433f0', '0f0dfcad-40a0-4a99-9bc6-232b4efb22d4', '50fe744e-6396-4aef-93db-cb1c31fc22d3', '默认配置spa文件输出地址', '{\"source\":\"dist\",\"global\":false,\"ignoreCase\":false,\"matchIndex\":0}', 0, 'spa/config/prod.env.js.tpl', '../dist/spa', '7b541f87-00c4-455c-bf7c-23168fa9eca4');
INSERT INTO `source_config` VALUES ('2357de36-b1e5-4087-8177-62e9e46165a0', '37363fe8-c813-456e-aa3a-63275a8973f9', '07fcd766-9451-4287-9e4b-f27de4e3df14', 'kafka服务集群', '{\"source\":\"#{kafka_bootstrap_servers}\",\"global\":false,\"ignoreCase\":false,\"matchIndex\":0}', 0, 'etl-id-kudu/config/tpl/config/config.properties', 'realtime-1:9092,realtime-2:9092,realtime-3:9092', NULL);
INSERT INTO `source_config` VALUES ('23bda78a-cdeb-40be-88c4-3b58c8293b2a', '45a9da44-30ae-4660-a2f8-7729b3036d2e', '44e0bfcc-edfd-4d5c-a84d-615d444cee77', 'zgsee内网服务部署地址', '{\"source\":\"#{svr.domain.intranet.zgsee.www}\",\"global\":false,\"ignoreCase\":false,\"matchIndex\":0}', 0, 'nginx-single/nginx/conf/nginx.conf', 'realtime-1:18080', NULL);
INSERT INTO `source_config` VALUES ('245b8755-3bcf-4781-9ed3-29357ade3a86', '37363fe8-c813-456e-aa3a-63275a8973f9', '07fcd766-9451-4287-9e4b-f27de4e3df14', 'kafka服务集群', '{\"source\":\"#{kafka_bootstrap_servers}\",\"global\":false,\"ignoreCase\":false,\"matchIndex\":0}', 0, 'etl-single/config/tpl/config/config.properties', 'realtime-1:9092,realtime-2:9092,realtime-3:9092', NULL);
INSERT INTO `source_config` VALUES ('2472a162-eb73-46b7-b08d-4cfbfb76e583', 'cdac3b88-7578-4a0e-8151-f96627832942', '40ce7785-d4d6-41bf-9d58-ed7ec7e9767c', '触达2.0相关配置', '{\"source\":\"#{mktv2.config->server.user}\",\"global\":false,\"ignoreCase\":true,\"matchIndex\":0}', 0, 'docs/tpl/README.md', 'realtime-mkt:1925', NULL);
INSERT INTO `source_config` VALUES ('25414212-3d3a-4e07-b65e-2e9a3dd6680b', '51993461-d59f-4f5b-86a6-742db1d3194a', '7ff4386b-7102-411c-931e-f7e371e33dfa', 'node服务socket接口前缀', '{\"source\":\"#{node.api.socket.prefix}\",\"global\":false,\"ignoreCase\":false,\"matchIndex\":0}', 0, 'config/prod.env.js.tpl', '/analysis/socket', NULL);
INSERT INTO `source_config` VALUES ('263363b4-dad7-4d67-bf22-7c6454a8aada', '7c6a4ef0-7af7-40b0-aa69-99bad2d6271d', '41f4d639-5aba-4888-838a-f25459698ddb', '前端mysql库连接配置（host,登录名,登录密码,端口）', '{\"source\":\"#{mysql,4/3306}\",\"global\":false,\"ignoreCase\":false,\"matchIndex\":0}', 0, 'src/config.ts.tpl', '3306', NULL);
INSERT INTO `source_config` VALUES ('26433998-9fce-40c4-bfa2-7ca46f4cd9f2', '997e7123-62a2-438a-88cc-122c32965519', 'b27b0e60-a9a0-469e-a5a6-d59d3235a5ea', 'impala连接配置（host,登录名,登录密码,端口,仓库名）', '{\"source\":\"#{impala,4}\",\"global\":false,\"ignoreCase\":false,\"matchIndex\":0}', 0, 'docs/config/tpl/config.properties', '21050', NULL);
INSERT INTO `source_config` VALUES ('276ac209-e070-4273-a003-6f21667ee53b', 'dae89e64-2932-4bec-b3ae-4ac5be585617', '7a5c3982-1c5c-43c5-b4fa-15d9bd89fcdb', 'ssdb 8888端口', '{\"source\":\"#{ssdb_8888,1}\",\"global\":false,\"ignoreCase\":false,\"matchIndex\":0}', 0, 'docs/config/tpl/application.properties', 'realtime-1', NULL);
INSERT INTO `source_config` VALUES ('28049155-22c6-4db3-b401-c648c9445b08', '45a9da44-30ae-4660-a2f8-7729b3036d2e', '44e0bfcc-edfd-4d5c-a84d-615d444cee77', 'zabbix-web-api', '{\"source\":\"#{svr.domain.intranet.zabbix.www}\",\"global\":false,\"ignoreCase\":false,\"matchIndex\":0}', 0, 'nginx-single/nginx/conf/nginx.conf-upload', 'realtime-1:8081', NULL);
INSERT INTO `source_config` VALUES ('28d4ed19-e088-4e9b-b310-11695ac2a6a9', '40e643c4-5254-4ae7-a3cb-bc7a31aeeefc', '43df9041-08b4-4179-a7d5-303f15485253', 'redis 6372端口（触达）', '{\"source\":\"#{redis_6372,2}\",\"global\":false,\"ignoreCase\":false,\"matchIndex\":0}', 0, 'config/tpl/clockwork.config', '6380', NULL);
INSERT INTO `source_config` VALUES ('28ea9aa7-ac42-40f3-96c3-f77ee08295b8', 'cdac3b88-7578-4a0e-8151-f96627832942', '40ce7785-d4d6-41bf-9d58-ed7ec7e9767c', '触达2.0相关配置', '{\"source\":\"#{mktv2.config->server.postman}\",\"global\":false,\"ignoreCase\":true,\"matchIndex\":0}', 0, 'docs/tpl/README.md', 'realtime-mkt:1924', NULL);
INSERT INTO `source_config` VALUES ('2a3c686a-efa0-420d-b967-a0bbbcae0f89', '37363fe8-c813-456e-aa3a-63275a8973f9', '07fcd766-9451-4287-9e4b-f27de4e3df14', 'redis 8897端口', '{\"source\":\"#{redis_8897,1}\",\"global\":false,\"ignoreCase\":false,\"matchIndex\":0}', 0, 'etl-count/config/tpl/config/redis.properties', 'realtime-2', NULL);
INSERT INTO `source_config` VALUES ('2b98d601-c6c8-408c-b615-ef7b0260726b', '45a9da44-30ae-4660-a2f8-7729b3036d2e', '44e0bfcc-edfd-4d5c-a84d-615d444cee77', '微信内网（receiver）服务部署地址（默认两个）【/data/wt/receiver/config】', '{\"source\":\"#{svr.domain.intranet.weixin.receiver,1}\",\"global\":false,\"ignoreCase\":false,\"matchIndex\":0}', 0, 'nginx/nginx/conf/nginx.conf', 'realtime-1:7713', NULL);
INSERT INTO `source_config` VALUES ('2bf09e8c-f186-4b1e-a8f8-e0206539f557', '45a9da44-30ae-4660-a2f8-7729b3036d2e', '44e0bfcc-edfd-4d5c-a84d-615d444cee77', '分析api内网服务部署地址（默认1个）', '{\"source\":\"#{svr.domain.intranet.api.www}\",\"global\":false,\"ignoreCase\":false,\"matchIndex\":0}', 0, 'nginx/nginx/conf/nginx.conf-upload', 'realtime-1:8800', NULL);
INSERT INTO `source_config` VALUES ('2c311716-437f-4d5c-831f-c99540d6a584', '0f0dfcad-40a0-4a99-9bc6-232b4efb22d4', '50fe744e-6396-4aef-93db-cb1c31fc22d3', 'js-sdk名称', '{\"source\":\"#{webapp.word.js_sdk}\",\"global\":false,\"ignoreCase\":false,\"matchIndex\":0}', 0, 'spa/config/prod.env.js.tpl', 'zhuge', '7b541f87-00c4-455c-bf7c-23168fa9eca4');
INSERT INTO `source_config` VALUES ('2c41bcf0-0639-40b3-82b3-6d3c94cfcc00', '46c0879d-a25b-4f8b-bc66-610d6ed88ef4', 'd96de692-4e70-4d52-89f9-3d1deceeee78', 'zookeeper服务集群', '{\"source\":\"#{zookeepr_servers}\",\"global\":false,\"ignoreCase\":false,\"matchIndex\":0}', 0, 'doc/部署准备资料/client-realtime-tpl/consumer/config.properties', 'realtime-1:2182,realtime-2:2182,realtime-3:2182', NULL);
INSERT INTO `source_config` VALUES ('2c49b37e-4cf7-4753-b237-3f64393fdbf8', '1e4058bb-b8e6-4ca9-ae31-4065365d51f1', 'e7f7a127-f4c4-4338-8e84-9b7fc73dd4a7', '视屏里的诸葛关键字', '{\"source\":\"#{shiping.show_zg}\",\"global\":false,\"ignoreCase\":false,\"matchIndex\":0}', 0, 'config/buildConfig.js.tpl', 'true', NULL);
INSERT INTO `source_config` VALUES ('2c5b4df3-ede8-4728-90b3-b86f88531648', '37363fe8-c813-456e-aa3a-63275a8973f9', '07fcd766-9451-4287-9e4b-f27de4e3df14', '前端mysql库连接配置（host,登录名,登录密码,端口）', '{\"source\":\"#{mysql,2}\",\"global\":false,\"ignoreCase\":false,\"matchIndex\":0}', 0, 'etl-single/config/tpl/config/front_db.properties', 'web', NULL);
INSERT INTO `source_config` VALUES ('2cb22230-2410-4b0b-bb08-0254ca29876a', '51993461-d59f-4f5b-86a6-742db1d3194a', '7ff4386b-7102-411c-931e-f7e371e33dfa', '合并端口外网访问地址(需要加协议http(s))(填网关的)', '{\"source\":\"#{svr.domain.nginx.extranet}\",\"global\":false,\"ignoreCase\":true,\"matchIndex\":0}', 0, 'config/prod.env.js.tpl', 'https://uba.it.pkpm.cn', NULL);
INSERT INTO `source_config` VALUES ('2dc6ee80-541a-4e36-91f5-01edc2cbc7f4', '7c6a4ef0-7af7-40b0-aa69-99bad2d6271d', '41f4d639-5aba-4888-838a-f25459698ddb', 'redis 26555端口', '{\"source\":\"#{redis_26555,3}\",\"global\":false,\"ignoreCase\":true,\"matchIndex\":0}', 0, 'src/config.ts.tpl', 'Sun_unix*1101', NULL);
INSERT INTO `source_config` VALUES ('2e2a3928-ee4b-42d9-9d71-cf666ecc9289', '85866bad-811d-44af-952e-bdf1c1f1cd1a', '4a826f66-9c1d-42f7-a328-b1d84ead507f', '前端mysql库连接配置（host,登录名,登录密码,端口）', '{\"source\":\"#{mysql,1}\",\"global\":false,\"ignoreCase\":false,\"matchIndex\":0}', 0, 'config/private/tpl/config.properties', 'realtime-1', NULL);
INSERT INTO `source_config` VALUES ('2ed0993f-3654-447f-aabf-aa610e586e22', 'b4779bc3-b64b-4556-8fbf-e1660abc77d7', 'fd6a925b-de4d-440a-84a5-9e6f42c63845', 'elasticsearch用户名、密码', '{\"source\":\"#{elasticsearch.auth,2}\",\"global\":false,\"ignoreCase\":false,\"matchIndex\":0}', 0, 'docs/config/tpl/application.properties', 'Sun_unix*1101', NULL);
INSERT INTO `source_config` VALUES ('2f888da7-19a0-48da-b343-a8ff749112bf', '37363fe8-c813-456e-aa3a-63275a8973f9', '07fcd766-9451-4287-9e4b-f27de4e3df14', 'redis 8895端口', '{\"source\":\"#{redis_8895,3}\",\"global\":false,\"ignoreCase\":false,\"matchIndex\":0}', 0, 'etl-dw-kudu/config/tpl/config/redis.properties', NULL, NULL);
INSERT INTO `source_config` VALUES ('2f891419-8fff-43ea-be28-54fcddffaba5', '37363fe8-c813-456e-aa3a-63275a8973f9', '07fcd766-9451-4287-9e4b-f27de4e3df14', 'redis 8898端口', '{\"source\":\"#{redis_8898,2}\",\"global\":false,\"ignoreCase\":false,\"matchIndex\":0}', 0, 'etl-count/config/tpl/config/redis.properties', '8898', NULL);
INSERT INTO `source_config` VALUES ('2fd60839-1991-4dd2-9b8a-743c11c93215', '37363fe8-c813-456e-aa3a-63275a8973f9', '07fcd766-9451-4287-9e4b-f27de4e3df14', 'redis 8892端口', '{\"source\":\"#{redis_8892,2}\",\"global\":false,\"ignoreCase\":false,\"matchIndex\":0}', 0, 'etl-single/config/tpl/config/redis.properties', '8892', NULL);
INSERT INTO `source_config` VALUES ('2feeb17f-7358-4b50-a80f-4bd4cebcc28a', '45a9da44-30ae-4660-a2f8-7729b3036d2e', '44e0bfcc-edfd-4d5c-a84d-615d444cee77', 'redis 6379端口', '{\"source\":\"#{redis_6379,1}\",\"global\":false,\"ignoreCase\":false,\"matchIndex\":0}', 0, 'userbehaviorpath_usergroup/ubpa/bin/tpl/redis_subscribe_task.py', 'realtime-1', NULL);
INSERT INTO `source_config` VALUES ('3007eb1f-37f3-4e95-b138-d16843100166', '37363fe8-c813-456e-aa3a-63275a8973f9', '07fcd766-9451-4287-9e4b-f27de4e3df14', 'impala连接配置（host,登录名,登录密码,端口,仓库名）', '{\"source\":\"#{impala,5/zhugeio}\",\"global\":false,\"ignoreCase\":false,\"matchIndex\":0}', 0, 'etl-paopi/install/1_init_flush_tables.sql', 'zanalytics', NULL);
INSERT INTO `source_config` VALUES ('303af0af-9d5f-4f40-a61c-d4ed7031d542', '45a9da44-30ae-4660-a2f8-7729b3036d2e', '44e0bfcc-edfd-4d5c-a84d-615d444cee77', 'impala连接配置（host,登录名,登录密码,端口,仓库名）', '{\"source\":\"#{impala,1}\",\"global\":false,\"ignoreCase\":false,\"matchIndex\":0}', 0, 'sql-zeppelin/zeppelin/conf-tpl/interpreter.json', 'realtime-1', NULL);
INSERT INTO `source_config` VALUES ('30a5a6ed-5688-4dda-b121-2795e79e2357', '85866bad-811d-44af-952e-bdf1c1f1cd1a', '4a826f66-9c1d-42f7-a328-b1d84ead507f', 'impala连接配置（host,登录名,登录密码,端口,仓库名）', '{\"source\":\"#{impala,5/zhugeio}\",\"global\":false,\"ignoreCase\":false,\"matchIndex\":0}', 0, 'config/private/tpl/config.properties', 'zanalytics', NULL);
INSERT INTO `source_config` VALUES ('316dcd17-5de4-4692-8895-57bb8aab929c', '0f0dfcad-40a0-4a99-9bc6-232b4efb22d4', '8d1ab3f3-5a5c-4442-81a9-336cc455ef02', '登录图片验证码开关', '{\"source\":\"#{webapp.login_img_code}\",\"global\":false,\"ignoreCase\":false,\"matchIndex\":0}', 0, 'spa/config/prod.env.js.tpl', 'false', NULL);
INSERT INTO `source_config` VALUES ('319ec041-03a0-4fee-8775-1c161f43465a', '40e643c4-5254-4ae7-a3cb-bc7a31aeeefc', '43df9041-08b4-4179-a7d5-303f15485253', 'impala连接配置（host,登录名,登录密码,端口,仓库名）', '{\"source\":\"#{impala,5/zhugeio}\",\"global\":false,\"ignoreCase\":false,\"matchIndex\":0}', 0, 'config/tpl/clockwork.config', 'zanalytics', NULL);
INSERT INTO `source_config` VALUES ('31c55298-cf5b-4ed9-90bc-403305fccf90', '45a9da44-30ae-4660-a2f8-7729b3036d2e', '44e0bfcc-edfd-4d5c-a84d-615d444cee77', 'redis 6379端口', '{\"source\":\"#{redis_6379,1}\",\"global\":false,\"ignoreCase\":false,\"matchIndex\":0}', 0, 'userbehaviorpath_usergroup/behavior_path_hadoop/tpl/behavior_config.yml', 'realtime-1', NULL);
INSERT INTO `source_config` VALUES ('32ce1880-5192-4995-ad28-abaa738fea08', 'cdac3b88-7578-4a0e-8151-f96627832942', '40ce7785-d4d6-41bf-9d58-ed7ec7e9767c', '触达2.0相关配置', '{\"source\":\"#{mktv2.config->server.statistics}\",\"global\":false,\"ignoreCase\":false,\"matchIndex\":0}', 0, 'docs/tpl/scripts/package/playwell-client/README.md', 'realtime-mkt:1926', NULL);
INSERT INTO `source_config` VALUES ('32ff8d2a-9791-460d-8778-4aba281a6f08', '46c0879d-a25b-4f8b-bc66-610d6ed88ef4', 'd96de692-4e70-4d52-89f9-3d1deceeee78', '前端mysql库连接配置（host,登录名,登录密码,端口）', '{\"source\":\"#{mysql,1}\",\"global\":false,\"ignoreCase\":false,\"matchIndex\":0}', 0, 'doc/部署准备资料/client-realtime-tpl/worker/config.properties', 'realtime-1', NULL);
INSERT INTO `source_config` VALUES ('332125e3-d7df-4f9e-8e63-9683c78f0daf', '46c0879d-a25b-4f8b-bc66-610d6ed88ef4', 'd96de692-4e70-4d52-89f9-3d1deceeee78', '合并端口内网访问地址', '{\"source\":\"#{svr.domain.intranet}\",\"global\":false,\"ignoreCase\":true,\"matchIndex\":0}', 0, 'doc/部署准备资料/client-realtime-tpl/www/config.properties', 'realtime-1:80', NULL);
INSERT INTO `source_config` VALUES ('33cf544b-1081-46b6-ade7-50c1302de72f', '45a9da44-30ae-4660-a2f8-7729b3036d2e', '44e0bfcc-edfd-4d5c-a84d-615d444cee77', 'redis 6379端口', '{\"source\":\"#{redis_6379,3}\",\"global\":false,\"ignoreCase\":false,\"matchIndex\":0}', 0, 'userbehaviorpath_usergroup/ubpa/bin/tpl/redis_subscribe_task.py', 'Sun_unix*1101', NULL);
INSERT INTO `source_config` VALUES ('340f9929-7660-4077-be41-282e7ac707e4', '45a9da44-30ae-4660-a2f8-7729b3036d2e', '44e0bfcc-edfd-4d5c-a84d-615d444cee77', 'ssdb 8888端口', '{\"source\":\"#{ssdb_8888,3}\",\"global\":false,\"ignoreCase\":false,\"matchIndex\":0}', 0, 'sql-zeppelin/zeppelin/conf-tpl/interpreter.json', NULL, NULL);
INSERT INTO `source_config` VALUES ('34c0603d-e095-45ef-9c2a-c04e6a98dbf8', '85866bad-811d-44af-952e-bdf1c1f1cd1a', '4a826f66-9c1d-42f7-a328-b1d84ead507f', 'zgsee-pix服务kafka-topic', '{\"source\":\"#{zgsee.pix.kafka_topic}\",\"global\":false,\"ignoreCase\":false,\"matchIndex\":0}', 0, 'config/private/tpl/config.properties', 'zg_see_pix', NULL);
INSERT INTO `source_config` VALUES ('35617c2d-4424-4358-b551-fd686d867a24', '40e643c4-5254-4ae7-a3cb-bc7a31aeeefc', '43df9041-08b4-4179-a7d5-303f15485253', 'redis 6371端口（触达）', '{\"source\":\"#{redis_6371,3}\",\"global\":false,\"ignoreCase\":false,\"matchIndex\":0}', 0, 'config/tpl/clockwork.config', 'Sun_unix*1101', NULL);
INSERT INTO `source_config` VALUES ('3586ce72-da96-4135-ae68-004d28c7acc0', '68e078fb-eb3d-4659-9e38-272e35316e38', 'd2ec6358-ecfc-4afd-a19f-d82f67284927', '资源所在目录&根路由名称', '{\"source\":\"#{m_webapp.assets_public_path}\",\"global\":false,\"ignoreCase\":true,\"matchIndex\":0}', 0, '.env.production.tpl', '/wx-h5', NULL);
INSERT INTO `source_config` VALUES ('360b40ca-a2a4-446a-8c98-855f67ebf749', '71671909-9834-44b3-b2eb-a0789696eeb6', '47bee3c6-4754-4bda-b3da-b6215fee96e1', 'redis 6379端口', '{\"source\":\"#{redis_6379,2}\",\"global\":false,\"ignoreCase\":false,\"matchIndex\":0}', 0, 'bin/tpl/config.yml', '6379', NULL);
INSERT INTO `source_config` VALUES ('362814b2-449e-4c5f-8493-384391556a2e', '37363fe8-c813-456e-aa3a-63275a8973f9', '07fcd766-9451-4287-9e4b-f27de4e3df14', 'impala连接配置（host,登录名,登录密码,端口,仓库名）', '{\"source\":\"#{impala,4}\",\"global\":false,\"ignoreCase\":false,\"matchIndex\":0}', 0, 'etl-load-cdh/config/tpl/config_single/impala_db.properties', '21050', NULL);
INSERT INTO `source_config` VALUES ('3665c9ae-dbc3-4af8-8c30-67352dfea34b', '0f0dfcad-40a0-4a99-9bc6-232b4efb22d4', '8d1ab3f3-5a5c-4442-81a9-336cc455ef02', 'deepShare开关', '{\"source\":\"#{webapp.show_deep_share}\",\"global\":false,\"ignoreCase\":false,\"matchIndex\":0}', 0, 'spa/config/prod.env.js.tpl', 'true', NULL);
INSERT INTO `source_config` VALUES ('37569076-bc1a-486b-ab0a-9c57f967f97c', '46c0879d-a25b-4f8b-bc66-610d6ed88ef4', 'd96de692-4e70-4d52-89f9-3d1deceeee78', '微信客户端clientId，可访问该地址生成：https://weixin.zhugeio.com/s/v1/newClientId', '{\"source\":\"#{wt.client.client_id}\",\"global\":false,\"ignoreCase\":false,\"matchIndex\":0}', 0, 'doc/部署准备资料/client-realtime-tpl/worker/config.properties', '9d3266fd556a4db7b9616d385f8bdf8f', NULL);
INSERT INTO `source_config` VALUES ('376365c0-52c2-4282-aa40-07f67d13c1a8', '37363fe8-c813-456e-aa3a-63275a8973f9', '07fcd766-9451-4287-9e4b-f27de4e3df14', '前端mysql库连接配置（host,登录名,登录密码,端口）', '{\"source\":\"#{mysql,3}\",\"global\":false,\"ignoreCase\":false,\"matchIndex\":0}', 0, 'etl-single/config/tpl/config/front_db.properties', 'zanalytics', NULL);
INSERT INTO `source_config` VALUES ('37e21809-7d84-4fdf-8424-b32bc2ac247d', '46c0879d-a25b-4f8b-bc66-610d6ed88ef4', 'd96de692-4e70-4d52-89f9-3d1deceeee78', '合并端口内网访问地址', '{\"source\":\"#{svr.domain.intranet}\",\"global\":false,\"ignoreCase\":true,\"matchIndex\":0}', 0, 'doc/部署准备资料/client-realtime-tpl/consumer/config.properties', 'realtime-1:80', NULL);
INSERT INTO `source_config` VALUES ('39091467-4390-4703-a892-c6c67e2d85c8', '37363fe8-c813-456e-aa3a-63275a8973f9', '07fcd766-9451-4287-9e4b-f27de4e3df14', 'redis 8898端口', '{\"source\":\"#{redis_8898,3}\",\"global\":false,\"ignoreCase\":false,\"matchIndex\":0}', 0, 'etl-count/config/tpl/config/redis.properties', NULL, NULL);
INSERT INTO `source_config` VALUES ('39adf6f1-e067-4eb5-9acc-2ad6aa14fd11', '45a9da44-30ae-4660-a2f8-7729b3036d2e', '44e0bfcc-edfd-4d5c-a84d-615d444cee77', '前端mysql库连接配置（host,登录名,登录密码,端口）', '{\"source\":\"#{mysql,4/3306}\",\"global\":false,\"ignoreCase\":false,\"matchIndex\":0}', 0, 'userbehaviorpath_usergroup/behavior_path_hadoop/tpl/behavior_config.yml', '3306', NULL);
INSERT INTO `source_config` VALUES ('3b23d836-fbff-492d-ab4d-a68916dfb700', '997e7123-62a2-438a-88cc-122c32965519', 'b27b0e60-a9a0-469e-a5a6-d59d3235a5ea', '前端mysql库连接配置（host,登录名,登录密码,端口）', '{\"source\":\"#{mysql,1}\",\"global\":false,\"ignoreCase\":true,\"matchIndex\":0}', 0, 'docs/config/tpl/config.properties', 'realtime-1', NULL);
INSERT INTO `source_config` VALUES ('3baf71d9-fca9-41a0-8c83-2c5d76222daf', '46c0879d-a25b-4f8b-bc66-610d6ed88ef4', 'd96de692-4e70-4d52-89f9-3d1deceeee78', '微信客户端clientId，可访问该地址生成：https://weixin.zhugeio.com/s/v1/newClientId', '{\"source\":\"#{wt.client.client_id}\",\"global\":false,\"ignoreCase\":false,\"matchIndex\":0}', 0, 'doc/部署准备资料/client-realtime-tpl/www/config.properties', '9d3266fd556a4db7b9616d385f8bdf8f', NULL);
INSERT INTO `source_config` VALUES ('3bcf1f46-7b3d-490a-9f2a-614055948156', '46c0879d-a25b-4f8b-bc66-610d6ed88ef4', 'd96de692-4e70-4d52-89f9-3d1deceeee78', '微信服务端www访问地址', '{\"source\":\"#{wt.server.domain.extranet}\",\"global\":false,\"ignoreCase\":false,\"matchIndex\":0}', 0, 'doc/部署准备资料/client-realtime-tpl/www/config.properties', 'https://weixin.zhugeio.com', NULL);
INSERT INTO `source_config` VALUES ('3d561437-ad9a-406f-9a48-91e7ceca6ed9', '46c0879d-a25b-4f8b-bc66-610d6ed88ef4', 'd96de692-4e70-4d52-89f9-3d1deceeee78', 'redis 26480端口', '{\"source\":\"#{redis_26480,1}\",\"global\":false,\"ignoreCase\":false,\"matchIndex\":0}', 0, 'doc/部署准备资料/client-realtime-tpl/www/config.properties', 'realtime-1', NULL);
INSERT INTO `source_config` VALUES ('3db3bfd1-eb86-4b95-88d0-5ae7d67dab21', '37363fe8-c813-456e-aa3a-63275a8973f9', '07fcd766-9451-4287-9e4b-f27de4e3df14', '前端mysql库连接配置（host,登录名,登录密码,端口）', '{\"source\":\"#{mysql,4/3306}\",\"global\":false,\"ignoreCase\":false,\"matchIndex\":0}', 0, 'etl-load-cdh/config/tpl/config/front_db.properties', '3306', NULL);
INSERT INTO `source_config` VALUES ('3dd4160c-8292-4ac1-bb3f-08945e70357a', '45a9da44-30ae-4660-a2f8-7729b3036d2e', '44e0bfcc-edfd-4d5c-a84d-615d444cee77', '触达2.0相关配置', '{\"source\":\"#{mktv2.config->server.www}\",\"global\":false,\"ignoreCase\":false,\"matchIndex\":0}', 0, 'nginx-single/nginx/conf/nginx.conf', 'realtime-mkt:18001', NULL);
INSERT INTO `source_config` VALUES ('3e7592d0-f2a9-452d-9490-60becbbbc1cc', 'b4779bc3-b64b-4556-8fbf-e1660abc77d7', 'fd6a925b-de4d-440a-84a5-9e6f42c63845', 'ssdb 8888端口', '{\"source\":\"#{ssdb_8888,2}\",\"global\":false,\"ignoreCase\":false,\"matchIndex\":0}', 0, 'docs/config/tpl/application.properties', '8888', NULL);
INSERT INTO `source_config` VALUES ('3eae3709-da40-4926-a087-1f669d39966a', '37363fe8-c813-456e-aa3a-63275a8973f9', '07fcd766-9451-4287-9e4b-f27de4e3df14', 'kafka服务集群', '{\"source\":\"#{kafka_bootstrap_servers}\",\"global\":false,\"ignoreCase\":false,\"matchIndex\":0}', 0, 'etl-dw-kudu/config/tpl/config/config.properties', 'realtime-1:9092,realtime-2:9092,realtime-3:9092', NULL);
INSERT INTO `source_config` VALUES ('3fb89789-7e79-4f4b-805f-6c28c7dd2a53', '45a9da44-30ae-4660-a2f8-7729b3036d2e', '44e0bfcc-edfd-4d5c-a84d-615d444cee77', 'ssdb 8888端口', '{\"source\":\"#{ssdb_8888,2}\",\"global\":false,\"ignoreCase\":false,\"matchIndex\":0}', 0, 'es-index/zanalytics-index-db/tpl/2-db1.conf', '8888', NULL);
INSERT INTO `source_config` VALUES ('3fdcb5e8-021a-4046-83f3-82486f071269', 'dae89e64-2932-4bec-b3ae-4ac5be585617', '7a5c3982-1c5c-43c5-b4fa-15d9bd89fcdb', '前端mysql库连接配置（host,登录名,登录密码,端口）', '{\"source\":\"#{mysql,4/3306}\",\"global\":false,\"ignoreCase\":false,\"matchIndex\":0}', 0, 'docs/config/tpl/application-kpt.yml', '3306', NULL);
INSERT INTO `source_config` VALUES ('402168b8-4146-43ce-bffc-933f4702f0cf', '0f0dfcad-40a0-4a99-9bc6-232b4efb22d4', '50fe744e-6396-4aef-93db-cb1c31fc22d3', 'webapp相关配置', '{\"source\":\"#{webapp->is_ultralimit}\",\"global\":false,\"ignoreCase\":false,\"matchIndex\":0}', 0, 'spa/config/prod.env.js.tpl', 'false', '7b541f87-00c4-455c-bf7c-23168fa9eca4');
INSERT INTO `source_config` VALUES ('407a1955-559e-4ee9-bc9b-213a7ee24841', '0f0dfcad-40a0-4a99-9bc6-232b4efb22d4', '50fe744e-6396-4aef-93db-cb1c31fc22d3', '诸葛字样标识', '{\"source\":\"#{webapp.word.zg_text}\",\"global\":false,\"ignoreCase\":false,\"matchIndex\":0}', 0, 'spa/config/prod.env.js.tpl', '数据分析', '7b541f87-00c4-455c-bf7c-23168fa9eca4');
INSERT INTO `source_config` VALUES ('41c9221e-a726-4467-8452-d8dcde5f5a7f', '40e643c4-5254-4ae7-a3cb-bc7a31aeeefc', '43df9041-08b4-4179-a7d5-303f15485253', 'redis 6371端口（触达）', '{\"source\":\"#{redis_6371,1}\",\"global\":false,\"ignoreCase\":false,\"matchIndex\":0}', 0, 'config/tpl/clockwork.config', 'realtime-2', NULL);
INSERT INTO `source_config` VALUES ('42643e07-7052-4912-9569-63c3e7fe4450', '37363fe8-c813-456e-aa3a-63275a8973f9', '07fcd766-9451-4287-9e4b-f27de4e3df14', '前端mysql库连接配置（host,登录名,登录密码,端口）', '{\"source\":\"#{mysql,4/3306}\",\"global\":false,\"ignoreCase\":false,\"matchIndex\":0}', 0, 'etl-paopi/config/tpl/config/hive_db.properties', '3306', NULL);
INSERT INTO `source_config` VALUES ('42c17907-00af-4edc-9428-b52787e09164', '37363fe8-c813-456e-aa3a-63275a8973f9', '07fcd766-9451-4287-9e4b-f27de4e3df14', 'redis 8892端口', '{\"source\":\"#{redis_8892,3}\",\"global\":false,\"ignoreCase\":false,\"matchIndex\":0}', 0, 'etl-id-kudu/config/tpl/config/id_redis.properties', NULL, NULL);
INSERT INTO `source_config` VALUES ('4417d810-001e-4cf0-bbf7-c315c41db1bb', 'b4779bc3-b64b-4556-8fbf-e1660abc77d7', 'fd6a925b-de4d-440a-84a5-9e6f42c63845', '前端mysql库连接配置（host,登录名,登录密码,端口）', '{\"source\":\"#{mysql,2}\",\"global\":false,\"ignoreCase\":false,\"matchIndex\":0}', 0, 'docs/config/tpl/application.properties', 'web', NULL);
INSERT INTO `source_config` VALUES ('44477c80-61b8-4e32-b8c2-f3ce186a9a52', '0f0dfcad-40a0-4a99-9bc6-232b4efb22d4', '8d1ab3f3-5a5c-4442-81a9-336cc455ef02', '分析平台的可视化埋点', '{\"source\":\"#{webapp.show_visualizer_track}\",\"global\":false,\"ignoreCase\":false,\"matchIndex\":0}', 0, 'spa/config/prod.env.js.tpl', 'true', NULL);
INSERT INTO `source_config` VALUES ('44d10e01-de64-4264-8f31-780001133a31', '0f0dfcad-40a0-4a99-9bc6-232b4efb22d4', '50fe744e-6396-4aef-93db-cb1c31fc22d3', '登录图片验证码开关', '{\"source\":\"#{webapp.login_img_code}\",\"global\":false,\"ignoreCase\":false,\"matchIndex\":0}', 0, 'spa/config/prod.env.js.tpl', 'false', '7b541f87-00c4-455c-bf7c-23168fa9eca4');
INSERT INTO `source_config` VALUES ('45060d44-9394-426f-bdf7-4a9757c3c3d5', '40e643c4-5254-4ae7-a3cb-bc7a31aeeefc', '43df9041-08b4-4179-a7d5-303f15485253', 'ssdb 1217端口', '{\"source\":\"#{ssdb_1217,3}\",\"global\":false,\"ignoreCase\":false,\"matchIndex\":0}', 0, 'config/tpl/clockwork.config', NULL, NULL);
INSERT INTO `source_config` VALUES ('453cbd03-f1cc-4cf1-a1a2-c5731684491a', '85866bad-811d-44af-952e-bdf1c1f1cd1a', '4a826f66-9c1d-42f7-a328-b1d84ead507f', 'impala连接配置（host,登录名,登录密码,端口,仓库名）', '{\"source\":\"#{impala,5}\",\"global\":false,\"ignoreCase\":false,\"matchIndex\":0}', 0, 'config/private/tpl/config.properties', 'zanalytics', NULL);
INSERT INTO `source_config` VALUES ('45a1a3ad-1717-4aea-8970-c3830911c133', '37363fe8-c813-456e-aa3a-63275a8973f9', '07fcd766-9451-4287-9e4b-f27de4e3df14', 'redis 8892端口', '{\"source\":\"#{redis_8892,1}\",\"global\":false,\"ignoreCase\":false,\"matchIndex\":0}', 0, 'etl-single/config/tpl/config/redis.properties', 'realtime-2', NULL);
INSERT INTO `source_config` VALUES ('46e976bc-0363-4fd7-a247-d62b1f83ebee', '85866bad-811d-44af-952e-bdf1c1f1cd1a', '4a826f66-9c1d-42f7-a328-b1d84ead507f', 'zgsee-kafka-topic', '{\"source\":\"#{zgsee.kafka_source_topic}\",\"global\":false,\"ignoreCase\":false,\"matchIndex\":0}', 0, 'config/private/tpl/config.properties', 'zg_see', NULL);
INSERT INTO `source_config` VALUES ('471ba7c4-cd0a-4615-9d24-c177da0af73e', 'b4779bc3-b64b-4556-8fbf-e1660abc77d7', 'fd6a925b-de4d-440a-84a5-9e6f42c63845', '前端mysql库连接配置（host,登录名,登录密码,端口）', '{\"source\":\"#{mysql,3}\",\"global\":false,\"ignoreCase\":false,\"matchIndex\":0}', 0, 'docs/config/tpl/application.properties', 'zanalytics', NULL);
INSERT INTO `source_config` VALUES ('482855b8-864e-4c28-a299-b2bcead1e695', '0f0dfcad-40a0-4a99-9bc6-232b4efb22d4', '50fe744e-6396-4aef-93db-cb1c31fc22d3', '是否启动密码强校验功能', '{\"source\":\"#{webapp.use_pwd_rules}\",\"global\":false,\"ignoreCase\":false,\"matchIndex\":0}', 0, 'spa/config/prod.env.js.tpl', 'true', '7b541f87-00c4-455c-bf7c-23168fa9eca4');
INSERT INTO `source_config` VALUES ('48386d53-3ada-4c99-9761-afe9bb051d61', '45a9da44-30ae-4660-a2f8-7729b3036d2e', '44e0bfcc-edfd-4d5c-a84d-615d444cee77', 'debug内网服务部署地址', '{\"source\":\"#{svr.domain.intranet.debug.www}\",\"global\":false,\"ignoreCase\":false,\"matchIndex\":0}', 0, 'nginx-single/nginx/conf/nginx.conf-upload', 'realtime-1:16688', NULL);
INSERT INTO `source_config` VALUES ('483c9dd5-4f74-4527-9047-fa8713be9f57', '40e643c4-5254-4ae7-a3cb-bc7a31aeeefc', '43df9041-08b4-4179-a7d5-303f15485253', 'redis 6372端口（触达）', '{\"source\":\"#{redis_6372,1}\",\"global\":false,\"ignoreCase\":false,\"matchIndex\":0}', 0, 'config/tpl/clockwork.config', 'realtime-3', NULL);
INSERT INTO `source_config` VALUES ('489b18f8-8da4-4db6-a7cb-7eb47a6bc702', '0f0dfcad-40a0-4a99-9bc6-232b4efb22d4', '50fe744e-6396-4aef-93db-cb1c31fc22d3', 'node服务socket接口前缀', '{\"source\":\"#{node.api.socket.prefix}\",\"global\":false,\"ignoreCase\":false,\"matchIndex\":0}', 0, 'spa/config/prod.env.js.tpl', '/analysis/socket', '7b541f87-00c4-455c-bf7c-23168fa9eca4');
INSERT INTO `source_config` VALUES ('48cbd4a1-01ec-48e7-94c1-d8e3505c3dbf', '37363fe8-c813-456e-aa3a-63275a8973f9', '07fcd766-9451-4287-9e4b-f27de4e3df14', '前端mysql库连接配置（host,登录名,登录密码,端口）', '{\"source\":\"#{mysql,2}\",\"global\":false,\"ignoreCase\":false,\"matchIndex\":0}', 0, 'etl-load-cdh/config/tpl/config/front_db.properties', 'web', NULL);
INSERT INTO `source_config` VALUES ('48e3a5b6-ec01-4f13-8c65-7725ef968a33', '68e078fb-eb3d-4659-9e38-272e35316e38', 'd2ec6358-ecfc-4afd-a19f-d82f67284927', '诸葛打点，0关闭，1上传至saas，2上传至私有部署', '{\"source\":\"#{webapp.use_track}\",\"global\":false,\"ignoreCase\":false,\"matchIndex\":0}', 0, '.env.production.tpl', '0', NULL);
INSERT INTO `source_config` VALUES ('4981644d-56dc-4004-9af7-63466a4d9a6e', '45a9da44-30ae-4660-a2f8-7729b3036d2e', '44e0bfcc-edfd-4d5c-a84d-615d444cee77', 'zgsee内网服务部署地址', '{\"source\":\"#{svr.domain.intranet.zgsee.www}\",\"global\":false,\"ignoreCase\":false,\"matchIndex\":0}', 0, 'nginx/nginx/conf/nginx.conf', 'realtime-1:18080', NULL);
INSERT INTO `source_config` VALUES ('4983faa9-d367-44e1-9feb-995d0adbd969', '37363fe8-c813-456e-aa3a-63275a8973f9', '07fcd766-9451-4287-9e4b-f27de4e3df14', 'redis 6379端口', '{\"source\":\"#{redis_6379,1}\",\"global\":false,\"ignoreCase\":false,\"matchIndex\":0}', 0, 'etl-single/config/tpl/config/redis.properties', 'realtime-1', NULL);
INSERT INTO `source_config` VALUES ('4986066a-d607-4eb3-a8c7-f3ce8df33081', '45a9da44-30ae-4660-a2f8-7729b3036d2e', '44e0bfcc-edfd-4d5c-a84d-615d444cee77', '触达内网（www）服务部署地址（默认两个）【/data/marketing/www/config】', '{\"source\":\"#{svr.domain.intranet.mkt.www,2}\",\"global\":false,\"ignoreCase\":false,\"matchIndex\":0}', 0, 'nginx/nginx/conf/nginx.conf-upload', 'realtime-3:18001', NULL);
INSERT INTO `source_config` VALUES ('4990ba5f-b523-4845-9266-c1e7d6ce8f03', 'b4779bc3-b64b-4556-8fbf-e1660abc77d7', 'fd6a925b-de4d-440a-84a5-9e6f42c63845', '前端mysql库连接配置（host,登录名,登录密码,端口）', '{\"source\":\"#{mysql,1}\",\"global\":false,\"ignoreCase\":false,\"matchIndex\":0}', 0, 'docs/config/tpl/application.properties', 'realtime-1', NULL);
INSERT INTO `source_config` VALUES ('49f636d0-c767-4781-8e0d-c0681ba192c6', 'cdac3b88-7578-4a0e-8151-f96627832942', '40ce7785-d4d6-41bf-9d58-ed7ec7e9767c', '触达2.0相关配置', '{\"source\":\"#{mktv2.config->server.activity}\",\"global\":false,\"ignoreCase\":true,\"matchIndex\":0}', 0, 'docs/tpl/README.md', 'realtime-mkt:1922', NULL);
INSERT INTO `source_config` VALUES ('4a230adf-225e-4b4a-94c3-aa3077d1d140', '37363fe8-c813-456e-aa3a-63275a8973f9', '07fcd766-9451-4287-9e4b-f27de4e3df14', 'impala连接配置（host,登录名,登录密码,端口,仓库名）', '{\"source\":\"#{impala,1}\",\"global\":false,\"ignoreCase\":false,\"matchIndex\":0}', 0, 'etl-load-cdh/config/tpl/config_single/impala_db.properties', 'realtime-1', NULL);
INSERT INTO `source_config` VALUES ('4a90598c-4db5-4c3e-b4fe-cd98246c8b0c', '37363fe8-c813-456e-aa3a-63275a8973f9', '07fcd766-9451-4287-9e4b-f27de4e3df14', 'redis 8897端口', '{\"source\":\"#{redis_8897,3}\",\"global\":false,\"ignoreCase\":false,\"matchIndex\":0}', 0, 'etl-adv-count/config/tpl/config/redis.properties', NULL, NULL);
INSERT INTO `source_config` VALUES ('4aabe1c2-ff66-4822-9137-f1b22da71d45', '37363fe8-c813-456e-aa3a-63275a8973f9', '07fcd766-9451-4287-9e4b-f27de4e3df14', 'impala连接配置（host,登录名,登录密码,端口,仓库名）', '{\"source\":\"#{impala,2}\",\"global\":false,\"ignoreCase\":false,\"matchIndex\":0}', 0, 'etl-load-cdh/config/tpl/config/impala_db.properties', 'admin', NULL);
INSERT INTO `source_config` VALUES ('4badfa9d-16ed-4f1f-90cd-13a6fca1703e', '1e4058bb-b8e6-4ca9-ae31-4065365d51f1', 'e7f7a127-f4c4-4338-8e84-9b7fc73dd4a7', '分析session/cookie存储域名(填网站的)(不需要加端口)', '{\"source\":\"#{analysis.zhuge_session_domain}\",\"global\":false,\"ignoreCase\":true,\"matchIndex\":0}', 0, 'config/buildConfig.js.tpl', 'uba.it.pkpm.cn', NULL);
INSERT INTO `source_config` VALUES ('4c26adad-170a-41b1-aebb-32284b7d5aab', '0f0dfcad-40a0-4a99-9bc6-232b4efb22d4', '50fe744e-6396-4aef-93db-cb1c31fc22d3', '诸葛打点，0关闭，1上传至saas，2上传至私有部署', '{\"source\":\"#{webapp.use_track}\",\"global\":false,\"ignoreCase\":false,\"matchIndex\":0}', 0, 'spa/config/prod.env.js.tpl', '0', '7b541f87-00c4-455c-bf7c-23168fa9eca4');
INSERT INTO `source_config` VALUES ('4ccf1214-7d2a-48bd-a80f-dc258c7d4f7c', '0f0dfcad-40a0-4a99-9bc6-232b4efb22d4', '50fe744e-6396-4aef-93db-cb1c31fc22d3', '视屏根路径', '{\"source\":\"#{webapp.shiping_root_path}\",\"global\":false,\"ignoreCase\":false,\"matchIndex\":0}', 0, 'spa/config/prod.env.js.tpl', 'shiping', '7b541f87-00c4-455c-bf7c-23168fa9eca4');
INSERT INTO `source_config` VALUES ('4d02b979-387e-4507-9194-2c0342ec3853', '37363fe8-c813-456e-aa3a-63275a8973f9', '07fcd766-9451-4287-9e4b-f27de4e3df14', 'impala连接配置（host,登录名,登录密码,端口,仓库名）', '{\"source\":\"#{impala,5/zhugeio}\",\"global\":false,\"ignoreCase\":false,\"matchIndex\":0}', 0, 'etl-load-cdh/config/tpl/config/impala_db.properties', 'zanalytics', NULL);
INSERT INTO `source_config` VALUES ('4d2ce492-20c3-4a34-93b7-fd0842544849', '45a9da44-30ae-4660-a2f8-7729b3036d2e', '44e0bfcc-edfd-4d5c-a84d-615d444cee77', '触达内网（www）服务部署地址（默认两个）【/data/marketing/www/config】', '{\"source\":\"#{svr.domain.intranet.mkt.www,1}\",\"global\":false,\"ignoreCase\":false,\"matchIndex\":0}', 0, 'nginx/nginx/conf/nginx.conf-upload', 'realtime-2:18001', NULL);
INSERT INTO `source_config` VALUES ('4dc838d2-2a59-4d26-bbae-177c754fa2b6', '37363fe8-c813-456e-aa3a-63275a8973f9', '07fcd766-9451-4287-9e4b-f27de4e3df14', 'impala连接配置（host,登录名,登录密码,端口,仓库名）', '{\"source\":\"#{impala,3}\",\"global\":false,\"ignoreCase\":false,\"matchIndex\":0}', 0, 'etl-load-cdh/config/tpl/config/impala_db.properties', 'admin', NULL);
INSERT INTO `source_config` VALUES ('4e0be535-bcbd-476d-bfb4-3fe811806ed1', '85866bad-811d-44af-952e-bdf1c1f1cd1a', '4a826f66-9c1d-42f7-a328-b1d84ead507f', 'impala连接配置（host,登录名,登录密码,端口,仓库名）', '{\"source\":\"#{impala,4}\",\"global\":false,\"ignoreCase\":false,\"matchIndex\":0}', 0, 'config/private/tpl/config.properties', '21050', NULL);
INSERT INTO `source_config` VALUES ('4e68098f-d839-4646-b322-24bc6ea874fa', '997e7123-62a2-438a-88cc-122c32965519', 'b27b0e60-a9a0-469e-a5a6-d59d3235a5ea', 'es集群1的ip', '{\"source\":\"#{elasticsearch1,2}\",\"global\":false,\"ignoreCase\":false,\"matchIndex\":0}', 0, 'docs/config/tpl/config.properties', '9200', NULL);
INSERT INTO `source_config` VALUES ('4f8dee77-2505-4192-b5da-ac3dce125605', '45a9da44-30ae-4660-a2f8-7729b3036d2e', '44e0bfcc-edfd-4d5c-a84d-615d444cee77', '合并端口内网访问地址', '{\"source\":\"#{svr.domain.intranet}\",\"global\":false,\"ignoreCase\":false,\"matchIndex\":0}', 0, 'sql-zeppelin/zeppelin/conf-tpl/args.properties', 'realtime-1:80', NULL);
INSERT INTO `source_config` VALUES ('4f936179-aa19-4c3b-974d-63c56db31393', '37363fe8-c813-456e-aa3a-63275a8973f9', '07fcd766-9451-4287-9e4b-f27de4e3df14', 'impala连接配置（host,登录名,登录密码,端口,仓库名）', '{\"source\":\"#{impala,3}\",\"global\":false,\"ignoreCase\":false,\"matchIndex\":0}', 0, 'etl-single/config/tpl/config/impala_db.properties', 'admin', NULL);
INSERT INTO `source_config` VALUES ('4fdc5dd9-0d08-4a91-bf66-b3015ba7e0a1', '46c0879d-a25b-4f8b-bc66-610d6ed88ef4', 'd96de692-4e70-4d52-89f9-3d1deceeee78', '前端mysql库连接配置（host,登录名,登录密码,端口）', '{\"source\":\"#{mysql,4/3306}\",\"global\":false,\"ignoreCase\":false,\"matchIndex\":0}', 0, 'doc/部署准备资料/client-realtime-tpl/www/config.properties', '3306', NULL);
INSERT INTO `source_config` VALUES ('4fff5bb7-4aae-4883-938d-8601df30f370', '7c6a4ef0-7af7-40b0-aa69-99bad2d6271d', '41f4d639-5aba-4888-838a-f25459698ddb', 'node服务socket接口前缀', '{\"source\":\"#{node.api.socket.prefix}\",\"global\":false,\"ignoreCase\":false,\"matchIndex\":0}', 0, 'src/config.ts.tpl', '/analysis/socket', NULL);
INSERT INTO `source_config` VALUES ('505b3c24-9d42-49d9-9881-5b31d4fa846c', 'dae89e64-2932-4bec-b3ae-4ac5be585617', '7a5c3982-1c5c-43c5-b4fa-15d9bd89fcdb', '前端mysql库连接配置（host,登录名,登录密码,端口）', '{\"source\":\"#{mysql,3}\",\"global\":false,\"ignoreCase\":false,\"matchIndex\":0}', 0, 'docs/config/tpl/copyAppKey.sh', 'zanalytics', NULL);
INSERT INTO `source_config` VALUES ('51804a28-8b28-422b-adde-b181ba5868b0', '46c0879d-a25b-4f8b-bc66-610d6ed88ef4', 'd96de692-4e70-4d52-89f9-3d1deceeee78', '微信服务端www访问地址', '{\"source\":\"#{wt.server.domain.extranet}\",\"global\":false,\"ignoreCase\":false,\"matchIndex\":0}', 0, 'doc/部署准备资料/client-realtime-tpl/receiver/config.properties', 'https://weixin.zhugeio.com', NULL);
INSERT INTO `source_config` VALUES ('51dd0fde-91ba-4e36-aba8-e89dc1ba0a73', '37363fe8-c813-456e-aa3a-63275a8973f9', '07fcd766-9451-4287-9e4b-f27de4e3df14', 'redis 26480端口', '{\"source\":\"#{redis_26480,2}\",\"global\":false,\"ignoreCase\":false,\"matchIndex\":0}', 0, 'etl-count-et/config/tpl/config/redis.properties', '26480', NULL);
INSERT INTO `source_config` VALUES ('52a4948f-96aa-4670-a8e3-25abf31d70b7', '46c0879d-a25b-4f8b-bc66-610d6ed88ef4', 'd96de692-4e70-4d52-89f9-3d1deceeee78', '前端mysql库连接配置（host,登录名,登录密码,端口）', '{\"source\":\"#{mysql,4/3306}\",\"global\":false,\"ignoreCase\":false,\"matchIndex\":0}', 0, 'doc/部署准备资料/client-realtime-tpl/consumer/config.properties', '3306', NULL);
INSERT INTO `source_config` VALUES ('52ab0753-0ed3-4b6e-80d8-dc93b566bbc6', '40e643c4-5254-4ae7-a3cb-bc7a31aeeefc', '43df9041-08b4-4179-a7d5-303f15485253', 'redis 6371端口（触达）', '{\"source\":\"#{redis_6371,2}\",\"global\":false,\"ignoreCase\":false,\"matchIndex\":0}', 0, 'config/tpl/clockwork.config', '6379', NULL);
INSERT INTO `source_config` VALUES ('52fe6967-5c94-4750-8298-0680cba278c3', '37363fe8-c813-456e-aa3a-63275a8973f9', '07fcd766-9451-4287-9e4b-f27de4e3df14', 'redis 8897端口', '{\"source\":\"#{redis_8897,2}\",\"global\":false,\"ignoreCase\":false,\"matchIndex\":0}', 0, 'etl-adv-count/config/tpl/config/redis.properties', '8897', NULL);
INSERT INTO `source_config` VALUES ('53f34c10-162e-42a2-a29c-9fba8f953fca', 'dae89e64-2932-4bec-b3ae-4ac5be585617', '7a5c3982-1c5c-43c5-b4fa-15d9bd89fcdb', '前端mysql库连接配置（host,登录名,登录密码,端口）', '{\"source\":\"#{mysql,1}\",\"global\":false,\"ignoreCase\":false,\"matchIndex\":0}', 0, 'docs/config/tpl/application-kpt.yml', 'realtime-1', NULL);
INSERT INTO `source_config` VALUES ('5436ff32-2429-40a6-bcc3-d3bbfac6aa4b', '0f0dfcad-40a0-4a99-9bc6-232b4efb22d4', '8d1ab3f3-5a5c-4442-81a9-336cc455ef02', '获取模块日期默认值', '{\"source\":\"#{webapp.channel_date_config}\",\"global\":false,\"ignoreCase\":false,\"matchIndex\":0}', 0, 'spa/config/prod.env.js.tpl', '0', NULL);
INSERT INTO `source_config` VALUES ('54fe9096-e1cc-4f86-8158-f6a34e2a1816', '37363fe8-c813-456e-aa3a-63275a8973f9', '07fcd766-9451-4287-9e4b-f27de4e3df14', 'impala连接配置（host,登录名,登录密码,端口,仓库名）', '{\"source\":\"#{impala,2}\",\"global\":false,\"ignoreCase\":false,\"matchIndex\":0}', 0, 'etl-dw-kudu/config/tpl/config/impala_db.properties', 'admin', NULL);
INSERT INTO `source_config` VALUES ('550e7ee8-0d17-4297-a737-37dfd5562c84', '37363fe8-c813-456e-aa3a-63275a8973f9', '07fcd766-9451-4287-9e4b-f27de4e3df14', 'redis 8897端口', '{\"source\":\"#{redis_8897,3}\",\"global\":false,\"ignoreCase\":false,\"matchIndex\":0}', 0, 'etl-count-et/config/tpl/config/redis.properties', NULL, NULL);
INSERT INTO `source_config` VALUES ('554d7eb5-f18e-44e8-a243-3cc0bdeb3248', '37363fe8-c813-456e-aa3a-63275a8973f9', '07fcd766-9451-4287-9e4b-f27de4e3df14', 'kafka服务集群', '{\"source\":\"#{kafka_bootstrap_servers}\",\"global\":false,\"ignoreCase\":false,\"matchIndex\":0}', 0, 'etl-gate/config/tpl/config/config.properties', 'realtime-1:9092,realtime-2:9092,realtime-3:9092', NULL);
INSERT INTO `source_config` VALUES ('55a2341d-0f35-4d40-9705-98da5387e334', 'cdac3b88-7578-4a0e-8151-f96627832942', '40ce7785-d4d6-41bf-9d58-ed7ec7e9767c', '触达2.0相关配置', '{\"source\":\"#{mktv2.config->server.activity}\",\"global\":false,\"ignoreCase\":false,\"matchIndex\":0}', 0, 'docs/tpl/scripts/package/playwell-client/README.md', 'realtime-mkt:1922', NULL);
INSERT INTO `source_config` VALUES ('5637fb72-adf6-4afa-a778-a0005dc13923', '37363fe8-c813-456e-aa3a-63275a8973f9', '07fcd766-9451-4287-9e4b-f27de4e3df14', 'impala连接配置（host,登录名,登录密码,端口,仓库名）', '{\"source\":\"#{impala,5/zhugeio}\",\"global\":false,\"ignoreCase\":false,\"matchIndex\":0}', 0, 'etl-dw-kudu/config/tpl/config/config.properties', 'zanalytics', NULL);
INSERT INTO `source_config` VALUES ('567cfef3-5286-4c6f-a11c-07014d8a2e7f', 'c901f2f3-ee26-4461-b830-7c47e4f4bd6a', '2da9b5de-74d0-4533-860f-8915766b270a', '前端mysql库连接配置（host,登录名,登录密码,端口）', '{\"source\":\"#{mysql,1}\",\"global\":false,\"ignoreCase\":false,\"matchIndex\":0}', 0, 'tpl/config/application.yml', 'realtime-1', NULL);
INSERT INTO `source_config` VALUES ('56921599-15e4-446e-8b9d-58eb3304ad2f', '45a9da44-30ae-4660-a2f8-7729b3036d2e', '44e0bfcc-edfd-4d5c-a84d-615d444cee77', '前端mysql库连接配置（host,登录名,登录密码,端口）', '{\"source\":\"#{mysql,3}\",\"global\":false,\"ignoreCase\":false,\"matchIndex\":0}', 0, 'es-index/zanalytics-index-db/tpl/impala-shell.sh', 'zanalytics', NULL);
INSERT INTO `source_config` VALUES ('56a17a0e-8a73-42b1-8db7-84e48f07508f', '45a9da44-30ae-4660-a2f8-7729b3036d2e', '44e0bfcc-edfd-4d5c-a84d-615d444cee77', 'redis 6379端口', '{\"source\":\"#{redis_6379,2}\",\"global\":false,\"ignoreCase\":false,\"matchIndex\":0}', 0, 'userbehaviorpath_usergroup/ubpa/bin/tpl/worker.py', '6379', NULL);
INSERT INTO `source_config` VALUES ('58296db3-0058-4b56-bf4a-816e741a0c11', '45a9da44-30ae-4660-a2f8-7729b3036d2e', '44e0bfcc-edfd-4d5c-a84d-615d444cee77', '前端mysql库连接配置（host,登录名,登录密码,端口）', '{\"source\":\"#{mysql,4/3306}\",\"global\":false,\"ignoreCase\":false,\"matchIndex\":0}', 0, 'userbehaviorpath_usergroup/getdbdata-tpl.sh', '3306', NULL);
INSERT INTO `source_config` VALUES ('590fbd3e-51a4-4665-9cb3-2909f0f13dff', '997e7123-62a2-438a-88cc-122c32965519', 'b27b0e60-a9a0-469e-a5a6-d59d3235a5ea', 'es集群2的ip', '{\"source\":\"#{elasticsearch2,1}\",\"global\":false,\"ignoreCase\":false,\"matchIndex\":0}', 0, 'docs/config/tpl/config.properties', 'realtime-2', NULL);
INSERT INTO `source_config` VALUES ('5bfb87ac-490d-4a97-b78b-f9905899c6fd', 'dae89e64-2932-4bec-b3ae-4ac5be585617', '7a5c3982-1c5c-43c5-b4fa-15d9bd89fcdb', 'impala连接配置（host,登录名,登录密码,端口,仓库名）', '{\"source\":\"#{impala,3}\",\"global\":false,\"ignoreCase\":false,\"matchIndex\":0}', 0, 'docs/config/tpl/application-kpt.yml', 'admin', NULL);
INSERT INTO `source_config` VALUES ('5c25a20d-16a6-4040-93a2-ad567bd43534', '37363fe8-c813-456e-aa3a-63275a8973f9', '07fcd766-9451-4287-9e4b-f27de4e3df14', 'redis 8897端口', '{\"source\":\"#{redis_8897,1}\",\"global\":false,\"ignoreCase\":false,\"matchIndex\":0}', 0, 'etl-adv-count/config/tpl/config/redis.properties', 'realtime-2', NULL);
INSERT INTO `source_config` VALUES ('5d425d4c-eebb-4f57-977e-f73b6b590b23', '45a9da44-30ae-4660-a2f8-7729b3036d2e', '44e0bfcc-edfd-4d5c-a84d-615d444cee77', 'debug内网服务部署地址', '{\"source\":\"#{svr.domain.intranet.debug.www}\",\"global\":false,\"ignoreCase\":false,\"matchIndex\":0}', 0, 'nginx-single/nginx/conf/nginx.conf', 'realtime-1:16688', NULL);
INSERT INTO `source_config` VALUES ('5d541379-1730-417f-9e51-fdd010e229fe', '45a9da44-30ae-4660-a2f8-7729b3036d2e', '44e0bfcc-edfd-4d5c-a84d-615d444cee77', 'redis 6379端口', '{\"source\":\"#{redis_6379,1}\",\"global\":false,\"ignoreCase\":false,\"matchIndex\":0}', 0, 'userbehaviorpath_usergroup/ubpa/bin/tpl/worker.py', 'realtime-1', NULL);
INSERT INTO `source_config` VALUES ('5dfcd44a-3a78-4997-b801-2722880b5793', '85866bad-811d-44af-952e-bdf1c1f1cd1a', '4a826f66-9c1d-42f7-a328-b1d84ead507f', 'impala连接配置（host,登录名,登录密码,端口,仓库名）', '{\"source\":\"#{impala,1}\",\"global\":false,\"ignoreCase\":false,\"matchIndex\":0}', 0, 'config/private/tpl/config.properties', 'realtime-1', NULL);
INSERT INTO `source_config` VALUES ('5f24da7a-1bae-4930-9acc-96d451688f87', '997e7123-62a2-438a-88cc-122c32965519', 'b27b0e60-a9a0-469e-a5a6-d59d3235a5ea', 'es集群1的ip', '{\"source\":\"#{elasticsearch1,1}\",\"global\":false,\"ignoreCase\":false,\"matchIndex\":0}', 0, 'docs/config/tpl/config.properties', 'realtime-2', NULL);
INSERT INTO `source_config` VALUES ('5f5918ba-bf38-4ae7-a13f-686abf1bf676', 'dae89e64-2932-4bec-b3ae-4ac5be585617', '7a5c3982-1c5c-43c5-b4fa-15d9bd89fcdb', '前端mysql库连接配置（host,登录名,登录密码,端口）', '{\"source\":\"#{mysql,3}\",\"global\":false,\"ignoreCase\":false,\"matchIndex\":0}', 0, 'docs/config/tpl/application-kpt.yml', 'zanalytics', NULL);
INSERT INTO `source_config` VALUES ('5fdba81f-34c6-4a89-8a64-03505a856220', '0f0dfcad-40a0-4a99-9bc6-232b4efb22d4', '8d1ab3f3-5a5c-4442-81a9-336cc455ef02', '根路由', '{\"source\":\"#{webapp.route_base_path}\",\"global\":false,\"ignoreCase\":false,\"matchIndex\":0}', 0, 'spa/config/prod.env.js.tpl', '/webapp/', NULL);
INSERT INTO `source_config` VALUES ('60b97b4c-b3c3-4127-ae4f-1d4f427ac1d1', 'b4779bc3-b64b-4556-8fbf-e1660abc77d7', 'fd6a925b-de4d-440a-84a5-9e6f42c63845', 'es集群1的ip', '{\"source\":\"#{elasticsearch1,1}\",\"global\":false,\"ignoreCase\":false,\"matchIndex\":0}', 0, 'docs/config/tpl/application.properties', 'realtime-2', NULL);
INSERT INTO `source_config` VALUES ('60b9e638-3b02-4149-8d44-3d49af86a5f6', '45a9da44-30ae-4660-a2f8-7729b3036d2e', '44e0bfcc-edfd-4d5c-a84d-615d444cee77', 'sql查询平台内网服务部署地址', '{\"source\":\"#{svr.domain.intranet.sql.www}\",\"global\":false,\"ignoreCase\":false,\"matchIndex\":0}', 0, 'nginx-single/nginx/conf/nginx.conf-upload', 'realtime-1:9003', NULL);
INSERT INTO `source_config` VALUES ('612decc1-52f4-4385-b8bf-2c0d17e05e61', '37363fe8-c813-456e-aa3a-63275a8973f9', '07fcd766-9451-4287-9e4b-f27de4e3df14', 'ssdb 8888端口', '{\"source\":\"#{ssdb_8888,1}\",\"global\":false,\"ignoreCase\":false,\"matchIndex\":0}', 0, 'etl-paopi/config/tpl/config/redis.properties', 'realtime-1', NULL);
INSERT INTO `source_config` VALUES ('61665a99-31eb-4282-8b70-a4e135cf0d8f', '37363fe8-c813-456e-aa3a-63275a8973f9', '07fcd766-9451-4287-9e4b-f27de4e3df14', 'redis 8897端口', '{\"source\":\"#{redis_8897,3}\",\"global\":false,\"ignoreCase\":false,\"matchIndex\":0}', 0, 'etl-single/config/tpl/config/redis.properties', NULL, NULL);
INSERT INTO `source_config` VALUES ('61830634-352e-4ccd-849e-3f1f7dfafb58', '40e643c4-5254-4ae7-a3cb-bc7a31aeeefc', '43df9041-08b4-4179-a7d5-303f15485253', '前端mysql库连接配置（host,登录名,登录密码,端口）', '{\"source\":\"#{mysql,1}\",\"global\":false,\"ignoreCase\":true,\"matchIndex\":0}', 0, 'config/tpl/clockwork.config', 'realtime-1', NULL);
INSERT INTO `source_config` VALUES ('61d66b43-8033-4778-a0be-0289a396f674', '37363fe8-c813-456e-aa3a-63275a8973f9', '07fcd766-9451-4287-9e4b-f27de4e3df14', 'kudu集群', '{\"source\":\"#{kudu_clusters}\",\"global\":false,\"ignoreCase\":false,\"matchIndex\":0}', 0, 'etl-load-cdh/config/tpl/config/config.properties', 'realtime-1:7051,realtime-2:7051,realtime-3:7051', NULL);
INSERT INTO `source_config` VALUES ('628c8cac-e042-4278-8f04-f6a20f298961', '37363fe8-c813-456e-aa3a-63275a8973f9', '07fcd766-9451-4287-9e4b-f27de4e3df14', 'redis 8897端口', '{\"source\":\"#{redis_8897,2}\",\"global\":false,\"ignoreCase\":false,\"matchIndex\":0}', 0, 'etl-count/config/tpl/config/redis.properties', '8897', NULL);
INSERT INTO `source_config` VALUES ('63ae6210-53f2-4eeb-8ac7-eff24170c1bc', 'c901f2f3-ee26-4461-b830-7c47e4f4bd6a', '2da9b5de-74d0-4533-860f-8915766b270a', '前端mysql库连接配置（host,登录名,登录密码,端口）', '{\"source\":\"#{mysql,2}\",\"global\":false,\"ignoreCase\":false,\"matchIndex\":0}', 0, 'tpl/config/application.yml', 'web', NULL);
INSERT INTO `source_config` VALUES ('64c54334-cead-426e-aa00-d3def7885da8', '37363fe8-c813-456e-aa3a-63275a8973f9', '07fcd766-9451-4287-9e4b-f27de4e3df14', 'impala连接配置（host,登录名,登录密码,端口,仓库名）', '{\"source\":\"#{impala,3}\",\"global\":false,\"ignoreCase\":false,\"matchIndex\":0}', 0, 'etl-dw-kudu/config/tpl/config/impala_db.properties', 'admin', NULL);
INSERT INTO `source_config` VALUES ('64df776a-43ad-4377-8cd1-aaaeecf87a25', '71671909-9834-44b3-b2eb-a0789696eeb6', '47bee3c6-4754-4bda-b3da-b6215fee96e1', 'impala连接配置（host,登录名,登录密码,端口,仓库名）', '{\"source\":\"#{impala,5}\",\"global\":false,\"ignoreCase\":true,\"matchIndex\":0}', 0, 'bin/tpl/config.yml', 'zanalytics', NULL);
INSERT INTO `source_config` VALUES ('6502c68c-3a07-4724-acbe-dfc0f73dd889', 'dae89e64-2932-4bec-b3ae-4ac5be585617', '7a5c3982-1c5c-43c5-b4fa-15d9bd89fcdb', '合并端口外网访问地址(需要加协议http(s))(填网站的)', '{\"source\":\"#{svr.domain.extranet}\",\"global\":false,\"ignoreCase\":false,\"matchIndex\":0}', 0, 'docs/config/tpl/application.properties', 'https://uba.it.pkpm.cn', NULL);
INSERT INTO `source_config` VALUES ('65234096-b732-4816-a5c3-c0eade6237c1', '37363fe8-c813-456e-aa3a-63275a8973f9', '07fcd766-9451-4287-9e4b-f27de4e3df14', '前端mysql库连接配置（host,登录名,登录密码,端口）', '{\"source\":\"#{mysql,2}\",\"global\":false,\"ignoreCase\":false,\"matchIndex\":0}', 0, 'etl-gate/config/tpl/config/front_db.properties', 'web', NULL);
INSERT INTO `source_config` VALUES ('654eef16-58b0-4820-a11f-886a8b7407bf', '37363fe8-c813-456e-aa3a-63275a8973f9', '07fcd766-9451-4287-9e4b-f27de4e3df14', 'kafka服务集群', '{\"source\":\"#{kafka_bootstrap_servers}\",\"global\":false,\"ignoreCase\":false,\"matchIndex\":0}', 0, 'etl-debug/config/tpl/config/config.properties', 'realtime-1:9092,realtime-2:9092,realtime-3:9092', NULL);
INSERT INTO `source_config` VALUES ('656761f2-b7b3-4296-834f-3a9b8b5aeba5', '997e7123-62a2-438a-88cc-122c32965519', 'b27b0e60-a9a0-469e-a5a6-d59d3235a5ea', '前端mysql库连接配置（host,登录名,登录密码,端口）', '{\"source\":\"#{mysql,2}\",\"global\":false,\"ignoreCase\":true,\"matchIndex\":0}', 0, 'docs/config/tpl/config.properties', 'web', NULL);
INSERT INTO `source_config` VALUES ('66a1d84d-b33d-4981-b884-02821e1a195f', '0f0dfcad-40a0-4a99-9bc6-232b4efb22d4', '8d1ab3f3-5a5c-4442-81a9-336cc455ef02', '虚拟应用开关', '{\"source\":\"#{webapp.show_virtual_app}\",\"global\":false,\"ignoreCase\":false,\"matchIndex\":0}', 0, 'spa/config/prod.env.js.tpl', 'false', NULL);
INSERT INTO `source_config` VALUES ('66c69c3f-e5ca-49c5-95d8-466a7cb67bbc', '0f0dfcad-40a0-4a99-9bc6-232b4efb22d4', '8d1ab3f3-5a5c-4442-81a9-336cc455ef02', 'js-sdk名称', '{\"source\":\"#{webapp.word.js_sdk}\",\"global\":false,\"ignoreCase\":false,\"matchIndex\":0}', 0, 'spa/config/prod.env.js.tpl', 'zhuge', NULL);
INSERT INTO `source_config` VALUES ('671ca6ce-682f-4125-a173-dc45053aa18b', '7c6a4ef0-7af7-40b0-aa69-99bad2d6271d', '41f4d639-5aba-4888-838a-f25459698ddb', '前端mysql库连接配置（host,登录名,登录密码,端口）', '{\"source\":\"#{mysql,3}\",\"global\":false,\"ignoreCase\":false,\"matchIndex\":0}', 0, 'src/config.ts.tpl', 'zanalytics', NULL);
INSERT INTO `source_config` VALUES ('67398a51-aaed-49e0-80bf-2675654fe29f', '0f0dfcad-40a0-4a99-9bc6-232b4efb22d4', '50fe744e-6396-4aef-93db-cb1c31fc22d3', 'deepShare开关', '{\"source\":\"#{webapp.show_deep_share}\",\"global\":false,\"ignoreCase\":false,\"matchIndex\":0}', 0, 'spa/config/prod.env.js.tpl', 'true', '7b541f87-00c4-455c-bf7c-23168fa9eca4');
INSERT INTO `source_config` VALUES ('6760ecb8-6d75-4c9d-81d1-c9e25b58a78a', 'dae89e64-2932-4bec-b3ae-4ac5be585617', '7a5c3982-1c5c-43c5-b4fa-15d9bd89fcdb', 'impala连接配置（host,登录名,登录密码,端口,仓库名）', '{\"source\":\"#{impala,1}\",\"global\":false,\"ignoreCase\":false,\"matchIndex\":0}', 0, 'docs/config/tpl/application-kpt.yml', 'realtime-1', NULL);
INSERT INTO `source_config` VALUES ('67dcaea1-3480-4870-a26a-5797d452a330', '0f0dfcad-40a0-4a99-9bc6-232b4efb22d4', '50fe744e-6396-4aef-93db-cb1c31fc22d3', '根路由', '{\"source\":\"#{webapp.route_base_path}\",\"global\":false,\"ignoreCase\":false,\"matchIndex\":0}', 0, 'spa/config/prod.env.js.tpl', '/webapp/', '7b541f87-00c4-455c-bf7c-23168fa9eca4');
INSERT INTO `source_config` VALUES ('67f09477-33e3-4f56-967f-5537e294a6df', '37363fe8-c813-456e-aa3a-63275a8973f9', '07fcd766-9451-4287-9e4b-f27de4e3df14', 'redis 26480端口', '{\"source\":\"#{redis_26480,3}\",\"global\":false,\"ignoreCase\":false,\"matchIndex\":0}', 0, 'etl-count-et/config/tpl/config/redis.properties', 'Sun_unix*1101', NULL);
INSERT INTO `source_config` VALUES ('6838a537-b989-48f6-a6c3-269c06ca4b89', '997e7123-62a2-438a-88cc-122c32965519', 'b27b0e60-a9a0-469e-a5a6-d59d3235a5ea', 'impala连接配置（host,登录名,登录密码,端口,仓库名）', '{\"source\":\"#{impala,3}\",\"global\":false,\"ignoreCase\":false,\"matchIndex\":0}', 0, 'docs/config/tpl/config.properties', 'admin', NULL);
INSERT INTO `source_config` VALUES ('6a8c2787-57b4-4d7a-b736-6261440f4454', '45a9da44-30ae-4660-a2f8-7729b3036d2e', '44e0bfcc-edfd-4d5c-a84d-615d444cee77', '微信内网（www）服务部署地址（默认1个）【/data/wt/www/config】', '{\"source\":\"#{svr.domain.intranet.weixin.www}\",\"global\":false,\"ignoreCase\":false,\"matchIndex\":0}', 0, 'nginx/nginx/conf/nginx.conf', 'realtime-1:7715', NULL);
INSERT INTO `source_config` VALUES ('6addd089-c096-4b7e-b373-8f584daa5a13', 'cdac3b88-7578-4a0e-8151-f96627832942', '40ce7785-d4d6-41bf-9d58-ed7ec7e9767c', '触达2.0相关配置', '{\"source\":\"#{mktv2.config->server.batch}\",\"global\":false,\"ignoreCase\":false,\"matchIndex\":0}', 0, 'docs/tpl/scripts/package/playwell-client/README.md', 'realtime-mkt:1927', NULL);
INSERT INTO `source_config` VALUES ('6bad28f5-dd16-4ab3-b7b3-f073c0506121', '45a9da44-30ae-4660-a2f8-7729b3036d2e', '44e0bfcc-edfd-4d5c-a84d-615d444cee77', 'zabbix-web-api', '{\"source\":\"#{svr.domain.intranet.zabbix.www}\",\"global\":false,\"ignoreCase\":false,\"matchIndex\":0}', 0, 'nginx/nginx/conf/nginx.conf-upload', 'realtime-1:8081', NULL);
INSERT INTO `source_config` VALUES ('6cc66f62-0473-4b1a-8336-c2cd81e4e9c7', '46c0879d-a25b-4f8b-bc66-610d6ed88ef4', 'd96de692-4e70-4d52-89f9-3d1deceeee78', '微信服务端www访问地址', '{\"source\":\"#{wt.server.domain.extranet}\",\"global\":false,\"ignoreCase\":false,\"matchIndex\":0}', 0, 'doc/部署准备资料/client-realtime-tpl/consumer/config.properties', 'https://weixin.zhugeio.com', NULL);
INSERT INTO `source_config` VALUES ('6d1c925e-7db6-498b-ab4c-02fdf8f8b171', '37363fe8-c813-456e-aa3a-63275a8973f9', '07fcd766-9451-4287-9e4b-f27de4e3df14', '前端mysql库连接配置（host,登录名,登录密码,端口）', '{\"source\":\"#{mysql,2}\",\"global\":false,\"ignoreCase\":false,\"matchIndex\":0}', 0, 'etl-id-kudu/config/tpl/config/front_db.properties', 'web', NULL);
INSERT INTO `source_config` VALUES ('6db2da92-2caf-4126-896c-7742f272e2e6', '37363fe8-c813-456e-aa3a-63275a8973f9', '07fcd766-9451-4287-9e4b-f27de4e3df14', 'impala连接配置（host,登录名,登录密码,端口,仓库名）', '{\"source\":\"#{impala,4}\",\"global\":false,\"ignoreCase\":false,\"matchIndex\":0}', 0, 'etl-paopi/config/tpl/config/impala_db.properties', '21050', NULL);
INSERT INTO `source_config` VALUES ('6dbe6e9e-5a3b-4c3d-9ca5-428057302af4', '0f0dfcad-40a0-4a99-9bc6-232b4efb22d4', '8d1ab3f3-5a5c-4442-81a9-336cc455ef02', '合并端口内网访问地址', '{\"source\":\"#{svr.domain.intranet}\",\"global\":false,\"ignoreCase\":true,\"matchIndex\":0}', 0, 'spa/config/prod.env.js.tpl', 'realtime-1:80', NULL);
INSERT INTO `source_config` VALUES ('6f48eb20-9e67-4c92-bebc-8e643d616961', '0f0dfcad-40a0-4a99-9bc6-232b4efb22d4', '50fe744e-6396-4aef-93db-cb1c31fc22d3', '是否启用分析平台的视屏功能', '{\"source\":\"#{webapp.use_zgsee}\",\"global\":false,\"ignoreCase\":false,\"matchIndex\":0}', 0, 'spa/config/prod.env.js.tpl', 'false', '7b541f87-00c4-455c-bf7c-23168fa9eca4');
INSERT INTO `source_config` VALUES ('6f5caddf-9b71-4adb-a93d-7f51b314442f', '68e078fb-eb3d-4659-9e38-272e35316e38', 'd2ec6358-ecfc-4afd-a19f-d82f67284927', '微信appid', '{\"source\":\"#{m_webapp.wechart_appid}\",\"global\":false,\"ignoreCase\":false,\"matchIndex\":0}', 0, '.env.production.tpl', 'wx0560f4a03bb55172', NULL);
INSERT INTO `source_config` VALUES ('6fe1b29a-dc43-468f-a217-7d697ff6df3d', '46c0879d-a25b-4f8b-bc66-610d6ed88ef4', 'd96de692-4e70-4d52-89f9-3d1deceeee78', '合并端口外网访问地址(需要加协议http(s))(填网站的)', '{\"source\":\"#{svr.domain.extranet}\",\"global\":false,\"ignoreCase\":false,\"matchIndex\":0}', 0, 'doc/部署准备资料/client-realtime-tpl/receiver/config.properties', 'https://uba.it.pkpm.cn', NULL);
INSERT INTO `source_config` VALUES ('7180708d-33db-47a5-b669-b2928f63202a', '45a9da44-30ae-4660-a2f8-7729b3036d2e', '44e0bfcc-edfd-4d5c-a84d-615d444cee77', '前端mysql库连接配置（host,登录名,登录密码,端口）', '{\"source\":\"#{mysql,3}\",\"global\":false,\"ignoreCase\":false,\"matchIndex\":0}', 0, 'es-index/zanalytics-index-db/tpl/2-db1.conf', 'zanalytics', NULL);
INSERT INTO `source_config` VALUES ('71eec3a0-8c2b-470b-a2be-da11c395ef44', '0f0dfcad-40a0-4a99-9bc6-232b4efb22d4', '50fe744e-6396-4aef-93db-cb1c31fc22d3', 'app扫码下载', '{\"source\":\"#{webapp.show_app_download}\",\"global\":false,\"ignoreCase\":false,\"matchIndex\":0}', 0, 'spa/config/prod.env.js.tpl', 'false', '7b541f87-00c4-455c-bf7c-23168fa9eca4');
INSERT INTO `source_config` VALUES ('72b5e370-282a-4030-aec5-e8253b1e1ea5', '40e643c4-5254-4ae7-a3cb-bc7a31aeeefc', '43df9041-08b4-4179-a7d5-303f15485253', '前端mysql库连接配置（host,登录名,登录密码,端口）', '{\"source\":\"#{mysql,4/3306}\",\"global\":false,\"ignoreCase\":true,\"matchIndex\":0}', 0, 'config/tpl/clockwork.config', '3306', NULL);
INSERT INTO `source_config` VALUES ('73d7ed9e-57e4-452e-866b-498472d6f57c', 'b4779bc3-b64b-4556-8fbf-e1660abc77d7', 'fd6a925b-de4d-440a-84a5-9e6f42c63845', 'es集群2的ip', '{\"source\":\"#{elasticsearch2,1}\",\"global\":false,\"ignoreCase\":false,\"matchIndex\":0}', 0, 'docs/config/tpl/application.properties', 'realtime-2', NULL);
INSERT INTO `source_config` VALUES ('73dbc33a-79df-4b1a-b9ee-c4e0a6aacfb5', '37363fe8-c813-456e-aa3a-63275a8973f9', '07fcd766-9451-4287-9e4b-f27de4e3df14', 'impala连接配置（host,登录名,登录密码,端口,仓库名）', '{\"source\":\"#{impala,2}\",\"global\":false,\"ignoreCase\":false,\"matchIndex\":0}', 0, 'etl-paopi/config/tpl/config/impala_db.properties', 'admin', NULL);
INSERT INTO `source_config` VALUES ('75f5d408-aa73-416e-9d67-6d1eac7cd7e3', '37363fe8-c813-456e-aa3a-63275a8973f9', '07fcd766-9451-4287-9e4b-f27de4e3df14', 'ssdb 1218端口', '{\"source\":\"#{ssdb_1218,1}\",\"global\":false,\"ignoreCase\":false,\"matchIndex\":0}', 0, 'etl-market-cloud/config/tpl/config/redis.properties', 'realtime-3', NULL);
INSERT INTO `source_config` VALUES ('769d092f-cd4d-4c81-b2ac-dea99cd313d5', '45a9da44-30ae-4660-a2f8-7729b3036d2e', '44e0bfcc-edfd-4d5c-a84d-615d444cee77', '微信内网（receiver）服务部署地址（默认两个）【/data/wt/receiver/config】', '{\"source\":\"#{svr.domain.intranet.weixin.receiver,2}\",\"global\":false,\"ignoreCase\":false,\"matchIndex\":0}', 0, 'nginx-single/nginx/conf/nginx.conf', 'realtime-2:7713', NULL);
INSERT INTO `source_config` VALUES ('770fa825-15c3-4d47-a14e-726f83ee655c', '7c6a4ef0-7af7-40b0-aa69-99bad2d6271d', '41f4d639-5aba-4888-838a-f25459698ddb', '分析平台版本(7标准版,8MARS版)', '{\"source\":\"#{analysis.menu_version}\",\"global\":false,\"ignoreCase\":false,\"matchIndex\":0}', 0, 'src/config.ts.tpl', '7', NULL);
INSERT INTO `source_config` VALUES ('771ed820-ddf5-473a-9ee0-90b1e425794a', '0f0dfcad-40a0-4a99-9bc6-232b4efb22d4', '8d1ab3f3-5a5c-4442-81a9-336cc455ef02', 'node服务socket接口前缀', '{\"source\":\"#{node.api.socket.prefix}\",\"global\":false,\"ignoreCase\":false,\"matchIndex\":0}', 0, 'spa/config/prod.env.js.tpl', '/analysis/socket', NULL);
INSERT INTO `source_config` VALUES ('7772408e-d88b-455e-9fec-bd0e034e11e2', '37363fe8-c813-456e-aa3a-63275a8973f9', '07fcd766-9451-4287-9e4b-f27de4e3df14', 'impala连接配置（host,登录名,登录密码,端口,仓库名）', '{\"source\":\"#{impala,5}\",\"global\":false,\"ignoreCase\":false,\"matchIndex\":0}', 0, 'etl-single/config/tpl/config/dw_config.properties', 'zanalytics', NULL);
INSERT INTO `source_config` VALUES ('778f7633-62f9-443a-a408-87794957b1e2', '37363fe8-c813-456e-aa3a-63275a8973f9', '07fcd766-9451-4287-9e4b-f27de4e3df14', 'impala连接配置（host,登录名,登录密码,端口,仓库名）', '{\"source\":\"#{impala,3}\",\"global\":false,\"ignoreCase\":false,\"matchIndex\":0}', 0, 'etl-paopi/config/tpl/config/impala_db.properties', 'admin', NULL);
INSERT INTO `source_config` VALUES ('77d64756-6aa7-4abf-bc8c-d3494cd2f98f', '45a9da44-30ae-4660-a2f8-7729b3036d2e', '44e0bfcc-edfd-4d5c-a84d-615d444cee77', 'es查询服务', '{\"source\":\"#{svr.domain.intranet.es.www}\",\"global\":false,\"ignoreCase\":false,\"matchIndex\":0}', 0, 'nginx/nginx/conf/nginx.conf-upload', 'realtime-2:7808', NULL);
INSERT INTO `source_config` VALUES ('77da3370-020a-4d20-b7e3-f8595a0eea6c', '45a9da44-30ae-4660-a2f8-7729b3036d2e', '44e0bfcc-edfd-4d5c-a84d-615d444cee77', '前端mysql库连接配置（host,登录名,登录密码,端口）', '{\"source\":\"#{mysql,3}\",\"global\":false,\"ignoreCase\":false,\"matchIndex\":0}', 0, 'userbehaviorpath_usergroup/getdbdata-tpl.sh', 'zanalytics', NULL);
INSERT INTO `source_config` VALUES ('78104d82-5ea6-4c3d-88d6-d676bf94f03c', '45a9da44-30ae-4660-a2f8-7729b3036d2e', '44e0bfcc-edfd-4d5c-a84d-615d444cee77', 'ssdb 8888端口', '{\"source\":\"#{ssdb_8888,2}\",\"global\":false,\"ignoreCase\":false,\"matchIndex\":0}', 0, 'sql-zeppelin/zeppelin/conf-tpl/interpreter.json', '8888', NULL);
INSERT INTO `source_config` VALUES ('78b8aea1-f860-478e-9817-89c53256edbd', '0f0dfcad-40a0-4a99-9bc6-232b4efb22d4', '8d1ab3f3-5a5c-4442-81a9-336cc455ef02', 'zhugeio链接', '{\"source\":\"#{webapp.word.zg_link}\",\"global\":false,\"ignoreCase\":false,\"matchIndex\":0}', 0, 'spa/config/prod.env.js.tpl', 'zhugeio', NULL);
INSERT INTO `source_config` VALUES ('793d1bf4-d7b1-40bb-a59f-f1acfba45112', '37363fe8-c813-456e-aa3a-63275a8973f9', '07fcd766-9451-4287-9e4b-f27de4e3df14', 'redis 8897端口', '{\"source\":\"#{redis_8897,2}\",\"global\":false,\"ignoreCase\":false,\"matchIndex\":0}', 0, 'etl-count-et/config/tpl/config/redis.properties', '8897', NULL);
INSERT INTO `source_config` VALUES ('79b8bb03-18e4-4396-b820-c01038f58046', '0f0dfcad-40a0-4a99-9bc6-232b4efb22d4', '8d1ab3f3-5a5c-4442-81a9-336cc455ef02', '分析session/cookie存储域名(填网站的)(不需要加端口)', '{\"source\":\"#{analysis.zhuge_session_domain}\",\"global\":false,\"ignoreCase\":false,\"matchIndex\":0}', 0, 'spa/config/prod.env.js.tpl', 'uba.it.pkpm.cn', NULL);
INSERT INTO `source_config` VALUES ('79d2acaa-fa23-406e-8b1c-ab4c909234f0', '46c0879d-a25b-4f8b-bc66-610d6ed88ef4', 'd96de692-4e70-4d52-89f9-3d1deceeee78', '微信客户端kafka-topic', '{\"source\":\"#{wt.client.kafka_topic}\",\"global\":false,\"ignoreCase\":false,\"matchIndex\":0}', 0, 'doc/部署准备资料/client-realtime-tpl/consumer/config.properties', 'wt-weixin-topic', NULL);
INSERT INTO `source_config` VALUES ('79f035b6-e803-4f42-9210-363fd0bd3602', 'b4779bc3-b64b-4556-8fbf-e1660abc77d7', 'fd6a925b-de4d-440a-84a5-9e6f42c63845', 'es集群2的ip', '{\"source\":\"#{elasticsearch2,2}\",\"global\":false,\"ignoreCase\":false,\"matchIndex\":0}', 0, 'docs/config/tpl/application.properties', '9200', NULL);
INSERT INTO `source_config` VALUES ('7ab3c4db-a255-441b-a3cf-2d56cd9cd457', '40e643c4-5254-4ae7-a3cb-bc7a31aeeefc', '43df9041-08b4-4179-a7d5-303f15485253', 'ssdb 1218端口', '{\"source\":\"#{ssdb_1218,1}\",\"global\":false,\"ignoreCase\":false,\"matchIndex\":0}', 0, 'config/tpl/clockwork.config', 'realtime-3', NULL);
INSERT INTO `source_config` VALUES ('7b7fb6f5-f045-4bed-87ea-96ef877fd676', '46c0879d-a25b-4f8b-bc66-610d6ed88ef4', 'd96de692-4e70-4d52-89f9-3d1deceeee78', 'redis 26480端口', '{\"source\":\"#{redis_26480,3}\",\"global\":false,\"ignoreCase\":false,\"matchIndex\":0}', 0, 'doc/部署准备资料/client-realtime-tpl/worker/config.properties', 'Sun_unix*1101', NULL);
INSERT INTO `source_config` VALUES ('7bf8dc8f-c23d-472c-b2af-cdb5b9de149b', '7c6a4ef0-7af7-40b0-aa69-99bad2d6271d', '41f4d639-5aba-4888-838a-f25459698ddb', '前端mysql库连接配置（host,登录名,登录密码,端口）', '{\"source\":\"#{mysql,2}\",\"global\":false,\"ignoreCase\":false,\"matchIndex\":0}', 0, 'src/config.ts.tpl', 'web', NULL);
INSERT INTO `source_config` VALUES ('7c90a1a6-c561-425f-878a-21f676bf2a67', '46c0879d-a25b-4f8b-bc66-610d6ed88ef4', 'd96de692-4e70-4d52-89f9-3d1deceeee78', '前端mysql库连接配置（host,登录名,登录密码,端口）', '{\"source\":\"#{mysql,1}\",\"global\":false,\"ignoreCase\":false,\"matchIndex\":0}', 0, 'doc/部署准备资料/client-realtime-tpl/www/config.properties', 'realtime-1', NULL);
INSERT INTO `source_config` VALUES ('7caa7c46-8a2d-485b-b709-0d961fb41566', '0f0dfcad-40a0-4a99-9bc6-232b4efb22d4', '50fe744e-6396-4aef-93db-cb1c31fc22d3', 'node服务socket接口前缀', '{\"source\":\"#{node.api.prefix}\",\"global\":false,\"ignoreCase\":false,\"matchIndex\":0}', 0, 'spa/config/prod.env.js.tpl', '/analysis/api', '7b541f87-00c4-455c-bf7c-23168fa9eca4');
INSERT INTO `source_config` VALUES ('7ceb168e-b0fc-4f5e-a26e-3669413d2bb6', '37363fe8-c813-456e-aa3a-63275a8973f9', '07fcd766-9451-4287-9e4b-f27de4e3df14', '前端mysql库连接配置（host,登录名,登录密码,端口）', '{\"source\":\"#{mysql,3}\",\"global\":false,\"ignoreCase\":false,\"matchIndex\":0}', 0, 'etl-dw-kudu/config/tpl/config/front_db.properties', 'zanalytics', NULL);
INSERT INTO `source_config` VALUES ('7e1e2f20-8811-4468-a78a-83e88ba5f890', '46c0879d-a25b-4f8b-bc66-610d6ed88ef4', 'd96de692-4e70-4d52-89f9-3d1deceeee78', '合并端口外网访问地址(需要加协议http(s))(填网站的)', '{\"source\":\"#{svr.domain.extranet}\",\"global\":false,\"ignoreCase\":false,\"matchIndex\":0}', 0, 'doc/部署准备资料/client-realtime-tpl/www/config.properties', 'https://uba.it.pkpm.cn', NULL);
INSERT INTO `source_config` VALUES ('7edf0d5e-5947-4c52-8aec-047117cb0829', 'b4779bc3-b64b-4556-8fbf-e1660abc77d7', 'fd6a925b-de4d-440a-84a5-9e6f42c63845', '前端mysql库连接配置（host,登录名,登录密码,端口）', '{\"source\":\"#{mysql,4/3306}\",\"global\":false,\"ignoreCase\":false,\"matchIndex\":0}', 0, 'docs/config/tpl/application.properties', '3306', NULL);
INSERT INTO `source_config` VALUES ('7f3cb410-1321-4723-875d-ca653c6b85f0', '37363fe8-c813-456e-aa3a-63275a8973f9', '07fcd766-9451-4287-9e4b-f27de4e3df14', 'kafka服务集群', '{\"source\":\"#{kafka_bootstrap_servers}\",\"global\":false,\"ignoreCase\":false,\"matchIndex\":0}', 0, 'etl-count-et/config/tpl/config/config.properties', 'realtime-1:9092,realtime-2:9092,realtime-3:9092', NULL);
INSERT INTO `source_config` VALUES ('7f55e403-52d4-4d88-8213-5113026032f9', 'cdac3b88-7578-4a0e-8151-f96627832942', '40ce7785-d4d6-41bf-9d58-ed7ec7e9767c', '触达2.0相关配置', '{\"source\":\"#{mktv2.config->server.batch}\",\"global\":false,\"ignoreCase\":true,\"matchIndex\":0}', 0, 'docs/tpl/README.md', 'realtime-mkt:1927', NULL);
INSERT INTO `source_config` VALUES ('7fdbce0f-88d8-411a-8d5b-620cf6e36923', '37363fe8-c813-456e-aa3a-63275a8973f9', '07fcd766-9451-4287-9e4b-f27de4e3df14', 'redis 6379端口', '{\"source\":\"#{redis_6379,2}\",\"global\":false,\"ignoreCase\":false,\"matchIndex\":0}', 0, 'etl-single/config/tpl/config/redis.properties', '6379', NULL);
INSERT INTO `source_config` VALUES ('80310e49-66f6-4aa8-9002-f6730b56e0c6', '1e4058bb-b8e6-4ca9-ae31-4065365d51f1', 'e7f7a127-f4c4-4338-8e84-9b7fc73dd4a7', '视屏根路由', '{\"source\":\"#{shiping.base_path}\",\"global\":false,\"ignoreCase\":false,\"matchIndex\":0}', 0, 'config/buildConfig.js.tpl', 'shiping', NULL);
INSERT INTO `source_config` VALUES ('808396d1-c340-4d94-85b0-53656d4f266d', '45a9da44-30ae-4660-a2f8-7729b3036d2e', '44e0bfcc-edfd-4d5c-a84d-615d444cee77', 'debug内网服务部署地址', '{\"source\":\"#{svr.domain.intranet.debug.www}\",\"global\":false,\"ignoreCase\":false,\"matchIndex\":0}', 0, 'nginx/nginx/conf/nginx.conf-upload', 'realtime-1:16688', NULL);
INSERT INTO `source_config` VALUES ('80bf1f80-5fa5-4aae-94e1-3c80c9371539', '46c0879d-a25b-4f8b-bc66-610d6ed88ef4', 'd96de692-4e70-4d52-89f9-3d1deceeee78', '前端mysql库连接配置（host,登录名,登录密码,端口）', '{\"source\":\"#{mysql,1}\",\"global\":false,\"ignoreCase\":false,\"matchIndex\":0}', 0, 'doc/部署准备资料/client-realtime-tpl/consumer/config.properties', 'realtime-1', NULL);
INSERT INTO `source_config` VALUES ('80de2420-506c-4ce6-b0ed-e56f27d36c9b', '7c6a4ef0-7af7-40b0-aa69-99bad2d6271d', '41f4d639-5aba-4888-838a-f25459698ddb', '', '{\"source\":\"#{node->ssoApi}\",\"global\":false,\"ignoreCase\":false,\"matchIndex\":0}', 0, 'src/config.ts.tpl', NULL, NULL);
INSERT INTO `source_config` VALUES ('814c3c53-f453-4682-85c2-f83c96b51683', '37363fe8-c813-456e-aa3a-63275a8973f9', '07fcd766-9451-4287-9e4b-f27de4e3df14', 'impala连接配置（host,登录名,登录密码,端口,仓库名）', '{\"source\":\"#{impala,1}\",\"global\":false,\"ignoreCase\":false,\"matchIndex\":0}', 0, 'etl-load-cdh/config/tpl/config/impala_db.properties', 'realtime-1', NULL);
INSERT INTO `source_config` VALUES ('81a3072e-83af-4011-b000-ac39de533d5b', '0f0dfcad-40a0-4a99-9bc6-232b4efb22d4', '8d1ab3f3-5a5c-4442-81a9-336cc455ef02', 'node服务socket接口前缀', '{\"source\":\"#{node.api.prefix}\",\"global\":false,\"ignoreCase\":false,\"matchIndex\":0}', 0, 'spa/config/prod.env.js.tpl', '/analysis/api', NULL);
INSERT INTO `source_config` VALUES ('820f2501-f549-40b0-b3de-37af37ab3913', '0f0dfcad-40a0-4a99-9bc6-232b4efb22d4', '8d1ab3f3-5a5c-4442-81a9-336cc455ef02', 'webapp相关配置', '{\"source\":\"#{webapp->is_mars_ui}\",\"global\":false,\"ignoreCase\":false,\"matchIndex\":0}', 0, 'spa/config/prod.env.js.tpl', 'false', NULL);
INSERT INTO `source_config` VALUES ('83212858-73d2-4f06-b084-0613228bfe71', '0f0dfcad-40a0-4a99-9bc6-232b4efb22d4', '50fe744e-6396-4aef-93db-cb1c31fc22d3', 'webapp相关配置', '{\"source\":\"#{webapp->is_mars_ui}\",\"global\":false,\"ignoreCase\":false,\"matchIndex\":0}', 0, 'spa/config/prod.env.js.tpl', 'false', '7b541f87-00c4-455c-bf7c-23168fa9eca4');
INSERT INTO `source_config` VALUES ('83273d70-3d84-4cce-b13c-14f2894aa07c', '0f0dfcad-40a0-4a99-9bc6-232b4efb22d4', '8d1ab3f3-5a5c-4442-81a9-336cc455ef02', '页面的title信息', '{\"source\":\"#{webapp.word.title}\",\"global\":false,\"ignoreCase\":false,\"matchIndex\":0}', 0, 'spa/config/prod.env.js.tpl', '数据分析', NULL);
INSERT INTO `source_config` VALUES ('837d5d2c-dce4-43af-8a82-4f950ba3b444', '0f0dfcad-40a0-4a99-9bc6-232b4efb22d4', '8d1ab3f3-5a5c-4442-81a9-336cc455ef02', '用户信息下载控制开关，true显示下载/false隐藏下载', '{\"source\":\"#{webapp.show_download_button}\",\"global\":false,\"ignoreCase\":false,\"matchIndex\":0}', 0, 'spa/config/prod.env.js.tpl', 'true', NULL);
INSERT INTO `source_config` VALUES ('83b50661-6b50-4aba-b9ce-78a20c968e20', '37363fe8-c813-456e-aa3a-63275a8973f9', '07fcd766-9451-4287-9e4b-f27de4e3df14', 'impala连接配置（host,登录名,登录密码,端口,仓库名）', '{\"source\":\"#{impala,5/zhugeio}\",\"global\":false,\"ignoreCase\":true,\"matchIndex\":0}', 0, 'etl-load-cdh/config/tpl/config_single/config.properties', 'zanalytics', NULL);
INSERT INTO `source_config` VALUES ('83ffc1bb-94d5-45f0-91d7-2b8550aabc30', '45a9da44-30ae-4660-a2f8-7729b3036d2e', '44e0bfcc-edfd-4d5c-a84d-615d444cee77', '分析sdkv内网服务部署地址（默认1个）', '{\"source\":\"#{svr.domain.intranet.sdkv.www}\",\"global\":false,\"ignoreCase\":false,\"matchIndex\":0}', 0, 'nginx/nginx/conf/nginx.conf-upload', 'realtime-1:8080', NULL);
INSERT INTO `source_config` VALUES ('84479b32-9d6e-4824-aeec-91d40c64bc86', 'dae89e64-2932-4bec-b3ae-4ac5be585617', '7a5c3982-1c5c-43c5-b4fa-15d9bd89fcdb', 'nginx路径', '{\"source\":\"#{nginx.path}\",\"global\":false,\"ignoreCase\":false,\"matchIndex\":0}', 0, 'docs/config/tpl/copyAppKey.sh', '/data/localization/nginx', NULL);
INSERT INTO `source_config` VALUES ('850ebefb-4563-413f-9e93-9a17c315039a', '45a9da44-30ae-4660-a2f8-7729b3036d2e', '44e0bfcc-edfd-4d5c-a84d-615d444cee77', '分析session/cookie存储域名(填网站的)(不需要加端口)', '{\"source\":\"#{analysis.zhuge_session_domain}\",\"global\":false,\"ignoreCase\":false,\"matchIndex\":0}', 0, 'sql-zeppelin/zeppelin/conf-tpl/args.properties', 'uba.it.pkpm.cn', NULL);
INSERT INTO `source_config` VALUES ('858bc747-efb0-4a24-81d3-38ebe3f73f50', '46c0879d-a25b-4f8b-bc66-610d6ed88ef4', 'd96de692-4e70-4d52-89f9-3d1deceeee78', '前端mysql库连接配置（host,登录名,登录密码,端口）', '{\"source\":\"#{mysql,3}\",\"global\":false,\"ignoreCase\":false,\"matchIndex\":0}', 0, 'doc/部署准备资料/client-realtime-tpl/worker/config.properties', 'zanalytics', NULL);
INSERT INTO `source_config` VALUES ('85d5235c-4963-4176-bc55-fb53162b0586', '997e7123-62a2-438a-88cc-122c32965519', 'b27b0e60-a9a0-469e-a5a6-d59d3235a5ea', 'impala连接配置（host,登录名,登录密码,端口,仓库名）', '{\"source\":\"#{impala,1}\",\"global\":false,\"ignoreCase\":false,\"matchIndex\":0}', 0, 'docs/config/tpl/config.properties', 'realtime-1', NULL);
INSERT INTO `source_config` VALUES ('85f340f7-1089-4f67-bc8a-4345183faa2f', '0f0dfcad-40a0-4a99-9bc6-232b4efb22d4', '8d1ab3f3-5a5c-4442-81a9-336cc455ef02', '是否启动密码强校验功能', '{\"source\":\"#{webapp.use_pwd_rules}\",\"global\":false,\"ignoreCase\":false,\"matchIndex\":0}', 0, 'spa/config/prod.env.js.tpl', 'true', NULL);
INSERT INTO `source_config` VALUES ('86218bbf-e306-49ab-a388-5729ad0ee90f', '0f0dfcad-40a0-4a99-9bc6-232b4efb22d4', '50fe744e-6396-4aef-93db-cb1c31fc22d3', '老模块静态文件访问目录', '{\"source\":\"#{webapp.old_assets_path}\",\"global\":false,\"ignoreCase\":false,\"matchIndex\":0}', 0, 'spa/config/prod.env.js.tpl', '/webapp/', '7b541f87-00c4-455c-bf7c-23168fa9eca4');
INSERT INTO `source_config` VALUES ('879f8192-3091-4cf1-917b-a3e7c278d9f9', '37363fe8-c813-456e-aa3a-63275a8973f9', '07fcd766-9451-4287-9e4b-f27de4e3df14', 'redis 8897端口', '{\"source\":\"#{redis_8897,2}\",\"global\":false,\"ignoreCase\":false,\"matchIndex\":0}', 0, 'etl-single/config/tpl/config/redis.properties', '8897', NULL);
INSERT INTO `source_config` VALUES ('8812aa2a-11e2-4259-919a-6f1c813959c9', '37363fe8-c813-456e-aa3a-63275a8973f9', '07fcd766-9451-4287-9e4b-f27de4e3df14', 'impala连接配置（host,登录名,登录密码,端口,仓库名）', '{\"source\":\"#{impala,5/zhugeio}\",\"global\":false,\"ignoreCase\":false,\"matchIndex\":0}', 0, 'etl-paopi/config/tpl/config/impala_db.properties', 'zanalytics', NULL);
INSERT INTO `source_config` VALUES ('885d527f-2e12-48d0-b9f8-4faa54b9e1a1', '46c0879d-a25b-4f8b-bc66-610d6ed88ef4', 'd96de692-4e70-4d52-89f9-3d1deceeee78', '前端mysql库连接配置（host,登录名,登录密码,端口）', '{\"source\":\"#{mysql,3}\",\"global\":false,\"ignoreCase\":false,\"matchIndex\":0}', 0, 'doc/部署准备资料/client-realtime-tpl/consumer/config.properties', 'zanalytics', NULL);
INSERT INTO `source_config` VALUES ('88657ab1-c5dd-4724-b18e-e186c023b840', '46c0879d-a25b-4f8b-bc66-610d6ed88ef4', 'd96de692-4e70-4d52-89f9-3d1deceeee78', 'redis 26480端口', '{\"source\":\"#{redis_26480,3}\",\"global\":false,\"ignoreCase\":false,\"matchIndex\":0}', 0, 'doc/部署准备资料/client-realtime-tpl/www/config.properties', 'Sun_unix*1101', NULL);
INSERT INTO `source_config` VALUES ('88c0d55b-763d-4adf-af5a-dd5f9aead233', '0f0dfcad-40a0-4a99-9bc6-232b4efb22d4', '8d1ab3f3-5a5c-4442-81a9-336cc455ef02', '是否启用分析平台的视屏功能', '{\"source\":\"#{webapp.use_zgsee}\",\"global\":false,\"ignoreCase\":false,\"matchIndex\":0}', 0, 'spa/config/prod.env.js.tpl', 'false', NULL);
INSERT INTO `source_config` VALUES ('892c95ca-96e0-44cf-93a7-453c3de40a23', 'b365bc9c-2dfd-4fe1-afba-5b56d58e65a3', 'ef3e253f-ffe6-4196-8e1e-382f28f6c9d1', '资源所在目录', '{\"source\":\"#{market.assets_public_path}\",\"global\":false,\"ignoreCase\":true,\"matchIndex\":0}', 0, 'config/constants.js.tpl', '/market/', NULL);
INSERT INTO `source_config` VALUES ('893b5f5a-0731-4d24-bdfe-902e5545e859', '0f0dfcad-40a0-4a99-9bc6-232b4efb22d4', '50fe744e-6396-4aef-93db-cb1c31fc22d3', '合并端口内网访问地址', '{\"source\":\"#{svr.domain.intranet}\",\"global\":false,\"ignoreCase\":true,\"matchIndex\":0}', 0, 'spa/config/prod.env.js.tpl', 'realtime-1:80', '7b541f87-00c4-455c-bf7c-23168fa9eca4');
INSERT INTO `source_config` VALUES ('89a51264-9a39-4e0a-848a-3495efd98705', '0f0dfcad-40a0-4a99-9bc6-232b4efb22d4', '50fe744e-6396-4aef-93db-cb1c31fc22d3', '合并端口外网访问地址(需要加协议http(s))(填网站的)', '{\"source\":\"#{svr.domain.extranet}\",\"global\":false,\"ignoreCase\":false,\"matchIndex\":0}', 0, 'spa/config/prod.env.js.tpl', 'https://uba.it.pkpm.cn', '7b541f87-00c4-455c-bf7c-23168fa9eca4');
INSERT INTO `source_config` VALUES ('8b0d0839-aa13-435c-b889-bdae192073c7', '37363fe8-c813-456e-aa3a-63275a8973f9', '07fcd766-9451-4287-9e4b-f27de4e3df14', '前端mysql库连接配置（host,登录名,登录密码,端口）', '{\"source\":\"#{mysql,1}\",\"global\":false,\"ignoreCase\":false,\"matchIndex\":0}', 0, 'etl-id-kudu/config/tpl/config/front_db.properties', 'realtime-1', NULL);
INSERT INTO `source_config` VALUES ('8be42ded-83dd-4524-8a4c-180c089bf0bc', '37363fe8-c813-456e-aa3a-63275a8973f9', '07fcd766-9451-4287-9e4b-f27de4e3df14', '触达api访问地址（内网）【触达clockwork对应的nginx地址】', '{\"source\":\"#{clockwork.flow_api.domain.intranet}\",\"global\":false,\"ignoreCase\":false,\"matchIndex\":0}', 0, 'etl-market-cloud/config/tpl/config/config.properties', 'http://realtime-1:8008', NULL);
INSERT INTO `source_config` VALUES ('8c8ace01-98c4-4f5d-80be-1b6d2c0d28de', '45a9da44-30ae-4660-a2f8-7729b3036d2e', '44e0bfcc-edfd-4d5c-a84d-615d444cee77', '微信内网（receiver）服务部署地址（默认两个）【/data/wt/receiver/config】', '{\"source\":\"#{svr.domain.intranet.weixin.receiver,1}\",\"global\":false,\"ignoreCase\":false,\"matchIndex\":0}', 0, 'nginx/nginx/conf/nginx.conf-upload', 'realtime-1:7713', NULL);
INSERT INTO `source_config` VALUES ('8d079a8c-17e4-4764-9681-152b1b1574de', '0f0dfcad-40a0-4a99-9bc6-232b4efb22d4', '8d1ab3f3-5a5c-4442-81a9-336cc455ef02', '分析平台内部打点上传应用app_key', '{\"source\":\"#{webapp.appkey_zg}\",\"global\":false,\"ignoreCase\":false,\"matchIndex\":0}', 0, 'spa/config/prod.env.js.tpl', '5f8a935cd15a47419df0e07d0547551b', NULL);
INSERT INTO `source_config` VALUES ('8d19d2c4-fdfd-4d33-8771-5f379f282fce', '37363fe8-c813-456e-aa3a-63275a8973f9', '07fcd766-9451-4287-9e4b-f27de4e3df14', 'redis 8897端口', '{\"source\":\"#{redis_8897,3}\",\"global\":false,\"ignoreCase\":false,\"matchIndex\":0}', 0, 'etl-count/config/tpl/config/redis.properties', NULL, NULL);
INSERT INTO `source_config` VALUES ('8d6343fb-2fbe-425e-81e2-f1e86f59baaf', 'dae89e64-2932-4bec-b3ae-4ac5be585617', '7a5c3982-1c5c-43c5-b4fa-15d9bd89fcdb', '合并端口内网访问地址', '{\"source\":\"#{svr.domain.intranet}\",\"global\":false,\"ignoreCase\":false,\"matchIndex\":0}', 0, 'docs/config/tpl/application.properties', 'realtime-1:80', NULL);
INSERT INTO `source_config` VALUES ('8dda0d30-4d9c-4bdd-a8dc-db9b8d5440bf', '45a9da44-30ae-4660-a2f8-7729b3036d2e', '44e0bfcc-edfd-4d5c-a84d-615d444cee77', 'redis 6379端口', '{\"source\":\"#{redis_6379,2}\",\"global\":false,\"ignoreCase\":false,\"matchIndex\":0}', 0, 'userbehaviorpath_usergroup/behavior_path_hadoop/tpl/behavior_config.yml', '6379', NULL);
INSERT INTO `source_config` VALUES ('8f5a4280-ee9a-471b-a49d-1da225164b93', '37363fe8-c813-456e-aa3a-63275a8973f9', '07fcd766-9451-4287-9e4b-f27de4e3df14', '前端mysql库连接配置（host,登录名,登录密码,端口）', '{\"source\":\"#{mysql,3}\",\"global\":false,\"ignoreCase\":false,\"matchIndex\":0}', 0, 'etl-gate/config/tpl/config/front_db.properties', 'zanalytics', NULL);
INSERT INTO `source_config` VALUES ('8f613b28-6cd4-4447-ba8c-5e3d8de57380', '37363fe8-c813-456e-aa3a-63275a8973f9', '07fcd766-9451-4287-9e4b-f27de4e3df14', 'impala连接配置（host,登录名,登录密码,端口,仓库名）', '{\"source\":\"#{impala,1}\",\"global\":false,\"ignoreCase\":false,\"matchIndex\":0}', 0, 'etl-single/config/tpl/config/impala_db.properties', 'realtime-1', NULL);
INSERT INTO `source_config` VALUES ('8ff8be65-53df-4392-8082-079ef6d6e859', 'dae89e64-2932-4bec-b3ae-4ac5be585617', '7a5c3982-1c5c-43c5-b4fa-15d9bd89fcdb', '前端mysql库连接配置（host,登录名,登录密码,端口）', '{\"source\":\"#{mysql,1}\",\"global\":false,\"ignoreCase\":false,\"matchIndex\":0}', 0, 'docs/config/tpl/copyAppKey.sh', 'realtime-1', NULL);
INSERT INTO `source_config` VALUES ('90bf2cc8-dc41-4406-98a2-408ea51c2fad', '46c0879d-a25b-4f8b-bc66-610d6ed88ef4', 'd96de692-4e70-4d52-89f9-3d1deceeee78', 'redis 26480端口', '{\"source\":\"#{redis_26480,1}\",\"global\":false,\"ignoreCase\":false,\"matchIndex\":0}', 0, 'doc/部署准备资料/client-realtime-tpl/worker/config.properties', 'realtime-1', NULL);
INSERT INTO `source_config` VALUES ('912886f4-c612-4c59-bdef-d949b02e1b54', '0f0dfcad-40a0-4a99-9bc6-232b4efb22d4', '50fe744e-6396-4aef-93db-cb1c31fc22d3', 'zhugeio链接', '{\"source\":\"#{webapp.word.zg_link}\",\"global\":false,\"ignoreCase\":false,\"matchIndex\":0}', 0, 'spa/config/prod.env.js.tpl', 'zhugeio', '7b541f87-00c4-455c-bf7c-23168fa9eca4');
INSERT INTO `source_config` VALUES ('914ad8dd-150c-432a-a443-7625c4cc73ff', 'b4779bc3-b64b-4556-8fbf-e1660abc77d7', 'fd6a925b-de4d-440a-84a5-9e6f42c63845', 'es集群1的ip', '{\"source\":\"#{elasticsearch1,2}\",\"global\":false,\"ignoreCase\":false,\"matchIndex\":0}', 0, 'docs/config/tpl/application.properties', '9200', NULL);
INSERT INTO `source_config` VALUES ('917f16a9-b411-4a52-9c86-597db02c4713', '0f0dfcad-40a0-4a99-9bc6-232b4efb22d4', '8d1ab3f3-5a5c-4442-81a9-336cc455ef02', '登录跳转域名白名单，前端使用样例：^(http://localhost:3000)|(http://test.zhugeio.com:8080)|()', '{\"source\":\"#{webapp.login_destination_white_list}\",\"global\":false,\"ignoreCase\":false,\"matchIndex\":0}', 0, 'spa/config/prod.env.js.tpl', '', NULL);
INSERT INTO `source_config` VALUES ('92381dc4-f8d8-40e9-ba99-8f47cdf0b1fc', 'dae89e64-2932-4bec-b3ae-4ac5be585617', '7a5c3982-1c5c-43c5-b4fa-15d9bd89fcdb', 'impala连接配置（host,登录名,登录密码,端口,仓库名）', '{\"source\":\"#{impala,4}\",\"global\":false,\"ignoreCase\":false,\"matchIndex\":0}', 0, 'docs/config/tpl/application-kpt.yml', '21050', NULL);
INSERT INTO `source_config` VALUES ('9262de32-1cf4-4d0f-aecc-e9c6fa1f3567', '0f0dfcad-40a0-4a99-9bc6-232b4efb22d4', '8d1ab3f3-5a5c-4442-81a9-336cc455ef02', 'spa模块静态文件访问目录', '{\"source\":\"#{webapp.assets_public_path}\",\"global\":false,\"ignoreCase\":false,\"matchIndex\":0}', 0, 'spa/config/prod.env.js.tpl', '/webapp/spa/', NULL);
INSERT INTO `source_config` VALUES ('928b2f7f-10d9-402d-ad36-960fd9356507', '37363fe8-c813-456e-aa3a-63275a8973f9', '07fcd766-9451-4287-9e4b-f27de4e3df14', '前端mysql库连接配置（host,登录名,登录密码,端口）', '{\"source\":\"#{mysql,1}\",\"global\":false,\"ignoreCase\":false,\"matchIndex\":0}', 0, 'etl-dw-kudu/config/tpl/config/front_db.properties', 'realtime-1', NULL);
INSERT INTO `source_config` VALUES ('92a84ef4-8035-48e7-828d-46a844ec910d', '0f0dfcad-40a0-4a99-9bc6-232b4efb22d4', '8d1ab3f3-5a5c-4442-81a9-336cc455ef02', '是否开启应用备注功能', '{\"source\":\"#{webapp.show_app_account}\",\"global\":false,\"ignoreCase\":false,\"matchIndex\":0}', 0, 'spa/config/prod.env.js.tpl', 'false', NULL);
INSERT INTO `source_config` VALUES ('934d5b8b-94dc-4098-81db-777ad484dec0', '45a9da44-30ae-4660-a2f8-7729b3036d2e', '44e0bfcc-edfd-4d5c-a84d-615d444cee77', 'impala连接配置（host,登录名,登录密码,端口,仓库名）', '{\"source\":\"#{impala,4}\",\"global\":false,\"ignoreCase\":false,\"matchIndex\":0}', 0, 'sql-zeppelin/zeppelin/conf-tpl/interpreter.json', '21050', NULL);
INSERT INTO `source_config` VALUES ('94203d4d-053e-4e80-880c-bd3004357ba9', '46c0879d-a25b-4f8b-bc66-610d6ed88ef4', 'd96de692-4e70-4d52-89f9-3d1deceeee78', '微信客户端clientId，可访问该地址生成：https://weixin.zhugeio.com/s/v1/newClientId', '{\"source\":\"#{wt.client.client_id}\",\"global\":false,\"ignoreCase\":false,\"matchIndex\":0}', 0, 'doc/部署准备资料/client-realtime-tpl/receiver/config.properties', '9d3266fd556a4db7b9616d385f8bdf8f', NULL);
INSERT INTO `source_config` VALUES ('942e5d64-6396-4f46-bd0f-3515132a19cf', 'b4779bc3-b64b-4556-8fbf-e1660abc77d7', 'fd6a925b-de4d-440a-84a5-9e6f42c63845', 'elasticsearch用户名、密码', '{\"source\":\"#{elasticsearch.auth,1}\",\"global\":false,\"ignoreCase\":false,\"matchIndex\":0}', 0, 'docs/config/tpl/application.properties', 'elastic', NULL);
INSERT INTO `source_config` VALUES ('948c57ac-ae6e-47a0-b38d-6f19d042a535', '37363fe8-c813-456e-aa3a-63275a8973f9', '07fcd766-9451-4287-9e4b-f27de4e3df14', 'redis 6379端口', '{\"source\":\"#{redis_6379,1}\",\"global\":false,\"ignoreCase\":false,\"matchIndex\":0}', 0, 'etl-debug/config/tpl/config/debug_redis.properties', 'realtime-1', NULL);
INSERT INTO `source_config` VALUES ('94c460f0-163c-4039-a523-1edd4a3669eb', '37363fe8-c813-456e-aa3a-63275a8973f9', '07fcd766-9451-4287-9e4b-f27de4e3df14', 'redis 26480端口', '{\"source\":\"#{redis_26480,1}\",\"global\":false,\"ignoreCase\":false,\"matchIndex\":0}', 0, 'etl-count-et/config/tpl/config/redis.properties', 'realtime-1', NULL);
INSERT INTO `source_config` VALUES ('94cbd5a9-be3f-4862-8a73-2574d4954b08', '37363fe8-c813-456e-aa3a-63275a8973f9', '07fcd766-9451-4287-9e4b-f27de4e3df14', 'redis 8894端口', '{\"source\":\"#{redis_8894,3}\",\"global\":false,\"ignoreCase\":false,\"matchIndex\":0}', 0, 'etl-id-kudu/config/tpl/config/id_redis.properties', NULL, NULL);
INSERT INTO `source_config` VALUES ('94e622e7-3d35-46ab-9ab1-de211f460ec9', '45a9da44-30ae-4660-a2f8-7729b3036d2e', '44e0bfcc-edfd-4d5c-a84d-615d444cee77', '微信内网（www）服务部署地址（默认1个）【/data/wt/www/config】', '{\"source\":\"#{svr.domain.intranet.weixin.www}\",\"global\":false,\"ignoreCase\":false,\"matchIndex\":0}', 0, 'nginx-single/nginx/conf/nginx.conf-upload', 'realtime-1:7715', NULL);
INSERT INTO `source_config` VALUES ('961ea087-dcb9-4740-9ba6-b48f813997b5', '37363fe8-c813-456e-aa3a-63275a8973f9', '07fcd766-9451-4287-9e4b-f27de4e3df14', '前端mysql库连接配置（host,登录名,登录密码,端口）', '{\"source\":\"#{mysql,2}\",\"global\":false,\"ignoreCase\":false,\"matchIndex\":0}', 0, 'etl-paopi/config/tpl/config/front_db.properties', 'web', NULL);
INSERT INTO `source_config` VALUES ('977366d8-80de-44ba-bc02-7103ec1526b1', '46c0879d-a25b-4f8b-bc66-610d6ed88ef4', 'd96de692-4e70-4d52-89f9-3d1deceeee78', '合并端口内网访问地址', '{\"source\":\"#{svr.domain.intranet}\",\"global\":false,\"ignoreCase\":true,\"matchIndex\":0}', 0, 'doc/部署准备资料/client-realtime-tpl/worker/config.properties', 'realtime-1:80', NULL);
INSERT INTO `source_config` VALUES ('978555d0-5e15-4dd3-ae4f-9dd6fb6ca46e', '37363fe8-c813-456e-aa3a-63275a8973f9', '07fcd766-9451-4287-9e4b-f27de4e3df14', 'redis 8898端口', '{\"source\":\"#{redis_8898,1}\",\"global\":false,\"ignoreCase\":false,\"matchIndex\":0}', 0, 'etl-count/config/tpl/config/redis.properties', 'realtime-2', NULL);
INSERT INTO `source_config` VALUES ('99025e19-ab76-4f2b-b83b-0bb969df6479', 'dae89e64-2932-4bec-b3ae-4ac5be585617', '7a5c3982-1c5c-43c5-b4fa-15d9bd89fcdb', 'impala连接配置（host,登录名,登录密码,端口,仓库名）', '{\"source\":\"#{impala,5/zhugeio}\",\"global\":false,\"ignoreCase\":false,\"matchIndex\":0}', 0, 'docs/config/tpl/application-kpt.yml', 'zanalytics', NULL);
INSERT INTO `source_config` VALUES ('992a30f2-d005-4c7e-8637-07bfc93b2e11', '45a9da44-30ae-4660-a2f8-7729b3036d2e', '44e0bfcc-edfd-4d5c-a84d-615d444cee77', 'ssdb 8888端口', '{\"source\":\"#{ssdb_8888,1}\",\"global\":false,\"ignoreCase\":false,\"matchIndex\":0}', 0, 'sql-zeppelin/zeppelin/conf-tpl/interpreter.json', 'realtime-1', NULL);
INSERT INTO `source_config` VALUES ('99b733dd-7ba5-4f67-b7ab-1ae617bf3362', '46c0879d-a25b-4f8b-bc66-610d6ed88ef4', 'd96de692-4e70-4d52-89f9-3d1deceeee78', '前端mysql库连接配置（host,登录名,登录密码,端口）', '{\"source\":\"#{mysql,2}\",\"global\":false,\"ignoreCase\":false,\"matchIndex\":0}', 0, 'doc/部署准备资料/client-realtime-tpl/www/config.properties', 'web', NULL);
INSERT INTO `source_config` VALUES ('99d7d2ea-2387-4faf-be89-e76ef0918312', '45a9da44-30ae-4660-a2f8-7729b3036d2e', '44e0bfcc-edfd-4d5c-a84d-615d444cee77', '前端mysql库连接配置（host,登录名,登录密码,端口）', '{\"source\":\"#{mysql,2}\",\"global\":false,\"ignoreCase\":false,\"matchIndex\":0}', 0, 'es-index/zanalytics-index-db/tpl/impala-shell.sh', 'web', NULL);
INSERT INTO `source_config` VALUES ('9b22ef27-2b0c-4ac4-9ed5-87cab31b91a0', '45a9da44-30ae-4660-a2f8-7729b3036d2e', '44e0bfcc-edfd-4d5c-a84d-615d444cee77', 'node服务（来源映射、sdk、实时概览、数据接入等）', '{\"source\":\"#{svr.domain.intranet.node}\",\"global\":false,\"ignoreCase\":false,\"matchIndex\":0}', 0, 'nginx-single/nginx/conf/nginx.conf', 'realtime-3:9004', NULL);
INSERT INTO `source_config` VALUES ('9b6a10d8-49ed-4112-9ce8-21e5c44696cc', '37363fe8-c813-456e-aa3a-63275a8973f9', '07fcd766-9451-4287-9e4b-f27de4e3df14', 'kudu集群', '{\"source\":\"#{kudu_clusters}\",\"global\":false,\"ignoreCase\":false,\"matchIndex\":0}', 0, 'etl-load-cdh/config/tpl/config_single/config.properties', 'realtime-1:7051,realtime-2:7051,realtime-3:7051', NULL);
INSERT INTO `source_config` VALUES ('9c0bfb9a-42c2-4de2-a166-99c9f13ec69f', '7c6a4ef0-7af7-40b0-aa69-99bad2d6271d', '41f4d639-5aba-4888-838a-f25459698ddb', '前端mysql库连接配置（host,登录名,登录密码,端口）', '{\"source\":\"#{mysql,1}\",\"global\":false,\"ignoreCase\":false,\"matchIndex\":0}', 0, 'src/config.ts.tpl', 'realtime-1', NULL);
INSERT INTO `source_config` VALUES ('9d157ae8-8c46-42c2-a95d-6420c0f98b42', '45a9da44-30ae-4660-a2f8-7729b3036d2e', '44e0bfcc-edfd-4d5c-a84d-615d444cee77', '微信内网（receiver）服务部署地址（默认两个）【/data/wt/receiver/config】', '{\"source\":\"#{svr.domain.intranet.weixin.receiver,2}\",\"global\":false,\"ignoreCase\":false,\"matchIndex\":0}', 0, 'nginx-single/nginx/conf/nginx.conf-upload', 'realtime-2:7713', NULL);
INSERT INTO `source_config` VALUES ('9d5b1c1a-566a-4c2b-9abf-b6a1c74c57f9', '37363fe8-c813-456e-aa3a-63275a8973f9', '07fcd766-9451-4287-9e4b-f27de4e3df14', 'redis 6379端口', '{\"source\":\"#{redis_6379,2}\",\"global\":false,\"ignoreCase\":false,\"matchIndex\":0}', 0, 'etl-debug/config/tpl/config/debug_redis.properties', '6379', NULL);
INSERT INTO `source_config` VALUES ('9d6f0073-24e0-4dad-babd-dac5b8183d0c', '45a9da44-30ae-4660-a2f8-7729b3036d2e', '44e0bfcc-edfd-4d5c-a84d-615d444cee77', 'redis 6379端口', '{\"source\":\"#{redis_6379,2}\",\"global\":false,\"ignoreCase\":false,\"matchIndex\":0}', 0, 'userbehaviorpath_usergroup/ubpa/bin/tpl/ubpa-spark-app.sh', '6379', NULL);
INSERT INTO `source_config` VALUES ('9d83f1b1-3716-4cee-801e-8234be9e0889', '0f0dfcad-40a0-4a99-9bc6-232b4efb22d4', '8d1ab3f3-5a5c-4442-81a9-336cc455ef02', 'webapp相关配置', '{\"source\":\"#{webapp->is_ultralimit}\",\"global\":false,\"ignoreCase\":false,\"matchIndex\":0}', 0, 'spa/config/prod.env.js.tpl', 'false', NULL);
INSERT INTO `source_config` VALUES ('9df8ce75-d2bc-4252-a446-e07a592c1a8e', '45a9da44-30ae-4660-a2f8-7729b3036d2e', '44e0bfcc-edfd-4d5c-a84d-615d444cee77', 'redis 6379端口', '{\"source\":\"#{redis_6379,1}\",\"global\":false,\"ignoreCase\":false,\"matchIndex\":0}', 0, 'userbehaviorpath_usergroup/ubpa/bin/tpl/ubpa-spark-app.sh', 'realtime-1', NULL);
INSERT INTO `source_config` VALUES ('9f029d2c-da55-4f52-b612-f09c37c16292', '997e7123-62a2-438a-88cc-122c32965519', 'b27b0e60-a9a0-469e-a5a6-d59d3235a5ea', 'es集群名称', '{\"source\":\"#{elasticsearch_cluster_name}\",\"global\":false,\"ignoreCase\":false,\"matchIndex\":0}', 0, 'docs/config/tpl/config.properties', 'elasticsearch', NULL);
INSERT INTO `source_config` VALUES ('9f18c45d-a91d-4496-8907-222be4a00302', 'cdac3b88-7578-4a0e-8151-f96627832942', '40ce7785-d4d6-41bf-9d58-ed7ec7e9767c', '触达2.0相关配置', '{\"source\":\"#{mktv2.config->server.user}\",\"global\":false,\"ignoreCase\":false,\"matchIndex\":0}', 0, 'docs/tpl/scripts/package/playwell-client/README.md', 'realtime-mkt:1925', NULL);
INSERT INTO `source_config` VALUES ('9f5fe37b-4f11-4332-a4d6-d0c158f0587e', '1e4058bb-b8e6-4ca9-ae31-4065365d51f1', 'e7f7a127-f4c4-4338-8e84-9b7fc73dd4a7', '视屏项目调用分析平台的接口', '{\"source\":\"#{shiping.mapping_analysis_api}\",\"global\":false,\"ignoreCase\":false,\"matchIndex\":0}', 0, 'config/buildConfig.js.tpl', '', NULL);
INSERT INTO `source_config` VALUES ('9fdc8167-d826-4687-bc2b-0b7e44360207', '40e643c4-5254-4ae7-a3cb-bc7a31aeeefc', '43df9041-08b4-4179-a7d5-303f15485253', 'impala连接配置（host,登录名,登录密码,端口,仓库名）', '{\"source\":\"#{impala,1}\",\"global\":false,\"ignoreCase\":false,\"matchIndex\":0}', 0, 'config/tpl/clockwork.config', 'realtime-1', NULL);
INSERT INTO `source_config` VALUES ('9ff19d2d-c95a-468c-8045-b5352326e1bf', 'c2c43a72-6413-43b6-8cc5-3707945b32f0', '2a259bdd-cbb7-4317-b1da-a1c27ffd583d', 'zgsee图片存放目录（物理机目录,docker容器映射目录）', '{\"source\":\"#{zgsee.pix.path,1}\",\"global\":false,\"ignoreCase\":false,\"matchIndex\":0}', 0, 'docs/config/tpl/config-kpt.properties', '/data/localization/nginx/certs/shiping/pix/', NULL);
INSERT INTO `source_config` VALUES ('a1082dd2-74da-45c6-9801-7f2af00aebad', '85866bad-811d-44af-952e-bdf1c1f1cd1a', '4a826f66-9c1d-42f7-a328-b1d84ead507f', 'impala连接配置（host,登录名,登录密码,端口,仓库名）', '{\"source\":\"#{impala,5/zhugeio}\",\"global\":false,\"ignoreCase\":false,\"matchIndex\":0}', 0, 'config/private/tpl/kudu-to-parquet.sh', 'zanalytics', NULL);
INSERT INTO `source_config` VALUES ('a19a8d61-bf51-4c28-84cf-d48dedd895db', '37363fe8-c813-456e-aa3a-63275a8973f9', '07fcd766-9451-4287-9e4b-f27de4e3df14', '前端mysql库连接配置（host,登录名,登录密码,端口）', '{\"source\":\"#{mysql,3}\",\"global\":false,\"ignoreCase\":false,\"matchIndex\":0}', 0, 'etl-load-cdh/config/tpl/config_single/front_db.properties', 'zanalytics', NULL);
INSERT INTO `source_config` VALUES ('a1ad96bc-af2d-4409-b812-599eb2cca98f', '45a9da44-30ae-4660-a2f8-7729b3036d2e', '44e0bfcc-edfd-4d5c-a84d-615d444cee77', '微信内网（receiver）服务部署地址（默认两个）【/data/wt/receiver/config】', '{\"source\":\"#{svr.domain.intranet.weixin.receiver,1}\",\"global\":false,\"ignoreCase\":false,\"matchIndex\":0}', 0, 'nginx-single/nginx/conf/nginx.conf', 'realtime-1:7713', NULL);
INSERT INTO `source_config` VALUES ('a375b22b-48b1-46ad-b54a-9445c73486b0', '46c0879d-a25b-4f8b-bc66-610d6ed88ef4', 'd96de692-4e70-4d52-89f9-3d1deceeee78', '微信客户端kafka消费者数量', '{\"source\":\"#{wt.client.consumer_kafka_consumer_num}\",\"global\":false,\"ignoreCase\":false,\"matchIndex\":0}', 0, 'doc/部署准备资料/client-realtime-tpl/consumer/config.properties', '5', NULL);
INSERT INTO `source_config` VALUES ('a3a9467a-6f10-4dae-8e13-27ece15605d8', '37363fe8-c813-456e-aa3a-63275a8973f9', '07fcd766-9451-4287-9e4b-f27de4e3df14', 'kafka服务集群', '{\"source\":\"#{kafka_bootstrap_servers}\",\"global\":false,\"ignoreCase\":false,\"matchIndex\":0}', 0, 'etl-count/config/tpl/config/config.properties', 'realtime-1:9092,realtime-2:9092,realtime-3:9092', NULL);
INSERT INTO `source_config` VALUES ('a5d4a343-7b5b-4255-a717-dbe30f3c44b8', '37363fe8-c813-456e-aa3a-63275a8973f9', '07fcd766-9451-4287-9e4b-f27de4e3df14', 'ssdb 1217端口', '{\"source\":\"#{ssdb_1217,1}\",\"global\":false,\"ignoreCase\":false,\"matchIndex\":0}', 0, 'etl-market-cloud/config/tpl/config/redis.properties', 'realtime-2', NULL);
INSERT INTO `source_config` VALUES ('a6043fb3-40cd-484f-b94a-6c07a7793254', '0f0dfcad-40a0-4a99-9bc6-232b4efb22d4', '50fe744e-6396-4aef-93db-cb1c31fc22d3', '虚拟应用开关', '{\"source\":\"#{webapp.show_virtual_app}\",\"global\":false,\"ignoreCase\":false,\"matchIndex\":0}', 0, 'spa/config/prod.env.js.tpl', 'false', '7b541f87-00c4-455c-bf7c-23168fa9eca4');
INSERT INTO `source_config` VALUES ('a7120043-4fad-4331-81e1-4cc40fbff10d', '45a9da44-30ae-4660-a2f8-7729b3036d2e', '44e0bfcc-edfd-4d5c-a84d-615d444cee77', '微信内网（receiver）服务部署地址（默认两个）【/data/wt/receiver/config】', '{\"source\":\"#{svr.domain.intranet.weixin.receiver,1}\",\"global\":false,\"ignoreCase\":false,\"matchIndex\":0}', 0, 'nginx-single/nginx/conf/nginx.conf-upload', 'realtime-1:7713', NULL);
INSERT INTO `source_config` VALUES ('a7acef58-e906-4817-b8ce-a6b91de10137', '45a9da44-30ae-4660-a2f8-7729b3036d2e', '44e0bfcc-edfd-4d5c-a84d-615d444cee77', '触达2.0相关配置', '{\"source\":\"#{mktv2.config->server.www}\",\"global\":false,\"ignoreCase\":false,\"matchIndex\":0}', 0, 'nginx/nginx/conf/nginx.conf', 'realtime-mkt:18001', NULL);
INSERT INTO `source_config` VALUES ('a7c0a4f5-c1ff-4ed0-82d1-03264c9b1ff1', '45a9da44-30ae-4660-a2f8-7729b3036d2e', '44e0bfcc-edfd-4d5c-a84d-615d444cee77', 'debug内网服务部署地址', '{\"source\":\"#{svr.domain.intranet.debug.www}\",\"global\":false,\"ignoreCase\":false,\"matchIndex\":0}', 0, 'nginx/nginx/conf/nginx.conf', 'realtime-1:16688', NULL);
INSERT INTO `source_config` VALUES ('a7e1db35-ba2b-45d9-9b73-a793f32a6e57', '37363fe8-c813-456e-aa3a-63275a8973f9', '07fcd766-9451-4287-9e4b-f27de4e3df14', 'impala连接配置（host,登录名,登录密码,端口,仓库名）', '{\"source\":\"#{impala,2}\",\"global\":false,\"ignoreCase\":false,\"matchIndex\":0}', 0, 'etl-single/config/tpl/config/impala_db.properties', 'admin', NULL);
INSERT INTO `source_config` VALUES ('a82e69e6-e198-4776-9e53-7a19c4335ccf', '45a9da44-30ae-4660-a2f8-7729b3036d2e', '44e0bfcc-edfd-4d5c-a84d-615d444cee77', '微信内网（receiver）服务部署地址（默认两个）【/data/wt/receiver/config】', '{\"source\":\"#{svr.domain.intranet.weixin.receiver,2}\",\"global\":false,\"ignoreCase\":false,\"matchIndex\":0}', 0, 'nginx/nginx/conf/nginx.conf', 'realtime-2:7713', NULL);
INSERT INTO `source_config` VALUES ('a830b17c-86e9-441c-a94c-331487817d60', 'cdac3b88-7578-4a0e-8151-f96627832942', '40ce7785-d4d6-41bf-9d58-ed7ec7e9767c', '触达2.0相关配置', '{\"source\":\"#{mktv2.config->server.statistics}\",\"global\":false,\"ignoreCase\":true,\"matchIndex\":0}', 0, 'docs/tpl/README.md', 'realtime-mkt:1926', NULL);
INSERT INTO `source_config` VALUES ('a891e51c-7532-4862-9754-10a98d907484', '37363fe8-c813-456e-aa3a-63275a8973f9', '07fcd766-9451-4287-9e4b-f27de4e3df14', 'redis 26480端口', '{\"source\":\"#{redis_26480,1}\",\"global\":false,\"ignoreCase\":false,\"matchIndex\":0}', 0, 'etl-count/config/tpl/config/redis.properties', 'realtime-1', NULL);
INSERT INTO `source_config` VALUES ('a954015a-81f7-4732-acb6-8de06dc01d2c', '46c0879d-a25b-4f8b-bc66-610d6ed88ef4', 'd96de692-4e70-4d52-89f9-3d1deceeee78', '微信服务端www访问地址', '{\"source\":\"#{wt.server.domain.extranet}\",\"global\":false,\"ignoreCase\":false,\"matchIndex\":0}', 0, 'doc/部署准备资料/client-realtime-tpl/worker/config.properties', 'https://weixin.zhugeio.com', NULL);
INSERT INTO `source_config` VALUES ('a9c08094-f613-4c01-b4e7-51c564077e45', '45a9da44-30ae-4660-a2f8-7729b3036d2e', '44e0bfcc-edfd-4d5c-a84d-615d444cee77', 'redis 6379端口', '{\"source\":\"#{redis_6379,3}\",\"global\":false,\"ignoreCase\":false,\"matchIndex\":0}', 0, 'userbehaviorpath_usergroup/ubpa/bin/tpl/worker.py', 'Sun_unix*1101', NULL);
INSERT INTO `source_config` VALUES ('aa299e33-3511-4e1e-8abf-3352fd74c0e1', 'b4779bc3-b64b-4556-8fbf-e1660abc77d7', 'fd6a925b-de4d-440a-84a5-9e6f42c63845', 'ssdb 8888端口', '{\"source\":\"#{ssdb_8888,3}\",\"global\":false,\"ignoreCase\":false,\"matchIndex\":0}', 0, 'docs/config/tpl/application.properties', NULL, NULL);
INSERT INTO `source_config` VALUES ('aae322cf-53f6-4c13-b006-c6bb2f9c7f3d', '45a9da44-30ae-4660-a2f8-7729b3036d2e', '44e0bfcc-edfd-4d5c-a84d-615d444cee77', '分析api内网服务部署地址（默认1个）', '{\"source\":\"#{svr.domain.intranet.api.www}\",\"global\":false,\"ignoreCase\":false,\"matchIndex\":0}', 0, 'nginx/nginx/conf/nginx.conf', 'realtime-1:8800', NULL);
INSERT INTO `source_config` VALUES ('ab3263f5-5538-486f-aca8-ee9a5d711218', '46c0879d-a25b-4f8b-bc66-610d6ed88ef4', 'd96de692-4e70-4d52-89f9-3d1deceeee78', 'redis 26480端口', '{\"source\":\"#{redis_26480,1}\",\"global\":false,\"ignoreCase\":false,\"matchIndex\":0}', 0, 'doc/部署准备资料/client-realtime-tpl/consumer/config.properties', 'realtime-1', NULL);
INSERT INTO `source_config` VALUES ('acdc5fd7-f8d0-4ce5-bf31-6a700d0515b8', '46c0879d-a25b-4f8b-bc66-610d6ed88ef4', 'd96de692-4e70-4d52-89f9-3d1deceeee78', 'redis 26480端口', '{\"source\":\"#{redis_26480,2}\",\"global\":false,\"ignoreCase\":false,\"matchIndex\":0}', 0, 'doc/部署准备资料/client-realtime-tpl/www/config.properties', '26480', NULL);
INSERT INTO `source_config` VALUES ('acdc9409-0f1d-4508-afc9-696af26810de', '45a9da44-30ae-4660-a2f8-7729b3036d2e', '44e0bfcc-edfd-4d5c-a84d-615d444cee77', '前端mysql库连接配置（host,登录名,登录密码,端口）', '{\"source\":\"#{mysql,2}\",\"global\":false,\"ignoreCase\":false,\"matchIndex\":0}', 0, 'es-index/zanalytics-index-db/tpl/2-db1.conf', 'web', NULL);
INSERT INTO `source_config` VALUES ('ad39a07a-fc05-451c-95e8-d5bfc824f3a9', 'dae89e64-2932-4bec-b3ae-4ac5be585617', '7a5c3982-1c5c-43c5-b4fa-15d9bd89fcdb', '前端mysql库连接配置（host,登录名,登录密码,端口）', '{\"source\":\"#{mysql,2}\",\"global\":false,\"ignoreCase\":false,\"matchIndex\":0}', 0, 'docs/config/tpl/copyAppKey.sh', 'web', NULL);
INSERT INTO `source_config` VALUES ('ad5a709e-9e61-4316-8b1a-30539c29914c', 'b365bc9c-2dfd-4fe1-afba-5b56d58e65a3', 'ef3e253f-ffe6-4196-8e1e-382f28f6c9d1', '是否在触达内部显示诸葛信息', '{\"source\":\"#{market.show_zg}\",\"global\":false,\"ignoreCase\":false,\"matchIndex\":0}', 0, 'config/constants.js.tpl', 'true', NULL);
INSERT INTO `source_config` VALUES ('ade53247-afcf-4538-a302-c2de8af97dae', '37363fe8-c813-456e-aa3a-63275a8973f9', '07fcd766-9451-4287-9e4b-f27de4e3df14', 'ssdb 1218端口', '{\"source\":\"#{ssdb_1218,3}\",\"global\":false,\"ignoreCase\":false,\"matchIndex\":0}', 0, 'etl-market-cloud/config/tpl/config/redis.properties', NULL, NULL);
INSERT INTO `source_config` VALUES ('ae1d0193-6f4a-4cd1-8cee-8c5404d78c00', '71671909-9834-44b3-b2eb-a0789696eeb6', '47bee3c6-4754-4bda-b3da-b6215fee96e1', 'redis 6379端口', '{\"source\":\"#{redis_6379,1}\",\"global\":false,\"ignoreCase\":false,\"matchIndex\":0}', 0, 'bin/tpl/config.yml', 'realtime-1', NULL);
INSERT INTO `source_config` VALUES ('ae67b127-8163-4df5-87f4-e59002a8ade0', '37363fe8-c813-456e-aa3a-63275a8973f9', '07fcd766-9451-4287-9e4b-f27de4e3df14', '前端mysql库连接配置（host,登录名,登录密码,端口）', '{\"source\":\"#{mysql,1}\",\"global\":false,\"ignoreCase\":false,\"matchIndex\":0}', 0, 'etl-single/config/tpl/config/front_db.properties', 'realtime-1', NULL);
INSERT INTO `source_config` VALUES ('aeb7c106-3063-48d9-910c-fe2a90b7941b', '45a9da44-30ae-4660-a2f8-7729b3036d2e', '44e0bfcc-edfd-4d5c-a84d-615d444cee77', '前端mysql库连接配置（host,登录名,登录密码,端口）', '{\"source\":\"#{mysql,2}\",\"global\":false,\"ignoreCase\":false,\"matchIndex\":0}', 0, 'userbehaviorpath_usergroup/getdbdata-tpl.sh', 'web', NULL);
INSERT INTO `source_config` VALUES ('aecd876a-4c12-4dc6-99b5-55126564b799', '71671909-9834-44b3-b2eb-a0789696eeb6', '47bee3c6-4754-4bda-b3da-b6215fee96e1', 'kafka服务集群', '{\"source\":\"#{kafka_bootstrap_servers}\",\"global\":false,\"ignoreCase\":false,\"matchIndex\":0}', 0, 'bin/tpl/config.yml', 'realtime-1:9092,realtime-2:9092,realtime-3:9092', NULL);
INSERT INTO `source_config` VALUES ('afdbb5ec-d5e7-4a49-b524-df70f3d914cc', 'b365bc9c-2dfd-4fe1-afba-5b56d58e65a3', 'ef3e253f-ffe6-4196-8e1e-382f28f6c9d1', '用户信息下载控制开关，true显示下载/false隐藏下载', '{\"source\":\"#{webapp.show_download_button}\",\"global\":false,\"ignoreCase\":false,\"matchIndex\":0}', 0, 'config/constants.js.tpl', 'true', NULL);
INSERT INTO `source_config` VALUES ('b01246a8-51e4-4c35-b497-ab66cb1392b9', '45a9da44-30ae-4660-a2f8-7729b3036d2e', '44e0bfcc-edfd-4d5c-a84d-615d444cee77', 'impala连接配置（host,登录名,登录密码,端口,仓库名）', '{\"source\":\"#{impala,5/zhugeio}\",\"global\":false,\"ignoreCase\":false,\"matchIndex\":0}', 0, 'userbehaviorpath_usergroup/getdbdata-tpl.sh', 'zanalytics', NULL);
INSERT INTO `source_config` VALUES ('b142c33a-630d-4a34-b5a7-a6ff722633c4', 'dae89e64-2932-4bec-b3ae-4ac5be585617', '7a5c3982-1c5c-43c5-b4fa-15d9bd89fcdb', 'ssdb 8888端口', '{\"source\":\"#{ssdb_8888,2}\",\"global\":false,\"ignoreCase\":false,\"matchIndex\":0}', 0, 'docs/config/tpl/application.properties', '8888', NULL);
INSERT INTO `source_config` VALUES ('b3047266-5226-4a0b-8f80-f10076c7c3d3', '45a9da44-30ae-4660-a2f8-7729b3036d2e', '44e0bfcc-edfd-4d5c-a84d-615d444cee77', 'sql查询平台内网服务部署地址', '{\"source\":\"#{svr.domain.intranet.sql.www}\",\"global\":false,\"ignoreCase\":false,\"matchIndex\":0}', 0, 'nginx-single/nginx/conf/nginx.conf', 'realtime-1:9003', NULL);
INSERT INTO `source_config` VALUES ('b3166306-4407-4ef9-ad05-bba5878a8dcc', '37363fe8-c813-456e-aa3a-63275a8973f9', '07fcd766-9451-4287-9e4b-f27de4e3df14', 'ssdb 8888端口', '{\"source\":\"#{ssdb_8888,2}\",\"global\":false,\"ignoreCase\":false,\"matchIndex\":0}', 0, 'etl-paopi/config/tpl/config/redis.properties', '8888', NULL);
INSERT INTO `source_config` VALUES ('b31c4259-d80d-4e2f-b26e-7d0b5276467e', '45a9da44-30ae-4660-a2f8-7729b3036d2e', '44e0bfcc-edfd-4d5c-a84d-615d444cee77', 'redis 6379端口', '{\"source\":\"#{redis_6379,1}\",\"global\":false,\"ignoreCase\":false,\"matchIndex\":0}', 0, 'zanalytics_online_debug/online_debug_config.py-tpl', 'realtime-1', NULL);
INSERT INTO `source_config` VALUES ('b3e16da3-5ef0-4b6e-8ae1-49cbd1037369', '45a9da44-30ae-4660-a2f8-7729b3036d2e', '44e0bfcc-edfd-4d5c-a84d-615d444cee77', '分析api内网服务部署地址（默认1个）', '{\"source\":\"#{svr.domain.intranet.api.www}\",\"global\":false,\"ignoreCase\":false,\"matchIndex\":0}', 0, 'nginx-single/nginx/conf/nginx.conf', 'realtime-1:8800', NULL);
INSERT INTO `source_config` VALUES ('b4820177-88c4-41cc-88d7-0a42352adfb3', '37363fe8-c813-456e-aa3a-63275a8973f9', '07fcd766-9451-4287-9e4b-f27de4e3df14', 'redis 8892端口', '{\"source\":\"#{redis_8892,1}\",\"global\":false,\"ignoreCase\":false,\"matchIndex\":0}', 0, 'etl-id-kudu/config/tpl/config/id_redis.properties', 'realtime-2', NULL);
INSERT INTO `source_config` VALUES ('b4cb80de-9a70-4c43-8cd5-c60ac4b033a4', '45a9da44-30ae-4660-a2f8-7729b3036d2e', '44e0bfcc-edfd-4d5c-a84d-615d444cee77', '前端mysql库连接配置（host,登录名,登录密码,端口）', '{\"source\":\"#{mysql,1}\",\"global\":false,\"ignoreCase\":false,\"matchIndex\":0}', 0, 'userbehaviorpath_usergroup/behavior_path_hadoop/tpl/behavior_config.yml', 'realtime-1', NULL);
INSERT INTO `source_config` VALUES ('b5cad926-490b-469d-a45b-1f6ab20d125d', 'b365bc9c-2dfd-4fe1-afba-5b56d58e65a3', 'ef3e253f-ffe6-4196-8e1e-382f28f6c9d1', 'node服务socket接口前缀', '{\"source\":\"#{node.api.prefix}\",\"global\":false,\"ignoreCase\":false,\"matchIndex\":0}', 0, 'config/constants.js.tpl', '/analysis/api', NULL);
INSERT INTO `source_config` VALUES ('b74ae898-0d95-4e86-b9db-e9b55c04d56d', '37363fe8-c813-456e-aa3a-63275a8973f9', '07fcd766-9451-4287-9e4b-f27de4e3df14', '前端mysql库连接配置（host,登录名,登录密码,端口）', '{\"source\":\"#{mysql,1}\",\"global\":false,\"ignoreCase\":false,\"matchIndex\":0}', 0, 'etl-load-cdh/config/tpl/config/front_db.properties', 'realtime-1', NULL);
INSERT INTO `source_config` VALUES ('b7789620-8247-4d69-af8c-a21da9bcca2b', '37363fe8-c813-456e-aa3a-63275a8973f9', '07fcd766-9451-4287-9e4b-f27de4e3df14', '前端mysql库连接配置（host,登录名,登录密码,端口）', '{\"source\":\"#{mysql,3}\",\"global\":false,\"ignoreCase\":false,\"matchIndex\":0}', 0, 'etl-id-kudu/config/tpl/config/front_db.properties', 'zanalytics', NULL);
INSERT INTO `source_config` VALUES ('b84b64a9-ceeb-4464-ae6d-8eebf43f7b4c', '0f0dfcad-40a0-4a99-9bc6-232b4efb22d4', '50fe744e-6396-4aef-93db-cb1c31fc22d3', '页面的title信息', '{\"source\":\"#{webapp.word.title}\",\"global\":false,\"ignoreCase\":false,\"matchIndex\":0}', 0, 'spa/config/prod.env.js.tpl', '数据分析', '7b541f87-00c4-455c-bf7c-23168fa9eca4');
INSERT INTO `source_config` VALUES ('b97d2b88-d5e3-44d6-87be-b9ddd483ba44', '997e7123-62a2-438a-88cc-122c32965519', 'b27b0e60-a9a0-469e-a5a6-d59d3235a5ea', '前端mysql库连接配置（host,登录名,登录密码,端口）', '{\"source\":\"#{mysql,4/3306}\",\"global\":false,\"ignoreCase\":true,\"matchIndex\":0}', 0, 'docs/config/tpl/config.properties', '3306', NULL);
INSERT INTO `source_config` VALUES ('b9c780bf-c57f-4a81-876b-86180fca0dc4', 'cdac3b88-7578-4a0e-8151-f96627832942', '40ce7785-d4d6-41bf-9d58-ed7ec7e9767c', '触达2.0相关配置', '{\"source\":\"#{mktv2.config->server.adapter}\",\"global\":false,\"ignoreCase\":true,\"matchIndex\":0}', 0, 'docs/tpl/README.md', 'realtime-mkt:1920', NULL);
INSERT INTO `source_config` VALUES ('ba7bdf4a-d101-48b5-91d1-adf950726759', '68e078fb-eb3d-4659-9e38-272e35316e38', 'd2ec6358-ecfc-4afd-a19f-d82f67284927', '固定日报发送周期', '{\"source\":\"#{m_webapp.send_period}\",\"global\":false,\"ignoreCase\":false,\"matchIndex\":0}', 0, '.env.production.tpl', '', NULL);
INSERT INTO `source_config` VALUES ('baf722a8-f71f-4b3f-bede-59de064c8cb4', '46c0879d-a25b-4f8b-bc66-610d6ed88ef4', 'd96de692-4e70-4d52-89f9-3d1deceeee78', '微信客户端clientId，可访问该地址生成：https://weixin.zhugeio.com/s/v1/newClientId', '{\"source\":\"#{wt.client.client_id}\",\"global\":false,\"ignoreCase\":false,\"matchIndex\":0}', 0, 'doc/部署准备资料/client-realtime-tpl/consumer/config.properties', '9d3266fd556a4db7b9616d385f8bdf8f', NULL);
INSERT INTO `source_config` VALUES ('bb0b19f6-399b-4c71-8307-4f92422569e6', 'dae89e64-2932-4bec-b3ae-4ac5be585617', '7a5c3982-1c5c-43c5-b4fa-15d9bd89fcdb', '前端mysql库连接配置（host,登录名,登录密码,端口）', '{\"source\":\"#{mysql,2}\",\"global\":false,\"ignoreCase\":false,\"matchIndex\":0}', 0, 'docs/config/tpl/application-kpt.yml', 'web', NULL);
INSERT INTO `source_config` VALUES ('bc106114-4a03-422e-a1d0-66a7000e4e08', '45a9da44-30ae-4660-a2f8-7729b3036d2e', '44e0bfcc-edfd-4d5c-a84d-615d444cee77', 'redis 6379端口', '{\"source\":\"#{redis_6379,2}\",\"global\":false,\"ignoreCase\":false,\"matchIndex\":0}', 0, 'userbehaviorpath_usergroup/ubpa/bin/tpl/redis_subscribe_task.py', '6379', NULL);
INSERT INTO `source_config` VALUES ('bc16af87-b972-4164-bdb0-f0c6d0fc30e7', '45a9da44-30ae-4660-a2f8-7729b3036d2e', '44e0bfcc-edfd-4d5c-a84d-615d444cee77', '分析sdkv内网服务部署地址（默认1个）', '{\"source\":\"#{svr.domain.intranet.sdkv.www}\",\"global\":false,\"ignoreCase\":false,\"matchIndex\":0}', 0, 'nginx-single/nginx/conf/nginx.conf-upload', 'realtime-1:8080', NULL);
INSERT INTO `source_config` VALUES ('bc302119-cfac-4667-9144-3c93220e66cf', '45a9da44-30ae-4660-a2f8-7729b3036d2e', '44e0bfcc-edfd-4d5c-a84d-615d444cee77', 'impala连接配置（host,登录名,登录密码,端口,仓库名）', '{\"source\":\"#{impala,5/zhugeio}\",\"global\":false,\"ignoreCase\":false,\"matchIndex\":0}', 0, 'es-index/zanalytics-index-db/tpl/impala-shell.sh', 'zanalytics', NULL);
INSERT INTO `source_config` VALUES ('bc9dab63-60c0-4c16-aa1b-465420a97ea6', '0f0dfcad-40a0-4a99-9bc6-232b4efb22d4', '8d1ab3f3-5a5c-4442-81a9-336cc455ef02', '诸葛字样标识', '{\"source\":\"#{webapp.word.zg_text}\",\"global\":false,\"ignoreCase\":false,\"matchIndex\":0}', 0, 'spa/config/prod.env.js.tpl', '数据分析', NULL);
INSERT INTO `source_config` VALUES ('bddbeb34-ae7e-462e-bfec-b95f84d4f0a3', '46c0879d-a25b-4f8b-bc66-610d6ed88ef4', 'd96de692-4e70-4d52-89f9-3d1deceeee78', '触达clockwork接收微信回调消息地址【/data/clockwork_api/bin/WeiXinCallbackHook.groovy->port(端口)】', '{\"source\":\"#{clockwork.weixin_callback_url}\",\"global\":false,\"ignoreCase\":false,\"matchIndex\":0}', 0, 'doc/部署准备资料/client-realtime-tpl/worker/config.properties', 'http://realtime-2:8882', NULL);
INSERT INTO `source_config` VALUES ('be51df48-205e-4982-87d4-e7849c608d0c', '37363fe8-c813-456e-aa3a-63275a8973f9', '07fcd766-9451-4287-9e4b-f27de4e3df14', 'redis 26480端口', '{\"source\":\"#{redis_26480,2}\",\"global\":false,\"ignoreCase\":false,\"matchIndex\":0}', 0, 'etl-count/config/tpl/config/redis.properties', '26480', NULL);
INSERT INTO `source_config` VALUES ('bf2769b2-dea6-4ecb-862d-a32bd9c59168', '85866bad-811d-44af-952e-bdf1c1f1cd1a', '4a826f66-9c1d-42f7-a328-b1d84ead507f', '前端mysql库连接配置（host,登录名,登录密码,端口）', '{\"source\":\"#{mysql,1}\",\"global\":false,\"ignoreCase\":false,\"matchIndex\":0}', 0, 'config/private/tpl/kudu-to-parquet.sh', 'realtime-1', NULL);
INSERT INTO `source_config` VALUES ('c0e0b2d4-30b1-434b-9af2-ace61a05f3df', '37363fe8-c813-456e-aa3a-63275a8973f9', '07fcd766-9451-4287-9e4b-f27de4e3df14', '前端mysql库连接配置（host,登录名,登录密码,端口）', '{\"source\":\"#{mysql,1}\",\"global\":false,\"ignoreCase\":false,\"matchIndex\":0}', 0, 'etl-paopi/config/tpl/config/front_db.properties', 'realtime-1', NULL);
INSERT INTO `source_config` VALUES ('c0f8240c-a797-4314-883b-a886d91a8cd8', '45a9da44-30ae-4660-a2f8-7729b3036d2e', '44e0bfcc-edfd-4d5c-a84d-615d444cee77', 'es集群1的ip', '{\"source\":\"#{elasticsearch1,1}\",\"global\":false,\"ignoreCase\":false,\"matchIndex\":0}', 0, 'es-index/zanalytics-index-db/tpl/2-db1.conf', 'realtime-2', NULL);
INSERT INTO `source_config` VALUES ('c11f6f7b-d469-4471-8381-608cef8ee0ed', '85866bad-811d-44af-952e-bdf1c1f1cd1a', '4a826f66-9c1d-42f7-a328-b1d84ead507f', '前端mysql库连接配置（host,登录名,登录密码,端口）', '{\"source\":\"#{mysql,4/3306}\",\"global\":false,\"ignoreCase\":false,\"matchIndex\":0}', 0, 'config/private/tpl/config.properties', '3306', NULL);
INSERT INTO `source_config` VALUES ('c12f098a-fd20-4b10-bb96-458d7ed81d89', '37363fe8-c813-456e-aa3a-63275a8973f9', '07fcd766-9451-4287-9e4b-f27de4e3df14', 'redis 8894端口', '{\"source\":\"#{redis_8894,1}\",\"global\":false,\"ignoreCase\":false,\"matchIndex\":0}', 0, 'etl-id-kudu/config/tpl/config/id_redis.properties', 'realtime-2', NULL);
INSERT INTO `source_config` VALUES ('c14f7b64-238f-4f71-8579-007fcc8c5479', '45a9da44-30ae-4660-a2f8-7729b3036d2e', '44e0bfcc-edfd-4d5c-a84d-615d444cee77', 'redis 6379端口', '{\"source\":\"#{redis_6379,3}\",\"global\":false,\"ignoreCase\":false,\"matchIndex\":0}', 0, 'zanalytics_online_debug/online_debug_config.py-tpl', 'Sun_unix*1101', NULL);
INSERT INTO `source_config` VALUES ('c2fc2e6f-9c3a-4838-92ee-a6cd29f10434', '45a9da44-30ae-4660-a2f8-7729b3036d2e', '44e0bfcc-edfd-4d5c-a84d-615d444cee77', 'zabbix-web-api', '{\"source\":\"#{svr.domain.intranet.zabbix.www}\",\"global\":false,\"ignoreCase\":false,\"matchIndex\":0}', 0, 'nginx-single/nginx/conf/nginx.conf', 'realtime-1:8081', NULL);
INSERT INTO `source_config` VALUES ('c394547c-8236-4932-ae60-383a8fd6353b', '37363fe8-c813-456e-aa3a-63275a8973f9', '07fcd766-9451-4287-9e4b-f27de4e3df14', 'redis 8897端口', '{\"source\":\"#{redis_8897,1}\",\"global\":false,\"ignoreCase\":false,\"matchIndex\":0}', 0, 'etl-count-et/config/tpl/config/redis.properties', 'realtime-2', NULL);
INSERT INTO `source_config` VALUES ('c421334e-861f-4b2f-836c-c2979c39f682', '46c0879d-a25b-4f8b-bc66-610d6ed88ef4', 'd96de692-4e70-4d52-89f9-3d1deceeee78', '触达clockwork接收微信回调消息地址【/data/clockwork_api/bin/WeiXinCallbackHook.groovy->port(端口)】', '{\"source\":\"#{clockwork.weixin_callback_url}\",\"global\":false,\"ignoreCase\":false,\"matchIndex\":0}', 0, 'doc/部署准备资料/client-realtime-tpl/consumer/config.properties', 'http://realtime-2:8882', NULL);
INSERT INTO `source_config` VALUES ('c4537988-126d-4a28-a1ac-3a33ee1865a8', '45a9da44-30ae-4660-a2f8-7729b3036d2e', '44e0bfcc-edfd-4d5c-a84d-615d444cee77', '分析sdkv内网服务部署地址（默认1个）', '{\"source\":\"#{svr.domain.intranet.sdkv.www}\",\"global\":false,\"ignoreCase\":false,\"matchIndex\":0}', 0, 'nginx-single/nginx/conf/nginx.conf', 'realtime-1:8080', NULL);
INSERT INTO `source_config` VALUES ('c4cc114c-2252-4e01-925d-b3b0f4e17d80', '04d51d81-5439-4f4b-ad95-ab0610f933ae', '2129aeea-f59f-47e6-af4b-48ab8e3bc374', 'sdkv-tomcat目录,api-tomcat目录', '{\"source\":\"#{tomcat-analysis.path,1}\",\"global\":false,\"ignoreCase\":true,\"matchIndex\":0}', 0, 'docs/config/tpl-service/log4j2.xml', '/data/localization/web/tomcat', NULL);
INSERT INTO `source_config` VALUES ('c52cd196-4b5f-4aba-a703-f9ed5e479da0', 'b4779bc3-b64b-4556-8fbf-e1660abc77d7', 'fd6a925b-de4d-440a-84a5-9e6f42c63845', 'es集群名称', '{\"source\":\"#{elasticsearch_cluster_name}\",\"global\":false,\"ignoreCase\":false,\"matchIndex\":0}', 0, 'docs/config/tpl/application.properties', 'elasticsearch', NULL);
INSERT INTO `source_config` VALUES ('c5492d2a-756c-45d7-8236-6354437c11fb', '997e7123-62a2-438a-88cc-122c32965519', 'b27b0e60-a9a0-469e-a5a6-d59d3235a5ea', '触达api访问地址（内网）【触达clockwork对应的nginx地址】', '{\"source\":\"#{clockwork.flow_api.domain.intranet}\",\"global\":false,\"ignoreCase\":false,\"matchIndex\":0}', 0, 'docs/config/tpl/config.properties', 'http://realtime-1:8008', NULL);
INSERT INTO `source_config` VALUES ('c59ee553-b26d-4dd0-80e2-8f20e4e7b0c2', '1e4058bb-b8e6-4ca9-ae31-4065365d51f1', 'e7f7a127-f4c4-4338-8e84-9b7fc73dd4a7', '视屏资源所在目录', '{\"source\":\"#{shiping.assets_public_path}\",\"global\":false,\"ignoreCase\":false,\"matchIndex\":0}', 0, 'config/buildConfig.js.tpl', '/shiping/', NULL);
INSERT INTO `source_config` VALUES ('c5a1eced-f0e3-41a1-b043-09a2edd330c6', '37363fe8-c813-456e-aa3a-63275a8973f9', '07fcd766-9451-4287-9e4b-f27de4e3df14', 'redis 6379端口', '{\"source\":\"#{redis_6379,3}\",\"global\":false,\"ignoreCase\":false,\"matchIndex\":0}', 0, 'etl-single/config/tpl/config/redis.properties', 'Sun_unix*1101', NULL);
INSERT INTO `source_config` VALUES ('c6b113a0-6520-4f9b-b15f-8d6dd431ee13', '0f0dfcad-40a0-4a99-9bc6-232b4efb22d4', '8d1ab3f3-5a5c-4442-81a9-336cc455ef02', 'app扫码下载', '{\"source\":\"#{webapp.show_app_download}\",\"global\":false,\"ignoreCase\":false,\"matchIndex\":0}', 0, 'spa/config/prod.env.js.tpl', 'false', NULL);
INSERT INTO `source_config` VALUES ('c7ad3819-b6eb-4367-b2e8-c8a01aa60864', 'b4779bc3-b64b-4556-8fbf-e1660abc77d7', 'fd6a925b-de4d-440a-84a5-9e6f42c63845', 'ssdb 8888端口', '{\"source\":\"#{ssdb_8888,1}\",\"global\":false,\"ignoreCase\":false,\"matchIndex\":0}', 0, 'docs/config/tpl/application.properties', 'realtime-1', NULL);
INSERT INTO `source_config` VALUES ('c7ccf703-ee2b-49ee-849e-3aee82a33248', 'c901f2f3-ee26-4461-b830-7c47e4f4bd6a', '2da9b5de-74d0-4533-860f-8915766b270a', 'kafka服务集群', '{\"source\":\"#{kafka_bootstrap_servers}\",\"global\":false,\"ignoreCase\":false,\"matchIndex\":0}', 0, 'tpl/config/application.yml', 'realtime-1:9092,realtime-2:9092,realtime-3:9092', NULL);
INSERT INTO `source_config` VALUES ('c91a44c5-9a49-4d2c-8a4d-b49bda24cb1c', '37363fe8-c813-456e-aa3a-63275a8973f9', '07fcd766-9451-4287-9e4b-f27de4e3df14', 'redis 26480端口', '{\"source\":\"#{redis_26480,2}\",\"global\":false,\"ignoreCase\":false,\"matchIndex\":0}', 0, 'etl-adv-count/config/tpl/config/redis.properties', '26480', NULL);
INSERT INTO `source_config` VALUES ('ca908e2c-8f31-4abc-adb4-9b036059485a', '0f0dfcad-40a0-4a99-9bc6-232b4efb22d4', '8d1ab3f3-5a5c-4442-81a9-336cc455ef02', '显示logo', '{\"source\":\"#{webapp.show_logo}\",\"global\":false,\"ignoreCase\":false,\"matchIndex\":0}', 0, 'spa/config/prod.env.js.tpl', 'true', NULL);
INSERT INTO `source_config` VALUES ('cb558804-1b4d-4926-b33d-cadf35854f4a', '45a9da44-30ae-4660-a2f8-7729b3036d2e', '44e0bfcc-edfd-4d5c-a84d-615d444cee77', 'es查询服务', '{\"source\":\"#{svr.domain.intranet.es.www}\",\"global\":false,\"ignoreCase\":false,\"matchIndex\":0}', 0, 'nginx-single/nginx/conf/nginx.conf', 'realtime-2:7808', NULL);
INSERT INTO `source_config` VALUES ('cb8daf3e-f88b-43df-91ac-13b66619518e', '7c6a4ef0-7af7-40b0-aa69-99bad2d6271d', '41f4d639-5aba-4888-838a-f25459698ddb', 'node服务socket接口前缀', '{\"source\":\"#{node.api.prefix}\",\"global\":false,\"ignoreCase\":false,\"matchIndex\":0}', 0, 'src/config.ts.tpl', '/analysis/api', NULL);
INSERT INTO `source_config` VALUES ('cb90b4c2-edd5-45f2-9734-03192a7ee998', '0f0dfcad-40a0-4a99-9bc6-232b4efb22d4', '8d1ab3f3-5a5c-4442-81a9-336cc455ef02', '合并端口外网访问地址(需要加协议http(s))(填网站的)', '{\"source\":\"#{svr.domain.extranet}\",\"global\":false,\"ignoreCase\":false,\"matchIndex\":0}', 0, 'spa/config/prod.env.js.tpl', 'https://uba.it.pkpm.cn', NULL);
INSERT INTO `source_config` VALUES ('cc85b9c5-6fe3-46ca-b238-1b6c3b50acdb', '0f0dfcad-40a0-4a99-9bc6-232b4efb22d4', '50fe744e-6396-4aef-93db-cb1c31fc22d3', '获取模块日期默认值', '{\"source\":\"#{webapp.channel_date_config}\",\"global\":false,\"ignoreCase\":false,\"matchIndex\":0}', 0, 'spa/config/prod.env.js.tpl', '0', '7b541f87-00c4-455c-bf7c-23168fa9eca4');
INSERT INTO `source_config` VALUES ('cdcb93e4-1742-42fe-8a3e-d96c58b6fab4', '37363fe8-c813-456e-aa3a-63275a8973f9', '07fcd766-9451-4287-9e4b-f27de4e3df14', 'impala连接配置（host,登录名,登录密码,端口,仓库名）', '{\"source\":\"#{impala,1}\",\"global\":false,\"ignoreCase\":false,\"matchIndex\":0}', 0, 'etl-dw-kudu/config/tpl/config/impala_db.properties', 'realtime-1', NULL);
INSERT INTO `source_config` VALUES ('ce20ff72-72d8-441f-bc2b-5fff4d2e529c', '37363fe8-c813-456e-aa3a-63275a8973f9', '07fcd766-9451-4287-9e4b-f27de4e3df14', 'impala连接配置（host,登录名,登录密码,端口,仓库名）', '{\"source\":\"#{impala,5/zhugeio}\",\"global\":false,\"ignoreCase\":false,\"matchIndex\":0}', 0, 'etl-load-cdh/config/tpl/config_single/impala_db.properties', 'zanalytics', NULL);
INSERT INTO `source_config` VALUES ('ce5e63f8-664a-4fc1-a7f2-df72363d9fde', '46c0879d-a25b-4f8b-bc66-610d6ed88ef4', 'd96de692-4e70-4d52-89f9-3d1deceeee78', 'redis 26480端口', '{\"source\":\"#{redis_26480,2}\",\"global\":false,\"ignoreCase\":false,\"matchIndex\":0}', 0, 'doc/部署准备资料/client-realtime-tpl/worker/config.properties', '26480', NULL);
INSERT INTO `source_config` VALUES ('cfff7f1d-39a4-47b2-97bd-8fe85297f562', '45a9da44-30ae-4660-a2f8-7729b3036d2e', '44e0bfcc-edfd-4d5c-a84d-615d444cee77', '前端mysql库连接配置（host,登录名,登录密码,端口）', '{\"source\":\"#{mysql,4/3306}\",\"global\":false,\"ignoreCase\":false,\"matchIndex\":0}', 0, 'es-index/zanalytics-index-db/tpl/impala-shell.sh', '3306', NULL);
INSERT INTO `source_config` VALUES ('d01a072d-29ff-4def-99b9-74e1a285b90e', '71671909-9834-44b3-b2eb-a0789696eeb6', '47bee3c6-4754-4bda-b3da-b6215fee96e1', 'kudu集群', '{\"source\":\"#{kudu_clusters}\",\"global\":false,\"ignoreCase\":false,\"matchIndex\":0}', 0, 'bin/tpl/config.yml', 'realtime-1:7051,realtime-2:7051,realtime-3:7051', NULL);
INSERT INTO `source_config` VALUES ('d0cfc39a-70cc-4c27-b243-8bd58a301b8b', '37363fe8-c813-456e-aa3a-63275a8973f9', '07fcd766-9451-4287-9e4b-f27de4e3df14', 'redis 8895端口', '{\"source\":\"#{redis_8895,2}\",\"global\":false,\"ignoreCase\":false,\"matchIndex\":0}', 0, 'etl-dw-kudu/config/tpl/config/redis.properties', '8895', NULL);
INSERT INTO `source_config` VALUES ('d302e0d7-0b8d-4d4c-8306-0b44b2eea7ad', '37363fe8-c813-456e-aa3a-63275a8973f9', '07fcd766-9451-4287-9e4b-f27de4e3df14', 'redis 8893端口', '{\"source\":\"#{redis_8893,3}\",\"global\":false,\"ignoreCase\":false,\"matchIndex\":0}', 0, 'etl-id-kudu/config/tpl/config/id_redis.properties', NULL, NULL);
INSERT INTO `source_config` VALUES ('d419e890-3f48-469c-9632-6f9579651e19', '997e7123-62a2-438a-88cc-122c32965519', 'b27b0e60-a9a0-469e-a5a6-d59d3235a5ea', 'es集群2的ip', '{\"source\":\"#{elasticsearch2,2}\",\"global\":false,\"ignoreCase\":false,\"matchIndex\":0}', 0, 'docs/config/tpl/config.properties', '9200', NULL);
INSERT INTO `source_config` VALUES ('d50e2bf0-cea9-4590-86c2-1c53bea9e084', '0f0dfcad-40a0-4a99-9bc6-232b4efb22d4', '8d1ab3f3-5a5c-4442-81a9-336cc455ef02', '视屏根路径', '{\"source\":\"#{webapp.shiping_root_path}\",\"global\":false,\"ignoreCase\":false,\"matchIndex\":0}', 0, 'spa/config/prod.env.js.tpl', 'shiping', NULL);
INSERT INTO `source_config` VALUES ('d6065c54-df51-427a-881f-e38a37bdb968', '37363fe8-c813-456e-aa3a-63275a8973f9', '07fcd766-9451-4287-9e4b-f27de4e3df14', 'impala连接配置（host,登录名,登录密码,端口,仓库名）', '{\"source\":\"#{impala,4}\",\"global\":false,\"ignoreCase\":false,\"matchIndex\":0}', 0, 'etl-single/config/tpl/config/impala_db.properties', '21050', NULL);
INSERT INTO `source_config` VALUES ('d639b821-0a20-4fba-9876-7daf449a0ffe', '45a9da44-30ae-4660-a2f8-7729b3036d2e', '44e0bfcc-edfd-4d5c-a84d-615d444cee77', 'es查询服务', '{\"source\":\"#{svr.domain.intranet.es.www}\",\"global\":false,\"ignoreCase\":false,\"matchIndex\":0}', 0, 'nginx/nginx/conf/nginx.conf', 'realtime-2:7808', NULL);
INSERT INTO `source_config` VALUES ('d6a818f0-1c70-4b5d-8455-8c3d1bcd231f', '0f0dfcad-40a0-4a99-9bc6-232b4efb22d4', '50fe744e-6396-4aef-93db-cb1c31fc22d3', '分析平台的可视化埋点', '{\"source\":\"#{webapp.show_visualizer_track}\",\"global\":false,\"ignoreCase\":false,\"matchIndex\":0}', 0, 'spa/config/prod.env.js.tpl', 'true', '7b541f87-00c4-455c-bf7c-23168fa9eca4');
INSERT INTO `source_config` VALUES ('d6ff57c9-94cf-4c1d-9d0a-a08bd00479ef', '37363fe8-c813-456e-aa3a-63275a8973f9', '07fcd766-9451-4287-9e4b-f27de4e3df14', 'ssdb 1217端口', '{\"source\":\"#{ssdb_1217,3}\",\"global\":false,\"ignoreCase\":false,\"matchIndex\":0}', 0, 'etl-market-cloud/config/tpl/config/redis.properties', NULL, NULL);
INSERT INTO `source_config` VALUES ('d7055275-8ff9-4893-8874-722719f59e9b', '45a9da44-30ae-4660-a2f8-7729b3036d2e', '44e0bfcc-edfd-4d5c-a84d-615d444cee77', '微信内网（receiver）服务部署地址（默认两个）【/data/wt/receiver/config】', '{\"source\":\"#{svr.domain.intranet.weixin.receiver,2}\",\"global\":false,\"ignoreCase\":false,\"matchIndex\":0}', 0, 'nginx/nginx/conf/nginx.conf-upload', 'realtime-2:7713', NULL);
INSERT INTO `source_config` VALUES ('d80da916-a2d5-4e98-8ff0-82aae8173cf8', '0f0dfcad-40a0-4a99-9bc6-232b4efb22d4', '50fe744e-6396-4aef-93db-cb1c31fc22d3', '显示logo', '{\"source\":\"#{webapp.show_logo}\",\"global\":false,\"ignoreCase\":false,\"matchIndex\":0}', 0, 'spa/config/prod.env.js.tpl', 'true', '7b541f87-00c4-455c-bf7c-23168fa9eca4');
INSERT INTO `source_config` VALUES ('d8414240-8df2-410d-baab-2bf875cdd1b3', '7c6a4ef0-7af7-40b0-aa69-99bad2d6271d', '41f4d639-5aba-4888-838a-f25459698ddb', '', '{\"source\":\"#{node->ssoLoginUrl}\",\"global\":false,\"ignoreCase\":false,\"matchIndex\":0}', 0, 'src/config.ts.tpl', NULL, NULL);
INSERT INTO `source_config` VALUES ('db1fc78f-8e54-4b73-85bf-305f62cd4dc6', '40e643c4-5254-4ae7-a3cb-bc7a31aeeefc', '43df9041-08b4-4179-a7d5-303f15485253', 'ssdb 1218端口', '{\"source\":\"#{ssdb_1218,3}\",\"global\":false,\"ignoreCase\":false,\"matchIndex\":0}', 0, 'config/tpl/clockwork.config', NULL, NULL);
INSERT INTO `source_config` VALUES ('db6273b9-6dc6-4e31-ad59-86011ed022be', '45a9da44-30ae-4660-a2f8-7729b3036d2e', '44e0bfcc-edfd-4d5c-a84d-615d444cee77', 'ssdb 8888端口', '{\"source\":\"#{ssdb_8888,1}\",\"global\":false,\"ignoreCase\":false,\"matchIndex\":0}', 0, 'es-index/zanalytics-index-db/tpl/2-db1.conf', 'realtime-1', NULL);
INSERT INTO `source_config` VALUES ('dc58b534-41e0-4bae-977a-dbca1a0ab316', '1e4058bb-b8e6-4ca9-ae31-4065365d51f1', 'e7f7a127-f4c4-4338-8e84-9b7fc73dd4a7', '诸葛字样标识', '{\"source\":\"#{webapp.word.zg_text}\",\"global\":false,\"ignoreCase\":false,\"matchIndex\":0}', 0, 'config/buildConfig.js.tpl', '数据分析', NULL);
INSERT INTO `source_config` VALUES ('dc6bfe85-9dec-4377-a731-4c407d576d7c', 'b365bc9c-2dfd-4fe1-afba-5b56d58e65a3', 'ef3e253f-ffe6-4196-8e1e-382f28f6c9d1', '登录地址', '{\"source\":\"#{market.login_url}\",\"global\":false,\"ignoreCase\":false,\"matchIndex\":0}', 0, 'config/constants.js.tpl', '/webapp/app/login', NULL);
INSERT INTO `source_config` VALUES ('dd14cc40-87ea-457e-90bf-7903ac76df4a', '40e643c4-5254-4ae7-a3cb-bc7a31aeeefc', '43df9041-08b4-4179-a7d5-303f15485253', '前端mysql库连接配置（host,登录名,登录密码,端口）', '{\"source\":\"#{mysql,3}\",\"global\":false,\"ignoreCase\":true,\"matchIndex\":0}', 0, 'config/tpl/clockwork.config', 'zanalytics', NULL);
INSERT INTO `source_config` VALUES ('ddac1c2e-4024-41a9-9928-4a8d4a4e9db3', 'b365bc9c-2dfd-4fe1-afba-5b56d58e65a3', 'ef3e253f-ffe6-4196-8e1e-382f28f6c9d1', 'API的base地址', '{\"source\":\"#{market.request_base_url}\",\"global\":false,\"ignoreCase\":false,\"matchIndex\":0}', 0, 'config/constants.js.tpl', '', NULL);
INSERT INTO `source_config` VALUES ('ddb788ec-df67-40f9-b69c-1de05222b543', '0f0dfcad-40a0-4a99-9bc6-232b4efb22d4', '8d1ab3f3-5a5c-4442-81a9-336cc455ef02', '老模块静态文件访问目录', '{\"source\":\"#{webapp.old_assets_path}\",\"global\":false,\"ignoreCase\":false,\"matchIndex\":0}', 0, 'spa/config/prod.env.js.tpl', '/webapp/', NULL);
INSERT INTO `source_config` VALUES ('de0a8cc0-4cad-4716-9f29-8d933388303c', '37363fe8-c813-456e-aa3a-63275a8973f9', '07fcd766-9451-4287-9e4b-f27de4e3df14', 'redis 8893端口', '{\"source\":\"#{redis_8893,2}\",\"global\":false,\"ignoreCase\":false,\"matchIndex\":0}', 0, 'etl-id-kudu/config/tpl/config/id_redis.properties', '8893', NULL);
INSERT INTO `source_config` VALUES ('de2c2d63-eaf5-4098-a8a3-ff44282da7fc', '0f0dfcad-40a0-4a99-9bc6-232b4efb22d4', '50fe744e-6396-4aef-93db-cb1c31fc22d3', '合并端口外网访问地址(需要加协议http(s))(填网关的)', '{\"source\":\"#{svr.domain.nginx.extranet}\",\"global\":false,\"ignoreCase\":false,\"matchIndex\":0}', 0, 'spa/config/prod.env.js.tpl', 'https://uba.it.pkpm.cn', '7b541f87-00c4-455c-bf7c-23168fa9eca4');
INSERT INTO `source_config` VALUES ('de5e1843-2bda-4378-a013-e434513b7e5f', '37363fe8-c813-456e-aa3a-63275a8973f9', '07fcd766-9451-4287-9e4b-f27de4e3df14', 'redis 6379端口', '{\"source\":\"#{redis_6379,3}\",\"global\":false,\"ignoreCase\":false,\"matchIndex\":0}', 0, 'etl-debug/config/tpl/config/debug_redis.properties', 'Sun_unix*1101', NULL);
INSERT INTO `source_config` VALUES ('de8fbc43-ed98-4c79-9b84-09e1b371b8e0', '37363fe8-c813-456e-aa3a-63275a8973f9', '07fcd766-9451-4287-9e4b-f27de4e3df14', 'impala连接配置（host,登录名,登录密码,端口,仓库名）', '{\"source\":\"#{impala,5/zhugeio}\",\"global\":false,\"ignoreCase\":true,\"matchIndex\":0}', 0, 'etl-load-cdh/config/tpl/config/config.properties', 'zanalytics', NULL);
INSERT INTO `source_config` VALUES ('df1d7501-89fc-4125-8efb-5d3a9045f96c', '37363fe8-c813-456e-aa3a-63275a8973f9', '07fcd766-9451-4287-9e4b-f27de4e3df14', '前端mysql库连接配置（host,登录名,登录密码,端口）', '{\"source\":\"#{mysql,1}\",\"global\":false,\"ignoreCase\":false,\"matchIndex\":0}', 0, 'etl-load-cdh/config/tpl/config_single/front_db.properties', 'realtime-1', NULL);
INSERT INTO `source_config` VALUES ('e055723a-fbe9-4403-bc60-0f060a311849', '37363fe8-c813-456e-aa3a-63275a8973f9', '07fcd766-9451-4287-9e4b-f27de4e3df14', '前端mysql库连接配置（host,登录名,登录密码,端口）', '{\"source\":\"#{mysql,4/3306}\",\"global\":false,\"ignoreCase\":false,\"matchIndex\":0}', 0, 'etl-dw-kudu/config/tpl/config/front_db.properties', '3306', NULL);
INSERT INTO `source_config` VALUES ('e0e7fab5-ac9f-4144-b06e-9e3ea1d5e490', '40e643c4-5254-4ae7-a3cb-bc7a31aeeefc', '43df9041-08b4-4179-a7d5-303f15485253', '触达flow-api服务启动端口【/data/clockwork_api/clockwork.config->flow_api->port】', '{\"source\":\"#{clockwork.flow_api_port}\",\"global\":false,\"ignoreCase\":false,\"matchIndex\":0}', 0, 'config/tpl/clockwork.config', '8888', NULL);
INSERT INTO `source_config` VALUES ('e13b3019-a4d2-4791-9284-53f70cd13b15', '37363fe8-c813-456e-aa3a-63275a8973f9', '07fcd766-9451-4287-9e4b-f27de4e3df14', '前端mysql库连接配置（host,登录名,登录密码,端口）', '{\"source\":\"#{mysql,3}\",\"global\":false,\"ignoreCase\":false,\"matchIndex\":0}', 0, 'etl-paopi/config/tpl/config/front_db.properties', 'zanalytics', NULL);
INSERT INTO `source_config` VALUES ('e19cdb14-c8e2-4e8e-9899-0e825d1f2ece', '45a9da44-30ae-4660-a2f8-7729b3036d2e', '44e0bfcc-edfd-4d5c-a84d-615d444cee77', '分析sdkv内网服务部署地址（默认1个）', '{\"source\":\"#{svr.domain.intranet.sdkv.www}\",\"global\":false,\"ignoreCase\":false,\"matchIndex\":0}', 0, 'nginx/nginx/conf/nginx.conf', 'realtime-1:8080', NULL);
INSERT INTO `source_config` VALUES ('e1ae90fd-7a5d-460d-a4d6-52b5966fee43', '0f0dfcad-40a0-4a99-9bc6-232b4efb22d4', '50fe744e-6396-4aef-93db-cb1c31fc22d3', 'android-sdkv名称', '{\"source\":\"#{webapp.word.and_sdk}\",\"global\":false,\"ignoreCase\":false,\"matchIndex\":0}', 0, 'spa/config/prod.env.js.tpl', 'ZhugeSDK', '7b541f87-00c4-455c-bf7c-23168fa9eca4');
INSERT INTO `source_config` VALUES ('e1b631a7-0b04-4abe-aa57-14c656167a02', '46c0879d-a25b-4f8b-bc66-610d6ed88ef4', 'd96de692-4e70-4d52-89f9-3d1deceeee78', '前端mysql库连接配置（host,登录名,登录密码,端口）', '{\"source\":\"#{mysql,2}\",\"global\":false,\"ignoreCase\":false,\"matchIndex\":0}', 0, 'doc/部署准备资料/client-realtime-tpl/consumer/config.properties', 'web', NULL);
INSERT INTO `source_config` VALUES ('e1ee9bd1-6a84-42d8-9839-ffeddeb1d94c', 'cdac3b88-7578-4a0e-8151-f96627832942', '40ce7785-d4d6-41bf-9d58-ed7ec7e9767c', '触达2.0相关配置', '{\"source\":\"#{mktv2.config->server.threshold}\",\"global\":false,\"ignoreCase\":true,\"matchIndex\":0}', 0, 'docs/tpl/README.md', 'realtime-mkt:1923', NULL);
INSERT INTO `source_config` VALUES ('e3a345ac-109a-45ca-b0ad-065f2fd1a4ee', '71671909-9834-44b3-b2eb-a0789696eeb6', '47bee3c6-4754-4bda-b3da-b6215fee96e1', 'impala连接配置（host,登录名,登录密码,端口,仓库名）', '{\"source\":\"#{impala,4}\",\"global\":false,\"ignoreCase\":false,\"matchIndex\":0}', 0, 'bin/tpl/config.yml', '21050', NULL);
INSERT INTO `source_config` VALUES ('e3dbb900-0b1a-4624-b4cc-d8011ba9650c', '45a9da44-30ae-4660-a2f8-7729b3036d2e', '44e0bfcc-edfd-4d5c-a84d-615d444cee77', 'redis 6379端口', '{\"source\":\"#{redis_6379,3}\",\"global\":false,\"ignoreCase\":false,\"matchIndex\":0}', 0, 'userbehaviorpath_usergroup/ubpa/bin/tpl/ubpa-spark-app.sh', 'Sun_unix*1101', NULL);
INSERT INTO `source_config` VALUES ('e41a6f4d-f3a1-4aac-a868-11bc497fb5ab', '40e643c4-5254-4ae7-a3cb-bc7a31aeeefc', '43df9041-08b4-4179-a7d5-303f15485253', 'ssdb 1218端口', '{\"source\":\"#{ssdb_1218,2}\",\"global\":false,\"ignoreCase\":false,\"matchIndex\":0}', 0, 'config/tpl/clockwork.config', '1218', NULL);
INSERT INTO `source_config` VALUES ('e4739d11-5e15-4bf5-8b97-cb99535fe435', '68e078fb-eb3d-4659-9e38-272e35316e38', 'd2ec6358-ecfc-4afd-a19f-d82f67284927', '分析平台内部打点上传应用app_key', '{\"source\":\"#{webapp.appkey_zg}\",\"global\":false,\"ignoreCase\":false,\"matchIndex\":0}', 0, '.env.production.tpl', '5f8a935cd15a47419df0e07d0547551b', NULL);
INSERT INTO `source_config` VALUES ('e543e680-5dc1-4459-b7f0-c03a0590fbb0', '37363fe8-c813-456e-aa3a-63275a8973f9', '07fcd766-9451-4287-9e4b-f27de4e3df14', '前端mysql库连接配置（host,登录名,登录密码,端口）', '{\"source\":\"#{mysql,2}\",\"global\":false,\"ignoreCase\":false,\"matchIndex\":0}', 0, 'etl-dw-kudu/config/tpl/config/front_db.properties', 'web', NULL);
INSERT INTO `source_config` VALUES ('e5f8c4b1-3e1a-48bf-b92c-1d0b9c2f02c9', '37363fe8-c813-456e-aa3a-63275a8973f9', '07fcd766-9451-4287-9e4b-f27de4e3df14', 'kafka服务集群', '{\"source\":\"#{kafka_bootstrap_servers}\",\"global\":false,\"ignoreCase\":false,\"matchIndex\":0}', 0, 'etl-market-cloud/config/tpl/config/config.properties', 'realtime-1:9092,realtime-2:9092,realtime-3:9092', NULL);
INSERT INTO `source_config` VALUES ('e620952a-aa06-4d0a-8c0b-3dc54b8a880f', '37363fe8-c813-456e-aa3a-63275a8973f9', '07fcd766-9451-4287-9e4b-f27de4e3df14', 'redis 26480端口', '{\"source\":\"#{redis_26480,3}\",\"global\":false,\"ignoreCase\":false,\"matchIndex\":0}', 0, 'etl-adv-count/config/tpl/config/redis.properties', 'Sun_unix*1101', NULL);
INSERT INTO `source_config` VALUES ('e6622ae8-6336-4c1f-879b-3aded686f9e4', '85866bad-811d-44af-952e-bdf1c1f1cd1a', '4a826f66-9c1d-42f7-a328-b1d84ead507f', 'impala连接配置（host,登录名,登录密码,端口,仓库名）', '{\"source\":\"#{impala,3}\",\"global\":false,\"ignoreCase\":false,\"matchIndex\":0}', 0, 'config/private/tpl/config.properties', 'admin', NULL);
INSERT INTO `source_config` VALUES ('e68980d5-0bad-4edd-b563-938b2353d9e9', '37363fe8-c813-456e-aa3a-63275a8973f9', '07fcd766-9451-4287-9e4b-f27de4e3df14', 'impala连接配置（host,登录名,登录密码,端口,仓库名）', '{\"source\":\"#{impala,1}\",\"global\":false,\"ignoreCase\":false,\"matchIndex\":0}', 0, 'etl-paopi/config/tpl/config/impala_db.properties', 'realtime-1', NULL);
INSERT INTO `source_config` VALUES ('e6c70b2f-8aca-4659-a594-9e90d7c4bb32', '45a9da44-30ae-4660-a2f8-7729b3036d2e', '44e0bfcc-edfd-4d5c-a84d-615d444cee77', 'redis 6379端口', '{\"source\":\"#{redis_6379,3}\",\"global\":false,\"ignoreCase\":false,\"matchIndex\":0}', 0, 'userbehaviorpath_usergroup/behavior_path_hadoop/tpl/behavior_config.yml', 'Sun_unix*1101', NULL);
INSERT INTO `source_config` VALUES ('e6d683b7-8c1b-43e7-bf28-b41349c5f240', '40e643c4-5254-4ae7-a3cb-bc7a31aeeefc', '43df9041-08b4-4179-a7d5-303f15485253', 'impala连接配置（host,登录名,登录密码,端口,仓库名）', '{\"source\":\"#{impala,4}\",\"global\":false,\"ignoreCase\":false,\"matchIndex\":0}', 0, 'config/tpl/clockwork.config', '21050', NULL);
INSERT INTO `source_config` VALUES ('e7053a2a-f802-4290-816a-2c19dd1ddc6b', '45a9da44-30ae-4660-a2f8-7729b3036d2e', '44e0bfcc-edfd-4d5c-a84d-615d444cee77', 'node服务（来源映射、sdk、实时概览、数据接入等）', '{\"source\":\"#{svr.domain.intranet.node}\",\"global\":false,\"ignoreCase\":false,\"matchIndex\":0}', 0, 'nginx/nginx/conf/nginx.conf', 'realtime-3:9004', NULL);
INSERT INTO `source_config` VALUES ('e74ecc3c-f8d6-411c-b963-a5119f5a7613', '997e7123-62a2-438a-88cc-122c32965519', 'b27b0e60-a9a0-469e-a5a6-d59d3235a5ea', 'impala连接配置（host,登录名,登录密码,端口,仓库名）', '{\"source\":\"#{impala,2}\",\"global\":false,\"ignoreCase\":false,\"matchIndex\":0}', 0, 'docs/config/tpl/config.properties', 'admin', NULL);
INSERT INTO `source_config` VALUES ('e809e896-745b-4a58-b5ef-f4737f2f7e42', '45a9da44-30ae-4660-a2f8-7729b3036d2e', '44e0bfcc-edfd-4d5c-a84d-615d444cee77', 'node服务（来源映射、sdk、实时概览、数据接入等）', '{\"source\":\"#{svr.domain.intranet.node}\",\"global\":false,\"ignoreCase\":false,\"matchIndex\":0}', 0, 'nginx-single/nginx/conf/nginx.conf-upload', 'realtime-3:9004', NULL);
INSERT INTO `source_config` VALUES ('e9eaae9b-13dc-445f-a896-57f63caa6aaf', '85866bad-811d-44af-952e-bdf1c1f1cd1a', '4a826f66-9c1d-42f7-a328-b1d84ead507f', 'impala连接配置（host,登录名,登录密码,端口,仓库名）', '{\"source\":\"#{impala,2}\",\"global\":false,\"ignoreCase\":false,\"matchIndex\":0}', 0, 'config/private/tpl/config.properties', 'admin', NULL);
INSERT INTO `source_config` VALUES ('e9f5b616-b7c6-4155-bc75-f1d26e36cb8a', '997e7123-62a2-438a-88cc-122c32965519', 'b27b0e60-a9a0-469e-a5a6-d59d3235a5ea', 'impala连接配置（host,登录名,登录密码,端口,仓库名）', '{\"source\":\"#{impala,5/zhugeio}\",\"global\":false,\"ignoreCase\":false,\"matchIndex\":0}', 0, 'docs/config/tpl/config.properties', 'zanalytics', NULL);
INSERT INTO `source_config` VALUES ('ea7b8d55-de45-486f-a238-cb560fd1e57c', '997e7123-62a2-438a-88cc-122c32965519', 'b27b0e60-a9a0-469e-a5a6-d59d3235a5ea', '合并端口内网访问地址', '{\"source\":\"#{svr.domain.intranet}\",\"global\":false,\"ignoreCase\":true,\"matchIndex\":0}', 0, 'docs/config/tpl/config.properties', 'realtime-1:80', NULL);
INSERT INTO `source_config` VALUES ('eb0fe071-954e-4fb5-8180-210886c749b4', '51993461-d59f-4f5b-86a6-742db1d3194a', '7ff4386b-7102-411c-931e-f7e371e33dfa', '合并端口外网访问地址(需要加协议http(s))(填网站的)', '{\"source\":\"#{svr.domain.extranet}\",\"global\":false,\"ignoreCase\":false,\"matchIndex\":0}', 0, 'config/prod.env.js.tpl', 'https://uba.it.pkpm.cn', NULL);
INSERT INTO `source_config` VALUES ('ec778003-bc6c-4e33-ac2e-2dffb96c0a48', '0f0dfcad-40a0-4a99-9bc6-232b4efb22d4', '50fe744e-6396-4aef-93db-cb1c31fc22d3', '分析平台内部打点上传应用app_key', '{\"source\":\"#{webapp.appkey_zg}\",\"global\":false,\"ignoreCase\":false,\"matchIndex\":0}', 0, 'spa/config/prod.env.js.tpl', '5f8a935cd15a47419df0e07d0547551b', '7b541f87-00c4-455c-bf7c-23168fa9eca4');
INSERT INTO `source_config` VALUES ('ed0ac25d-bdc1-4041-843a-69eeccad0277', '37363fe8-c813-456e-aa3a-63275a8973f9', '07fcd766-9451-4287-9e4b-f27de4e3df14', 'redis 8892端口', '{\"source\":\"#{redis_8892,3}\",\"global\":false,\"ignoreCase\":false,\"matchIndex\":0}', 0, 'etl-single/config/tpl/config/redis.properties', NULL, NULL);
INSERT INTO `source_config` VALUES ('ed40e79c-3df8-4e3b-83f1-9cd50fc4ec23', '37363fe8-c813-456e-aa3a-63275a8973f9', '07fcd766-9451-4287-9e4b-f27de4e3df14', '前端mysql库连接配置（host,登录名,登录密码,端口）', '{\"source\":\"#{mysql,1}\",\"global\":false,\"ignoreCase\":false,\"matchIndex\":0}', 0, 'etl-gate/config/tpl/config/front_db.properties', 'realtime-1', NULL);
INSERT INTO `source_config` VALUES ('ed9ccb03-60d0-48ac-b931-622378212208', '85866bad-811d-44af-952e-bdf1c1f1cd1a', '4a826f66-9c1d-42f7-a328-b1d84ead507f', '前端mysql库连接配置（host,登录名,登录密码,端口）', '{\"source\":\"#{mysql,2}\",\"global\":false,\"ignoreCase\":false,\"matchIndex\":0}', 0, 'config/private/tpl/kudu-to-parquet.sh', 'web', NULL);
INSERT INTO `source_config` VALUES ('ede4b61a-8d09-4b24-b197-4ed31b5baed3', '46c0879d-a25b-4f8b-bc66-610d6ed88ef4', 'd96de692-4e70-4d52-89f9-3d1deceeee78', 'kafka服务集群', '{\"source\":\"#{kafka_bootstrap_servers}\",\"global\":false,\"ignoreCase\":false,\"matchIndex\":0}', 0, 'doc/部署准备资料/client-realtime-tpl/consumer/config.properties', 'realtime-1:9092,realtime-2:9092,realtime-3:9092', NULL);
INSERT INTO `source_config` VALUES ('edec3778-6c67-48a4-8834-8aeb5d1c9797', '37363fe8-c813-456e-aa3a-63275a8973f9', '07fcd766-9451-4287-9e4b-f27de4e3df14', 'redis 26480端口', '{\"source\":\"#{redis_26480,1}\",\"global\":false,\"ignoreCase\":false,\"matchIndex\":0}', 0, 'etl-adv-count/config/tpl/config/redis.properties', 'realtime-1', NULL);
INSERT INTO `source_config` VALUES ('ee201407-a96c-41f5-824a-f112f80bc944', '37363fe8-c813-456e-aa3a-63275a8973f9', '07fcd766-9451-4287-9e4b-f27de4e3df14', 'ssdb 8888端口', '{\"source\":\"#{ssdb_8888,3}\",\"global\":false,\"ignoreCase\":false,\"matchIndex\":0}', 0, 'etl-paopi/config/tpl/config/redis.properties', NULL, NULL);
INSERT INTO `source_config` VALUES ('ee395813-55de-4346-acab-db94fd3b7826', '85866bad-811d-44af-952e-bdf1c1f1cd1a', '4a826f66-9c1d-42f7-a328-b1d84ead507f', 'kafka服务集群', '{\"source\":\"#{kafka_bootstrap_servers}\",\"global\":false,\"ignoreCase\":false,\"matchIndex\":0}', 0, 'config/private/tpl/config.properties', 'realtime-1:9092,realtime-2:9092,realtime-3:9092', NULL);
INSERT INTO `source_config` VALUES ('ee651c37-26ed-4958-9482-dabbc45f4c6b', '45a9da44-30ae-4660-a2f8-7729b3036d2e', '44e0bfcc-edfd-4d5c-a84d-615d444cee77', 'zgsee内网服务部署地址', '{\"source\":\"#{svr.domain.intranet.zgsee.www}\",\"global\":false,\"ignoreCase\":false,\"matchIndex\":0}', 0, 'nginx/nginx/conf/nginx.conf-upload', 'realtime-1:18080', NULL);
INSERT INTO `source_config` VALUES ('ef78adac-ce01-4d65-b133-e0ccba7b4281', '45a9da44-30ae-4660-a2f8-7729b3036d2e', '44e0bfcc-edfd-4d5c-a84d-615d444cee77', '触达内网（www）服务部署地址（默认两个）【/data/marketing/www/config】', '{\"source\":\"#{svr.domain.intranet.mkt.www,1}\",\"global\":false,\"ignoreCase\":false,\"matchIndex\":0}', 0, 'nginx-single/nginx/conf/nginx.conf-upload', 'realtime-2:18001', NULL);
INSERT INTO `source_config` VALUES ('efaf72bc-338e-4911-8011-c5286614d0df', '0f0dfcad-40a0-4a99-9bc6-232b4efb22d4', '50fe744e-6396-4aef-93db-cb1c31fc22d3', '是否开启应用备注功能', '{\"source\":\"#{webapp.show_app_account}\",\"global\":false,\"ignoreCase\":false,\"matchIndex\":0}', 0, 'spa/config/prod.env.js.tpl', 'false', '7b541f87-00c4-455c-bf7c-23168fa9eca4');
INSERT INTO `source_config` VALUES ('f020df61-b803-4358-a443-a7fe158b29e8', '37363fe8-c813-456e-aa3a-63275a8973f9', '07fcd766-9451-4287-9e4b-f27de4e3df14', '触达flow-api服务启动端口【/data/clockwork_api/clockwork.config->flow_api->port】', '{\"source\":\"#{clockwork.flow_api_port}\",\"global\":false,\"ignoreCase\":false,\"matchIndex\":0}', 0, 'etl-single/config/tpl/config/market_config.properties', '8888', NULL);
INSERT INTO `source_config` VALUES ('f14fd28b-7696-492c-a2b0-18666edda05f', '46c0879d-a25b-4f8b-bc66-610d6ed88ef4', 'd96de692-4e70-4d52-89f9-3d1deceeee78', '前端mysql库连接配置（host,登录名,登录密码,端口）', '{\"source\":\"#{mysql,3}\",\"global\":false,\"ignoreCase\":false,\"matchIndex\":0}', 0, 'doc/部署准备资料/client-realtime-tpl/www/config.properties', 'zanalytics', NULL);
INSERT INTO `source_config` VALUES ('f169c3ea-17db-48b7-8702-791402c6e5d2', '45a9da44-30ae-4660-a2f8-7729b3036d2e', '44e0bfcc-edfd-4d5c-a84d-615d444cee77', '触达内网（www）服务部署地址（默认两个）【/data/marketing/www/config】', '{\"source\":\"#{svr.domain.intranet.mkt.www,2}\",\"global\":false,\"ignoreCase\":false,\"matchIndex\":0}', 0, 'nginx-single/nginx/conf/nginx.conf-upload', 'realtime-3:18001', NULL);
INSERT INTO `source_config` VALUES ('f1a45287-d8e2-46d2-9057-a51e8e634e66', '45a9da44-30ae-4660-a2f8-7729b3036d2e', '44e0bfcc-edfd-4d5c-a84d-615d444cee77', 'zabbix-web-api', '{\"source\":\"#{svr.domain.intranet.zabbix.www}\",\"global\":false,\"ignoreCase\":false,\"matchIndex\":0}', 0, 'nginx/nginx/conf/nginx.conf', 'realtime-1:8081', NULL);
INSERT INTO `source_config` VALUES ('f1c56779-5f1e-417b-b437-fde0788e97a7', '40e643c4-5254-4ae7-a3cb-bc7a31aeeefc', '43df9041-08b4-4179-a7d5-303f15485253', '微信客户端clientId，可访问该地址生成：https://weixin.zhugeio.com/s/v1/newClientId', '{\"source\":\"#{wt.client.client_id}\",\"global\":false,\"ignoreCase\":false,\"matchIndex\":0}', 0, 'config/tpl/clockwork.config', '9d3266fd556a4db7b9616d385f8bdf8f', NULL);
INSERT INTO `source_config` VALUES ('f352c600-28a5-4059-98f7-506d62a3b029', '37363fe8-c813-456e-aa3a-63275a8973f9', '07fcd766-9451-4287-9e4b-f27de4e3df14', 'impala连接配置（host,登录名,登录密码,端口,仓库名）', '{\"source\":\"#{impala,5}\",\"global\":false,\"ignoreCase\":false,\"matchIndex\":0}', 0, 'etl-single/config/tpl/config/impala_db.properties', 'zanalytics', NULL);
INSERT INTO `source_config` VALUES ('f383c8db-8a0a-4b28-bee6-6c1847277a0e', '45a9da44-30ae-4660-a2f8-7729b3036d2e', '44e0bfcc-edfd-4d5c-a84d-615d444cee77', 'sql查询平台内网服务部署地址', '{\"source\":\"#{svr.domain.intranet.sql.www}\",\"global\":false,\"ignoreCase\":false,\"matchIndex\":0}', 0, 'nginx/nginx/conf/nginx.conf', 'realtime-1:9003', NULL);
INSERT INTO `source_config` VALUES ('f41255df-777c-4ab4-8fc2-66eb9467160c', '7c6a4ef0-7af7-40b0-aa69-99bad2d6271d', '41f4d639-5aba-4888-838a-f25459698ddb', '合并端口内网访问地址', '{\"source\":\"#{svr.domain.intranet}\",\"global\":false,\"ignoreCase\":true,\"matchIndex\":0}', 0, 'src/config.ts.tpl', 'realtime-1:80', NULL);
INSERT INTO `source_config` VALUES ('f422b695-ef3c-4fdc-8651-16fdea8e421a', '37363fe8-c813-456e-aa3a-63275a8973f9', '07fcd766-9451-4287-9e4b-f27de4e3df14', 'redis 8894端口', '{\"source\":\"#{redis_8894,2}\",\"global\":false,\"ignoreCase\":false,\"matchIndex\":0}', 0, 'etl-id-kudu/config/tpl/config/id_redis.properties', '8894', NULL);
INSERT INTO `source_config` VALUES ('f613f449-8504-424b-8ffd-08c1429dd137', '7c6a4ef0-7af7-40b0-aa69-99bad2d6271d', '41f4d639-5aba-4888-838a-f25459698ddb', '', '{\"source\":\"#{node->isSSO}\",\"global\":false,\"ignoreCase\":false,\"matchIndex\":0}', 0, 'src/config.ts.tpl', 'false', NULL);
INSERT INTO `source_config` VALUES ('f63432ff-e912-42ee-97af-1987156474ba', '37363fe8-c813-456e-aa3a-63275a8973f9', '07fcd766-9451-4287-9e4b-f27de4e3df14', '前端mysql库连接配置（host,登录名,登录密码,端口）', '{\"source\":\"#{mysql,4/3306}\",\"global\":false,\"ignoreCase\":false,\"matchIndex\":0}', 0, 'etl-paopi/config/tpl/config/front_db.properties', '3306', NULL);
INSERT INTO `source_config` VALUES ('f6def3f1-64e6-4fd5-ae4b-c0a05c41526b', '37363fe8-c813-456e-aa3a-63275a8973f9', '07fcd766-9451-4287-9e4b-f27de4e3df14', 'impala/hive元数据库连接配置（host,登录名,登录密码）', '{\"source\":\"#{mysql_hive,1}\",\"global\":false,\"ignoreCase\":false,\"matchIndex\":0}', 0, 'etl-paopi/config/tpl/config/hive_db.properties', 'realtime-1', NULL);
INSERT INTO `source_config` VALUES ('f79fe7fa-ef73-4828-b1b4-a31d7728fdba', '37363fe8-c813-456e-aa3a-63275a8973f9', '07fcd766-9451-4287-9e4b-f27de4e3df14', 'impala/hive元数据库连接配置（host,登录名,登录密码）', '{\"source\":\"#{mysql_hive,2}\",\"global\":false,\"ignoreCase\":false,\"matchIndex\":0}', 0, 'etl-paopi/config/tpl/config/hive_db.properties', 'hive', NULL);
INSERT INTO `source_config` VALUES ('f8310b76-9864-43a1-b507-c098f5a68ec8', '40e643c4-5254-4ae7-a3cb-bc7a31aeeefc', '43df9041-08b4-4179-a7d5-303f15485253', 'redis 6372端口（触达）', '{\"source\":\"#{redis_6372,3}\",\"global\":false,\"ignoreCase\":false,\"matchIndex\":0}', 0, 'config/tpl/clockwork.config', 'Sun_unix*1101', NULL);
INSERT INTO `source_config` VALUES ('f97bb3f0-1648-4aa5-9245-bfbf2bd7a7b5', '0f0dfcad-40a0-4a99-9bc6-232b4efb22d4', '50fe744e-6396-4aef-93db-cb1c31fc22d3', '数据日报开关(有日报必须有微信菜单，有微信菜单可以不用日报)', '{\"source\":\"#{webapp.show_data_daily}\",\"global\":false,\"ignoreCase\":false,\"matchIndex\":0}', 0, 'spa/config/prod.env.js.tpl', 'true', '7b541f87-00c4-455c-bf7c-23168fa9eca4');
INSERT INTO `source_config` VALUES ('fa072961-021e-445d-bde0-bbf074540523', '45a9da44-30ae-4660-a2f8-7729b3036d2e', '44e0bfcc-edfd-4d5c-a84d-615d444cee77', 'node服务（来源映射、sdk、实时概览、数据接入等）', '{\"source\":\"#{svr.domain.intranet.node}\",\"global\":false,\"ignoreCase\":false,\"matchIndex\":0}', 0, 'nginx/nginx/conf/nginx.conf-upload', 'realtime-3:9004', NULL);
INSERT INTO `source_config` VALUES ('fadeae89-ea12-4cd0-80c0-1b0f170e36a8', '0f0dfcad-40a0-4a99-9bc6-232b4efb22d4', '8d1ab3f3-5a5c-4442-81a9-336cc455ef02', '诸葛打点，0关闭，1上传至saas，2上传至私有部署', '{\"source\":\"#{webapp.use_track}\",\"global\":false,\"ignoreCase\":false,\"matchIndex\":0}', 0, 'spa/config/prod.env.js.tpl', '0', NULL);
INSERT INTO `source_config` VALUES ('fbbc0529-2529-4e6c-87c8-9a0e6f586832', '7c6a4ef0-7af7-40b0-aa69-99bad2d6271d', '41f4d639-5aba-4888-838a-f25459698ddb', 'redis 26555端口', '{\"source\":\"#{redis_26555,2}\",\"global\":false,\"ignoreCase\":true,\"matchIndex\":0}', 0, 'src/config.ts.tpl', '26555', NULL);
INSERT INTO `source_config` VALUES ('fcd73538-b61f-4689-8859-dd1ac2e4485d', '45a9da44-30ae-4660-a2f8-7729b3036d2e', '44e0bfcc-edfd-4d5c-a84d-615d444cee77', '微信内网（www）服务部署地址（默认1个）【/data/wt/www/config】', '{\"source\":\"#{svr.domain.intranet.weixin.www}\",\"global\":false,\"ignoreCase\":false,\"matchIndex\":0}', 0, 'nginx/nginx/conf/nginx.conf-upload', 'realtime-1:7715', NULL);
INSERT INTO `source_config` VALUES ('fce4a8ca-9c80-4767-8ae3-38c7e03c3795', '85866bad-811d-44af-952e-bdf1c1f1cd1a', '4a826f66-9c1d-42f7-a328-b1d84ead507f', '前端mysql库连接配置（host,登录名,登录密码,端口）', '{\"source\":\"#{mysql,2}\",\"global\":false,\"ignoreCase\":false,\"matchIndex\":0}', 0, 'config/private/tpl/config.properties', 'web', NULL);
INSERT INTO `source_config` VALUES ('fd3ce451-6763-44c8-8730-a4f9e21390a5', '37363fe8-c813-456e-aa3a-63275a8973f9', '07fcd766-9451-4287-9e4b-f27de4e3df14', 'ssdb 1218端口', '{\"source\":\"#{ssdb_1218,2}\",\"global\":false,\"ignoreCase\":false,\"matchIndex\":0}', 0, 'etl-market-cloud/config/tpl/config/redis.properties', '1218', NULL);
INSERT INTO `source_config` VALUES ('fd7eb84e-0049-4bb2-b33b-a1550792975c', '37363fe8-c813-456e-aa3a-63275a8973f9', '07fcd766-9451-4287-9e4b-f27de4e3df14', '前端mysql库连接配置（host,登录名,登录密码,端口）', '{\"source\":\"#{mysql,3}\",\"global\":false,\"ignoreCase\":false,\"matchIndex\":0}', 0, 'etl-load-cdh/config/tpl/config/front_db.properties', 'zanalytics', NULL);
INSERT INTO `source_config` VALUES ('fe049c03-5cbb-40fa-af86-c2d7988a86de', '37363fe8-c813-456e-aa3a-63275a8973f9', '07fcd766-9451-4287-9e4b-f27de4e3df14', 'redis 8895端口', '{\"source\":\"#{redis_8895,1}\",\"global\":false,\"ignoreCase\":false,\"matchIndex\":0}', 0, 'etl-dw-kudu/config/tpl/config/redis.properties', 'realtime-2', NULL);
INSERT INTO `source_config` VALUES ('fe8c9b7a-6dbc-4d8b-9dd7-7c159afd8f4a', '45a9da44-30ae-4660-a2f8-7729b3036d2e', '44e0bfcc-edfd-4d5c-a84d-615d444cee77', 'es查询服务', '{\"source\":\"#{svr.domain.intranet.es.www}\",\"global\":false,\"ignoreCase\":false,\"matchIndex\":0}', 0, 'nginx-single/nginx/conf/nginx.conf-upload', 'realtime-2:7808', NULL);
INSERT INTO `source_config` VALUES ('ff38c0af-acad-45a8-a7ce-9447e592fe3d', '68e078fb-eb3d-4659-9e38-272e35316e38', 'd2ec6358-ecfc-4afd-a19f-d82f67284927', '合并端口外网访问地址(需要加协议http(s))(填网关的)', '{\"source\":\"#{svr.domain.nginx.extranet}\",\"global\":false,\"ignoreCase\":false,\"matchIndex\":0}', 0, '.env.production.tpl', 'https://uba.it.pkpm.cn', NULL);
INSERT INTO `source_config` VALUES ('ffef273a-af4b-4830-809b-f19017e01051', 'dae89e64-2932-4bec-b3ae-4ac5be585617', '7a5c3982-1c5c-43c5-b4fa-15d9bd89fcdb', 'impala连接配置（host,登录名,登录密码,端口,仓库名）', '{\"source\":\"#{impala,2}\",\"global\":false,\"ignoreCase\":false,\"matchIndex\":0}', 0, 'docs/config/tpl/application-kpt.yml', 'admin', NULL);
INSERT INTO `source_config` VALUES ('fffcf5db-84a6-4d78-9b26-53c116cb6404', '85866bad-811d-44af-952e-bdf1c1f1cd1a', '4a826f66-9c1d-42f7-a328-b1d84ead507f', '前端mysql库连接配置（host,登录名,登录密码,端口）', '{\"source\":\"#{mysql,3}\",\"global\":false,\"ignoreCase\":false,\"matchIndex\":0}', 0, 'config/private/tpl/kudu-to-parquet.sh', 'zanalytics', NULL);
COMMIT;

-- ----------------------------
-- Table structure for source_version
-- ----------------------------
DROP TABLE IF EXISTS `source_version`;
CREATE TABLE `source_version` (
  `id` varchar(50) NOT NULL DEFAULT '',
  `source_id` varchar(50) DEFAULT NULL,
  `version` varchar(50) DEFAULT NULL COMMENT '版本号',
  `description` varchar(200) DEFAULT NULL COMMENT '版本描述信息',
  `publish_time` bigint DEFAULT NULL COMMENT '版本发布时间',
  `status` int DEFAULT NULL COMMENT '版本状态：0：废弃；1：正常；2: 归档',
  `readme_doc` text COMMENT 'readme说明文档',
  `build_doc` text COMMENT '部署文档',
  `update_doc` text COMMENT '更新文档',
  `compile_orders` text COMMENT '编译命令组。字符串数组json',
  `source_type` varchar(10) DEFAULT NULL COMMENT '版本来源类型：branch/tag/commit',
  `source_value` varchar(100) DEFAULT NULL COMMENT '版本来源值：branch/tag/commitId',
  `creator_id` varchar(50) DEFAULT NULL COMMENT '创建者id',
  `output_name` varchar(255) CHARACTER SET utf8 COLLATE utf8_general_ci DEFAULT NULL COMMENT '输出文件路径',
  `branch_id` varchar(50) DEFAULT NULL COMMENT '分支id',
  `public_type` int DEFAULT NULL COMMENT '0 git 1 下载',
  `public_git` int DEFAULT NULL,
  `build_update_doc` text COMMENT '部署更新文档',
  PRIMARY KEY (`id`),
  KEY `source_id` (`source_id`),
  KEY `creator_id` (`creator_id`),
  CONSTRAINT `source_version_ibfk_1` FOREIGN KEY (`source_id`) REFERENCES `git_source` (`id`),
  CONSTRAINT `source_version_ibfk_2` FOREIGN KEY (`creator_id`) REFERENCES `user` (`id`)
) ENGINE=InnoDB DEFAULT CHARSET=utf8mb3 COMMENT='gitSource版本';

-- ----------------------------
-- Records of source_version
-- ----------------------------
BEGIN;
INSERT INTO `source_version` VALUES ('07fcd766-9451-4287-9e4b-f27de4e3df14', '37363fe8-c813-456e-aa3a-63275a8973f9', '1.0.0', 'etl-数据解密和初步过滤', 1640755124799, 2, NULL, NULL, NULL, '[]', 'commit', '7580b07aa526171550b0c466500723cc633970ce', 'f975eb7e-cea4-4a1d-b515-7e6da94b1899', '', '2adb04c3-4559-4239-bddc-1910ec83039a', 1, NULL, NULL);
INSERT INTO `source_version` VALUES ('2129aeea-f59f-47e6-af4b-48ab8e3bc374', '04d51d81-5439-4f4b-ad95-ab0610f933ae', '1.0.0', '分析平台sdkv', 1640755119699, 2, NULL, NULL, NULL, '[]', 'commit', '719267c3afd8e0d44e79046613ca08ef71ad3ace', 'f975eb7e-cea4-4a1d-b515-7e6da94b1899', '', '0579e662-f44b-4177-b216-0654ac59d198', 1, NULL, NULL);
INSERT INTO `source_version` VALUES ('2a259bdd-cbb7-4317-b1da-a1c27ffd583d', 'c2c43a72-6413-43b6-8cc5-3707945b32f0', '1.0.0', '视屏pix', 1640755124081, 2, NULL, NULL, NULL, '[]', 'commit', '9f4e65abb42d36453aa45ff6e76289220be41df7', 'f975eb7e-cea4-4a1d-b515-7e6da94b1899', '', 'f856880f-e535-4c05-a929-82520752f49b', 1, NULL, NULL);
INSERT INTO `source_version` VALUES ('2da9b5de-74d0-4533-860f-8915766b270a', 'c901f2f3-ee26-4461-b830-7c47e4f4bd6a', '1.0.0', '虚拟应用etl', 1640755127733, 2, NULL, NULL, NULL, '[]', 'commit', 'f404d0800bdb2730eb80c4cc916e53ba661d4d3a', 'f975eb7e-cea4-4a1d-b515-7e6da94b1899', '', '487f444a-c8e0-4278-a17c-e9f8850b9312', 1, NULL, NULL);
INSERT INTO `source_version` VALUES ('40ce7785-d4d6-41bf-9d58-ed7ec7e9767c', 'cdac3b88-7578-4a0e-8151-f96627832942', '1.0.0', '营销2.0活动引擎主服务', 1640755121755, 2, NULL, NULL, NULL, '[]', 'commit', 'f02926ba208dfaf7e8b8a0212b48090c05bb2569', 'f975eb7e-cea4-4a1d-b515-7e6da94b1899', '', '50270704-f720-48a8-8777-737fdbd004ed', 1, NULL, NULL);
INSERT INTO `source_version` VALUES ('41f4d639-5aba-4888-838a-f25459698ddb', '7c6a4ef0-7af7-40b0-aa69-99bad2d6271d', '1.0.0', '分析平台node服务（来源映射、实时概览、数据接入等）', 1640755128849, 2, NULL, NULL, NULL, '[]', 'commit', 'd7d227979de26dddf5efa9d4f1fd0573f8ea128d', 'f975eb7e-cea4-4a1d-b515-7e6da94b1899', '', '40b595a4-d4d1-4cb7-9226-9776e7a56725', 1, NULL, NULL);
INSERT INTO `source_version` VALUES ('43df9041-08b4-4179-a7d5-303f15485253', '40e643c4-5254-4ae7-a3cb-bc7a31aeeefc', '1.0.0', '触达clockwork', 1640755120869, 2, NULL, NULL, NULL, '[]', 'commit', 'd4327fcc301e9f4d17652941903e16e856606fee', 'f975eb7e-cea4-4a1d-b515-7e6da94b1899', '', '6d14a0df-ace5-48c0-857b-11fb62964329', 1, NULL, NULL);
INSERT INTO `source_version` VALUES ('44e0bfcc-edfd-4d5c-a84d-615d444cee77', '45a9da44-30ae-4660-a2f8-7729b3036d2e', '1.0.0', '集群版nginx相关', 1640755116731, 2, NULL, NULL, NULL, '[]', 'commit', 'd97ea5c0b9f0e4043ed9e2c86b663690c3a43539', 'f975eb7e-cea4-4a1d-b515-7e6da94b1899', '', 'f23ef329-8be8-4b90-9013-de0f93840496', 1, NULL, NULL);
INSERT INTO `source_version` VALUES ('47bee3c6-4754-4bda-b3da-b6215fee96e1', '71671909-9834-44b3-b2eb-a0789696eeb6', '1.0.0', '维度表扩展服务', 1640755132448, 2, NULL, NULL, NULL, '[]', 'commit', '7edb591f8ca49d83892abdf2ffce1fb7c3d9d161', 'f975eb7e-cea4-4a1d-b515-7e6da94b1899', '', '330d1d81-aa72-4724-8aa8-521b5c821f3a', 1, NULL, NULL);
INSERT INTO `source_version` VALUES ('4a826f66-9c1d-42f7-a328-b1d84ead507f', '85866bad-811d-44af-952e-bdf1c1f1cd1a', '1.0.0', '视屏init', 1640755123604, 2, NULL, NULL, NULL, '[]', 'commit', '46c274fb93a67d61fb9df2007c69973fdb05ac61', 'f975eb7e-cea4-4a1d-b515-7e6da94b1899', '', '1a7dbda6-64d8-4762-957e-3e0fc685b2bc', 1, NULL, NULL);
INSERT INTO `source_version` VALUES ('50fe744e-6396-4aef-93db-cb1c31fc22d3', '0f0dfcad-40a0-4a99-9bc6-232b4efb22d4', '1.0.1', '213123', 1641308839761, 2, NULL, 'null\n # <1.0.0>更新内容\n  null', NULL, '[\"yarn --pure-lockfile\",\"npm rebuild node-sass\",\"npm run build\",\"cd spa\",\"yarn --pure-lockfile\",\"npm rebuild node-sass\",\"npm run build\"]', 'commit', '87a642c6dfdc2115495547fda44273e405dcaea2', 'f975eb7e-cea4-4a1d-b515-7e6da94b1899', '/dist', '7b541f87-00c4-455c-bf7c-23168fa9eca4', 1, NULL, NULL);
INSERT INTO `source_version` VALUES ('7a5c3982-1c5c-43c5-b4fa-15d9bd89fcdb', 'dae89e64-2932-4bec-b3ae-4ac5be585617', '1.0.0', '视屏web', 1640755123102, 2, NULL, NULL, NULL, '[]', 'commit', '531a41e6e70c2ac4fc4206e450e32add82b05e21', 'f975eb7e-cea4-4a1d-b515-7e6da94b1899', '', 'b19955a6-a909-4b56-811f-f481d1f0a3ad', 1, NULL, NULL);
INSERT INTO `source_version` VALUES ('7ff4386b-7102-411c-931e-f7e371e33dfa', '51993461-d59f-4f5b-86a6-742db1d3194a', '1.0.0', 'js sdk', 1640755131063, 2, NULL, NULL, NULL, '[]', 'commit', '6ef894866d66b13ac05e3fa606244f571965443c', 'f975eb7e-cea4-4a1d-b515-7e6da94b1899', '', '16681dcb-9b1d-4a01-b7b4-49642a8c597d', 1, NULL, NULL);
INSERT INTO `source_version` VALUES ('8d1ab3f3-5a5c-4442-81a9-336cc455ef02', '0f0dfcad-40a0-4a99-9bc6-232b4efb22d4', '1.0.0', '分析平台前端', 1640755128292, 2, NULL, NULL, NULL, '[]', 'commit', '87a642c6dfdc2115495547fda44273e405dcaea2', 'f975eb7e-cea4-4a1d-b515-7e6da94b1899', '', '7b541f87-00c4-455c-bf7c-23168fa9eca4', 1, NULL, NULL);
INSERT INTO `source_version` VALUES ('9d976e67-07e7-4463-8712-8a6de26e8a38', '8d3c85d6-4bd3-4936-9e0f-ee44cfe312ca', '1.0.0', '私有部署工具集', 1640755131497, 2, NULL, NULL, NULL, '[]', 'commit', '76429f985777052b53bf409e6e962002912a98af', 'f975eb7e-cea4-4a1d-b515-7e6da94b1899', '', 'ca325f3d-8ffb-481b-a643-1ccf2560ed37', 1, NULL, NULL);
INSERT INTO `source_version` VALUES ('ab8453b0-216d-4e01-80ce-0749a8fce3ed', '7d341f59-b0ce-4ed2-95b9-bbdfad64ab3c', '1.0.0', 'API扩展服务', 1640755131929, 2, NULL, NULL, NULL, '[]', 'commit', 'eb7966bd8c26e31d2f95b09e9ea98caae1bd2473', 'f975eb7e-cea4-4a1d-b515-7e6da94b1899', '', '79431cd1-1f56-49e2-a3ba-4f337f2160d5', 1, NULL, NULL);
INSERT INTO `source_version` VALUES ('b27b0e60-a9a0-469e-a5a6-d59d3235a5ea', '997e7123-62a2-438a-88cc-122c32965519', '1.0.0', '触达www', 1640755121301, 2, NULL, NULL, NULL, '[]', 'commit', '5c34b9c9f8b4785d9238cb6e6ab436d19c3904be', 'f975eb7e-cea4-4a1d-b515-7e6da94b1899', '', 'e3a73360-a439-4f08-bf12-201e1f3f5951', 1, NULL, NULL);
INSERT INTO `source_version` VALUES ('d2ec6358-ecfc-4afd-a19f-d82f67284927', '68e078fb-eb3d-4659-9e38-272e35316e38', '1.0.0', 'h5', 1640755130581, 2, NULL, NULL, NULL, '[]', 'commit', 'd561d32c16536b17dc85dfb4c4b9a025f473c34c', 'f975eb7e-cea4-4a1d-b515-7e6da94b1899', '', '7afe8898-2700-47ae-94e2-3d1fbf805519', 1, NULL, NULL);
INSERT INTO `source_version` VALUES ('d96de692-4e70-4d52-89f9-3d1deceeee78', '46c0879d-a25b-4f8b-bc66-610d6ed88ef4', '1.0.0', '微信', 1640755119189, 2, NULL, NULL, NULL, '[]', 'commit', '80de4af1eeb9849f61f5419032afe019830c993a', 'f975eb7e-cea4-4a1d-b515-7e6da94b1899', '', 'dfb8370a-5903-4ede-bdaa-3069b274e5b9', 1, NULL, NULL);
INSERT INTO `source_version` VALUES ('e7f7a127-f4c4-4338-8e84-9b7fc73dd4a7', '1e4058bb-b8e6-4ca9-ae31-4065365d51f1', '1.0.0', '视屏前端', 1640755129435, 2, NULL, NULL, NULL, '[]', 'commit', '645329ebc37fbb07d304dd26ab7ba1e4c037d662', 'f975eb7e-cea4-4a1d-b515-7e6da94b1899', '', 'a6effe1d-131f-4cd9-b766-e75f5f8dd09f', 1, NULL, NULL);
INSERT INTO `source_version` VALUES ('ef3e253f-ffe6-4196-8e1e-382f28f6c9d1', 'b365bc9c-2dfd-4fe1-afba-5b56d58e65a3', '1.0.0', '触达前端', 1640755130126, 2, NULL, NULL, NULL, '[]', 'commit', '0a02842f25b0d25290e1f7ad01cb54ea7309feea', 'f975eb7e-cea4-4a1d-b515-7e6da94b1899', '', 'd9b48323-f1c5-4b0a-88b5-8a0f5f73ca64', 1, NULL, NULL);
INSERT INTO `source_version` VALUES ('f099031a-7bcd-4d77-af00-8290675eb858', '2f46f470-e0ec-4119-bc84-c4d111475889', '1.0.0', '分析平台api', 1640755120410, 2, NULL, NULL, NULL, '[]', 'commit', 'fcb6679e655ab18f8b0b20bff6a4602bab81fc56', 'f975eb7e-cea4-4a1d-b515-7e6da94b1899', '', '062c1e84-d6f4-47a8-8b4e-07afdd265b1d', 1, NULL, NULL);
INSERT INTO `source_version` VALUES ('fd6a925b-de4d-440a-84a5-9e6f42c63845', 'b4779bc3-b64b-4556-8fbf-e1660abc77d7', '1.0.0', 'es建立索引数据服务', 1640755117833, 2, NULL, NULL, NULL, '[]', 'commit', 'ee0f4eada0df7ef41c5166f48a2dab5099b5e71c', 'f975eb7e-cea4-4a1d-b515-7e6da94b1899', '', '57f13728-d1cd-4d6a-abd7-a3796c344491', 1, NULL, NULL);
COMMIT;

-- ----------------------------
-- Table structure for sys
-- ----------------------------
DROP TABLE IF EXISTS `sys`;
CREATE TABLE `sys` (
  `git_token` varchar(100) DEFAULT NULL COMMENT 'git账号token，用于调用git的API',
  `git_account` varchar(100) DEFAULT NULL COMMENT 'git账号登录名',
  `inited` tinyint(1) DEFAULT NULL COMMENT '系统是否已初始化',
  `git_ssh` varchar(1000) DEFAULT NULL COMMENT 'git ssh keys',
  `git_host` varchar(100) DEFAULT NULL COMMENT 'git库host地址,用于API调用',
  `id` int(10) unsigned zerofill NOT NULL AUTO_INCREMENT,
  PRIMARY KEY (`id`)
) ENGINE=InnoDB AUTO_INCREMENT=15 DEFAULT CHARSET=utf8mb3;

-- ----------------------------
-- Records of sys
-- ----------------------------
BEGIN;
INSERT INTO `sys` VALUES ('Y7ioaQhuetsCB9UYy9py', '260245435@qq.com', 1, '21e23', 'https://gl.zhugeio.com/', 0000000014);
COMMIT;

-- ----------------------------
-- Table structure for template
-- ----------------------------
DROP TABLE IF EXISTS `template`;
CREATE TABLE `template` (
  `id` varchar(50) NOT NULL DEFAULT '' COMMENT '模板id',
  `name` varchar(100) DEFAULT NULL COMMENT '模板名称',
  `description` text CHARACTER SET utf8 COLLATE utf8_general_ci COMMENT '描述信息',
  `creator_id` varchar(50) CHARACTER SET utf8 COLLATE utf8_general_ci NOT NULL COMMENT '创建人id',
  `create_time` datetime DEFAULT NULL COMMENT '创建时间',
  `enable` int NOT NULL DEFAULT '1' COMMENT '禁用状态 0为禁用 1为启用',
  PRIMARY KEY (`id`),
  KEY `creator_id_user_id` (`creator_id`),
  CONSTRAINT `creator_id_user_id` FOREIGN KEY (`creator_id`) REFERENCES `user` (`id`)
) ENGINE=InnoDB DEFAULT CHARSET=utf8mb3;

-- ----------------------------
-- Records of template
-- ----------------------------
BEGIN;
INSERT INTO `template` VALUES ('f5651770-16d4-494b-aac7-62f8c750d945', '默认版本', '123123', 'f975eb7e-cea4-4a1d-b515-7e6da94b1899', '2022-01-04 22:53:26', 1);
INSERT INTO `template` VALUES ('fbe813ac-b0dc-4126-b48f-c71038b2554a', 'webapp测试', '请问我去', 'f975eb7e-cea4-4a1d-b515-7e6da94b1899', '2022-01-04 23:11:15', 1);
COMMIT;

-- ----------------------------
-- Table structure for template_config
-- ----------------------------
DROP TABLE IF EXISTS `template_config`;
CREATE TABLE `template_config` (
  `id` varchar(50) NOT NULL DEFAULT '',
  `template_id` varchar(50) DEFAULT NULL COMMENT '模板id',
  `template_version_id` varchar(50) DEFAULT NULL COMMENT '模板版本id',
  `template_version_git_id` varchar(50) DEFAULT NULL COMMENT '模板版本中git项id',
  `git_source_config_id` varchar(50) DEFAULT NULL COMMENT '模板版本中git项的配置项id',
  `target_value` varchar(100) CHARACTER SET utf8 COLLATE utf8_general_ci DEFAULT NULL COMMENT '默认值',
  `is_hidden` tinyint(1) NOT NULL DEFAULT '0' COMMENT '是否隐藏',
  `global_config_id` varchar(50) DEFAULT NULL COMMENT '全局配置id',
  PRIMARY KEY (`id`),
  KEY `template_id` (`template_id`),
  KEY `template_version_id` (`template_version_id`),
  KEY `template_version_git_id` (`template_version_git_id`),
  KEY `git_source_config_id` (`git_source_config_id`),
  KEY `global_config_id` (`global_config_id`),
  CONSTRAINT `template_config_ibfk_5` FOREIGN KEY (`global_config_id`) REFERENCES `template_global_config` (`id`),
  CONSTRAINT `template_config_ibfk_6` FOREIGN KEY (`template_id`) REFERENCES `template` (`id`),
  CONSTRAINT `template_config_ibfk_7` FOREIGN KEY (`template_version_id`) REFERENCES `template_version` (`id`),
  CONSTRAINT `template_config_ibfk_8` FOREIGN KEY (`template_version_git_id`) REFERENCES `template_version_git` (`id`),
  CONSTRAINT `template_config_ibfk_9` FOREIGN KEY (`git_source_config_id`) REFERENCES `source_config` (`id`)
) ENGINE=InnoDB DEFAULT CHARSET=utf8mb3 COMMENT='模板对应git源局部配置';

-- ----------------------------
-- Records of template_config
-- ----------------------------
BEGIN;
INSERT INTO `template_config` VALUES ('0002a50a-329c-41d0-9644-5c64864d6603', 'f5651770-16d4-494b-aac7-62f8c750d945', '653e10f4-9aeb-4a01-806d-f8bafbff9c51', '66a69e61-d79d-43df-aaa3-4f53c4b4093b', '48cbd4a1-01ec-48e7-94c1-d8e3505c3dbf', 'web', 0, 'dc76824b-6ea1-45eb-b9da-0589e866aefa');
INSERT INTO `template_config` VALUES ('003415ca-bedf-4eda-9747-187fec1f88fe', 'f5651770-16d4-494b-aac7-62f8c750d945', '653e10f4-9aeb-4a01-806d-f8bafbff9c51', '48e69251-46b2-4982-94eb-0846b57d7a2c', '30a5a6ed-5688-4dda-b121-2795e79e2357', 'zanalytics', 0, '55aac1c3-73fb-48d3-90ca-796161b37fb8');
INSERT INTO `template_config` VALUES ('00505b83-1f99-4a65-879f-b8ccb7e9089f', 'f5651770-16d4-494b-aac7-62f8c750d945', '653e10f4-9aeb-4a01-806d-f8bafbff9c51', 'b55a185a-77ff-4b98-a2bb-927fd202ec85', 'f8310b76-9864-43a1-b507-c098f5a68ec8', 'Sun_unix*1101', 0, 'a28bdb89-e67f-411f-9b09-b22292a3a5a8');
INSERT INTO `template_config` VALUES ('0073d188-deb4-440f-b531-05c45e94da76', 'f5651770-16d4-494b-aac7-62f8c750d945', '653e10f4-9aeb-4a01-806d-f8bafbff9c51', '66610320-d4b3-4b28-bfaa-288ddd9a13a9', 'c4537988-126d-4a28-a1ac-3a33ee1865a8', 'realtime-1:8080', 0, '46d7cd5f-4ddf-4da4-b1ee-b31335a73721');
INSERT INTO `template_config` VALUES ('01d2b76c-878a-433d-81c0-d5dca2ec8b5a', 'f5651770-16d4-494b-aac7-62f8c750d945', '653e10f4-9aeb-4a01-806d-f8bafbff9c51', 'fa3bd1ff-0b0d-4dc3-81ea-d3c1e97136bc', '6fe1b29a-dc43-468f-a217-7d697ff6df3d', 'https://uba.it.pkpm.cn', 0, '811937f4-6fb8-4430-b95e-cf874ff053ba');
INSERT INTO `template_config` VALUES ('0219bbfb-5989-4da6-b9e2-6ff580af8a17', 'f5651770-16d4-494b-aac7-62f8c750d945', '653e10f4-9aeb-4a01-806d-f8bafbff9c51', '66a69e61-d79d-43df-aaa3-4f53c4b4093b', 'a5d4a343-7b5b-4255-a717-dbe30f3c44b8', 'realtime-2', 0, '64b2dcc2-120d-4b00-9f4a-5778eabab4bf');
INSERT INTO `template_config` VALUES ('029f7022-9ce0-4621-88c0-c31abca6d424', 'f5651770-16d4-494b-aac7-62f8c750d945', '653e10f4-9aeb-4a01-806d-f8bafbff9c51', 'b55a185a-77ff-4b98-a2bb-927fd202ec85', '41c9221e-a726-4467-8452-d8dcde5f5a7f', 'realtime-2', 0, '64b2dcc2-120d-4b00-9f4a-5778eabab4bf');
INSERT INTO `template_config` VALUES ('0362da7f-13a7-4307-9718-c7c271de4383', 'f5651770-16d4-494b-aac7-62f8c750d945', '653e10f4-9aeb-4a01-806d-f8bafbff9c51', 'f378536f-c37d-4b48-8231-ac118829b0ec', 'e9f5b616-b7c6-4155-bc75-f1d26e36cb8a', 'zanalytics', 0, '55aac1c3-73fb-48d3-90ca-796161b37fb8');
INSERT INTO `template_config` VALUES ('038f0094-011b-4443-8454-a9c0c9f5e73c', 'f5651770-16d4-494b-aac7-62f8c750d945', '653e10f4-9aeb-4a01-806d-f8bafbff9c51', '66610320-d4b3-4b28-bfaa-288ddd9a13a9', '7180708d-33db-47a5-b669-b2928f63202a', 'zanalytics', 0, '55aac1c3-73fb-48d3-90ca-796161b37fb8');
INSERT INTO `template_config` VALUES ('03b6b664-7fce-4827-bb60-a8e341817d71', 'f5651770-16d4-494b-aac7-62f8c750d945', '653e10f4-9aeb-4a01-806d-f8bafbff9c51', '66a69e61-d79d-43df-aaa3-4f53c4b4093b', '2f888da7-19a0-48da-b343-a8ff749112bf', NULL, 0, NULL);
INSERT INTO `template_config` VALUES ('03d7df41-9775-4b73-a343-25a067f3403d', 'f5651770-16d4-494b-aac7-62f8c750d945', '653e10f4-9aeb-4a01-806d-f8bafbff9c51', '66a69e61-d79d-43df-aaa3-4f53c4b4093b', '61665a99-31eb-4282-8b70-a4e135cf0d8f', NULL, 0, NULL);
INSERT INTO `template_config` VALUES ('045de411-bc5e-4a09-9d70-13521eaea9bb', 'fbe813ac-b0dc-4126-b48f-c71038b2554a', '83798ffa-99c5-4d27-9397-3d7e81985ca2', '9fd43ada-748a-4aec-9016-595e1abf8fd8', 'efaf72bc-338e-4911-8011-c5286614d0df', 'false', 0, NULL);
INSERT INTO `template_config` VALUES ('04d49f47-ab05-4b8b-b5b0-21b31dcb0adb', 'f5651770-16d4-494b-aac7-62f8c750d945', '653e10f4-9aeb-4a01-806d-f8bafbff9c51', '66610320-d4b3-4b28-bfaa-288ddd9a13a9', '992a30f2-d005-4c7e-8637-07bfc93b2e11', 'realtime-1', 0, '9f6400a4-56c6-40d3-a498-8dd09ded125b');
INSERT INTO `template_config` VALUES ('06399242-c601-452c-a66a-58d0c350f5e2', 'f5651770-16d4-494b-aac7-62f8c750d945', '653e10f4-9aeb-4a01-806d-f8bafbff9c51', 'b61315d4-f360-41e3-bf73-e0e8d4e737a3', '6f5caddf-9b71-4adb-a93d-7f51b314442f', 'wx0560f4a03bb55172', 0, NULL);
INSERT INTO `template_config` VALUES ('0644be81-7263-4d77-b953-2cd88ca249a2', 'f5651770-16d4-494b-aac7-62f8c750d945', '653e10f4-9aeb-4a01-806d-f8bafbff9c51', '66610320-d4b3-4b28-bfaa-288ddd9a13a9', '39adf6f1-e067-4eb5-9acc-2ad6aa14fd11', '3306', 0, 'ec7539e1-dbbc-47f9-94fa-7e02dd0d610f');
INSERT INTO `template_config` VALUES ('064bd824-c7e7-41f4-90ad-0f57f2e37830', 'f5651770-16d4-494b-aac7-62f8c750d945', '653e10f4-9aeb-4a01-806d-f8bafbff9c51', '4106cadf-5026-44dd-814b-76df03001a1b', '99025e19-ab76-4f2b-b83b-0bb969df6479', 'zanalytics', 0, '55aac1c3-73fb-48d3-90ca-796161b37fb8');
INSERT INTO `template_config` VALUES ('0713758e-491c-4198-a090-42552a36f7a8', 'f5651770-16d4-494b-aac7-62f8c750d945', '653e10f4-9aeb-4a01-806d-f8bafbff9c51', '66a69e61-d79d-43df-aaa3-4f53c4b4093b', '612decc1-52f4-4385-b8bf-2c0d17e05e61', 'realtime-1', 0, '9f6400a4-56c6-40d3-a498-8dd09ded125b');
INSERT INTO `template_config` VALUES ('07bed547-a494-4fba-848c-2ad4fba63fbc', 'f5651770-16d4-494b-aac7-62f8c750d945', '653e10f4-9aeb-4a01-806d-f8bafbff9c51', '66610320-d4b3-4b28-bfaa-288ddd9a13a9', '99d7d2ea-2387-4faf-be89-e76ef0918312', 'web', 0, 'dc76824b-6ea1-45eb-b9da-0589e866aefa');
INSERT INTO `template_config` VALUES ('0854820d-33e5-4ab8-921f-2fb282d9f92c', 'f5651770-16d4-494b-aac7-62f8c750d945', '653e10f4-9aeb-4a01-806d-f8bafbff9c51', '66a69e61-d79d-43df-aaa3-4f53c4b4093b', '7fdbce0f-88d8-411a-8d5b-620cf6e36923', '6379', 0, '60ed50b8-cd83-40ad-b634-bff73d3fec04');
INSERT INTO `template_config` VALUES ('087d3e6a-db06-455a-99b3-5a1a05c57dc4', 'f5651770-16d4-494b-aac7-62f8c750d945', '653e10f4-9aeb-4a01-806d-f8bafbff9c51', '66a69e61-d79d-43df-aaa3-4f53c4b4093b', '45a1a3ad-1717-4aea-8970-c3830911c133', 'realtime-2', 0, '64b2dcc2-120d-4b00-9f4a-5778eabab4bf');
INSERT INTO `template_config` VALUES ('098f1838-784f-40bb-ad3c-3fb8d4810ff8', 'f5651770-16d4-494b-aac7-62f8c750d945', '653e10f4-9aeb-4a01-806d-f8bafbff9c51', '48e69251-46b2-4982-94eb-0846b57d7a2c', 'ed9ccb03-60d0-48ac-b931-622378212208', 'web', 0, 'dc76824b-6ea1-45eb-b9da-0589e866aefa');
INSERT INTO `template_config` VALUES ('09cefb24-13f7-4b30-b22f-0ed288931f3b', 'f5651770-16d4-494b-aac7-62f8c750d945', '653e10f4-9aeb-4a01-806d-f8bafbff9c51', '7803ac39-7d92-483c-be23-e0924ccb2394', '1df5b8fe-e3c2-4ff8-a015-e5d5e0df9e00', 'zg_see_pix', 0, NULL);
INSERT INTO `template_config` VALUES ('0a8abea6-9a33-4cd5-90e6-0a3c088b32aa', 'f5651770-16d4-494b-aac7-62f8c750d945', '653e10f4-9aeb-4a01-806d-f8bafbff9c51', '66a69e61-d79d-43df-aaa3-4f53c4b4093b', '2a3c686a-efa0-420d-b967-a0bbbcae0f89', 'realtime-2', 0, '64b2dcc2-120d-4b00-9f4a-5778eabab4bf');
INSERT INTO `template_config` VALUES ('0aeb2770-323a-4221-95d8-6e174de23222', 'fbe813ac-b0dc-4126-b48f-c71038b2554a', '83798ffa-99c5-4d27-9397-3d7e81985ca2', '9fd43ada-748a-4aec-9016-595e1abf8fd8', '7caa7c46-8a2d-485b-b709-0d961fb41566', '/analysis/api', 0, NULL);
INSERT INTO `template_config` VALUES ('0c1f294e-4351-4e6d-a87e-a089b8a1131a', 'f5651770-16d4-494b-aac7-62f8c750d945', '653e10f4-9aeb-4a01-806d-f8bafbff9c51', '66610320-d4b3-4b28-bfaa-288ddd9a13a9', '9d157ae8-8c46-42c2-a95d-6420c0f98b42', 'realtime-2:7713', 0, NULL);
INSERT INTO `template_config` VALUES ('0d1afa60-38ab-41ff-9e78-2d96399dc34c', 'f5651770-16d4-494b-aac7-62f8c750d945', '653e10f4-9aeb-4a01-806d-f8bafbff9c51', 'b55a185a-77ff-4b98-a2bb-927fd202ec85', '72b5e370-282a-4030-aec5-e8253b1e1ea5', '3306', 0, 'ec7539e1-dbbc-47f9-94fa-7e02dd0d610f');
INSERT INTO `template_config` VALUES ('0d227124-54b2-4c03-a804-ef68246d6ab2', 'f5651770-16d4-494b-aac7-62f8c750d945', '653e10f4-9aeb-4a01-806d-f8bafbff9c51', '66a69e61-d79d-43df-aaa3-4f53c4b4093b', 'cdcb93e4-1742-42fe-8a3e-d96c58b6fab4', 'realtime-1', 0, '9f6400a4-56c6-40d3-a498-8dd09ded125b');
INSERT INTO `template_config` VALUES ('0d4372d8-ca19-40b9-a9dd-e503b3401b9a', 'fbe813ac-b0dc-4126-b48f-c71038b2554a', '83798ffa-99c5-4d27-9397-3d7e81985ca2', '9fd43ada-748a-4aec-9016-595e1abf8fd8', 'de2c2d63-eaf5-4098-a8a3-ff44282da7fc', 'https://uba.it.pkpm.cn', 0, NULL);
INSERT INTO `template_config` VALUES ('0dddabf5-0002-4f4d-89d0-496f4339091e', 'f5651770-16d4-494b-aac7-62f8c750d945', '653e10f4-9aeb-4a01-806d-f8bafbff9c51', '02d4e660-8d31-4090-8506-d49f3399a7ed', '7bf8dc8f-c23d-472c-b2af-cdb5b9de149b', 'web', 0, 'dc76824b-6ea1-45eb-b9da-0589e866aefa');
INSERT INTO `template_config` VALUES ('0efe76b5-9908-434d-b0c4-182fb6350cd5', 'fbe813ac-b0dc-4126-b48f-c71038b2554a', '83798ffa-99c5-4d27-9397-3d7e81985ca2', '9fd43ada-748a-4aec-9016-595e1abf8fd8', '402168b8-4146-43ce-bffc-933f4702f0cf', 'false', 0, NULL);
INSERT INTO `template_config` VALUES ('0f99e79f-b299-4567-a260-bb709006cdcd', 'f5651770-16d4-494b-aac7-62f8c750d945', '653e10f4-9aeb-4a01-806d-f8bafbff9c51', '66610320-d4b3-4b28-bfaa-288ddd9a13a9', 'aae322cf-53f6-4c13-b006-c6bb2f9c7f3d', 'realtime-1:8800', 0, 'af661156-e877-4b58-a0b9-ef0be108fca9');
INSERT INTO `template_config` VALUES ('0fcabac8-a3f2-4973-9abb-388cd295d709', 'f5651770-16d4-494b-aac7-62f8c750d945', '653e10f4-9aeb-4a01-806d-f8bafbff9c51', 'fa3bd1ff-0b0d-4dc3-81ea-d3c1e97136bc', '52a4948f-96aa-4670-a8e3-25abf31d70b7', '3306', 0, 'ec7539e1-dbbc-47f9-94fa-7e02dd0d610f');
INSERT INTO `template_config` VALUES ('10b49905-2eb2-4fdb-8514-645df50f2d2e', 'f5651770-16d4-494b-aac7-62f8c750d945', '653e10f4-9aeb-4a01-806d-f8bafbff9c51', '48e69251-46b2-4982-94eb-0846b57d7a2c', '453cbd03-f1cc-4cf1-a1a2-c5731684491a', 'zanalytics', 0, '55aac1c3-73fb-48d3-90ca-796161b37fb8');
INSERT INTO `template_config` VALUES ('11379100-bb44-4b2b-bf25-b9f072db7905', 'f5651770-16d4-494b-aac7-62f8c750d945', '653e10f4-9aeb-4a01-806d-f8bafbff9c51', '48e69251-46b2-4982-94eb-0846b57d7a2c', 'e6622ae8-6336-4c1f-879b-3aded686f9e4', 'admin', 0, 'ee9616dc-725c-40f8-9a85-2435adf31b77');
INSERT INTO `template_config` VALUES ('11b2aa40-b1d7-481b-a5d8-8e1ecf7a1d4f', 'f5651770-16d4-494b-aac7-62f8c750d945', '653e10f4-9aeb-4a01-806d-f8bafbff9c51', '66defc4c-0903-4289-8dc2-3c3e27901ad9', 'aa299e33-3511-4e1e-8abf-3352fd74c0e1', NULL, 0, NULL);
INSERT INTO `template_config` VALUES ('1293931c-0144-4b22-90c9-3224d76101dd', 'f5651770-16d4-494b-aac7-62f8c750d945', '653e10f4-9aeb-4a01-806d-f8bafbff9c51', '66610320-d4b3-4b28-bfaa-288ddd9a13a9', '07810dbf-6497-435f-a759-fd03544323c4', 'realtime-1', 0, '9f6400a4-56c6-40d3-a498-8dd09ded125b');
INSERT INTO `template_config` VALUES ('130c196b-c656-46d4-9598-8b390d1a4457', 'f5651770-16d4-494b-aac7-62f8c750d945', '653e10f4-9aeb-4a01-806d-f8bafbff9c51', '66a69e61-d79d-43df-aaa3-4f53c4b4093b', '7ceb168e-b0fc-4f5e-a26e-3669413d2bb6', 'zanalytics', 0, '55aac1c3-73fb-48d3-90ca-796161b37fb8');
INSERT INTO `template_config` VALUES ('135707b3-1aeb-461d-8a9f-43792e895a0b', 'fbe813ac-b0dc-4126-b48f-c71038b2554a', '83798ffa-99c5-4d27-9397-3d7e81985ca2', '9fd43ada-748a-4aec-9016-595e1abf8fd8', '67dcaea1-3480-4870-a26a-5797d452a330', '/webapp/', 0, NULL);
INSERT INTO `template_config` VALUES ('146a4b00-a322-43b1-9b2f-ef8e1291aaf4', 'fbe813ac-b0dc-4126-b48f-c71038b2554a', '83798ffa-99c5-4d27-9397-3d7e81985ca2', '9fd43ada-748a-4aec-9016-595e1abf8fd8', 'd80da916-a2d5-4e98-8ff0-82aae8173cf8', 'true', 0, NULL);
INSERT INTO `template_config` VALUES ('14d1be27-b068-4f1e-a3db-ba15cdf75a6f', 'f5651770-16d4-494b-aac7-62f8c750d945', '653e10f4-9aeb-4a01-806d-f8bafbff9c51', '66a69e61-d79d-43df-aaa3-4f53c4b4093b', 'ce20ff72-72d8-441f-bc2b-5fff4d2e529c', 'zanalytics', 0, '55aac1c3-73fb-48d3-90ca-796161b37fb8');
INSERT INTO `template_config` VALUES ('1525ac41-dbf4-43fd-8890-8613d4dfd9f9', 'fbe813ac-b0dc-4126-b48f-c71038b2554a', '83798ffa-99c5-4d27-9397-3d7e81985ca2', '9fd43ada-748a-4aec-9016-595e1abf8fd8', '83212858-73d2-4f06-b084-0613228bfe71', 'false', 0, NULL);
INSERT INTO `template_config` VALUES ('154084eb-5284-4299-ab0d-133f0786be85', 'f5651770-16d4-494b-aac7-62f8c750d945', '653e10f4-9aeb-4a01-806d-f8bafbff9c51', '66610320-d4b3-4b28-bfaa-288ddd9a13a9', '4986066a-d607-4eb3-a8c7-f3ce8df33081', 'realtime-3:18001', 0, '9ad87cb7-64c7-46b3-8077-10973c010c70');
INSERT INTO `template_config` VALUES ('15599b1b-1bd9-4e58-b91e-4c402ca52dbe', 'f5651770-16d4-494b-aac7-62f8c750d945', '653e10f4-9aeb-4a01-806d-f8bafbff9c51', 'b55a185a-77ff-4b98-a2bb-927fd202ec85', 'f1c56779-5f1e-417b-b437-fde0788e97a7', '9d3266fd556a4db7b9616d385f8bdf8f', 0, NULL);
INSERT INTO `template_config` VALUES ('157f9603-3c31-440a-afb4-4a075dde112b', 'f5651770-16d4-494b-aac7-62f8c750d945', '653e10f4-9aeb-4a01-806d-f8bafbff9c51', '66a69e61-d79d-43df-aaa3-4f53c4b4093b', '42643e07-7052-4912-9569-63c3e7fe4450', '3306', 0, 'ec7539e1-dbbc-47f9-94fa-7e02dd0d610f');
INSERT INTO `template_config` VALUES ('158b70c8-bf7c-4c81-82f6-7be695c2f29a', 'fbe813ac-b0dc-4126-b48f-c71038b2554a', '83798ffa-99c5-4d27-9397-3d7e81985ca2', '9fd43ada-748a-4aec-9016-595e1abf8fd8', '2c311716-437f-4d5c-831f-c99540d6a584', 'zhuge', 0, NULL);
INSERT INTO `template_config` VALUES ('15ca0827-a6d2-434c-8546-61a97483dfa0', 'f5651770-16d4-494b-aac7-62f8c750d945', '653e10f4-9aeb-4a01-806d-f8bafbff9c51', '66a69e61-d79d-43df-aaa3-4f53c4b4093b', 'fd3ce451-6763-44c8-8730-a4f9e21390a5', '1218', 0, NULL);
INSERT INTO `template_config` VALUES ('16fcd134-fecc-4c1b-b122-0bbd2986d945', 'f5651770-16d4-494b-aac7-62f8c750d945', '653e10f4-9aeb-4a01-806d-f8bafbff9c51', '48e69251-46b2-4982-94eb-0846b57d7a2c', '5dfcd44a-3a78-4997-b801-2722880b5793', 'realtime-1', 0, '9f6400a4-56c6-40d3-a498-8dd09ded125b');
INSERT INTO `template_config` VALUES ('173430fa-21e2-47a4-80ae-69270a07495f', 'f5651770-16d4-494b-aac7-62f8c750d945', '653e10f4-9aeb-4a01-806d-f8bafbff9c51', 'dc62e1ce-57a3-4325-82f5-0418e04189fe', '1edd9ade-fe8d-4b81-b51d-cbf89f6f39b3', 'realtime-mkt:1920', 0, 'def7e996-19f5-4501-af85-fe5b0c5ce613');
INSERT INTO `template_config` VALUES ('173a9181-c58d-436a-bcb9-b9c95f7ad994', 'f5651770-16d4-494b-aac7-62f8c750d945', '653e10f4-9aeb-4a01-806d-f8bafbff9c51', 'dc62e1ce-57a3-4325-82f5-0418e04189fe', '32ce1880-5192-4995-ad28-abaa738fea08', 'realtime-mkt:1926', 0, '059bf235-a04e-4308-b8b5-a1478ad45a2a');
INSERT INTO `template_config` VALUES ('1748a1be-b0f6-471f-9263-95ec2dbd271c', 'f5651770-16d4-494b-aac7-62f8c750d945', '653e10f4-9aeb-4a01-806d-f8bafbff9c51', '66a69e61-d79d-43df-aaa3-4f53c4b4093b', 'c5a1eced-f0e3-41a1-b043-09a2edd330c6', 'Sun_unix*1101', 0, 'a28bdb89-e67f-411f-9b09-b22292a3a5a8');
INSERT INTO `template_config` VALUES ('17c3fc91-7231-4f86-902e-db45c751821c', 'f5651770-16d4-494b-aac7-62f8c750d945', '653e10f4-9aeb-4a01-806d-f8bafbff9c51', '66a69e61-d79d-43df-aaa3-4f53c4b4093b', '08fbe034-69d4-4633-baa8-ef483cf4cb44', '3306', 0, 'ec7539e1-dbbc-47f9-94fa-7e02dd0d610f');
INSERT INTO `template_config` VALUES ('1816549e-94f4-4c76-9d88-ece56b4d17da', 'f5651770-16d4-494b-aac7-62f8c750d945', '653e10f4-9aeb-4a01-806d-f8bafbff9c51', '66a69e61-d79d-43df-aaa3-4f53c4b4093b', '1baa6954-71b0-41c4-8ba8-cd87812aea31', 'realtime-1:9092,realtime-2:9092,realtime-3:9092', 0, 'e530a8d4-fcfb-4d57-968f-cf94b950ddc1');
INSERT INTO `template_config` VALUES ('1852d003-61a5-4bbc-a86e-5333a799df25', 'f5651770-16d4-494b-aac7-62f8c750d945', '653e10f4-9aeb-4a01-806d-f8bafbff9c51', '66a69e61-d79d-43df-aaa3-4f53c4b4093b', '554d7eb5-f18e-44e8-a243-3cc0bdeb3248', 'realtime-1:9092,realtime-2:9092,realtime-3:9092', 0, 'e530a8d4-fcfb-4d57-968f-cf94b950ddc1');
INSERT INTO `template_config` VALUES ('18ef7bba-e5ca-451e-b18e-90cf63e1e114', 'f5651770-16d4-494b-aac7-62f8c750d945', '653e10f4-9aeb-4a01-806d-f8bafbff9c51', '9feb3c99-8ac7-4fc6-b108-3235a8079ea0', '892c95ca-96e0-44cf-93a7-453c3de40a23', '/market/', 0, NULL);
INSERT INTO `template_config` VALUES ('1a38f40c-18c7-4f32-a602-29a31231ea31', 'f5651770-16d4-494b-aac7-62f8c750d945', '653e10f4-9aeb-4a01-806d-f8bafbff9c51', 'fcdced84-8bf9-420a-abf8-84efbe1cb590', '2cb22230-2410-4b0b-bb08-0254ca29876a', 'https://uba.it.pkpm.cn', 0, '811937f4-6fb8-4430-b95e-cf874ff053ba');
INSERT INTO `template_config` VALUES ('1b1f4990-d792-4cc7-9218-512f0ab674ca', 'f5651770-16d4-494b-aac7-62f8c750d945', '653e10f4-9aeb-4a01-806d-f8bafbff9c51', 'a2465b6a-9351-417f-98ba-0b9f5b991436', '917f16a9-b411-4a52-9c86-597db02c4713', '', 0, NULL);
INSERT INTO `template_config` VALUES ('1b5b7e9a-d75a-4dc9-8dac-aa5a083c5e52', 'f5651770-16d4-494b-aac7-62f8c750d945', '653e10f4-9aeb-4a01-806d-f8bafbff9c51', '66a69e61-d79d-43df-aaa3-4f53c4b4093b', 'f79fe7fa-ef73-4828-b1b4-a31d7728fdba', 'hive', 0, NULL);
INSERT INTO `template_config` VALUES ('1d5aeb17-4685-47f6-bf3a-eed5f024ac17', 'f5651770-16d4-494b-aac7-62f8c750d945', '653e10f4-9aeb-4a01-806d-f8bafbff9c51', 'fa3bd1ff-0b0d-4dc3-81ea-d3c1e97136bc', '3baf71d9-fca9-41a0-8c83-2c5d76222daf', '9d3266fd556a4db7b9616d385f8bdf8f', 0, NULL);
INSERT INTO `template_config` VALUES ('1dacdf11-b775-4728-b60e-3ae4be58d45c', 'f5651770-16d4-494b-aac7-62f8c750d945', '653e10f4-9aeb-4a01-806d-f8bafbff9c51', '66a69e61-d79d-43df-aaa3-4f53c4b4093b', '9b6a10d8-49ed-4112-9ce8-21e5c44696cc', 'realtime-1:7051,realtime-2:7051,realtime-3:7051', 0, '1b4fdb5d-c837-4722-a672-5b3e818f6243');
INSERT INTO `template_config` VALUES ('1db5fb6a-607b-4278-8e5b-b24b446404ec', 'f5651770-16d4-494b-aac7-62f8c750d945', '653e10f4-9aeb-4a01-806d-f8bafbff9c51', 'fa3bd1ff-0b0d-4dc3-81ea-d3c1e97136bc', '32ff8d2a-9791-460d-8778-4aba281a6f08', 'realtime-1', 0, '9f6400a4-56c6-40d3-a498-8dd09ded125b');
INSERT INTO `template_config` VALUES ('1dc559c6-ade8-4e69-942d-27dc4398edf8', 'f5651770-16d4-494b-aac7-62f8c750d945', '653e10f4-9aeb-4a01-806d-f8bafbff9c51', '66610320-d4b3-4b28-bfaa-288ddd9a13a9', '769d092f-cd4d-4c81-b2ac-dea99cd313d5', 'realtime-2:7713', 0, NULL);
INSERT INTO `template_config` VALUES ('1fd341a9-0369-4c64-b630-d0da23231ba9', 'f5651770-16d4-494b-aac7-62f8c750d945', '653e10f4-9aeb-4a01-806d-f8bafbff9c51', 'b55a185a-77ff-4b98-a2bb-927fd202ec85', 'e0e7fab5-ac9f-4144-b06e-9e3ea1d5e490', '8888', 0, '3e5d0553-4712-4cfd-82f5-2b826e967acb');
INSERT INTO `template_config` VALUES ('1ff76276-bc26-4c84-a253-162575fb5870', 'f5651770-16d4-494b-aac7-62f8c750d945', '653e10f4-9aeb-4a01-806d-f8bafbff9c51', '66a69e61-d79d-43df-aaa3-4f53c4b4093b', 'be51df48-205e-4982-87d4-e7849c608d0c', '26480', 0, 'd6b2c5ff-7453-4833-a173-d311122fceb6');
INSERT INTO `template_config` VALUES ('20b3a9c0-9724-457c-88fd-35aa3a5ac2c1', 'f5651770-16d4-494b-aac7-62f8c750d945', '653e10f4-9aeb-4a01-806d-f8bafbff9c51', '66610320-d4b3-4b28-bfaa-288ddd9a13a9', 'ef78adac-ce01-4d65-b133-e0ccba7b4281', 'realtime-2:18001', 0, '2f93151f-1108-45dd-b3c8-9716b5f31d7d');
INSERT INTO `template_config` VALUES ('215173dd-da69-48c2-b7ed-f97a17ce9d81', 'f5651770-16d4-494b-aac7-62f8c750d945', '653e10f4-9aeb-4a01-806d-f8bafbff9c51', 'a2465b6a-9351-417f-98ba-0b9f5b991436', '79b8bb03-18e4-4396-b820-c01038f58046', 'uba.it.pkpm.cn', 0, NULL);
INSERT INTO `template_config` VALUES ('21645181-9010-4ab5-a771-4e02cb914c95', 'f5651770-16d4-494b-aac7-62f8c750d945', '653e10f4-9aeb-4a01-806d-f8bafbff9c51', '4106cadf-5026-44dd-814b-76df03001a1b', '8ff8be65-53df-4392-8082-079ef6d6e859', 'realtime-1', 0, '9f6400a4-56c6-40d3-a498-8dd09ded125b');
INSERT INTO `template_config` VALUES ('21c54767-514d-438f-ba5f-24ccbcb5633a', 'f5651770-16d4-494b-aac7-62f8c750d945', '653e10f4-9aeb-4a01-806d-f8bafbff9c51', 'b55a185a-77ff-4b98-a2bb-927fd202ec85', 'e41a6f4d-f3a1-4aac-a868-11bc497fb5ab', '1218', 0, NULL);
INSERT INTO `template_config` VALUES ('229ac2a5-b47b-4ad1-ad64-6e6ec8f4b6ae', 'f5651770-16d4-494b-aac7-62f8c750d945', '653e10f4-9aeb-4a01-806d-f8bafbff9c51', 'b55a185a-77ff-4b98-a2bb-927fd202ec85', '040df7d1-af7c-4056-9e1a-8e59b7ed713b', '1217', 0, NULL);
INSERT INTO `template_config` VALUES ('22afca0b-672b-464a-a8de-490affb43d66', 'f5651770-16d4-494b-aac7-62f8c750d945', '653e10f4-9aeb-4a01-806d-f8bafbff9c51', 'a2465b6a-9351-417f-98ba-0b9f5b991436', '83273d70-3d84-4cce-b13c-14f2894aa07c', '数据分析', 0, 'd64740ec-69e3-4d65-8984-cfd238eaa6b9');
INSERT INTO `template_config` VALUES ('233b7c3e-f5f9-4b1e-a64a-6c16caa4f479', 'f5651770-16d4-494b-aac7-62f8c750d945', '653e10f4-9aeb-4a01-806d-f8bafbff9c51', 'a2465b6a-9351-417f-98ba-0b9f5b991436', '082a6f01-0a85-468a-85c1-02285c644fec', 'https://uba.it.pkpm.cn', 0, '811937f4-6fb8-4430-b95e-cf874ff053ba');
INSERT INTO `template_config` VALUES ('2352eced-a830-4cb7-a1a3-6cf05e67331d', 'f5651770-16d4-494b-aac7-62f8c750d945', '653e10f4-9aeb-4a01-806d-f8bafbff9c51', 'a2465b6a-9351-417f-98ba-0b9f5b991436', 'bc9dab63-60c0-4c16-aa1b-465420a97ea6', '数据分析', 0, 'd64740ec-69e3-4d65-8984-cfd238eaa6b9');
INSERT INTO `template_config` VALUES ('2400f8eb-4add-48f4-9086-68ba8743ee5b', 'f5651770-16d4-494b-aac7-62f8c750d945', '653e10f4-9aeb-4a01-806d-f8bafbff9c51', 'fa3bd1ff-0b0d-4dc3-81ea-d3c1e97136bc', '7c90a1a6-c561-425f-878a-21f676bf2a67', 'realtime-1', 0, '9f6400a4-56c6-40d3-a498-8dd09ded125b');
INSERT INTO `template_config` VALUES ('24653a8b-f5cf-4f26-9198-b08350d31c7b', 'f5651770-16d4-494b-aac7-62f8c750d945', '653e10f4-9aeb-4a01-806d-f8bafbff9c51', 'a2465b6a-9351-417f-98ba-0b9f5b991436', 'ca908e2c-8f31-4abc-adb4-9b036059485a', 'true', 0, '8e46ac3c-9129-431f-a197-34e5b692b42a');
INSERT INTO `template_config` VALUES ('2573f7a6-4b0f-4e49-b7c0-a0f6f5a38fa8', 'f5651770-16d4-494b-aac7-62f8c750d945', '653e10f4-9aeb-4a01-806d-f8bafbff9c51', '66defc4c-0903-4289-8dc2-3c3e27901ad9', '914ad8dd-150c-432a-a443-7625c4cc73ff', '9200', 0, 'e2d1b5eb-4018-480e-8fae-44c2b706adbd');
INSERT INTO `template_config` VALUES ('2638107d-5f33-465b-951a-a84691f1ca65', 'f5651770-16d4-494b-aac7-62f8c750d945', '653e10f4-9aeb-4a01-806d-f8bafbff9c51', '9feb3c99-8ac7-4fc6-b108-3235a8079ea0', 'ad5a709e-9e61-4316-8b1a-30539c29914c', 'true', 0, '8e46ac3c-9129-431f-a197-34e5b692b42a');
INSERT INTO `template_config` VALUES ('2649d569-a268-426e-8835-2151437d4686', 'f5651770-16d4-494b-aac7-62f8c750d945', '653e10f4-9aeb-4a01-806d-f8bafbff9c51', '66a69e61-d79d-43df-aaa3-4f53c4b4093b', '3db3bfd1-eb86-4b95-88d0-5ae7d67dab21', '3306', 0, 'ec7539e1-dbbc-47f9-94fa-7e02dd0d610f');
INSERT INTO `template_config` VALUES ('264a7689-6d06-4361-a243-8f001366bc36', 'f5651770-16d4-494b-aac7-62f8c750d945', '653e10f4-9aeb-4a01-806d-f8bafbff9c51', '66a69e61-d79d-43df-aaa3-4f53c4b4093b', '024fc745-2069-49a0-9983-9827de10beb2', 'Sun_unix*1101', 0, 'a28bdb89-e67f-411f-9b09-b22292a3a5a8');
INSERT INTO `template_config` VALUES ('2697f036-1faf-45b5-93ce-bc92ee1fd5b6', 'f5651770-16d4-494b-aac7-62f8c750d945', '653e10f4-9aeb-4a01-806d-f8bafbff9c51', '66a69e61-d79d-43df-aaa3-4f53c4b4093b', '0abc97eb-1c72-47ea-9b7f-3210d25a8d3a', '21050', 0, '35f80d60-dc89-4252-9833-ccf0bdc647ed');
INSERT INTO `template_config` VALUES ('272fa8ff-1de9-45cd-9c58-98efcddba201', 'f5651770-16d4-494b-aac7-62f8c750d945', '653e10f4-9aeb-4a01-806d-f8bafbff9c51', 'b61315d4-f360-41e3-bf73-e0e8d4e737a3', 'ba7bdf4a-d101-48b5-91d1-adf950726759', '', 0, NULL);
INSERT INTO `template_config` VALUES ('27549d8b-46e7-488e-8458-5ab5ecdba2d7', 'f5651770-16d4-494b-aac7-62f8c750d945', '653e10f4-9aeb-4a01-806d-f8bafbff9c51', '4106cadf-5026-44dd-814b-76df03001a1b', '505b3c24-9d42-49d9-9881-5b31d4fa846c', 'zanalytics', 0, '55aac1c3-73fb-48d3-90ca-796161b37fb8');
INSERT INTO `template_config` VALUES ('27ae21fc-765b-4b6f-aacd-aeca491a951e', 'f5651770-16d4-494b-aac7-62f8c750d945', '653e10f4-9aeb-4a01-806d-f8bafbff9c51', '66a69e61-d79d-43df-aaa3-4f53c4b4093b', '879f8192-3091-4cf1-917b-a3e7c278d9f9', '8897', 0, 'd9543362-eeca-4ac3-b55b-7cab1d6b5c7c');
INSERT INTO `template_config` VALUES ('28faf903-8b93-41dd-a444-2e6ad814f534', 'f5651770-16d4-494b-aac7-62f8c750d945', '653e10f4-9aeb-4a01-806d-f8bafbff9c51', 'dc62e1ce-57a3-4325-82f5-0418e04189fe', 'e1ee9bd1-6a84-42d8-9839-ffeddeb1d94c', 'realtime-mkt:1923', 0, 'cfcbcc14-82df-463f-96e6-d9d3ff7b6f23');
INSERT INTO `template_config` VALUES ('29ad8c0b-c06c-48df-aed3-0a14fa714657', 'f5651770-16d4-494b-aac7-62f8c750d945', '653e10f4-9aeb-4a01-806d-f8bafbff9c51', 'f378536f-c37d-4b48-8231-ac118829b0ec', 'ea7b8d55-de45-486f-a238-cb560fd1e57c', 'realtime-1:80', 0, '2019b066-5922-46bc-9b2d-fea6ea15bfbe');
INSERT INTO `template_config` VALUES ('2a40268b-2cd8-4a00-a1f4-73b753f13ff2', 'f5651770-16d4-494b-aac7-62f8c750d945', '653e10f4-9aeb-4a01-806d-f8bafbff9c51', 'f378536f-c37d-4b48-8231-ac118829b0ec', '656761f2-b7b3-4296-834f-3a9b8b5aeba5', 'web', 0, 'dc76824b-6ea1-45eb-b9da-0589e866aefa');
INSERT INTO `template_config` VALUES ('2b8675c4-a96f-4813-bce9-9014f4aecd12', 'f5651770-16d4-494b-aac7-62f8c750d945', '653e10f4-9aeb-4a01-806d-f8bafbff9c51', 'b55a185a-77ff-4b98-a2bb-927fd202ec85', '7ab3c4db-a255-441b-a3cf-2d56cd9cd457', 'realtime-3', 0, 'a52b7ed4-59b1-4c1e-b72b-f4ebadd76043');
INSERT INTO `template_config` VALUES ('2b908ffd-3c9e-4985-a581-33b4d1f46532', 'f5651770-16d4-494b-aac7-62f8c750d945', '653e10f4-9aeb-4a01-806d-f8bafbff9c51', '66a69e61-d79d-43df-aaa3-4f53c4b4093b', 'c394547c-8236-4932-ae60-383a8fd6353b', 'realtime-2', 0, '64b2dcc2-120d-4b00-9f4a-5778eabab4bf');
INSERT INTO `template_config` VALUES ('2be64fd0-5aac-425e-ab8d-c443728d5fa3', 'fbe813ac-b0dc-4126-b48f-c71038b2554a', '83798ffa-99c5-4d27-9397-3d7e81985ca2', '9fd43ada-748a-4aec-9016-595e1abf8fd8', 'cc85b9c5-6fe3-46ca-b238-1b6c3b50acdb', '0', 0, NULL);
INSERT INTO `template_config` VALUES ('2bf1da70-e0e8-4209-8f63-ed3be2814121', 'f5651770-16d4-494b-aac7-62f8c750d945', '653e10f4-9aeb-4a01-806d-f8bafbff9c51', '66a69e61-d79d-43df-aaa3-4f53c4b4093b', '0b1807d6-ae62-4e1d-b1a9-1f8dece30320', '1217', 0, NULL);
INSERT INTO `template_config` VALUES ('2bfe730d-df80-4ccf-ae00-2a781c245b07', 'f5651770-16d4-494b-aac7-62f8c750d945', '653e10f4-9aeb-4a01-806d-f8bafbff9c51', '9feb3c99-8ac7-4fc6-b108-3235a8079ea0', 'dc6bfe85-9dec-4377-a731-4c407d576d7c', '/webapp/app/login', 0, NULL);
INSERT INTO `template_config` VALUES ('2c2bcf13-ec60-4912-8458-85d103827e45', 'f5651770-16d4-494b-aac7-62f8c750d945', '653e10f4-9aeb-4a01-806d-f8bafbff9c51', '66a69e61-d79d-43df-aaa3-4f53c4b4093b', 'e620952a-aa06-4d0a-8c0b-3dc54b8a880f', 'Sun_unix*1101', 0, 'a28bdb89-e67f-411f-9b09-b22292a3a5a8');
INSERT INTO `template_config` VALUES ('2c35a830-0400-423b-81b8-69ae2d5c6a69', 'f5651770-16d4-494b-aac7-62f8c750d945', '653e10f4-9aeb-4a01-806d-f8bafbff9c51', '66610320-d4b3-4b28-bfaa-288ddd9a13a9', '5d541379-1730-417f-9e51-fdd010e229fe', 'realtime-1', 0, '9f6400a4-56c6-40d3-a498-8dd09ded125b');
INSERT INTO `template_config` VALUES ('2c6bb5db-9f72-4079-b864-2137cb54b3cb', 'f5651770-16d4-494b-aac7-62f8c750d945', '653e10f4-9aeb-4a01-806d-f8bafbff9c51', '48e69251-46b2-4982-94eb-0846b57d7a2c', 'c11f6f7b-d469-4471-8381-608cef8ee0ed', '3306', 0, 'ec7539e1-dbbc-47f9-94fa-7e02dd0d610f');
INSERT INTO `template_config` VALUES ('2ca63d03-3fbd-412f-a567-368a42f4708f', 'f5651770-16d4-494b-aac7-62f8c750d945', '653e10f4-9aeb-4a01-806d-f8bafbff9c51', '66610320-d4b3-4b28-bfaa-288ddd9a13a9', '28049155-22c6-4db3-b401-c648c9445b08', 'realtime-1:8081', 0, '03b7beb9-f80b-4d7c-9b0b-f829815fc774');
INSERT INTO `template_config` VALUES ('2cf88ed3-48d3-44c7-ac8a-069b75249fdf', 'fbe813ac-b0dc-4126-b48f-c71038b2554a', '83798ffa-99c5-4d27-9397-3d7e81985ca2', '9fd43ada-748a-4aec-9016-595e1abf8fd8', '67398a51-aaed-49e0-80bf-2675654fe29f', 'true', 0, NULL);
INSERT INTO `template_config` VALUES ('2d3e7c9d-103d-4426-8fa4-8b1245cf917d', 'fbe813ac-b0dc-4126-b48f-c71038b2554a', '83798ffa-99c5-4d27-9397-3d7e81985ca2', '9fd43ada-748a-4aec-9016-595e1abf8fd8', '03416287-31d1-4e97-aa7c-97827668b020', 'uba.it.pkpm.cn', 0, NULL);
INSERT INTO `template_config` VALUES ('2d481113-0d3f-4197-9864-217779910618', 'f5651770-16d4-494b-aac7-62f8c750d945', '653e10f4-9aeb-4a01-806d-f8bafbff9c51', '66610320-d4b3-4b28-bfaa-288ddd9a13a9', 'e6c70b2f-8aca-4659-a594-9e90d7c4bb32', 'Sun_unix*1101', 0, 'a28bdb89-e67f-411f-9b09-b22292a3a5a8');
INSERT INTO `template_config` VALUES ('2dfa8413-041a-46a3-a8a3-f7fcb9b0b5b0', 'f5651770-16d4-494b-aac7-62f8c750d945', '653e10f4-9aeb-4a01-806d-f8bafbff9c51', '66a69e61-d79d-43df-aaa3-4f53c4b4093b', '221b5f55-cad0-4a19-9477-0d695143e9d7', '21050', 0, '35f80d60-dc89-4252-9833-ccf0bdc647ed');
INSERT INTO `template_config` VALUES ('2ebd052f-e77a-4ef1-b387-107cd9f85c57', 'f5651770-16d4-494b-aac7-62f8c750d945', '653e10f4-9aeb-4a01-806d-f8bafbff9c51', '54125aee-30b9-4a42-91a0-ac6b1c0a4c7f', 'dc58b534-41e0-4bae-977a-dbca1a0ab316', '数据分析', 0, 'd64740ec-69e3-4d65-8984-cfd238eaa6b9');
INSERT INTO `template_config` VALUES ('2efcec3c-8bed-458e-bf44-9bf28953d252', 'f5651770-16d4-494b-aac7-62f8c750d945', '653e10f4-9aeb-4a01-806d-f8bafbff9c51', '66a69e61-d79d-43df-aaa3-4f53c4b4093b', '4aabe1c2-ff66-4822-9137-f1b22da71d45', 'admin', 0, 'ee9616dc-725c-40f8-9a85-2435adf31b77');
INSERT INTO `template_config` VALUES ('2f400aa4-3718-4ab5-82e0-c32034bc46b6', 'f5651770-16d4-494b-aac7-62f8c750d945', '653e10f4-9aeb-4a01-806d-f8bafbff9c51', 'fa3bd1ff-0b0d-4dc3-81ea-d3c1e97136bc', '1f1db73d-fcb8-47d0-8473-7379882a776b', 'Sun_unix*1101', 0, 'a28bdb89-e67f-411f-9b09-b22292a3a5a8');
INSERT INTO `template_config` VALUES ('3038c6fb-2244-4b68-942a-1945ae35b050', 'f5651770-16d4-494b-aac7-62f8c750d945', '653e10f4-9aeb-4a01-806d-f8bafbff9c51', '66610320-d4b3-4b28-bfaa-288ddd9a13a9', 'b3e16da3-5ef0-4b6e-8ae1-49cbd1037369', 'realtime-1:8800', 0, 'af661156-e877-4b58-a0b9-ef0be108fca9');
INSERT INTO `template_config` VALUES ('30dfd8bd-adf2-4c67-8a74-c6bf3955de32', 'f5651770-16d4-494b-aac7-62f8c750d945', '653e10f4-9aeb-4a01-806d-f8bafbff9c51', '66a69e61-d79d-43df-aaa3-4f53c4b4093b', '67f09477-33e3-4f56-967f-5537e294a6df', 'Sun_unix*1101', 0, 'a28bdb89-e67f-411f-9b09-b22292a3a5a8');
INSERT INTO `template_config` VALUES ('33aa67f1-98c4-468c-9105-46ea72224674', 'f5651770-16d4-494b-aac7-62f8c750d945', '653e10f4-9aeb-4a01-806d-f8bafbff9c51', '66a69e61-d79d-43df-aaa3-4f53c4b4093b', '75f5d408-aa73-416e-9d67-6d1eac7cd7e3', 'realtime-3', 0, 'a52b7ed4-59b1-4c1e-b72b-f4ebadd76043');
INSERT INTO `template_config` VALUES ('33bac61d-a289-42e4-a654-740cc5fbb406', 'f5651770-16d4-494b-aac7-62f8c750d945', '653e10f4-9aeb-4a01-806d-f8bafbff9c51', '02d4e660-8d31-4090-8506-d49f3399a7ed', '770fa825-15c3-4d47-a14e-726f83ee655c', '7', 0, NULL);
INSERT INTO `template_config` VALUES ('33bf245d-bee8-4f01-88a6-1bc40ee1a887', 'f5651770-16d4-494b-aac7-62f8c750d945', '653e10f4-9aeb-4a01-806d-f8bafbff9c51', '4106cadf-5026-44dd-814b-76df03001a1b', 'b142c33a-630d-4a34-b5a7-a6ff722633c4', '8888', 0, '3e5d0553-4712-4cfd-82f5-2b826e967acb');
INSERT INTO `template_config` VALUES ('341e6871-9d4e-4ae6-a2d6-3df8ca47585f', 'f5651770-16d4-494b-aac7-62f8c750d945', '653e10f4-9aeb-4a01-806d-f8bafbff9c51', '66a69e61-d79d-43df-aaa3-4f53c4b4093b', 'fe049c03-5cbb-40fa-af86-c2d7988a86de', 'realtime-2', 0, '64b2dcc2-120d-4b00-9f4a-5778eabab4bf');
INSERT INTO `template_config` VALUES ('351dbfd5-b1b8-4698-ac81-9b91d4dc32a8', 'f5651770-16d4-494b-aac7-62f8c750d945', '653e10f4-9aeb-4a01-806d-f8bafbff9c51', '66610320-d4b3-4b28-bfaa-288ddd9a13a9', 'cb558804-1b4d-4926-b33d-cadf35854f4a', 'realtime-2:7808', 0, '800923e7-f1ea-41ce-8fe5-e8733b9e9f3f');
INSERT INTO `template_config` VALUES ('35ccdbf1-6315-409f-b63d-6f899f9a81de', 'f5651770-16d4-494b-aac7-62f8c750d945', '653e10f4-9aeb-4a01-806d-f8bafbff9c51', '66a69e61-d79d-43df-aaa3-4f53c4b4093b', '550e7ee8-0d17-4297-a737-37dfd5562c84', NULL, 0, NULL);
INSERT INTO `template_config` VALUES ('3728eb56-6e18-49b4-8ca5-e84a7b8160cc', 'f5651770-16d4-494b-aac7-62f8c750d945', '653e10f4-9aeb-4a01-806d-f8bafbff9c51', '66a69e61-d79d-43df-aaa3-4f53c4b4093b', '4f936179-aa19-4c3b-974d-63c56db31393', 'admin', 0, 'ee9616dc-725c-40f8-9a85-2435adf31b77');
INSERT INTO `template_config` VALUES ('387dd0e3-80eb-41ba-9d86-3ec93271a088', 'f5651770-16d4-494b-aac7-62f8c750d945', '653e10f4-9aeb-4a01-806d-f8bafbff9c51', '66610320-d4b3-4b28-bfaa-288ddd9a13a9', '23bda78a-cdeb-40be-88c4-3b58c8293b2a', 'realtime-1:18080', 0, '96d88248-6af4-41a8-a1a9-7e711e08393f');
INSERT INTO `template_config` VALUES ('397dd9a6-9e6b-4923-98ef-99f25f8d85c5', 'f5651770-16d4-494b-aac7-62f8c750d945', '653e10f4-9aeb-4a01-806d-f8bafbff9c51', 'fa3bd1ff-0b0d-4dc3-81ea-d3c1e97136bc', '79d2acaa-fa23-406e-8b1c-ab4c909234f0', 'wt-weixin-topic', 0, '89783c82-a318-46d6-9c00-5b7a7c05f191');
INSERT INTO `template_config` VALUES ('39d6d80c-001e-4b65-a4d0-a76bed7d2a7f', 'f5651770-16d4-494b-aac7-62f8c750d945', '653e10f4-9aeb-4a01-806d-f8bafbff9c51', '66defc4c-0903-4289-8dc2-3c3e27901ad9', '2ed0993f-3654-447f-aabf-aa610e586e22', 'Sun_unix*1101', 0, 'a28bdb89-e67f-411f-9b09-b22292a3a5a8');
INSERT INTO `template_config` VALUES ('39f1e76a-c663-41ec-b18d-5eeaedaf4be5', 'f5651770-16d4-494b-aac7-62f8c750d945', '653e10f4-9aeb-4a01-806d-f8bafbff9c51', '66a69e61-d79d-43df-aaa3-4f53c4b4093b', '3007eb1f-37f3-4e95-b138-d16843100166', 'zanalytics', 0, '55aac1c3-73fb-48d3-90ca-796161b37fb8');
INSERT INTO `template_config` VALUES ('3b3e1828-1bbf-4f20-bf75-da4f2401a74c', 'f5651770-16d4-494b-aac7-62f8c750d945', '653e10f4-9aeb-4a01-806d-f8bafbff9c51', 'dc62e1ce-57a3-4325-82f5-0418e04189fe', 'b9c780bf-c57f-4a81-876b-86180fca0dc4', 'realtime-mkt:1920', 0, 'def7e996-19f5-4501-af85-fe5b0c5ce613');
INSERT INTO `template_config` VALUES ('3c537f22-57c5-45cd-a7c1-0b103b44c414', 'f5651770-16d4-494b-aac7-62f8c750d945', '653e10f4-9aeb-4a01-806d-f8bafbff9c51', '66a69e61-d79d-43df-aaa3-4f53c4b4093b', '814c3c53-f453-4682-85c2-f83c96b51683', 'realtime-1', 0, '9f6400a4-56c6-40d3-a498-8dd09ded125b');
INSERT INTO `template_config` VALUES ('3d0c2303-656b-429e-bcb0-8b6dcca5d4cb', 'f5651770-16d4-494b-aac7-62f8c750d945', '653e10f4-9aeb-4a01-806d-f8bafbff9c51', '66610320-d4b3-4b28-bfaa-288ddd9a13a9', 'ee651c37-26ed-4958-9482-dabbc45f4c6b', 'realtime-1:18080', 0, '96d88248-6af4-41a8-a1a9-7e711e08393f');
INSERT INTO `template_config` VALUES ('3da2567b-b23a-4554-95c6-3f0c070e1eda', 'f5651770-16d4-494b-aac7-62f8c750d945', '653e10f4-9aeb-4a01-806d-f8bafbff9c51', '80719569-e459-4b22-99d4-146335e78144', '360b40ca-a2a4-446a-8c98-855f67ebf749', '6379', 0, '60ed50b8-cd83-40ad-b634-bff73d3fec04');
INSERT INTO `template_config` VALUES ('3e6f2858-9f57-4691-aa2e-ef2d4344f9a9', 'f5651770-16d4-494b-aac7-62f8c750d945', '653e10f4-9aeb-4a01-806d-f8bafbff9c51', 'fa3bd1ff-0b0d-4dc3-81ea-d3c1e97136bc', '2c41bcf0-0639-40b3-82b3-6d3c94cfcc00', 'realtime-1:2182,realtime-2:2182,realtime-3:2182', 0, NULL);
INSERT INTO `template_config` VALUES ('3ea92355-fa7e-4c74-b068-13cd07e0528b', 'f5651770-16d4-494b-aac7-62f8c750d945', '653e10f4-9aeb-4a01-806d-f8bafbff9c51', 'a2465b6a-9351-417f-98ba-0b9f5b991436', 'ddb788ec-df67-40f9-b69c-1de05222b543', '/webapp/', 0, '3f268da3-4e7d-4a02-968c-43e2d8f7536e');
INSERT INTO `template_config` VALUES ('3eda902d-94ae-4e32-a8ab-4d3fdbedc4c7', 'f5651770-16d4-494b-aac7-62f8c750d945', '653e10f4-9aeb-4a01-806d-f8bafbff9c51', '66defc4c-0903-4289-8dc2-3c3e27901ad9', '7edf0d5e-5947-4c52-8aec-047117cb0829', '3306', 0, 'ec7539e1-dbbc-47f9-94fa-7e02dd0d610f');
INSERT INTO `template_config` VALUES ('3edc7d14-637f-431a-b123-1b27a3c607de', 'f5651770-16d4-494b-aac7-62f8c750d945', '653e10f4-9aeb-4a01-806d-f8bafbff9c51', '66610320-d4b3-4b28-bfaa-288ddd9a13a9', 'b3047266-5226-4a0b-8f80-f10076c7c3d3', 'realtime-1:9003', 0, '9fd9f6ff-1dbb-4b21-a204-b38f91ae552d');
INSERT INTO `template_config` VALUES ('3f068d6d-f53c-4754-8e93-2b23e7d45ac6', 'f5651770-16d4-494b-aac7-62f8c750d945', '653e10f4-9aeb-4a01-806d-f8bafbff9c51', 'f378536f-c37d-4b48-8231-ac118829b0ec', 'e74ecc3c-f8d6-411c-b963-a5119f5a7613', 'admin', 0, 'ee9616dc-725c-40f8-9a85-2435adf31b77');
INSERT INTO `template_config` VALUES ('3f68ac67-4ddc-4891-b5bf-56a90762904f', 'f5651770-16d4-494b-aac7-62f8c750d945', '653e10f4-9aeb-4a01-806d-f8bafbff9c51', '66610320-d4b3-4b28-bfaa-288ddd9a13a9', '808396d1-c340-4d94-85b0-53656d4f266d', 'realtime-1:16688', 0, '5238f557-d1f5-4ce2-81ec-01065d7e2123');
INSERT INTO `template_config` VALUES ('3f6d7a51-0d13-4819-8bf3-1abed3c0e0be', 'f5651770-16d4-494b-aac7-62f8c750d945', '653e10f4-9aeb-4a01-806d-f8bafbff9c51', '66a69e61-d79d-43df-aaa3-4f53c4b4093b', '4a230adf-225e-4b4a-94c3-aa3077d1d140', 'realtime-1', 0, '9f6400a4-56c6-40d3-a498-8dd09ded125b');
INSERT INTO `template_config` VALUES ('3f72a492-8292-4d24-b885-9e26e16b6fc3', 'f5651770-16d4-494b-aac7-62f8c750d945', '653e10f4-9aeb-4a01-806d-f8bafbff9c51', '02d4e660-8d31-4090-8506-d49f3399a7ed', 'd8414240-8df2-410d-baab-2bf875cdd1b3', NULL, 0, NULL);
INSERT INTO `template_config` VALUES ('3fe88b97-13a4-4669-ba10-640f7fff1613', 'f5651770-16d4-494b-aac7-62f8c750d945', '653e10f4-9aeb-4a01-806d-f8bafbff9c51', '4106cadf-5026-44dd-814b-76df03001a1b', '6760ecb8-6d75-4c9d-81d1-c9e25b58a78a', 'realtime-1', 0, '9f6400a4-56c6-40d3-a498-8dd09ded125b');
INSERT INTO `template_config` VALUES ('3fee6d61-79a0-478d-aa0c-dff6427d86e9', 'f5651770-16d4-494b-aac7-62f8c750d945', '653e10f4-9aeb-4a01-806d-f8bafbff9c51', '48e69251-46b2-4982-94eb-0846b57d7a2c', '2e2a3928-ee4b-42d9-9d71-cf666ecc9289', 'realtime-1', 0, '9f6400a4-56c6-40d3-a498-8dd09ded125b');
INSERT INTO `template_config` VALUES ('4039099c-3a91-4a5e-99cd-de0933c92ec6', 'f5651770-16d4-494b-aac7-62f8c750d945', '653e10f4-9aeb-4a01-806d-f8bafbff9c51', 'f378536f-c37d-4b48-8231-ac118829b0ec', '590fbd3e-51a4-4665-9cb3-2909f0f13dff', 'realtime-2', 0, '64b2dcc2-120d-4b00-9f4a-5778eabab4bf');
INSERT INTO `template_config` VALUES ('409db160-489f-42b1-8be7-62c584c50b81', 'f5651770-16d4-494b-aac7-62f8c750d945', '653e10f4-9aeb-4a01-806d-f8bafbff9c51', 'b55a185a-77ff-4b98-a2bb-927fd202ec85', '12341ed1-a8e9-4f66-9f28-7737817293a5', 'realtime-2', 0, '64b2dcc2-120d-4b00-9f4a-5778eabab4bf');
INSERT INTO `template_config` VALUES ('414f3443-4daf-4665-a83e-e553030fdeb1', 'f5651770-16d4-494b-aac7-62f8c750d945', '653e10f4-9aeb-4a01-806d-f8bafbff9c51', '66610320-d4b3-4b28-bfaa-288ddd9a13a9', '02afcbc8-3252-4b0d-b84f-e9ef4078f1ac', 'realtime-1', 0, '9f6400a4-56c6-40d3-a498-8dd09ded125b');
INSERT INTO `template_config` VALUES ('4237d348-2c77-4f68-9c3e-219543ca6446', 'f5651770-16d4-494b-aac7-62f8c750d945', '653e10f4-9aeb-4a01-806d-f8bafbff9c51', '66a69e61-d79d-43df-aaa3-4f53c4b4093b', 'f63432ff-e912-42ee-97af-1987156474ba', '3306', 0, 'ec7539e1-dbbc-47f9-94fa-7e02dd0d610f');
INSERT INTO `template_config` VALUES ('428b6b0e-2be5-4dd2-ae14-1706c5beadba', 'f5651770-16d4-494b-aac7-62f8c750d945', '653e10f4-9aeb-4a01-806d-f8bafbff9c51', '66a69e61-d79d-43df-aaa3-4f53c4b4093b', '0ca3cd9e-145a-4577-a935-dbb857f47f48', 'zanalytics', 0, '55aac1c3-73fb-48d3-90ca-796161b37fb8');
INSERT INTO `template_config` VALUES ('437d412c-1cd5-4d3f-b340-81e84acd633b', 'f5651770-16d4-494b-aac7-62f8c750d945', '653e10f4-9aeb-4a01-806d-f8bafbff9c51', '66610320-d4b3-4b28-bfaa-288ddd9a13a9', '3dd4160c-8292-4ac1-bb3f-08945e70357a', 'realtime-mkt:18001', 0, 'b8c9c63b-0796-41c7-829d-fbee0ea8fef6');
INSERT INTO `template_config` VALUES ('439f90f8-9b53-47e6-a50b-72648a5a9309', 'f5651770-16d4-494b-aac7-62f8c750d945', '653e10f4-9aeb-4a01-806d-f8bafbff9c51', '66610320-d4b3-4b28-bfaa-288ddd9a13a9', '303af0af-9d5f-4f40-a61c-d4ed7031d542', 'realtime-1', 0, '9f6400a4-56c6-40d3-a498-8dd09ded125b');
INSERT INTO `template_config` VALUES ('43f9fab3-03b7-45a5-bc71-e77810fe2563', 'f5651770-16d4-494b-aac7-62f8c750d945', '653e10f4-9aeb-4a01-806d-f8bafbff9c51', '4106cadf-5026-44dd-814b-76df03001a1b', '84479b32-9d6e-4824-aeec-91d40c64bc86', '/data/localization/nginx', 0, NULL);
INSERT INTO `template_config` VALUES ('4429f9d9-4ad6-4087-8895-e8b1b10cb2d0', 'f5651770-16d4-494b-aac7-62f8c750d945', '653e10f4-9aeb-4a01-806d-f8bafbff9c51', '54125aee-30b9-4a42-91a0-ac6b1c0a4c7f', 'c59ee553-b26d-4dd0-80e2-8f20e4e7b0c2', '/shiping/', 0, NULL);
INSERT INTO `template_config` VALUES ('442aa5e8-a96a-4d06-9dea-b0934c23ffb9', 'f5651770-16d4-494b-aac7-62f8c750d945', '653e10f4-9aeb-4a01-806d-f8bafbff9c51', '66a69e61-d79d-43df-aaa3-4f53c4b4093b', 'b74ae898-0d95-4e86-b9db-e9b55c04d56d', 'realtime-1', 0, '9f6400a4-56c6-40d3-a498-8dd09ded125b');
INSERT INTO `template_config` VALUES ('44b63f1b-8796-43de-82f5-58ca069d7e37', 'fbe813ac-b0dc-4126-b48f-c71038b2554a', '83798ffa-99c5-4d27-9397-3d7e81985ca2', '9fd43ada-748a-4aec-9016-595e1abf8fd8', '1b669299-e950-46fb-88c2-e46fbd9611e0', '', 0, NULL);
INSERT INTO `template_config` VALUES ('4549e825-0429-4c86-9658-c9c10640dfe2', 'f5651770-16d4-494b-aac7-62f8c750d945', '653e10f4-9aeb-4a01-806d-f8bafbff9c51', 'fa3bd1ff-0b0d-4dc3-81ea-d3c1e97136bc', '88657ab1-c5dd-4724-b18e-e186c023b840', 'Sun_unix*1101', 0, 'a28bdb89-e67f-411f-9b09-b22292a3a5a8');
INSERT INTO `template_config` VALUES ('460aa41a-3f20-4182-a23d-f528cb77680d', 'f5651770-16d4-494b-aac7-62f8c750d945', '653e10f4-9aeb-4a01-806d-f8bafbff9c51', '66a69e61-d79d-43df-aaa3-4f53c4b4093b', '362814b2-449e-4c5f-8493-384391556a2e', '21050', 0, '35f80d60-dc89-4252-9833-ccf0bdc647ed');
INSERT INTO `template_config` VALUES ('46475845-b8ca-4b0b-a473-722e6f209aa8', 'f5651770-16d4-494b-aac7-62f8c750d945', '653e10f4-9aeb-4a01-806d-f8bafbff9c51', '80719569-e459-4b22-99d4-146335e78144', 'e3a345ac-109a-45ca-b0ad-065f2fd1a4ee', '21050', 0, '35f80d60-dc89-4252-9833-ccf0bdc647ed');
INSERT INTO `template_config` VALUES ('467dee9e-ee3a-4abe-90aa-fa05b6454b0b', 'f5651770-16d4-494b-aac7-62f8c750d945', '653e10f4-9aeb-4a01-806d-f8bafbff9c51', 'a2465b6a-9351-417f-98ba-0b9f5b991436', '316dcd17-5de4-4692-8895-57bb8aab929c', 'false', 0, 'dbe55723-e716-4afb-a9e2-6617390a099e');
INSERT INTO `template_config` VALUES ('46865013-69e2-405c-817f-163bbc06d80d', 'f5651770-16d4-494b-aac7-62f8c750d945', '653e10f4-9aeb-4a01-806d-f8bafbff9c51', 'b55a185a-77ff-4b98-a2bb-927fd202ec85', '1539a37c-7ccd-4ae6-97a2-e7ab1da45731', 'web', 0, 'dc76824b-6ea1-45eb-b9da-0589e866aefa');
INSERT INTO `template_config` VALUES ('47206c91-bcac-417f-9667-995e1afcbd39', 'f5651770-16d4-494b-aac7-62f8c750d945', '653e10f4-9aeb-4a01-806d-f8bafbff9c51', 'b55a185a-77ff-4b98-a2bb-927fd202ec85', '07a97cd7-b540-430b-9c82-8b24adc211ae', 'https://uba.it.pkpm.cn', 0, '811937f4-6fb8-4430-b95e-cf874ff053ba');
INSERT INTO `template_config` VALUES ('47562671-cf10-4577-91da-8540a3489673', 'f5651770-16d4-494b-aac7-62f8c750d945', '653e10f4-9aeb-4a01-806d-f8bafbff9c51', '66a69e61-d79d-43df-aaa3-4f53c4b4093b', 'edec3778-6c67-48a4-8834-8aeb5d1c9797', 'realtime-1', 0, '9f6400a4-56c6-40d3-a498-8dd09ded125b');
INSERT INTO `template_config` VALUES ('48673a9c-0b78-4415-815f-72482728954d', 'f5651770-16d4-494b-aac7-62f8c750d945', '653e10f4-9aeb-4a01-806d-f8bafbff9c51', 'b55a185a-77ff-4b98-a2bb-927fd202ec85', '106c5448-f64e-4e7a-8b96-61b249284619', 'realtime-1:80', 0, '2019b066-5922-46bc-9b2d-fea6ea15bfbe');
INSERT INTO `template_config` VALUES ('48d82dba-865b-45fa-8023-2c0d438ce7cb', 'f5651770-16d4-494b-aac7-62f8c750d945', '653e10f4-9aeb-4a01-806d-f8bafbff9c51', '66610320-d4b3-4b28-bfaa-288ddd9a13a9', '33cf544b-1081-46b6-ade7-50c1302de72f', 'Sun_unix*1101', 0, 'a28bdb89-e67f-411f-9b09-b22292a3a5a8');
INSERT INTO `template_config` VALUES ('4b5caf75-9687-4f3e-9cc3-b80ecd94bda9', 'f5651770-16d4-494b-aac7-62f8c750d945', '653e10f4-9aeb-4a01-806d-f8bafbff9c51', 'dc62e1ce-57a3-4325-82f5-0418e04189fe', '6addd089-c096-4b7e-b373-8f584daa5a13', 'realtime-mkt:1927', 0, 'ba1dbac1-8814-4ca7-81f7-00293ed4fd5c');
INSERT INTO `template_config` VALUES ('4c17ecd0-70c5-47bb-a3ea-5bfd719f0929', 'f5651770-16d4-494b-aac7-62f8c750d945', '653e10f4-9aeb-4a01-806d-f8bafbff9c51', 'a2465b6a-9351-417f-98ba-0b9f5b991436', '88c0d55b-763d-4adf-af5a-dd5f9aead233', 'false', 0, 'dbe55723-e716-4afb-a9e2-6617390a099e');
INSERT INTO `template_config` VALUES ('4c6d9bd2-61ae-42d1-9576-77b53a47e81d', 'f5651770-16d4-494b-aac7-62f8c750d945', '653e10f4-9aeb-4a01-806d-f8bafbff9c51', '54125aee-30b9-4a42-91a0-ac6b1c0a4c7f', '80310e49-66f6-4aa8-9002-f6730b56e0c6', 'shiping', 0, NULL);
INSERT INTO `template_config` VALUES ('4c849699-c2dd-4e38-a4c3-2cd317727294', 'f5651770-16d4-494b-aac7-62f8c750d945', '653e10f4-9aeb-4a01-806d-f8bafbff9c51', '66610320-d4b3-4b28-bfaa-288ddd9a13a9', 'f169c3ea-17db-48b7-8702-791402c6e5d2', 'realtime-3:18001', 0, '9ad87cb7-64c7-46b3-8077-10973c010c70');
INSERT INTO `template_config` VALUES ('4ca34b20-2742-4305-b98a-9e353f1a57b4', 'f5651770-16d4-494b-aac7-62f8c750d945', '653e10f4-9aeb-4a01-806d-f8bafbff9c51', '2a942149-d7a3-4555-a760-15d62c421a38', '567cfef3-5286-4c6f-a11c-07014d8a2e7f', 'realtime-1', 0, '9f6400a4-56c6-40d3-a498-8dd09ded125b');
INSERT INTO `template_config` VALUES ('4d9a4cd9-11b0-4f63-bfab-370668a51d3b', 'f5651770-16d4-494b-aac7-62f8c750d945', '653e10f4-9aeb-4a01-806d-f8bafbff9c51', 'dc62e1ce-57a3-4325-82f5-0418e04189fe', '9f18c45d-a91d-4496-8907-222be4a00302', 'realtime-mkt:1925', 0, 'da6dc669-4739-45cd-bc88-b5066d76a1d0');
INSERT INTO `template_config` VALUES ('4e41cbd5-7368-443b-a09d-5b1373b69f29', 'f5651770-16d4-494b-aac7-62f8c750d945', '653e10f4-9aeb-4a01-806d-f8bafbff9c51', '66610320-d4b3-4b28-bfaa-288ddd9a13a9', 'f383c8db-8a0a-4b28-bee6-6c1847277a0e', 'realtime-1:9003', 0, '9fd9f6ff-1dbb-4b21-a204-b38f91ae552d');
INSERT INTO `template_config` VALUES ('4e52e832-8d06-4ed5-8bb2-7da024b9f9ce', 'f5651770-16d4-494b-aac7-62f8c750d945', '653e10f4-9aeb-4a01-806d-f8bafbff9c51', 'a2465b6a-9351-417f-98ba-0b9f5b991436', '9d83f1b1-3716-4cee-801e-8234be9e0889', 'false', 0, 'dbe55723-e716-4afb-a9e2-6617390a099e');
INSERT INTO `template_config` VALUES ('4eadbcc7-2731-4a5d-8715-d81210208dca', 'f5651770-16d4-494b-aac7-62f8c750d945', '653e10f4-9aeb-4a01-806d-f8bafbff9c51', 'b55a185a-77ff-4b98-a2bb-927fd202ec85', 'db1fc78f-8e54-4b73-85bf-305f62cd4dc6', NULL, 0, NULL);
INSERT INTO `template_config` VALUES ('4f66fba0-3d54-4f17-b7b4-0646d393290f', 'f5651770-16d4-494b-aac7-62f8c750d945', '653e10f4-9aeb-4a01-806d-f8bafbff9c51', '66a69e61-d79d-43df-aaa3-4f53c4b4093b', '7f3cb410-1321-4723-875d-ca653c6b85f0', 'realtime-1:9092,realtime-2:9092,realtime-3:9092', 0, 'e530a8d4-fcfb-4d57-968f-cf94b950ddc1');
INSERT INTO `template_config` VALUES ('5190b4f5-5fbb-4fc1-8385-40585c69de18', 'f5651770-16d4-494b-aac7-62f8c750d945', '653e10f4-9aeb-4a01-806d-f8bafbff9c51', 'fa3bd1ff-0b0d-4dc3-81ea-d3c1e97136bc', '90bf2cc8-dc41-4406-98a2-408ea51c2fad', 'realtime-1', 0, '9f6400a4-56c6-40d3-a498-8dd09ded125b');
INSERT INTO `template_config` VALUES ('5197bbc9-a041-4744-99c3-2fbbca451442', 'f5651770-16d4-494b-aac7-62f8c750d945', '653e10f4-9aeb-4a01-806d-f8bafbff9c51', '02d4e660-8d31-4090-8506-d49f3399a7ed', '9c0bfb9a-42c2-4de2-a166-99c9f13ec69f', 'realtime-1', 0, '9f6400a4-56c6-40d3-a498-8dd09ded125b');
INSERT INTO `template_config` VALUES ('521cdd64-1571-443e-962a-e92f86826a24', 'f5651770-16d4-494b-aac7-62f8c750d945', '653e10f4-9aeb-4a01-806d-f8bafbff9c51', 'b55a185a-77ff-4b98-a2bb-927fd202ec85', '52ab0753-0ed3-4b6e-80d8-dc93b566bbc6', '6379', 0, '60ed50b8-cd83-40ad-b634-bff73d3fec04');
INSERT INTO `template_config` VALUES ('52b5ec45-8ab5-4265-bc03-c383350d77d3', 'f5651770-16d4-494b-aac7-62f8c750d945', '653e10f4-9aeb-4a01-806d-f8bafbff9c51', '670b7839-d2b7-4f68-a4c2-839a2f9ab508', 'c4cc114c-2252-4e01-925d-b3b0f4e17d80', '/data/localization/web/tomcat', 0, NULL);
INSERT INTO `template_config` VALUES ('546f6305-e053-4aa7-a310-d219d8396698', 'f5651770-16d4-494b-aac7-62f8c750d945', '653e10f4-9aeb-4a01-806d-f8bafbff9c51', '02d4e660-8d31-4090-8506-d49f3399a7ed', 'cb8daf3e-f88b-43df-91ac-13b66619518e', '/analysis/api', 0, NULL);
INSERT INTO `template_config` VALUES ('54b78441-7c0b-4e02-9b7f-5f3ddd8c9268', 'f5651770-16d4-494b-aac7-62f8c750d945', '653e10f4-9aeb-4a01-806d-f8bafbff9c51', 'fa3bd1ff-0b0d-4dc3-81ea-d3c1e97136bc', 'ede4b61a-8d09-4b24-b197-4ed31b5baed3', 'realtime-1:9092,realtime-2:9092,realtime-3:9092', 0, 'e530a8d4-fcfb-4d57-968f-cf94b950ddc1');
INSERT INTO `template_config` VALUES ('54ba1e0d-b22f-45d2-85ae-62ad2a17d401', 'f5651770-16d4-494b-aac7-62f8c750d945', '653e10f4-9aeb-4a01-806d-f8bafbff9c51', '02d4e660-8d31-4090-8506-d49f3399a7ed', '20613513-afd5-428f-9f88-884edbcf8d7b', 'realtime-1', 0, '9f6400a4-56c6-40d3-a498-8dd09ded125b');
INSERT INTO `template_config` VALUES ('5897a40c-e98c-4a21-8b6e-5eab0e2f605f', 'f5651770-16d4-494b-aac7-62f8c750d945', '653e10f4-9aeb-4a01-806d-f8bafbff9c51', '2a942149-d7a3-4555-a760-15d62c421a38', '1ea56dd2-b9b6-499d-91bd-5f87782f01e4', 'zanalytics', 0, '55aac1c3-73fb-48d3-90ca-796161b37fb8');
INSERT INTO `template_config` VALUES ('58d2f175-1f3e-43eb-8674-1f31a79538f4', 'f5651770-16d4-494b-aac7-62f8c750d945', '653e10f4-9aeb-4a01-806d-f8bafbff9c51', '02d4e660-8d31-4090-8506-d49f3399a7ed', '671ca6ce-682f-4125-a173-dc45053aa18b', 'zanalytics', 0, '55aac1c3-73fb-48d3-90ca-796161b37fb8');
INSERT INTO `template_config` VALUES ('58ed0988-f4b7-43a3-9d5e-97de82331420', 'f5651770-16d4-494b-aac7-62f8c750d945', '653e10f4-9aeb-4a01-806d-f8bafbff9c51', '66a69e61-d79d-43df-aaa3-4f53c4b4093b', 'e055723a-fbe9-4403-bc60-0f060a311849', '3306', 0, 'ec7539e1-dbbc-47f9-94fa-7e02dd0d610f');
INSERT INTO `template_config` VALUES ('594668ed-5dd1-4c4e-bf7a-42466c3eda65', 'f5651770-16d4-494b-aac7-62f8c750d945', '653e10f4-9aeb-4a01-806d-f8bafbff9c51', '66a69e61-d79d-43df-aaa3-4f53c4b4093b', '01dcc771-10b1-4117-9529-6085208c6c56', 'realtime-2', 0, '64b2dcc2-120d-4b00-9f4a-5778eabab4bf');
INSERT INTO `template_config` VALUES ('597cc2c3-6ffb-4dea-a2a4-55ec5b34b0a4', 'f5651770-16d4-494b-aac7-62f8c750d945', '653e10f4-9aeb-4a01-806d-f8bafbff9c51', '66a69e61-d79d-43df-aaa3-4f53c4b4093b', 'd302e0d7-0b8d-4d4c-8306-0b44b2eea7ad', NULL, 0, NULL);
INSERT INTO `template_config` VALUES ('5aa7c913-767d-44f6-9d77-740529073de7', 'f5651770-16d4-494b-aac7-62f8c750d945', '653e10f4-9aeb-4a01-806d-f8bafbff9c51', '4106cadf-5026-44dd-814b-76df03001a1b', '92381dc4-f8d8-40e9-ba99-8f47cdf0b1fc', '21050', 0, '35f80d60-dc89-4252-9833-ccf0bdc647ed');
INSERT INTO `template_config` VALUES ('5ab069c4-3189-47de-a969-3033fe063374', 'f5651770-16d4-494b-aac7-62f8c750d945', '653e10f4-9aeb-4a01-806d-f8bafbff9c51', '66defc4c-0903-4289-8dc2-3c3e27901ad9', '3e7592d0-f2a9-452d-9490-60becbbbc1cc', '8888', 0, '3e5d0553-4712-4cfd-82f5-2b826e967acb');
INSERT INTO `template_config` VALUES ('5afb9303-9178-4c11-8738-63f250356c0e', 'f5651770-16d4-494b-aac7-62f8c750d945', '653e10f4-9aeb-4a01-806d-f8bafbff9c51', '9feb3c99-8ac7-4fc6-b108-3235a8079ea0', 'ddac1c2e-4024-41a9-9928-4a8d4a4e9db3', '', 0, NULL);
INSERT INTO `template_config` VALUES ('5b468b11-a7b2-4219-8178-9d901fa6f3aa', 'f5651770-16d4-494b-aac7-62f8c750d945', '653e10f4-9aeb-4a01-806d-f8bafbff9c51', '66610320-d4b3-4b28-bfaa-288ddd9a13a9', '2b98d601-c6c8-408c-b615-ef7b0260726b', 'realtime-1:7713', 0, NULL);
INSERT INTO `template_config` VALUES ('5b91f360-bb40-4119-9d7b-b614bece26cd', 'f5651770-16d4-494b-aac7-62f8c750d945', '653e10f4-9aeb-4a01-806d-f8bafbff9c51', '66a69e61-d79d-43df-aaa3-4f53c4b4093b', '978555d0-5e15-4dd3-ae4f-9dd6fb6ca46e', 'realtime-2', 0, '64b2dcc2-120d-4b00-9f4a-5778eabab4bf');
INSERT INTO `template_config` VALUES ('5ca089ef-336a-41ed-be6d-65bd4e365e15', 'fbe813ac-b0dc-4126-b48f-c71038b2554a', '83798ffa-99c5-4d27-9397-3d7e81985ca2', '9fd43ada-748a-4aec-9016-595e1abf8fd8', '233d2e9b-d075-4a48-993d-5fc6f53433f0', '../dist/spa', 0, NULL);
INSERT INTO `template_config` VALUES ('5cf616be-49ab-4457-9ef0-c8e3220db169', 'f5651770-16d4-494b-aac7-62f8c750d945', '653e10f4-9aeb-4a01-806d-f8bafbff9c51', 'fa3bd1ff-0b0d-4dc3-81ea-d3c1e97136bc', 'c421334e-861f-4b2f-836c-c2979c39f682', 'http://realtime-2:8882', 0, NULL);
INSERT INTO `template_config` VALUES ('5d8c19b5-c5f7-40a7-a5a0-877fb3714804', 'f5651770-16d4-494b-aac7-62f8c750d945', '653e10f4-9aeb-4a01-806d-f8bafbff9c51', 'dc62e1ce-57a3-4325-82f5-0418e04189fe', '7f55e403-52d4-4d88-8213-5113026032f9', 'realtime-mkt:1927', 0, 'ba1dbac1-8814-4ca7-81f7-00293ed4fd5c');
INSERT INTO `template_config` VALUES ('5eaae869-6ff1-4fe1-8049-dea1aecdbb50', 'f5651770-16d4-494b-aac7-62f8c750d945', '653e10f4-9aeb-4a01-806d-f8bafbff9c51', '66610320-d4b3-4b28-bfaa-288ddd9a13a9', '16c451b1-6676-448a-bde0-f1742bee5735', 'zanalytics', 0, '55aac1c3-73fb-48d3-90ca-796161b37fb8');
INSERT INTO `template_config` VALUES ('5ed0e97d-dcae-4ff9-9ba7-09f00a7be7c1', 'f5651770-16d4-494b-aac7-62f8c750d945', '653e10f4-9aeb-4a01-806d-f8bafbff9c51', 'f378536f-c37d-4b48-8231-ac118829b0ec', '9f029d2c-da55-4f52-b612-f09c37c16292', 'elasticsearch', 0, NULL);
INSERT INTO `template_config` VALUES ('5eedcf5f-521c-4e96-ad5a-417027dc572c', 'fbe813ac-b0dc-4126-b48f-c71038b2554a', '83798ffa-99c5-4d27-9397-3d7e81985ca2', '9fd43ada-748a-4aec-9016-595e1abf8fd8', '912886f4-c612-4c59-bdef-d949b02e1b54', 'zhugeio', 0, NULL);
INSERT INTO `template_config` VALUES ('5f3ddb59-56d8-4580-a4d7-8f56d489b57e', 'fbe813ac-b0dc-4126-b48f-c71038b2554a', '83798ffa-99c5-4d27-9397-3d7e81985ca2', '9fd43ada-748a-4aec-9016-595e1abf8fd8', '0716afc5-ced3-4d60-882c-046d7ddc165a', 'Zhuge', 0, NULL);
INSERT INTO `template_config` VALUES ('5fe0a0b6-3341-4ad7-ab6e-f0abe8ddebaa', 'fbe813ac-b0dc-4126-b48f-c71038b2554a', '83798ffa-99c5-4d27-9397-3d7e81985ca2', '9fd43ada-748a-4aec-9016-595e1abf8fd8', '44d10e01-de64-4264-8f31-780001133a31', 'false', 0, NULL);
INSERT INTO `template_config` VALUES ('601fab85-4272-48c9-9d73-194377d478ba', 'f5651770-16d4-494b-aac7-62f8c750d945', '653e10f4-9aeb-4a01-806d-f8bafbff9c51', '02d4e660-8d31-4090-8506-d49f3399a7ed', '4fff5bb7-4aae-4883-938d-8601df30f370', '/analysis/socket', 0, NULL);
INSERT INTO `template_config` VALUES ('6098e601-7e25-43b9-ad18-805eaeedd4bf', 'f5651770-16d4-494b-aac7-62f8c750d945', '653e10f4-9aeb-4a01-806d-f8bafbff9c51', '54125aee-30b9-4a42-91a0-ac6b1c0a4c7f', '2c49b37e-4cf7-4753-b237-3f64393fdbf8', 'true', 0, '8e46ac3c-9129-431f-a197-34e5b692b42a');
INSERT INTO `template_config` VALUES ('60cb613c-c085-420b-a1a3-b170d9f285a3', 'f5651770-16d4-494b-aac7-62f8c750d945', '653e10f4-9aeb-4a01-806d-f8bafbff9c51', '2a942149-d7a3-4555-a760-15d62c421a38', '193e5774-1391-4113-8069-3c5da741c2d4', 'realtime-1:2182', 0, NULL);
INSERT INTO `template_config` VALUES ('60d09c19-3953-4ff0-8d0d-40f708d766dc', 'f5651770-16d4-494b-aac7-62f8c750d945', '653e10f4-9aeb-4a01-806d-f8bafbff9c51', 'fa3bd1ff-0b0d-4dc3-81ea-d3c1e97136bc', 'ab3263f5-5538-486f-aca8-ee9a5d711218', 'realtime-1', 0, '9f6400a4-56c6-40d3-a498-8dd09ded125b');
INSERT INTO `template_config` VALUES ('616ca3cf-ec42-4fe2-b5d5-ebc1fc16b744', 'f5651770-16d4-494b-aac7-62f8c750d945', '653e10f4-9aeb-4a01-806d-f8bafbff9c51', '66610320-d4b3-4b28-bfaa-288ddd9a13a9', '850ebefb-4563-413f-9e93-9a17c315039a', 'uba.it.pkpm.cn', 0, NULL);
INSERT INTO `template_config` VALUES ('6193403d-38ea-4380-bb99-80e049c6be92', 'f5651770-16d4-494b-aac7-62f8c750d945', '653e10f4-9aeb-4a01-806d-f8bafbff9c51', '66a69e61-d79d-43df-aaa3-4f53c4b4093b', 'e5f8c4b1-3e1a-48bf-b92c-1d0b9c2f02c9', 'realtime-1:9092,realtime-2:9092,realtime-3:9092', 0, 'e530a8d4-fcfb-4d57-968f-cf94b950ddc1');
INSERT INTO `template_config` VALUES ('61ac4cb0-72b7-48a3-a769-990cbb824f78', 'f5651770-16d4-494b-aac7-62f8c750d945', '653e10f4-9aeb-4a01-806d-f8bafbff9c51', '66610320-d4b3-4b28-bfaa-288ddd9a13a9', '9b22ef27-2b0c-4ac4-9ed5-87cab31b91a0', 'realtime-3:9004', 0, 'f9c0138d-16f0-4ff1-a926-b8e29a38ed26');
INSERT INTO `template_config` VALUES ('62385721-ec31-490c-a207-3ff40de87831', 'f5651770-16d4-494b-aac7-62f8c750d945', '653e10f4-9aeb-4a01-806d-f8bafbff9c51', '66a69e61-d79d-43df-aaa3-4f53c4b4093b', '83b50661-6b50-4aba-b9ce-78a20c968e20', 'zanalytics', 0, '55aac1c3-73fb-48d3-90ca-796161b37fb8');
INSERT INTO `template_config` VALUES ('62beefac-c164-4122-9bc5-5684851fecbe', 'f5651770-16d4-494b-aac7-62f8c750d945', '653e10f4-9aeb-4a01-806d-f8bafbff9c51', '66a69e61-d79d-43df-aaa3-4f53c4b4093b', 'ee201407-a96c-41f5-824a-f112f80bc944', NULL, 0, NULL);
INSERT INTO `template_config` VALUES ('632e818c-66d8-43ad-8449-50fb58b71535', 'f5651770-16d4-494b-aac7-62f8c750d945', '653e10f4-9aeb-4a01-806d-f8bafbff9c51', '66610320-d4b3-4b28-bfaa-288ddd9a13a9', '77d64756-6aa7-4abf-bc8c-d3494cd2f98f', 'realtime-2:7808', 0, '800923e7-f1ea-41ce-8fe5-e8733b9e9f3f');
INSERT INTO `template_config` VALUES ('63bc23c6-2fcd-47c0-aa60-25c3d6daaaef', 'f5651770-16d4-494b-aac7-62f8c750d945', '653e10f4-9aeb-4a01-806d-f8bafbff9c51', '54125aee-30b9-4a42-91a0-ac6b1c0a4c7f', '9f5fe37b-4f11-4332-a4d6-d0c158f0587e', '', 0, NULL);
INSERT INTO `template_config` VALUES ('6412c535-a3f0-4f51-bf85-918519753c24', 'f5651770-16d4-494b-aac7-62f8c750d945', '653e10f4-9aeb-4a01-806d-f8bafbff9c51', '66610320-d4b3-4b28-bfaa-288ddd9a13a9', '56a17a0e-8a73-42b1-8db7-84e48f07508f', '6379', 0, '60ed50b8-cd83-40ad-b634-bff73d3fec04');
INSERT INTO `template_config` VALUES ('6473a2a3-5d84-4e3d-9ce9-de991425ba7e', 'fbe813ac-b0dc-4126-b48f-c71038b2554a', '83798ffa-99c5-4d27-9397-3d7e81985ca2', '9fd43ada-748a-4aec-9016-595e1abf8fd8', '043e8daf-4f34-48b7-899e-9fb60d5fdfe2', 'true', 0, NULL);
INSERT INTO `template_config` VALUES ('64f9d260-d12a-445b-a880-a790b5c5a9da', 'f5651770-16d4-494b-aac7-62f8c750d945', '653e10f4-9aeb-4a01-806d-f8bafbff9c51', '66defc4c-0903-4289-8dc2-3c3e27901ad9', '942e5d64-6396-4f46-bd0f-3515132a19cf', 'elastic', 0, NULL);
INSERT INTO `template_config` VALUES ('6617bc6c-3b3e-478f-9d67-2a88eaff6151', 'f5651770-16d4-494b-aac7-62f8c750d945', '653e10f4-9aeb-4a01-806d-f8bafbff9c51', '66a69e61-d79d-43df-aaa3-4f53c4b4093b', '5c25a20d-16a6-4040-93a2-ad567bd43534', 'realtime-2', 0, '64b2dcc2-120d-4b00-9f4a-5778eabab4bf');
INSERT INTO `template_config` VALUES ('661804dc-7fbd-4c66-80e5-9cece661c9e1', 'f5651770-16d4-494b-aac7-62f8c750d945', '653e10f4-9aeb-4a01-806d-f8bafbff9c51', '66defc4c-0903-4289-8dc2-3c3e27901ad9', 'c7ad3819-b6eb-4367-b2e8-c8a01aa60864', 'realtime-1', 0, '9f6400a4-56c6-40d3-a498-8dd09ded125b');
INSERT INTO `template_config` VALUES ('66c917e0-6e22-44bf-ad94-64bc4c76d953', 'f5651770-16d4-494b-aac7-62f8c750d945', '653e10f4-9aeb-4a01-806d-f8bafbff9c51', '66a69e61-d79d-43df-aaa3-4f53c4b4093b', 'ed0ac25d-bdc1-4041-843a-69eeccad0277', NULL, 0, NULL);
INSERT INTO `template_config` VALUES ('66d4fe3f-5bb6-4f28-8362-3aa62fbfcbea', 'f5651770-16d4-494b-aac7-62f8c750d945', '653e10f4-9aeb-4a01-806d-f8bafbff9c51', 'f378536f-c37d-4b48-8231-ac118829b0ec', '26433998-9fce-40c4-bfa2-7ca46f4cd9f2', '21050', 0, '35f80d60-dc89-4252-9833-ccf0bdc647ed');
INSERT INTO `template_config` VALUES ('67cb3d6c-6a95-4098-8bf0-aba4e9ea267c', 'f5651770-16d4-494b-aac7-62f8c750d945', '653e10f4-9aeb-4a01-806d-f8bafbff9c51', 'fa3bd1ff-0b0d-4dc3-81ea-d3c1e97136bc', '94203d4d-053e-4e80-880c-bd3004357ba9', '9d3266fd556a4db7b9616d385f8bdf8f', 0, NULL);
INSERT INTO `template_config` VALUES ('685c0755-803f-4a9f-a3ba-bb5b2899bc42', 'f5651770-16d4-494b-aac7-62f8c750d945', '653e10f4-9aeb-4a01-806d-f8bafbff9c51', '66a69e61-d79d-43df-aaa3-4f53c4b4093b', 'de0a8cc0-4cad-4716-9f29-8d933388303c', '8893', 0, NULL);
INSERT INTO `template_config` VALUES ('6914b984-1cff-4230-94e6-c418c034d89f', 'f5651770-16d4-494b-aac7-62f8c750d945', '653e10f4-9aeb-4a01-806d-f8bafbff9c51', 'fa3bd1ff-0b0d-4dc3-81ea-d3c1e97136bc', '99b733dd-7ba5-4f67-b7ab-1ae617bf3362', 'web', 0, 'dc76824b-6ea1-45eb-b9da-0589e866aefa');
INSERT INTO `template_config` VALUES ('6990f00d-6a42-42a5-9a9a-bdff665e01a4', 'f5651770-16d4-494b-aac7-62f8c750d945', '653e10f4-9aeb-4a01-806d-f8bafbff9c51', 'b55a185a-77ff-4b98-a2bb-927fd202ec85', '483c9dd5-4f74-4527-9047-fa8713be9f57', 'realtime-3', 0, 'a52b7ed4-59b1-4c1e-b72b-f4ebadd76043');
INSERT INTO `template_config` VALUES ('6a32c222-8acb-4486-88bc-e5ce02e47e1c', 'f5651770-16d4-494b-aac7-62f8c750d945', '653e10f4-9aeb-4a01-806d-f8bafbff9c51', '66a69e61-d79d-43df-aaa3-4f53c4b4093b', '654eef16-58b0-4820-a11f-886a8b7407bf', 'realtime-1:9092,realtime-2:9092,realtime-3:9092', 0, 'e530a8d4-fcfb-4d57-968f-cf94b950ddc1');
INSERT INTO `template_config` VALUES ('6aec26d7-463e-4a35-9fb0-b9c4fc9d3b61', 'f5651770-16d4-494b-aac7-62f8c750d945', '653e10f4-9aeb-4a01-806d-f8bafbff9c51', '66a69e61-d79d-43df-aaa3-4f53c4b4093b', 'd6ff57c9-94cf-4c1d-9d0a-a08bd00479ef', NULL, 0, NULL);
INSERT INTO `template_config` VALUES ('6b51c0e8-7e95-4039-9ef8-7a63aabed20d', 'f5651770-16d4-494b-aac7-62f8c750d945', '653e10f4-9aeb-4a01-806d-f8bafbff9c51', '66610320-d4b3-4b28-bfaa-288ddd9a13a9', 'e7053a2a-f802-4290-816a-2c19dd1ddc6b', 'realtime-3:9004', 0, 'f9c0138d-16f0-4ff1-a926-b8e29a38ed26');
INSERT INTO `template_config` VALUES ('6babbec6-5b59-47c8-9759-add2dbae9bf2', 'f5651770-16d4-494b-aac7-62f8c750d945', '653e10f4-9aeb-4a01-806d-f8bafbff9c51', '66610320-d4b3-4b28-bfaa-288ddd9a13a9', 'a9c08094-f613-4c01-b4e7-51c564077e45', 'Sun_unix*1101', 0, 'a28bdb89-e67f-411f-9b09-b22292a3a5a8');
INSERT INTO `template_config` VALUES ('6c7f3854-40cc-42b0-a040-6a382f8f2cec', 'f5651770-16d4-494b-aac7-62f8c750d945', '653e10f4-9aeb-4a01-806d-f8bafbff9c51', 'fa3bd1ff-0b0d-4dc3-81ea-d3c1e97136bc', '51804a28-8b28-422b-adde-b181ba5868b0', 'https://weixin.zhugeio.com', 0, '1e68cc08-f266-4019-98d0-70c5f43adf18');
INSERT INTO `template_config` VALUES ('6d8f2bfb-c416-4081-b7b8-c0708aaf1749', 'f5651770-16d4-494b-aac7-62f8c750d945', '653e10f4-9aeb-4a01-806d-f8bafbff9c51', '66610320-d4b3-4b28-bfaa-288ddd9a13a9', '31c55298-cf5b-4ed9-90bc-403305fccf90', 'realtime-1', 0, '9f6400a4-56c6-40d3-a498-8dd09ded125b');
INSERT INTO `template_config` VALUES ('6d9a3b50-34d1-41aa-85c7-0adc858f3c9f', 'f5651770-16d4-494b-aac7-62f8c750d945', '653e10f4-9aeb-4a01-806d-f8bafbff9c51', 'a2465b6a-9351-417f-98ba-0b9f5b991436', '78b8aea1-f860-478e-9817-89c53256edbd', 'zhugeio', 0, NULL);
INSERT INTO `template_config` VALUES ('6dcf5c59-af37-4c90-b80d-dcda6f9d594a', 'fbe813ac-b0dc-4126-b48f-c71038b2554a', '83798ffa-99c5-4d27-9397-3d7e81985ca2', '9fd43ada-748a-4aec-9016-595e1abf8fd8', '482855b8-864e-4c28-a299-b2bcead1e695', 'true', 0, NULL);
INSERT INTO `template_config` VALUES ('6dd8374c-9f27-45c6-b147-2b9d99c3194c', 'f5651770-16d4-494b-aac7-62f8c750d945', '653e10f4-9aeb-4a01-806d-f8bafbff9c51', '66610320-d4b3-4b28-bfaa-288ddd9a13a9', 'c0f8240c-a797-4314-883b-a886d91a8cd8', 'realtime-2', 0, '64b2dcc2-120d-4b00-9f4a-5778eabab4bf');
INSERT INTO `template_config` VALUES ('6eb81e5e-e8cc-40ea-88a0-757825926150', 'f5651770-16d4-494b-aac7-62f8c750d945', '653e10f4-9aeb-4a01-806d-f8bafbff9c51', '66610320-d4b3-4b28-bfaa-288ddd9a13a9', '83ffc1bb-94d5-45f0-91d7-2b8550aabc30', 'realtime-1:8080', 0, '46d7cd5f-4ddf-4da4-b1ee-b31335a73721');
INSERT INTO `template_config` VALUES ('6ebe079d-63bd-4946-a300-109739468c5d', 'f5651770-16d4-494b-aac7-62f8c750d945', '653e10f4-9aeb-4a01-806d-f8bafbff9c51', 'dc62e1ce-57a3-4325-82f5-0418e04189fe', '49f636d0-c767-4781-8e0d-c0681ba192c6', 'realtime-mkt:1922', 0, '6c21e392-30b3-4028-a366-bbbba29f8fdc');
INSERT INTO `template_config` VALUES ('6f230a82-ef7b-4365-b566-b40d40b39acf', 'f5651770-16d4-494b-aac7-62f8c750d945', '653e10f4-9aeb-4a01-806d-f8bafbff9c51', 'a2465b6a-9351-417f-98ba-0b9f5b991436', '9262de32-1cf4-4d0f-aecc-e9c6fa1f3567', '/webapp/spa/', 0, NULL);
INSERT INTO `template_config` VALUES ('6fe7c65e-cc33-4368-82f2-d159bba9ca6b', 'f5651770-16d4-494b-aac7-62f8c750d945', '653e10f4-9aeb-4a01-806d-f8bafbff9c51', 'a2465b6a-9351-417f-98ba-0b9f5b991436', '218b2017-fb0a-4c0d-b7c7-f9838dab02d5', 'ZhugeSDK', 0, NULL);
INSERT INTO `template_config` VALUES ('70106e8a-04f2-4046-9647-a89678b77b1b', 'f5651770-16d4-494b-aac7-62f8c750d945', '653e10f4-9aeb-4a01-806d-f8bafbff9c51', '02d4e660-8d31-4090-8506-d49f3399a7ed', '80de2420-506c-4ce6-b0ed-e56f27d36c9b', NULL, 0, NULL);
INSERT INTO `template_config` VALUES ('7052566d-d241-441f-a96b-2894a3f201ef', 'f5651770-16d4-494b-aac7-62f8c750d945', '653e10f4-9aeb-4a01-806d-f8bafbff9c51', 'b55a185a-77ff-4b98-a2bb-927fd202ec85', '61830634-352e-4ccd-849e-3f1f7dfafb58', 'realtime-1', 0, '9f6400a4-56c6-40d3-a498-8dd09ded125b');
INSERT INTO `template_config` VALUES ('712ee37b-55e2-4c9c-b9ed-c37db4365aed', 'f5651770-16d4-494b-aac7-62f8c750d945', '653e10f4-9aeb-4a01-806d-f8bafbff9c51', '66a69e61-d79d-43df-aaa3-4f53c4b4093b', 'b7789620-8247-4d69-af8c-a21da9bcca2b', 'zanalytics', 0, '55aac1c3-73fb-48d3-90ca-796161b37fb8');
INSERT INTO `template_config` VALUES ('71ac6702-cdd7-4b76-b1b1-76359cf65994', 'f5651770-16d4-494b-aac7-62f8c750d945', '653e10f4-9aeb-4a01-806d-f8bafbff9c51', 'a2465b6a-9351-417f-98ba-0b9f5b991436', '85f340f7-1089-4f67-bc8a-4345183faa2f', 'true', 0, '8e46ac3c-9129-431f-a197-34e5b692b42a');
INSERT INTO `template_config` VALUES ('7255ca1b-0de8-482a-9a35-62552aadd230', 'fbe813ac-b0dc-4126-b48f-c71038b2554a', '83798ffa-99c5-4d27-9397-3d7e81985ca2', '9fd43ada-748a-4aec-9016-595e1abf8fd8', 'f97bb3f0-1648-4aa5-9245-bfbf2bd7a7b5', 'true', 0, NULL);
INSERT INTO `template_config` VALUES ('73395382-0e2b-422a-85f7-0ace8ac60f6a', 'f5651770-16d4-494b-aac7-62f8c750d945', '653e10f4-9aeb-4a01-806d-f8bafbff9c51', '66610320-d4b3-4b28-bfaa-288ddd9a13a9', 'fe8c9b7a-6dbc-4d8b-9dd7-7c159afd8f4a', 'realtime-2:7808', 0, '800923e7-f1ea-41ce-8fe5-e8733b9e9f3f');
INSERT INTO `template_config` VALUES ('738eed05-ddaa-4eb0-9ab3-d1eebd948157', 'f5651770-16d4-494b-aac7-62f8c750d945', '653e10f4-9aeb-4a01-806d-f8bafbff9c51', 'b61315d4-f360-41e3-bf73-e0e8d4e737a3', '3586ce72-da96-4135-ae68-004d28c7acc0', '/wx-h5', 0, NULL);
INSERT INTO `template_config` VALUES ('73a282e9-3831-46bf-9994-d9905c448eff', 'f5651770-16d4-494b-aac7-62f8c750d945', '653e10f4-9aeb-4a01-806d-f8bafbff9c51', '66a69e61-d79d-43df-aaa3-4f53c4b4093b', '65234096-b732-4816-a5c3-c0eade6237c1', 'web', 0, 'dc76824b-6ea1-45eb-b9da-0589e866aefa');
INSERT INTO `template_config` VALUES ('73e731a4-6d9f-4ff0-ae58-e569aa1f5c09', 'f5651770-16d4-494b-aac7-62f8c750d945', '653e10f4-9aeb-4a01-806d-f8bafbff9c51', 'b55a185a-77ff-4b98-a2bb-927fd202ec85', '45060d44-9394-426f-bdf7-4a9757c3c3d5', NULL, 0, NULL);
INSERT INTO `template_config` VALUES ('741b4843-4974-4bf7-ac9e-e863f21c5cfb', 'f5651770-16d4-494b-aac7-62f8c750d945', '653e10f4-9aeb-4a01-806d-f8bafbff9c51', 'dc62e1ce-57a3-4325-82f5-0418e04189fe', '28ea9aa7-ac42-40f3-96c3-f77ee08295b8', 'realtime-mkt:1924', 0, '8118b531-ba57-458d-943d-dbe3e0311708');
INSERT INTO `template_config` VALUES ('757b8604-c516-4f19-b8bd-c038b0583b68', 'f5651770-16d4-494b-aac7-62f8c750d945', '653e10f4-9aeb-4a01-806d-f8bafbff9c51', '66a69e61-d79d-43df-aaa3-4f53c4b4093b', 'f352c600-28a5-4059-98f7-506d62a3b029', 'zanalytics', 0, '55aac1c3-73fb-48d3-90ca-796161b37fb8');
INSERT INTO `template_config` VALUES ('77ccf499-d8d0-4bfa-a427-5d928041cc89', 'f5651770-16d4-494b-aac7-62f8c750d945', '653e10f4-9aeb-4a01-806d-f8bafbff9c51', '66a69e61-d79d-43df-aaa3-4f53c4b4093b', '8b0d0839-aa13-435c-b889-bdae192073c7', 'realtime-1', 0, '9f6400a4-56c6-40d3-a498-8dd09ded125b');
INSERT INTO `template_config` VALUES ('7824f732-0ee7-4e7c-af18-2ce6c36bda5f', 'f5651770-16d4-494b-aac7-62f8c750d945', '653e10f4-9aeb-4a01-806d-f8bafbff9c51', '80719569-e459-4b22-99d4-146335e78144', 'ae1d0193-6f4a-4cd1-8cee-8c5404d78c00', 'realtime-1', 0, '9f6400a4-56c6-40d3-a498-8dd09ded125b');
INSERT INTO `template_config` VALUES ('788cf702-1a8d-4107-9cce-032f6986b2e9', 'f5651770-16d4-494b-aac7-62f8c750d945', '653e10f4-9aeb-4a01-806d-f8bafbff9c51', '66a69e61-d79d-43df-aaa3-4f53c4b4093b', 'df1d7501-89fc-4125-8efb-5d3a9045f96c', 'realtime-1', 0, '9f6400a4-56c6-40d3-a498-8dd09ded125b');
INSERT INTO `template_config` VALUES ('78bbbe1e-3a35-4277-8f9b-867761575a50', 'f5651770-16d4-494b-aac7-62f8c750d945', '653e10f4-9aeb-4a01-806d-f8bafbff9c51', '02d4e660-8d31-4090-8506-d49f3399a7ed', 'f613f449-8504-424b-8ffd-08c1429dd137', 'false', 0, 'dbe55723-e716-4afb-a9e2-6617390a099e');
INSERT INTO `template_config` VALUES ('79a3b819-bb12-4849-ba01-db7062a1c375', 'f5651770-16d4-494b-aac7-62f8c750d945', '653e10f4-9aeb-4a01-806d-f8bafbff9c51', 'dc62e1ce-57a3-4325-82f5-0418e04189fe', '2472a162-eb73-46b7-b08d-4cfbfb76e583', 'realtime-mkt:1925', 0, 'da6dc669-4739-45cd-bc88-b5066d76a1d0');
INSERT INTO `template_config` VALUES ('79b8af8c-3b07-497a-9f75-45a050e1c695', 'f5651770-16d4-494b-aac7-62f8c750d945', '653e10f4-9aeb-4a01-806d-f8bafbff9c51', 'a2465b6a-9351-417f-98ba-0b9f5b991436', 'fadeae89-ea12-4cd0-80c0-1b0f170e36a8', '0', 0, 'ddaf2e76-9c9e-4314-9fe7-f3e35813a81a');
INSERT INTO `template_config` VALUES ('7a383512-844c-4b27-8780-76b854e3d8ae', 'f5651770-16d4-494b-aac7-62f8c750d945', '653e10f4-9aeb-4a01-806d-f8bafbff9c51', '48e69251-46b2-4982-94eb-0846b57d7a2c', 'fffcf5db-84a6-4d78-9b26-53c116cb6404', 'zanalytics', 0, '55aac1c3-73fb-48d3-90ca-796161b37fb8');
INSERT INTO `template_config` VALUES ('7aaeb7e4-5114-4f6b-b5bb-7c2dd92957b5', 'f5651770-16d4-494b-aac7-62f8c750d945', '653e10f4-9aeb-4a01-806d-f8bafbff9c51', '66a69e61-d79d-43df-aaa3-4f53c4b4093b', 'a3a9467a-6f10-4dae-8e13-27ece15605d8', 'realtime-1:9092,realtime-2:9092,realtime-3:9092', 0, 'e530a8d4-fcfb-4d57-968f-cf94b950ddc1');
INSERT INTO `template_config` VALUES ('7acbe465-aa1d-4114-b8b9-ced8de847f22', 'f5651770-16d4-494b-aac7-62f8c750d945', '653e10f4-9aeb-4a01-806d-f8bafbff9c51', 'dc62e1ce-57a3-4325-82f5-0418e04189fe', '173b27a9-a142-488a-803d-6f65c397457f', 'realtime-mkt:1924', 0, '8118b531-ba57-458d-943d-dbe3e0311708');
INSERT INTO `template_config` VALUES ('7b3ff627-000c-4e4f-91cf-5e0bbd9ced6e', 'fbe813ac-b0dc-4126-b48f-c71038b2554a', '83798ffa-99c5-4d27-9397-3d7e81985ca2', '9fd43ada-748a-4aec-9016-595e1abf8fd8', 'ec778003-bc6c-4e33-ac2e-2dffb96c0a48', '5f8a935cd15a47419df0e07d0547551b', 0, NULL);
INSERT INTO `template_config` VALUES ('7beab0b1-00e2-44ce-b7c2-cb38b0e2c033', 'f5651770-16d4-494b-aac7-62f8c750d945', '653e10f4-9aeb-4a01-806d-f8bafbff9c51', 'fa3bd1ff-0b0d-4dc3-81ea-d3c1e97136bc', '7b7fb6f5-f045-4bed-87ea-96ef877fd676', 'Sun_unix*1101', 0, 'a28bdb89-e67f-411f-9b09-b22292a3a5a8');
INSERT INTO `template_config` VALUES ('7c811c2d-b1b8-49ce-84ca-f4f111b16ae9', 'f5651770-16d4-494b-aac7-62f8c750d945', '653e10f4-9aeb-4a01-806d-f8bafbff9c51', '66a69e61-d79d-43df-aaa3-4f53c4b4093b', '9d5b1c1a-566a-4c2b-9abf-b6a1c74c57f9', '6379', 0, '60ed50b8-cd83-40ad-b634-bff73d3fec04');
INSERT INTO `template_config` VALUES ('7cc2b885-b5f0-468c-9339-780112707589', 'f5651770-16d4-494b-aac7-62f8c750d945', '653e10f4-9aeb-4a01-806d-f8bafbff9c51', '66a69e61-d79d-43df-aaa3-4f53c4b4093b', '8812aa2a-11e2-4259-919a-6f1c813959c9', 'zanalytics', 0, '55aac1c3-73fb-48d3-90ca-796161b37fb8');
INSERT INTO `template_config` VALUES ('7d9fb7f8-006a-429e-8384-53bf808c747f', 'f5651770-16d4-494b-aac7-62f8c750d945', '653e10f4-9aeb-4a01-806d-f8bafbff9c51', 'fa3bd1ff-0b0d-4dc3-81ea-d3c1e97136bc', '3d561437-ad9a-406f-9a48-91e7ceca6ed9', 'realtime-1', 0, '9f6400a4-56c6-40d3-a498-8dd09ded125b');
INSERT INTO `template_config` VALUES ('7ea8770b-5969-4caf-b592-5b11dc6970e7', 'f5651770-16d4-494b-aac7-62f8c750d945', '653e10f4-9aeb-4a01-806d-f8bafbff9c51', '66610320-d4b3-4b28-bfaa-288ddd9a13a9', 'bc16af87-b972-4164-bdb0-f0c6d0fc30e7', 'realtime-1:8080', 0, '46d7cd5f-4ddf-4da4-b1ee-b31335a73721');
INSERT INTO `template_config` VALUES ('7fe55650-d2a3-42fc-8941-ce6a30815184', 'f5651770-16d4-494b-aac7-62f8c750d945', '653e10f4-9aeb-4a01-806d-f8bafbff9c51', 'f378536f-c37d-4b48-8231-ac118829b0ec', 'b97d2b88-d5e3-44d6-87be-b9ddd483ba44', '3306', 0, 'ec7539e1-dbbc-47f9-94fa-7e02dd0d610f');
INSERT INTO `template_config` VALUES ('7ff5c67b-8595-4eaa-8c90-c32cac1d6d3e', 'f5651770-16d4-494b-aac7-62f8c750d945', '653e10f4-9aeb-4a01-806d-f8bafbff9c51', '66a69e61-d79d-43df-aaa3-4f53c4b4093b', '928b2f7f-10d9-402d-ad36-960fd9356507', 'realtime-1', 0, '9f6400a4-56c6-40d3-a498-8dd09ded125b');
INSERT INTO `template_config` VALUES ('8012064e-0d25-4123-aa9d-d346379aa40b', 'f5651770-16d4-494b-aac7-62f8c750d945', '653e10f4-9aeb-4a01-806d-f8bafbff9c51', '66610320-d4b3-4b28-bfaa-288ddd9a13a9', '038a18d9-889d-4d21-a644-c72f1025c3e5', 'realtime-1:18080', 0, '96d88248-6af4-41a8-a1a9-7e711e08393f');
INSERT INTO `template_config` VALUES ('80532746-eb36-4321-b429-092446265344', 'f5651770-16d4-494b-aac7-62f8c750d945', '653e10f4-9aeb-4a01-806d-f8bafbff9c51', '66a69e61-d79d-43df-aaa3-4f53c4b4093b', '245b8755-3bcf-4781-9ed3-29357ade3a86', 'realtime-1:9092,realtime-2:9092,realtime-3:9092', 0, 'e530a8d4-fcfb-4d57-968f-cf94b950ddc1');
INSERT INTO `template_config` VALUES ('80d9637c-f6d2-4637-b9d2-11ed772efa2e', 'f5651770-16d4-494b-aac7-62f8c750d945', '653e10f4-9aeb-4a01-806d-f8bafbff9c51', '66a69e61-d79d-43df-aaa3-4f53c4b4093b', '8f5a4280-ee9a-471b-a49d-1da225164b93', 'zanalytics', 0, '55aac1c3-73fb-48d3-90ca-796161b37fb8');
INSERT INTO `template_config` VALUES ('8117de93-ed5a-47b9-9bb8-2afe62950fea', 'f5651770-16d4-494b-aac7-62f8c750d945', '653e10f4-9aeb-4a01-806d-f8bafbff9c51', '66a69e61-d79d-43df-aaa3-4f53c4b4093b', 'c0e0b2d4-30b1-434b-9af2-ace61a05f3df', 'realtime-1', 0, '9f6400a4-56c6-40d3-a498-8dd09ded125b');
INSERT INTO `template_config` VALUES ('81af68d7-634a-47bd-b524-62178d00b5d9', 'f5651770-16d4-494b-aac7-62f8c750d945', '653e10f4-9aeb-4a01-806d-f8bafbff9c51', '66a69e61-d79d-43df-aaa3-4f53c4b4093b', 'ade53247-afcf-4538-a302-c2de8af97dae', NULL, 0, NULL);
INSERT INTO `template_config` VALUES ('81d45b09-295d-4c20-9021-945cfb4e4c6b', 'f5651770-16d4-494b-aac7-62f8c750d945', '653e10f4-9aeb-4a01-806d-f8bafbff9c51', '66a69e61-d79d-43df-aaa3-4f53c4b4093b', 'de5e1843-2bda-4378-a013-e434513b7e5f', 'Sun_unix*1101', 0, 'a28bdb89-e67f-411f-9b09-b22292a3a5a8');
INSERT INTO `template_config` VALUES ('81f0fac3-0243-401f-b7e9-1e4f4c96dc95', 'f5651770-16d4-494b-aac7-62f8c750d945', '653e10f4-9aeb-4a01-806d-f8bafbff9c51', '66610320-d4b3-4b28-bfaa-288ddd9a13a9', 'acdc9409-0f1d-4508-afc9-696af26810de', 'web', 0, 'dc76824b-6ea1-45eb-b9da-0589e866aefa');
INSERT INTO `template_config` VALUES ('826c0791-b58a-451a-895a-a589b662a0af', 'f5651770-16d4-494b-aac7-62f8c750d945', '653e10f4-9aeb-4a01-806d-f8bafbff9c51', '66610320-d4b3-4b28-bfaa-288ddd9a13a9', 'db6273b9-6dc6-4e31-ad59-86011ed022be', 'realtime-1', 0, '9f6400a4-56c6-40d3-a498-8dd09ded125b');
INSERT INTO `template_config` VALUES ('82c6f52a-4553-4c2e-8eba-a18bc29f0759', 'f5651770-16d4-494b-aac7-62f8c750d945', '653e10f4-9aeb-4a01-806d-f8bafbff9c51', '66610320-d4b3-4b28-bfaa-288ddd9a13a9', '60b9e638-3b02-4149-8d44-3d49af86a5f6', 'realtime-1:9003', 0, '9fd9f6ff-1dbb-4b21-a204-b38f91ae552d');
INSERT INTO `template_config` VALUES ('839775c0-685b-4c18-91ee-7bd2cbaba3b6', 'f5651770-16d4-494b-aac7-62f8c750d945', '653e10f4-9aeb-4a01-806d-f8bafbff9c51', '66a69e61-d79d-43df-aaa3-4f53c4b4093b', '8be42ded-83dd-4524-8a4c-180c089bf0bc', 'http://realtime-1:8008', 0, NULL);
INSERT INTO `template_config` VALUES ('83c6ed56-7faa-40dc-810a-b6e404f03e19', 'fbe813ac-b0dc-4126-b48f-c71038b2554a', '83798ffa-99c5-4d27-9397-3d7e81985ca2', '9fd43ada-748a-4aec-9016-595e1abf8fd8', '89a51264-9a39-4e0a-848a-3495efd98705', 'https://uba.it.pkpm.cn', 0, NULL);
INSERT INTO `template_config` VALUES ('841c6eb1-014f-48b2-9e87-da1d986fb682', 'f5651770-16d4-494b-aac7-62f8c750d945', '653e10f4-9aeb-4a01-806d-f8bafbff9c51', '66610320-d4b3-4b28-bfaa-288ddd9a13a9', 'c2fc2e6f-9c3a-4838-92ee-a6cd29f10434', 'realtime-1:8081', 0, '03b7beb9-f80b-4d7c-9b0b-f829815fc774');
INSERT INTO `template_config` VALUES ('8499db77-3033-4d39-9a21-7303d5317419', 'f5651770-16d4-494b-aac7-62f8c750d945', '653e10f4-9aeb-4a01-806d-f8bafbff9c51', '66a69e61-d79d-43df-aaa3-4f53c4b4093b', '19db88bc-79cc-473d-96c5-984fecc496ff', '3306', 0, 'ec7539e1-dbbc-47f9-94fa-7e02dd0d610f');
INSERT INTO `template_config` VALUES ('8541581c-263f-446c-bc97-06eee3f10aea', 'f5651770-16d4-494b-aac7-62f8c750d945', '653e10f4-9aeb-4a01-806d-f8bafbff9c51', 'fa3bd1ff-0b0d-4dc3-81ea-d3c1e97136bc', 'f14fd28b-7696-492c-a2b0-18666edda05f', 'zanalytics', 0, '55aac1c3-73fb-48d3-90ca-796161b37fb8');
INSERT INTO `template_config` VALUES ('86649cbd-c31f-4dda-9c4d-bf41fd32de93', 'f5651770-16d4-494b-aac7-62f8c750d945', '653e10f4-9aeb-4a01-806d-f8bafbff9c51', '48e69251-46b2-4982-94eb-0846b57d7a2c', '46e976bc-0363-4fd7-a247-d62b1f83ebee', 'zg_see', 0, NULL);
INSERT INTO `template_config` VALUES ('86c624b3-4aad-4712-9f5f-e5f9279e0725', 'f5651770-16d4-494b-aac7-62f8c750d945', '653e10f4-9aeb-4a01-806d-f8bafbff9c51', '66a69e61-d79d-43df-aaa3-4f53c4b4093b', 'a19a8d61-bf51-4c28-84cf-d48dedd895db', 'zanalytics', 0, '55aac1c3-73fb-48d3-90ca-796161b37fb8');
INSERT INTO `template_config` VALUES ('87560c3d-019f-42b9-a5ec-02d5a8828e38', 'fbe813ac-b0dc-4126-b48f-c71038b2554a', '83798ffa-99c5-4d27-9397-3d7e81985ca2', '9fd43ada-748a-4aec-9016-595e1abf8fd8', '6f48eb20-9e67-4c92-bebc-8e643d616961', 'false', 0, NULL);
INSERT INTO `template_config` VALUES ('87afeb1f-5242-49c5-9c3c-0a912975f069', 'f5651770-16d4-494b-aac7-62f8c750d945', '653e10f4-9aeb-4a01-806d-f8bafbff9c51', '4106cadf-5026-44dd-814b-76df03001a1b', '5bfb87ac-490d-4a97-b78b-f9905899c6fd', 'admin', 0, 'ee9616dc-725c-40f8-9a85-2435adf31b77');
INSERT INTO `template_config` VALUES ('880fe311-08e5-4328-861a-4a40a5af9686', 'f5651770-16d4-494b-aac7-62f8c750d945', '653e10f4-9aeb-4a01-806d-f8bafbff9c51', '66a69e61-d79d-43df-aaa3-4f53c4b4093b', 'c12f098a-fd20-4b10-bb96-458d7ed81d89', 'realtime-2', 0, '64b2dcc2-120d-4b00-9f4a-5778eabab4bf');
INSERT INTO `template_config` VALUES ('8832372b-b48c-41ad-a647-f8357dd00fd4', 'f5651770-16d4-494b-aac7-62f8c750d945', '653e10f4-9aeb-4a01-806d-f8bafbff9c51', 'a2465b6a-9351-417f-98ba-0b9f5b991436', '81a3072e-83af-4011-b000-ac39de533d5b', '/analysis/api', 0, NULL);
INSERT INTO `template_config` VALUES ('88def34e-4b61-48bf-8a28-59b1bb78819f', 'f5651770-16d4-494b-aac7-62f8c750d945', '653e10f4-9aeb-4a01-806d-f8bafbff9c51', '66610320-d4b3-4b28-bfaa-288ddd9a13a9', 'fa072961-021e-445d-bde0-bbf074540523', 'realtime-3:9004', 0, 'f9c0138d-16f0-4ff1-a926-b8e29a38ed26');
INSERT INTO `template_config` VALUES ('897bd2c4-01ab-4e79-8cf9-351829da3641', 'f5651770-16d4-494b-aac7-62f8c750d945', '653e10f4-9aeb-4a01-806d-f8bafbff9c51', '66defc4c-0903-4289-8dc2-3c3e27901ad9', '4417d810-001e-4cf0-bbf7-c315c41db1bb', 'web', 0, 'dc76824b-6ea1-45eb-b9da-0589e866aefa');
INSERT INTO `template_config` VALUES ('8b3f500e-f6d5-45fc-a738-94deeabce09a', 'f5651770-16d4-494b-aac7-62f8c750d945', '653e10f4-9aeb-4a01-806d-f8bafbff9c51', 'fa3bd1ff-0b0d-4dc3-81ea-d3c1e97136bc', '022333a2-cd01-402c-b4a5-6443152b4ac4', 'realtime-1:9092,realtime-2:9092,realtime-3:9092', 0, 'e530a8d4-fcfb-4d57-968f-cf94b950ddc1');
INSERT INTO `template_config` VALUES ('8b9608a9-611c-4934-983d-c3e3f6b1e79c', 'f5651770-16d4-494b-aac7-62f8c750d945', '653e10f4-9aeb-4a01-806d-f8bafbff9c51', '66a69e61-d79d-43df-aaa3-4f53c4b4093b', 'f6def3f1-64e6-4fd5-ae4b-c0a05c41526b', 'realtime-1', 0, '9f6400a4-56c6-40d3-a498-8dd09ded125b');
INSERT INTO `template_config` VALUES ('8bfcd196-61cb-45dc-aa58-1432e17a39c6', 'f5651770-16d4-494b-aac7-62f8c750d945', '653e10f4-9aeb-4a01-806d-f8bafbff9c51', '66a69e61-d79d-43df-aaa3-4f53c4b4093b', '13beefa9-1cb3-4791-988b-3c9896e2008c', 'zanalytics', 0, '55aac1c3-73fb-48d3-90ca-796161b37fb8');
INSERT INTO `template_config` VALUES ('8c385314-c0f4-47e9-bae1-800de681a522', 'f5651770-16d4-494b-aac7-62f8c750d945', '653e10f4-9aeb-4a01-806d-f8bafbff9c51', '66610320-d4b3-4b28-bfaa-288ddd9a13a9', '340f9929-7660-4077-be41-282e7ac707e4', NULL, 0, NULL);
INSERT INTO `template_config` VALUES ('8d80c769-7eb5-40c2-99b8-a91463258a3b', 'f5651770-16d4-494b-aac7-62f8c750d945', '653e10f4-9aeb-4a01-806d-f8bafbff9c51', '66a69e61-d79d-43df-aaa3-4f53c4b4093b', '51dd0fde-91ba-4e36-aba8-e89dc1ba0a73', '26480', 0, 'd6b2c5ff-7453-4833-a173-d311122fceb6');
INSERT INTO `template_config` VALUES ('8e187763-7425-43d0-a109-eb0e79093360', 'f5651770-16d4-494b-aac7-62f8c750d945', '653e10f4-9aeb-4a01-806d-f8bafbff9c51', '48e69251-46b2-4982-94eb-0846b57d7a2c', 'fce4a8ca-9c80-4767-8ae3-38c7e03c3795', 'web', 0, 'dc76824b-6ea1-45eb-b9da-0589e866aefa');
INSERT INTO `template_config` VALUES ('8e2ffc40-242a-4411-abd4-f25c20fdd582', 'f5651770-16d4-494b-aac7-62f8c750d945', '653e10f4-9aeb-4a01-806d-f8bafbff9c51', 'f378536f-c37d-4b48-8231-ac118829b0ec', '6838a537-b989-48f6-a6c3-269c06ca4b89', 'admin', 0, 'ee9616dc-725c-40f8-9a85-2435adf31b77');
INSERT INTO `template_config` VALUES ('8e556909-2107-442d-b6cd-16c76585942d', 'f5651770-16d4-494b-aac7-62f8c750d945', '653e10f4-9aeb-4a01-806d-f8bafbff9c51', '66a69e61-d79d-43df-aaa3-4f53c4b4093b', '2c5b4df3-ede8-4728-90b3-b86f88531648', 'web', 0, 'dc76824b-6ea1-45eb-b9da-0589e866aefa');
INSERT INTO `template_config` VALUES ('8e56b208-09c6-4304-9076-5ebb579515d9', 'f5651770-16d4-494b-aac7-62f8c750d945', '653e10f4-9aeb-4a01-806d-f8bafbff9c51', '66610320-d4b3-4b28-bfaa-288ddd9a13a9', 'c14f7b64-238f-4f71-8579-007fcc8c5479', 'Sun_unix*1101', 0, 'a28bdb89-e67f-411f-9b09-b22292a3a5a8');
INSERT INTO `template_config` VALUES ('8e763816-ec1a-4bdf-b7f0-f6567988410b', 'f5651770-16d4-494b-aac7-62f8c750d945', '653e10f4-9aeb-4a01-806d-f8bafbff9c51', '66610320-d4b3-4b28-bfaa-288ddd9a13a9', '8dda0d30-4d9c-4bdd-a8dc-db9b8d5440bf', '6379', 0, '60ed50b8-cd83-40ad-b634-bff73d3fec04');
INSERT INTO `template_config` VALUES ('8ebfffd1-81ea-4013-baf0-b341067278ca', 'f5651770-16d4-494b-aac7-62f8c750d945', '653e10f4-9aeb-4a01-806d-f8bafbff9c51', '48e69251-46b2-4982-94eb-0846b57d7a2c', 'e9eaae9b-13dc-445f-a896-57f63caa6aaf', 'admin', 0, 'ee9616dc-725c-40f8-9a85-2435adf31b77');
INSERT INTO `template_config` VALUES ('8ff770d2-9378-4296-8b4f-89fb451a0749', 'fbe813ac-b0dc-4126-b48f-c71038b2554a', '83798ffa-99c5-4d27-9397-3d7e81985ca2', '9fd43ada-748a-4aec-9016-595e1abf8fd8', '407a1955-559e-4ee9-bc9b-213a7ee24841', '数据分析', 0, NULL);
INSERT INTO `template_config` VALUES ('903b2c71-ddf1-4c70-ad78-71210f5de0f8', 'f5651770-16d4-494b-aac7-62f8c750d945', '653e10f4-9aeb-4a01-806d-f8bafbff9c51', '02d4e660-8d31-4090-8506-d49f3399a7ed', 'fbbc0529-2529-4e6c-87c8-9a0e6f586832', '26555', 0, NULL);
INSERT INTO `template_config` VALUES ('90876fc3-d507-496d-b77a-3b4ed508a984', 'fbe813ac-b0dc-4126-b48f-c71038b2554a', '83798ffa-99c5-4d27-9397-3d7e81985ca2', '9fd43ada-748a-4aec-9016-595e1abf8fd8', 'e1ae90fd-7a5d-460d-a4d6-52b5966fee43', 'ZhugeSDK', 0, NULL);
INSERT INTO `template_config` VALUES ('91528711-5742-40d6-8f88-7bda4997f766', 'f5651770-16d4-494b-aac7-62f8c750d945', '653e10f4-9aeb-4a01-806d-f8bafbff9c51', '4106cadf-5026-44dd-814b-76df03001a1b', '8d6343fb-2fbe-425e-81e2-f1e86f59baaf', 'realtime-1:80', 0, '2019b066-5922-46bc-9b2d-fea6ea15bfbe');
INSERT INTO `template_config` VALUES ('91cd3941-730c-4ffd-935d-d3dd5dbe5b33', 'f5651770-16d4-494b-aac7-62f8c750d945', '653e10f4-9aeb-4a01-806d-f8bafbff9c51', '66a69e61-d79d-43df-aaa3-4f53c4b4093b', '6d1c925e-7db6-498b-ab4c-02fdf8f8b171', 'web', 0, 'dc76824b-6ea1-45eb-b9da-0589e866aefa');
INSERT INTO `template_config` VALUES ('921cf675-95dc-42b8-be80-139c36586dea', 'f5651770-16d4-494b-aac7-62f8c750d945', '653e10f4-9aeb-4a01-806d-f8bafbff9c51', '66610320-d4b3-4b28-bfaa-288ddd9a13a9', 'e3dbb900-0b1a-4624-b4cc-d8011ba9650c', 'Sun_unix*1101', 0, 'a28bdb89-e67f-411f-9b09-b22292a3a5a8');
INSERT INTO `template_config` VALUES ('9262c335-5bb4-4739-8432-a3cb166e3b57', 'f5651770-16d4-494b-aac7-62f8c750d945', '653e10f4-9aeb-4a01-806d-f8bafbff9c51', '66a69e61-d79d-43df-aaa3-4f53c4b4093b', '793d1bf4-d7b1-40bb-a59f-f1acfba45112', '8897', 0, 'd9543362-eeca-4ac3-b55b-7cab1d6b5c7c');
INSERT INTO `template_config` VALUES ('92743c5e-8165-4d53-917b-713b67e36620', 'f5651770-16d4-494b-aac7-62f8c750d945', '653e10f4-9aeb-4a01-806d-f8bafbff9c51', '66defc4c-0903-4289-8dc2-3c3e27901ad9', '73d7ed9e-57e4-452e-866b-498472d6f57c', 'realtime-2', 0, '64b2dcc2-120d-4b00-9f4a-5778eabab4bf');
INSERT INTO `template_config` VALUES ('93d67ec2-6421-4eb9-b63e-eeccedcb2e37', 'f5651770-16d4-494b-aac7-62f8c750d945', '653e10f4-9aeb-4a01-806d-f8bafbff9c51', '66610320-d4b3-4b28-bfaa-288ddd9a13a9', '2bf09e8c-f186-4b1e-a8f8-e0206539f557', 'realtime-1:8800', 0, 'af661156-e877-4b58-a0b9-ef0be108fca9');
INSERT INTO `template_config` VALUES ('9427c7ad-571b-4dcc-90e8-a33445082c30', 'f5651770-16d4-494b-aac7-62f8c750d945', '653e10f4-9aeb-4a01-806d-f8bafbff9c51', '66610320-d4b3-4b28-bfaa-288ddd9a13a9', '4981644d-56dc-4004-9af7-63466a4d9a6e', 'realtime-1:18080', 0, '96d88248-6af4-41a8-a1a9-7e711e08393f');
INSERT INTO `template_config` VALUES ('94ba5ff0-1a33-45a0-8bfc-dd5a8cb641fd', 'f5651770-16d4-494b-aac7-62f8c750d945', '653e10f4-9aeb-4a01-806d-f8bafbff9c51', 'b55a185a-77ff-4b98-a2bb-927fd202ec85', '9fdc8167-d826-4687-bc2b-0b7e44360207', 'realtime-1', 0, '9f6400a4-56c6-40d3-a498-8dd09ded125b');
INSERT INTO `template_config` VALUES ('94c67dea-f2db-4d19-ba03-1c54f3bb82f0', 'f5651770-16d4-494b-aac7-62f8c750d945', '653e10f4-9aeb-4a01-806d-f8bafbff9c51', 'fa3bd1ff-0b0d-4dc3-81ea-d3c1e97136bc', '02ca4589-dc60-44bb-815f-1b74118bfc4c', 'wt-weixin-topic', 0, '89783c82-a318-46d6-9c00-5b7a7c05f191');
INSERT INTO `template_config` VALUES ('94d64a6d-a602-415a-a496-66d96adbb7ad', 'f5651770-16d4-494b-aac7-62f8c750d945', '653e10f4-9aeb-4a01-806d-f8bafbff9c51', '66610320-d4b3-4b28-bfaa-288ddd9a13a9', 'fcd73538-b61f-4689-8859-dd1ac2e4485d', 'realtime-1:7715', 0, '02208647-d32f-4921-b8bc-979a6a9e820d');
INSERT INTO `template_config` VALUES ('95c58bbd-509c-4a05-b8cf-7d1b975d1fa4', 'f5651770-16d4-494b-aac7-62f8c750d945', '653e10f4-9aeb-4a01-806d-f8bafbff9c51', '66a69e61-d79d-43df-aaa3-4f53c4b4093b', '94c460f0-163c-4039-a523-1edd4a3669eb', 'realtime-1', 0, '9f6400a4-56c6-40d3-a498-8dd09ded125b');
INSERT INTO `template_config` VALUES ('95d35765-c286-4562-8727-a33c3fe2163d', 'f5651770-16d4-494b-aac7-62f8c750d945', '653e10f4-9aeb-4a01-806d-f8bafbff9c51', '66a69e61-d79d-43df-aaa3-4f53c4b4093b', 'e13b3019-a4d2-4791-9284-53f70cd13b15', 'zanalytics', 0, '55aac1c3-73fb-48d3-90ca-796161b37fb8');
INSERT INTO `template_config` VALUES ('9624169e-a9b2-49db-84db-3b4caef4daaf', 'f5651770-16d4-494b-aac7-62f8c750d945', '653e10f4-9aeb-4a01-806d-f8bafbff9c51', '66610320-d4b3-4b28-bfaa-288ddd9a13a9', 'bc302119-cfac-4667-9144-3c93220e66cf', 'zanalytics', 0, '55aac1c3-73fb-48d3-90ca-796161b37fb8');
INSERT INTO `template_config` VALUES ('966a0ec6-5420-4285-a025-e656124fbe15', 'f5651770-16d4-494b-aac7-62f8c750d945', '653e10f4-9aeb-4a01-806d-f8bafbff9c51', '66610320-d4b3-4b28-bfaa-288ddd9a13a9', '9d6f0073-24e0-4dad-babd-dac5b8183d0c', '6379', 0, '60ed50b8-cd83-40ad-b634-bff73d3fec04');
INSERT INTO `template_config` VALUES ('96fea7c6-228a-4945-a7e7-0a6910d53273', 'f5651770-16d4-494b-aac7-62f8c750d945', '653e10f4-9aeb-4a01-806d-f8bafbff9c51', '66610320-d4b3-4b28-bfaa-288ddd9a13a9', 'bc106114-4a03-422e-a1d0-66a7000e4e08', '6379', 0, '60ed50b8-cd83-40ad-b634-bff73d3fec04');
INSERT INTO `template_config` VALUES ('97b2b80e-45a6-482b-ba5f-3b0b8680d5c7', 'f5651770-16d4-494b-aac7-62f8c750d945', '653e10f4-9aeb-4a01-806d-f8bafbff9c51', '66a69e61-d79d-43df-aaa3-4f53c4b4093b', '961ea087-dcb9-4740-9ba6-b48f813997b5', 'web', 0, 'dc76824b-6ea1-45eb-b9da-0589e866aefa');
INSERT INTO `template_config` VALUES ('984e122e-580d-4b67-b333-e73faa0a25f4', 'f5651770-16d4-494b-aac7-62f8c750d945', '653e10f4-9aeb-4a01-806d-f8bafbff9c51', 'fa3bd1ff-0b0d-4dc3-81ea-d3c1e97136bc', '070b821a-8f52-49e9-b970-152be500ee12', 'web', 0, 'dc76824b-6ea1-45eb-b9da-0589e866aefa');
INSERT INTO `template_config` VALUES ('98b7b782-13f9-46fd-ba9c-ec2528007397', 'f5651770-16d4-494b-aac7-62f8c750d945', '653e10f4-9aeb-4a01-806d-f8bafbff9c51', '66a69e61-d79d-43df-aaa3-4f53c4b4093b', '948c57ac-ae6e-47a0-b38d-6f19d042a535', 'realtime-1', 0, '9f6400a4-56c6-40d3-a498-8dd09ded125b');
INSERT INTO `template_config` VALUES ('9a2fb6db-82e8-427d-be45-c2d4cb4d2146', 'f5651770-16d4-494b-aac7-62f8c750d945', '653e10f4-9aeb-4a01-806d-f8bafbff9c51', '66610320-d4b3-4b28-bfaa-288ddd9a13a9', 'a82e69e6-e198-4776-9e53-7a19c4335ccf', 'realtime-2:7713', 0, NULL);
INSERT INTO `template_config` VALUES ('9a3fbf15-d7c2-496f-a8c6-59dc7a5b605c', 'f5651770-16d4-494b-aac7-62f8c750d945', '653e10f4-9aeb-4a01-806d-f8bafbff9c51', '2a942149-d7a3-4555-a760-15d62c421a38', 'c7ccf703-ee2b-49ee-849e-3aee82a33248', 'realtime-1:9092,realtime-2:9092,realtime-3:9092', 0, 'e530a8d4-fcfb-4d57-968f-cf94b950ddc1');
INSERT INTO `template_config` VALUES ('9a68dfbc-272c-4447-9e42-62f5388209cb', 'f5651770-16d4-494b-aac7-62f8c750d945', '653e10f4-9aeb-4a01-806d-f8bafbff9c51', 'a2465b6a-9351-417f-98ba-0b9f5b991436', '771ed820-ddf5-473a-9ee0-90b1e425794a', '/analysis/socket', 0, NULL);
INSERT INTO `template_config` VALUES ('9a99786d-cf7c-48db-9a6e-65e3d53af28f', 'fbe813ac-b0dc-4126-b48f-c71038b2554a', '83798ffa-99c5-4d27-9397-3d7e81985ca2', '9fd43ada-748a-4aec-9016-595e1abf8fd8', '4ccf1214-7d2a-48bd-a80f-dc258c7d4f7c', 'shiping', 0, NULL);
INSERT INTO `template_config` VALUES ('9b9c294e-379e-481c-89d2-606e431c8fc7', 'f5651770-16d4-494b-aac7-62f8c750d945', '653e10f4-9aeb-4a01-806d-f8bafbff9c51', 'fa3bd1ff-0b0d-4dc3-81ea-d3c1e97136bc', 'bddbeb34-ae7e-462e-bfec-b95f84d4f0a3', 'http://realtime-2:8882', 0, NULL);
INSERT INTO `template_config` VALUES ('9c388275-1783-4d36-9a5d-f0ea2cb884e2', 'f5651770-16d4-494b-aac7-62f8c750d945', '653e10f4-9aeb-4a01-806d-f8bafbff9c51', 'b61315d4-f360-41e3-bf73-e0e8d4e737a3', '48e3a5b6-ec01-4f13-8c65-7725ef968a33', '0', 0, 'ddaf2e76-9c9e-4314-9fe7-f3e35813a81a');
INSERT INTO `template_config` VALUES ('9caff0f5-28c7-4114-9f78-64fdb30fa51b', 'f5651770-16d4-494b-aac7-62f8c750d945', '653e10f4-9aeb-4a01-806d-f8bafbff9c51', '4106cadf-5026-44dd-814b-76df03001a1b', '3fdcb5e8-021a-4046-83f3-82486f071269', '3306', 0, 'ec7539e1-dbbc-47f9-94fa-7e02dd0d610f');
INSERT INTO `template_config` VALUES ('9ce45df5-4279-4f17-bb0f-7ce98392eb9f', 'f5651770-16d4-494b-aac7-62f8c750d945', '653e10f4-9aeb-4a01-806d-f8bafbff9c51', 'a2465b6a-9351-417f-98ba-0b9f5b991436', '66c69c3f-e5ca-49c5-95d8-466a7cb67bbc', 'zhuge', 0, NULL);
INSERT INTO `template_config` VALUES ('9eef2707-48a8-4381-b0fb-cf7270079e65', 'f5651770-16d4-494b-aac7-62f8c750d945', '653e10f4-9aeb-4a01-806d-f8bafbff9c51', '66a69e61-d79d-43df-aaa3-4f53c4b4093b', 'd6065c54-df51-427a-881f-e38a37bdb968', '21050', 0, '35f80d60-dc89-4252-9833-ccf0bdc647ed');
INSERT INTO `template_config` VALUES ('9f680e87-ac56-4bc6-bd26-10bd8f7e7100', 'f5651770-16d4-494b-aac7-62f8c750d945', '653e10f4-9aeb-4a01-806d-f8bafbff9c51', '66a69e61-d79d-43df-aaa3-4f53c4b4093b', '52fe6967-5c94-4750-8298-0680cba278c3', '8897', 0, 'd9543362-eeca-4ac3-b55b-7cab1d6b5c7c');
INSERT INTO `template_config` VALUES ('a0e50ace-7ec4-4d7f-b29f-bfca51986594', 'f5651770-16d4-494b-aac7-62f8c750d945', '653e10f4-9aeb-4a01-806d-f8bafbff9c51', 'a2465b6a-9351-417f-98ba-0b9f5b991436', '6dbe6e9e-5a3b-4c3d-9ca5-428057302af4', 'realtime-1:80', 0, '2019b066-5922-46bc-9b2d-fea6ea15bfbe');
INSERT INTO `template_config` VALUES ('a10b0c91-a6b6-4bbb-9ec0-c3f5b873785f', 'f5651770-16d4-494b-aac7-62f8c750d945', '653e10f4-9aeb-4a01-806d-f8bafbff9c51', 'fa3bd1ff-0b0d-4dc3-81ea-d3c1e97136bc', 'e1b631a7-0b04-4abe-aa57-14c656167a02', 'web', 0, 'dc76824b-6ea1-45eb-b9da-0589e866aefa');
INSERT INTO `template_config` VALUES ('a116a5dd-1465-407d-9928-5900502cbd09', 'f5651770-16d4-494b-aac7-62f8c750d945', '653e10f4-9aeb-4a01-806d-f8bafbff9c51', '66610320-d4b3-4b28-bfaa-288ddd9a13a9', '56921599-15e4-446e-8b9d-58eb3304ad2f', 'zanalytics', 0, '55aac1c3-73fb-48d3-90ca-796161b37fb8');
INSERT INTO `template_config` VALUES ('a125eba0-00f2-44cf-a4dd-c66d43c46191', 'f5651770-16d4-494b-aac7-62f8c750d945', '653e10f4-9aeb-4a01-806d-f8bafbff9c51', '66a69e61-d79d-43df-aaa3-4f53c4b4093b', '73dbc33a-79df-4b1a-b9ee-c4e0a6aacfb5', 'admin', 0, 'ee9616dc-725c-40f8-9a85-2435adf31b77');
INSERT INTO `template_config` VALUES ('a22c5aea-6395-426d-90d0-c22a3c455ee0', 'fbe813ac-b0dc-4126-b48f-c71038b2554a', '83798ffa-99c5-4d27-9397-3d7e81985ca2', '9fd43ada-748a-4aec-9016-595e1abf8fd8', '893b5f5a-0731-4d24-bdfe-902e5545e859', 'realtime-1:80', 0, NULL);
INSERT INTO `template_config` VALUES ('a255292b-754a-460c-a440-fc76edd3edd8', 'f5651770-16d4-494b-aac7-62f8c750d945', '653e10f4-9aeb-4a01-806d-f8bafbff9c51', 'fa3bd1ff-0b0d-4dc3-81ea-d3c1e97136bc', 'a375b22b-48b1-46ad-b54a-9445c73486b0', '5', 0, NULL);
INSERT INTO `template_config` VALUES ('a2d1450d-9c62-4c3a-8d3f-01f2b2ea97b7', 'f5651770-16d4-494b-aac7-62f8c750d945', '653e10f4-9aeb-4a01-806d-f8bafbff9c51', '66a69e61-d79d-43df-aaa3-4f53c4b4093b', '4983faa9-d367-44e1-9feb-995d0adbd969', 'realtime-1', 0, '9f6400a4-56c6-40d3-a498-8dd09ded125b');
INSERT INTO `template_config` VALUES ('a2e511b8-71cf-4d23-9b0f-bcec4e2ad979', 'f5651770-16d4-494b-aac7-62f8c750d945', '653e10f4-9aeb-4a01-806d-f8bafbff9c51', 'b61315d4-f360-41e3-bf73-e0e8d4e737a3', 'ff38c0af-acad-45a8-a7ce-9447e592fe3d', 'https://uba.it.pkpm.cn', 0, '811937f4-6fb8-4430-b95e-cf874ff053ba');
INSERT INTO `template_config` VALUES ('a3286f5d-d85e-45c8-a101-5a7e7386003a', 'f5651770-16d4-494b-aac7-62f8c750d945', '653e10f4-9aeb-4a01-806d-f8bafbff9c51', 'a2465b6a-9351-417f-98ba-0b9f5b991436', 'c6b113a0-6520-4f9b-b15f-8d6dd431ee13', 'false', 0, 'dbe55723-e716-4afb-a9e2-6617390a099e');
INSERT INTO `template_config` VALUES ('a4e8a407-3edd-4724-ac9a-911bbdb8caa4', 'f5651770-16d4-494b-aac7-62f8c750d945', '653e10f4-9aeb-4a01-806d-f8bafbff9c51', '66defc4c-0903-4289-8dc2-3c3e27901ad9', '60b97b4c-b3c3-4127-ae4f-1d4f427ac1d1', 'realtime-2', 0, '64b2dcc2-120d-4b00-9f4a-5778eabab4bf');
INSERT INTO `template_config` VALUES ('a58ee83c-a3ab-4410-a910-002e24ef8441', 'f5651770-16d4-494b-aac7-62f8c750d945', '653e10f4-9aeb-4a01-806d-f8bafbff9c51', '2a942149-d7a3-4555-a760-15d62c421a38', '63ae6210-53f2-4eeb-8ac7-eff24170c1bc', 'web', 0, 'dc76824b-6ea1-45eb-b9da-0589e866aefa');
INSERT INTO `template_config` VALUES ('a651e514-0f8a-4489-8dd2-b2b8d43b12dd', 'f5651770-16d4-494b-aac7-62f8c750d945', '653e10f4-9aeb-4a01-806d-f8bafbff9c51', '66a69e61-d79d-43df-aaa3-4f53c4b4093b', 'c91a44c5-9a49-4d2c-8a4d-b49bda24cb1c', '26480', 0, 'd6b2c5ff-7453-4833-a173-d311122fceb6');
INSERT INTO `template_config` VALUES ('a75f0e64-1a54-44d3-8d45-c6d47f7f6e92', 'f5651770-16d4-494b-aac7-62f8c750d945', '653e10f4-9aeb-4a01-806d-f8bafbff9c51', '66a69e61-d79d-43df-aaa3-4f53c4b4093b', 'e68980d5-0bad-4edd-b563-938b2353d9e9', 'realtime-1', 0, '9f6400a4-56c6-40d3-a498-8dd09ded125b');
INSERT INTO `template_config` VALUES ('a7b38811-71b2-45b2-a6a1-4679e689fb69', 'f5651770-16d4-494b-aac7-62f8c750d945', '653e10f4-9aeb-4a01-806d-f8bafbff9c51', '66a69e61-d79d-43df-aaa3-4f53c4b4093b', '39091467-4390-4703-a892-c6c67e2d85c8', NULL, 0, NULL);
INSERT INTO `template_config` VALUES ('a933e252-45a6-4c7b-a9cc-5d3e87a9b14e', 'f5651770-16d4-494b-aac7-62f8c750d945', '653e10f4-9aeb-4a01-806d-f8bafbff9c51', '66610320-d4b3-4b28-bfaa-288ddd9a13a9', 'a7acef58-e906-4817-b8ce-a6b91de10137', 'realtime-mkt:18001', 0, 'b8c9c63b-0796-41c7-829d-fbee0ea8fef6');
INSERT INTO `template_config` VALUES ('a9a87e66-e43f-4b97-a145-5a757b53d12f', 'fbe813ac-b0dc-4126-b48f-c71038b2554a', '83798ffa-99c5-4d27-9397-3d7e81985ca2', '9fd43ada-748a-4aec-9016-595e1abf8fd8', '4c26adad-170a-41b1-aebb-32284b7d5aab', '0', 0, NULL);
INSERT INTO `template_config` VALUES ('a9ca9aeb-3aa6-4e19-a790-e2247c4888fc', 'f5651770-16d4-494b-aac7-62f8c750d945', '653e10f4-9aeb-4a01-806d-f8bafbff9c51', '80719569-e459-4b22-99d4-146335e78144', 'd01a072d-29ff-4def-99b9-74e1a285b90e', 'realtime-1:7051,realtime-2:7051,realtime-3:7051', 0, '1b4fdb5d-c837-4722-a672-5b3e818f6243');
INSERT INTO `template_config` VALUES ('abbd1ac1-4c8b-4f42-bd14-4bacbf06ae4a', 'f5651770-16d4-494b-aac7-62f8c750d945', '653e10f4-9aeb-4a01-806d-f8bafbff9c51', 'a2465b6a-9351-417f-98ba-0b9f5b991436', '5436ff32-2429-40a6-bcc3-d3bbfac6aa4b', '0', 0, 'ddaf2e76-9c9e-4314-9fe7-f3e35813a81a');
INSERT INTO `template_config` VALUES ('ac2f0e03-bea7-4e87-a8e1-4e8f1c331de3', 'f5651770-16d4-494b-aac7-62f8c750d945', '653e10f4-9aeb-4a01-806d-f8bafbff9c51', '66a69e61-d79d-43df-aaa3-4f53c4b4093b', '02dcbea1-4f67-4830-bab9-f519b4fe6b55', '8892', 0, 'a27fec3d-91cc-4813-8c0c-9408e57ab81b');
INSERT INTO `template_config` VALUES ('ac39e74c-750b-42bf-9b07-f7a5c80ea44a', 'f5651770-16d4-494b-aac7-62f8c750d945', '653e10f4-9aeb-4a01-806d-f8bafbff9c51', '80719569-e459-4b22-99d4-146335e78144', '1ec386ee-b9f3-4d59-a2d3-7ced13ab3a3d', 'realtime-1', 0, '9f6400a4-56c6-40d3-a498-8dd09ded125b');
INSERT INTO `template_config` VALUES ('ae6ad97a-a09d-47c6-8ffa-efba3b9bae69', 'f5651770-16d4-494b-aac7-62f8c750d945', '653e10f4-9aeb-4a01-806d-f8bafbff9c51', '66610320-d4b3-4b28-bfaa-288ddd9a13a9', '48386d53-3ada-4c99-9761-afe9bb051d61', 'realtime-1:16688', 0, '5238f557-d1f5-4ce2-81ec-01065d7e2123');
INSERT INTO `template_config` VALUES ('ae79c220-cb12-4fed-b1e0-bad681d4ea3a', 'fbe813ac-b0dc-4126-b48f-c71038b2554a', '83798ffa-99c5-4d27-9397-3d7e81985ca2', '9fd43ada-748a-4aec-9016-595e1abf8fd8', '112baff7-709a-48b9-8eab-f8f34d1cb684', '/webapp/spa/', 0, NULL);
INSERT INTO `template_config` VALUES ('af31291f-42f1-44ec-83c3-25f25dd2bf98', 'f5651770-16d4-494b-aac7-62f8c750d945', '653e10f4-9aeb-4a01-806d-f8bafbff9c51', '66610320-d4b3-4b28-bfaa-288ddd9a13a9', 'd7055275-8ff9-4893-8874-722719f59e9b', 'realtime-2:7713', 0, NULL);
INSERT INTO `template_config` VALUES ('afb1c372-6b47-4ba7-8611-31ce6b6e3b6d', 'f5651770-16d4-494b-aac7-62f8c750d945', '653e10f4-9aeb-4a01-806d-f8bafbff9c51', '66a69e61-d79d-43df-aaa3-4f53c4b4093b', '8d19d2c4-fdfd-4d33-8771-5f379f282fce', NULL, 0, NULL);
INSERT INTO `template_config` VALUES ('afe025eb-5852-4186-a78d-c5380cf26d86', 'fbe813ac-b0dc-4126-b48f-c71038b2554a', '83798ffa-99c5-4d27-9397-3d7e81985ca2', '9fd43ada-748a-4aec-9016-595e1abf8fd8', 'a6043fb3-40cd-484f-b94a-6c07a7793254', 'false', 0, NULL);
INSERT INTO `template_config` VALUES ('b0bfcb18-3ba1-4035-b972-c4e4cc3c0d6b', 'f5651770-16d4-494b-aac7-62f8c750d945', '653e10f4-9aeb-4a01-806d-f8bafbff9c51', '4106cadf-5026-44dd-814b-76df03001a1b', '276ac209-e070-4273-a003-6f21667ee53b', 'realtime-1', 0, '9f6400a4-56c6-40d3-a498-8dd09ded125b');
INSERT INTO `template_config` VALUES ('b4b669f1-ee3e-4d0f-98da-216da0784042', 'f5651770-16d4-494b-aac7-62f8c750d945', '653e10f4-9aeb-4a01-806d-f8bafbff9c51', 'f378536f-c37d-4b48-8231-ac118829b0ec', '5f24da7a-1bae-4930-9acc-96d451688f87', 'realtime-2', 0, '64b2dcc2-120d-4b00-9f4a-5778eabab4bf');
INSERT INTO `template_config` VALUES ('b54189e3-fe8c-44e7-b91a-7fc0cce991bd', 'f5651770-16d4-494b-aac7-62f8c750d945', '653e10f4-9aeb-4a01-806d-f8bafbff9c51', 'fa3bd1ff-0b0d-4dc3-81ea-d3c1e97136bc', '977366d8-80de-44ba-bc02-7103ec1526b1', 'realtime-1:80', 0, '2019b066-5922-46bc-9b2d-fea6ea15bfbe');
INSERT INTO `template_config` VALUES ('b5b8c81f-e96a-4b53-bd63-c0cf952ab007', 'f5651770-16d4-494b-aac7-62f8c750d945', '653e10f4-9aeb-4a01-806d-f8bafbff9c51', '66610320-d4b3-4b28-bfaa-288ddd9a13a9', '77da3370-020a-4d20-b7e3-f8595a0eea6c', 'zanalytics', 0, '55aac1c3-73fb-48d3-90ca-796161b37fb8');
INSERT INTO `template_config` VALUES ('b5ea7a4b-58e9-4fe9-85d4-944c623e4b09', 'f5651770-16d4-494b-aac7-62f8c750d945', '653e10f4-9aeb-4a01-806d-f8bafbff9c51', '48e69251-46b2-4982-94eb-0846b57d7a2c', '000c3579-5384-420a-a697-85799f3703b5', 'realtime-1:7051,realtime-2:7051,realtime-3:7051', 0, '1b4fdb5d-c837-4722-a672-5b3e818f6243');
INSERT INTO `template_config` VALUES ('b6798b6b-8273-42fc-b57c-28cd93f2f184', 'f5651770-16d4-494b-aac7-62f8c750d945', '653e10f4-9aeb-4a01-806d-f8bafbff9c51', 'a2465b6a-9351-417f-98ba-0b9f5b991436', '5fdba81f-34c6-4a89-8a64-03505a856220', '/webapp/', 0, '3f268da3-4e7d-4a02-968c-43e2d8f7536e');
INSERT INTO `template_config` VALUES ('b73b14f7-e51f-4ec3-a2b4-464337ac31c0', 'f5651770-16d4-494b-aac7-62f8c750d945', '653e10f4-9aeb-4a01-806d-f8bafbff9c51', '66610320-d4b3-4b28-bfaa-288ddd9a13a9', '16a609e5-5fc3-4f78-813b-495769429a11', 'realtime-1:8800', 0, 'af661156-e877-4b58-a0b9-ef0be108fca9');
INSERT INTO `template_config` VALUES ('b77a617b-0e3e-4f1d-a40b-9669751e5fa5', 'f5651770-16d4-494b-aac7-62f8c750d945', '653e10f4-9aeb-4a01-806d-f8bafbff9c51', '66610320-d4b3-4b28-bfaa-288ddd9a13a9', 'a1ad96bc-af2d-4409-b812-599eb2cca98f', 'realtime-1:7713', 0, NULL);
INSERT INTO `template_config` VALUES ('b9cc6eb8-bace-4b95-a32f-ce9431511c8a', 'f5651770-16d4-494b-aac7-62f8c750d945', '653e10f4-9aeb-4a01-806d-f8bafbff9c51', '66610320-d4b3-4b28-bfaa-288ddd9a13a9', '4d2ce492-20c3-4a34-93b7-fd0842544849', 'realtime-2:18001', 0, '2f93151f-1108-45dd-b3c8-9716b5f31d7d');
INSERT INTO `template_config` VALUES ('ba8684cf-fd7f-4e89-a875-1c085c2d25de', 'f5651770-16d4-494b-aac7-62f8c750d945', '653e10f4-9aeb-4a01-806d-f8bafbff9c51', '66a69e61-d79d-43df-aaa3-4f53c4b4093b', '2f891419-8fff-43ea-be28-54fcddffaba5', '8898', 0, NULL);
INSERT INTO `template_config` VALUES ('bb20c031-8d55-4e9d-9ad4-245a0fb6a7e4', 'f5651770-16d4-494b-aac7-62f8c750d945', '653e10f4-9aeb-4a01-806d-f8bafbff9c51', '48e69251-46b2-4982-94eb-0846b57d7a2c', 'ee395813-55de-4346-acab-db94fd3b7826', 'realtime-1:9092,realtime-2:9092,realtime-3:9092', 0, 'e530a8d4-fcfb-4d57-968f-cf94b950ddc1');
INSERT INTO `template_config` VALUES ('bbc41487-860c-49eb-9990-4c1ec69a79f2', 'f5651770-16d4-494b-aac7-62f8c750d945', '653e10f4-9aeb-4a01-806d-f8bafbff9c51', '66a69e61-d79d-43df-aaa3-4f53c4b4093b', '94cbd5a9-be3f-4862-8a73-2574d4954b08', NULL, 0, NULL);
INSERT INTO `template_config` VALUES ('bc1eb8ba-48e8-4b9d-9a86-b606594526e0', 'f5651770-16d4-494b-aac7-62f8c750d945', '653e10f4-9aeb-4a01-806d-f8bafbff9c51', 'a2465b6a-9351-417f-98ba-0b9f5b991436', '3665c9ae-dbc3-4af8-8c30-67352dfea34b', 'true', 0, '8e46ac3c-9129-431f-a197-34e5b692b42a');
INSERT INTO `template_config` VALUES ('bc7009e0-748b-4383-9657-eaed512afc83', 'f5651770-16d4-494b-aac7-62f8c750d945', '653e10f4-9aeb-4a01-806d-f8bafbff9c51', '66610320-d4b3-4b28-bfaa-288ddd9a13a9', '8c8ace01-98c4-4f5d-80be-1b6d2c0d28de', 'realtime-1:7713', 0, NULL);
INSERT INTO `template_config` VALUES ('bc9c67ef-1ad2-4cf2-9c50-e7cf25ee8612', 'f5651770-16d4-494b-aac7-62f8c750d945', '653e10f4-9aeb-4a01-806d-f8bafbff9c51', '66a69e61-d79d-43df-aaa3-4f53c4b4093b', 'a891e51c-7532-4862-9754-10a98d907484', 'realtime-1', 0, '9f6400a4-56c6-40d3-a498-8dd09ded125b');
INSERT INTO `template_config` VALUES ('bc9fd677-688e-4867-ae70-96edc9d92ef4', 'f5651770-16d4-494b-aac7-62f8c750d945', '653e10f4-9aeb-4a01-806d-f8bafbff9c51', '7803ac39-7d92-483c-be23-e0924ccb2394', '9ff19d2d-c95a-468c-8045-b5352326e1bf', '/data/localization/nginx/certs/shiping/pix/', 0, NULL);
INSERT INTO `template_config` VALUES ('bcb02172-34f5-4908-bfd9-28000c9ed578', 'f5651770-16d4-494b-aac7-62f8c750d945', '653e10f4-9aeb-4a01-806d-f8bafbff9c51', 'a2465b6a-9351-417f-98ba-0b9f5b991436', '837d5d2c-dce4-43af-8a82-4f950ba3b444', 'true', 0, '8e46ac3c-9129-431f-a197-34e5b692b42a');
INSERT INTO `template_config` VALUES ('bcbe8833-8144-49cb-aede-54828d489e27', 'f5651770-16d4-494b-aac7-62f8c750d945', '653e10f4-9aeb-4a01-806d-f8bafbff9c51', '4106cadf-5026-44dd-814b-76df03001a1b', 'ffef273a-af4b-4830-809b-f19017e01051', 'admin', 0, 'ee9616dc-725c-40f8-9a85-2435adf31b77');
INSERT INTO `template_config` VALUES ('bce0d119-6ac8-41ac-b7c6-ff88a2dae681', 'f5651770-16d4-494b-aac7-62f8c750d945', '653e10f4-9aeb-4a01-806d-f8bafbff9c51', 'fa3bd1ff-0b0d-4dc3-81ea-d3c1e97136bc', '37569076-bc1a-486b-ab0a-9c57f967f97c', '9d3266fd556a4db7b9616d385f8bdf8f', 0, NULL);
INSERT INTO `template_config` VALUES ('bcf1ca2e-45f3-47dd-a740-fb0fb901207d', 'f5651770-16d4-494b-aac7-62f8c750d945', '653e10f4-9aeb-4a01-806d-f8bafbff9c51', '66a69e61-d79d-43df-aaa3-4f53c4b4093b', '4d02b979-387e-4507-9194-2c0342ec3853', 'zanalytics', 0, '55aac1c3-73fb-48d3-90ca-796161b37fb8');
INSERT INTO `template_config` VALUES ('bd625fc5-f5dd-44be-87b9-b724bc77b778', 'f5651770-16d4-494b-aac7-62f8c750d945', '653e10f4-9aeb-4a01-806d-f8bafbff9c51', 'fa3bd1ff-0b0d-4dc3-81ea-d3c1e97136bc', 'baf722a8-f71f-4b3f-bede-59de064c8cb4', '9d3266fd556a4db7b9616d385f8bdf8f', 0, NULL);
INSERT INTO `template_config` VALUES ('bda2f5a1-f257-4512-a092-b232d60d96d2', 'f5651770-16d4-494b-aac7-62f8c750d945', '653e10f4-9aeb-4a01-806d-f8bafbff9c51', 'fa3bd1ff-0b0d-4dc3-81ea-d3c1e97136bc', '3bcf1f46-7b3d-490a-9f2a-614055948156', 'https://weixin.zhugeio.com', 0, '1e68cc08-f266-4019-98d0-70c5f43adf18');
INSERT INTO `template_config` VALUES ('bdc32960-2e2b-4407-8327-9af25bc57081', 'f5651770-16d4-494b-aac7-62f8c750d945', '653e10f4-9aeb-4a01-806d-f8bafbff9c51', '4106cadf-5026-44dd-814b-76df03001a1b', '6502c68c-3a07-4724-acbe-dfc0f73dd889', 'https://uba.it.pkpm.cn', 0, '811937f4-6fb8-4430-b95e-cf874ff053ba');
INSERT INTO `template_config` VALUES ('be03c4ed-dfeb-4d0e-b1d7-e9f97f9fcc21', 'f5651770-16d4-494b-aac7-62f8c750d945', '653e10f4-9aeb-4a01-806d-f8bafbff9c51', '66a69e61-d79d-43df-aaa3-4f53c4b4093b', '2357de36-b1e5-4087-8177-62e9e46165a0', 'realtime-1:9092,realtime-2:9092,realtime-3:9092', 0, 'e530a8d4-fcfb-4d57-968f-cf94b950ddc1');
INSERT INTO `template_config` VALUES ('be21a70a-26f3-4caa-aca8-36f247f3bf15', 'f5651770-16d4-494b-aac7-62f8c750d945', '653e10f4-9aeb-4a01-806d-f8bafbff9c51', '66a69e61-d79d-43df-aaa3-4f53c4b4093b', '64c54334-cead-426e-aa00-d3def7885da8', 'admin', 0, 'ee9616dc-725c-40f8-9a85-2435adf31b77');
INSERT INTO `template_config` VALUES ('bf865f77-4a04-4357-896a-af0f2676e035', 'f5651770-16d4-494b-aac7-62f8c750d945', '653e10f4-9aeb-4a01-806d-f8bafbff9c51', '66a69e61-d79d-43df-aaa3-4f53c4b4093b', '8f613b28-6cd4-4447-ba8c-5e3d8de57380', 'realtime-1', 0, '9f6400a4-56c6-40d3-a498-8dd09ded125b');
INSERT INTO `template_config` VALUES ('c00063f3-1aed-47fa-bfec-4cbba90b9965', 'f5651770-16d4-494b-aac7-62f8c750d945', '653e10f4-9aeb-4a01-806d-f8bafbff9c51', 'a2465b6a-9351-417f-98ba-0b9f5b991436', 'd50e2bf0-cea9-4590-86c2-1c53bea9e084', 'shiping', 0, NULL);
INSERT INTO `template_config` VALUES ('c1b0e9a5-d7b2-422d-9ce1-cef96f4af83f', 'f5651770-16d4-494b-aac7-62f8c750d945', '653e10f4-9aeb-4a01-806d-f8bafbff9c51', '66610320-d4b3-4b28-bfaa-288ddd9a13a9', '082b7c68-b21f-4fd5-8f3a-0bc313aed40c', '6379', 0, '60ed50b8-cd83-40ad-b634-bff73d3fec04');
INSERT INTO `template_config` VALUES ('c1e60887-acd9-4ee0-9629-bca2aa4b08ed', 'f5651770-16d4-494b-aac7-62f8c750d945', '653e10f4-9aeb-4a01-806d-f8bafbff9c51', 'a2465b6a-9351-417f-98ba-0b9f5b991436', '22b2bb15-20f5-410e-9483-ba91dff6783f', 'true', 0, '8e46ac3c-9129-431f-a197-34e5b692b42a');
INSERT INTO `template_config` VALUES ('c229f088-c9df-4cce-bd92-00092f45744d', 'f5651770-16d4-494b-aac7-62f8c750d945', '653e10f4-9aeb-4a01-806d-f8bafbff9c51', 'fa3bd1ff-0b0d-4dc3-81ea-d3c1e97136bc', 'a954015a-81f7-4732-acb6-8de06dc01d2c', 'https://weixin.zhugeio.com', 0, '1e68cc08-f266-4019-98d0-70c5f43adf18');
INSERT INTO `template_config` VALUES ('c25dee41-6555-40ac-8b92-8cb5b41eac87', 'f5651770-16d4-494b-aac7-62f8c750d945', '653e10f4-9aeb-4a01-806d-f8bafbff9c51', '9feb3c99-8ac7-4fc6-b108-3235a8079ea0', 'b5cad926-490b-469d-a45b-1f6ab20d125d', '/analysis/api', 0, NULL);
INSERT INTO `template_config` VALUES ('c276a9ad-85cf-4cdf-be97-71fc20befb65', 'f5651770-16d4-494b-aac7-62f8c750d945', '653e10f4-9aeb-4a01-806d-f8bafbff9c51', 'fa3bd1ff-0b0d-4dc3-81ea-d3c1e97136bc', '7e1e2f20-8811-4468-a78a-83e88ba5f890', 'https://uba.it.pkpm.cn', 0, '811937f4-6fb8-4430-b95e-cf874ff053ba');
INSERT INTO `template_config` VALUES ('c2bc6591-e44e-4958-bf0b-43af0a68a145', 'f5651770-16d4-494b-aac7-62f8c750d945', '653e10f4-9aeb-4a01-806d-f8bafbff9c51', 'fa3bd1ff-0b0d-4dc3-81ea-d3c1e97136bc', 'ce5e63f8-664a-4fc1-a7f2-df72363d9fde', '26480', 0, 'd6b2c5ff-7453-4833-a173-d311122fceb6');
INSERT INTO `template_config` VALUES ('c31bf16e-5df6-4b04-a47d-7ee1eaaf6e26', 'f5651770-16d4-494b-aac7-62f8c750d945', '653e10f4-9aeb-4a01-806d-f8bafbff9c51', '66a69e61-d79d-43df-aaa3-4f53c4b4093b', 'ed40e79c-3df8-4e3b-83f1-9cd50fc4ec23', 'realtime-1', 0, '9f6400a4-56c6-40d3-a498-8dd09ded125b');
INSERT INTO `template_config` VALUES ('c39f469e-709f-4fe9-8c61-8eba8c31d32d', 'f5651770-16d4-494b-aac7-62f8c750d945', '653e10f4-9aeb-4a01-806d-f8bafbff9c51', '54125aee-30b9-4a42-91a0-ac6b1c0a4c7f', '4badfa9d-16ed-4f1f-90cd-13a6fca1703e', 'uba.it.pkpm.cn', 0, NULL);
INSERT INTO `template_config` VALUES ('c3aba400-12f0-43c0-b540-3cdd3a2ff87a', 'f5651770-16d4-494b-aac7-62f8c750d945', '653e10f4-9aeb-4a01-806d-f8bafbff9c51', '02d4e660-8d31-4090-8506-d49f3399a7ed', '263363b4-dad7-4d67-bf22-7c6454a8aada', '3306', 0, 'ec7539e1-dbbc-47f9-94fa-7e02dd0d610f');
INSERT INTO `template_config` VALUES ('c403d20e-be3f-42c3-8c81-d3e50bb9cd38', 'f5651770-16d4-494b-aac7-62f8c750d945', '653e10f4-9aeb-4a01-806d-f8bafbff9c51', '66a69e61-d79d-43df-aaa3-4f53c4b4093b', '2fd60839-1991-4dd2-9b8a-743c11c93215', '8892', 0, 'a27fec3d-91cc-4813-8c0c-9408e57ab81b');
INSERT INTO `template_config` VALUES ('c4df81fa-d4d6-441a-aa2c-c258547c6e59', 'f5651770-16d4-494b-aac7-62f8c750d945', '653e10f4-9aeb-4a01-806d-f8bafbff9c51', '4106cadf-5026-44dd-814b-76df03001a1b', 'bb0b19f6-399b-4c71-8307-4f92422569e6', 'web', 0, 'dc76824b-6ea1-45eb-b9da-0589e866aefa');
INSERT INTO `template_config` VALUES ('c544bbcd-a6ce-4df6-8f5c-98a069eae3dd', 'f5651770-16d4-494b-aac7-62f8c750d945', '653e10f4-9aeb-4a01-806d-f8bafbff9c51', 'fa3bd1ff-0b0d-4dc3-81ea-d3c1e97136bc', '858bc747-efb0-4a24-81d3-38ebe3f73f50', 'zanalytics', 0, '55aac1c3-73fb-48d3-90ca-796161b37fb8');
INSERT INTO `template_config` VALUES ('c59cfa7a-d926-4203-8716-10b64af5955d', 'f5651770-16d4-494b-aac7-62f8c750d945', '653e10f4-9aeb-4a01-806d-f8bafbff9c51', '66610320-d4b3-4b28-bfaa-288ddd9a13a9', 'b31c4259-d80d-4e2f-b26e-7d0b5276467e', 'realtime-1', 0, '9f6400a4-56c6-40d3-a498-8dd09ded125b');
INSERT INTO `template_config` VALUES ('c5b3799f-7a3a-4489-93e5-a4b1f7927ef9', 'f5651770-16d4-494b-aac7-62f8c750d945', '653e10f4-9aeb-4a01-806d-f8bafbff9c51', 'a2465b6a-9351-417f-98ba-0b9f5b991436', 'cb90b4c2-edd5-45f2-9734-03192a7ee998', 'https://uba.it.pkpm.cn', 0, '811937f4-6fb8-4430-b95e-cf874ff053ba');
INSERT INTO `template_config` VALUES ('c6598510-88a4-403f-9b11-b9ba52a5ab6d', 'f5651770-16d4-494b-aac7-62f8c750d945', '653e10f4-9aeb-4a01-806d-f8bafbff9c51', '66a69e61-d79d-43df-aaa3-4f53c4b4093b', '4a90598c-4db5-4c3e-b4fe-cd98246c8b0c', NULL, 0, NULL);
INSERT INTO `template_config` VALUES ('c66e2baa-764d-4cd2-bab3-375e139a07ab', 'f5651770-16d4-494b-aac7-62f8c750d945', '653e10f4-9aeb-4a01-806d-f8bafbff9c51', '66a69e61-d79d-43df-aaa3-4f53c4b4093b', '4dc838d2-2a59-4d26-bbae-177c754fa2b6', 'admin', 0, 'ee9616dc-725c-40f8-9a85-2435adf31b77');
INSERT INTO `template_config` VALUES ('c695f440-d0d4-49d4-a09c-19d104621f49', 'f5651770-16d4-494b-aac7-62f8c750d945', '653e10f4-9aeb-4a01-806d-f8bafbff9c51', 'fa3bd1ff-0b0d-4dc3-81ea-d3c1e97136bc', '885d527f-2e12-48d0-b9f8-4faa54b9e1a1', 'zanalytics', 0, '55aac1c3-73fb-48d3-90ca-796161b37fb8');
INSERT INTO `template_config` VALUES ('c6d7f6cf-cbbd-44f9-ae2a-2078b7c506a4', 'f5651770-16d4-494b-aac7-62f8c750d945', '653e10f4-9aeb-4a01-806d-f8bafbff9c51', 'f378536f-c37d-4b48-8231-ac118829b0ec', '1cbef129-cdae-4d6d-8395-d4b1074a7142', 'zanalytics', 0, '55aac1c3-73fb-48d3-90ca-796161b37fb8');
INSERT INTO `template_config` VALUES ('c6f09db5-dcaa-44a1-9c3a-f8fec785ba3b', 'f5651770-16d4-494b-aac7-62f8c750d945', '653e10f4-9aeb-4a01-806d-f8bafbff9c51', '66610320-d4b3-4b28-bfaa-288ddd9a13a9', 'e19cdb14-c8e2-4e8e-9899-0e825d1f2ece', 'realtime-1:8080', 0, '46d7cd5f-4ddf-4da4-b1ee-b31335a73721');
INSERT INTO `template_config` VALUES ('c7075a81-b217-44dd-9d84-d33d53ef437c', 'f5651770-16d4-494b-aac7-62f8c750d945', '653e10f4-9aeb-4a01-806d-f8bafbff9c51', 'f378536f-c37d-4b48-8231-ac118829b0ec', '3b23d836-fbff-492d-ab4d-a68916dfb700', 'realtime-1', 0, '9f6400a4-56c6-40d3-a498-8dd09ded125b');
INSERT INTO `template_config` VALUES ('c7256e15-84c3-4655-85c9-592e34490d5f', 'f5651770-16d4-494b-aac7-62f8c750d945', '653e10f4-9aeb-4a01-806d-f8bafbff9c51', '66610320-d4b3-4b28-bfaa-288ddd9a13a9', '078df709-46eb-4345-a934-90f049a5fba2', 'realtime-1:9003', 0, '9fd9f6ff-1dbb-4b21-a204-b38f91ae552d');
INSERT INTO `template_config` VALUES ('c74f68b0-6315-46b8-9c72-3622378caac2', 'f5651770-16d4-494b-aac7-62f8c750d945', '653e10f4-9aeb-4a01-806d-f8bafbff9c51', 'dc62e1ce-57a3-4325-82f5-0418e04189fe', '060fbe5a-44d6-4dc5-bd45-fe0c5622353a', 'realtime-mkt:1923', 0, 'cfcbcc14-82df-463f-96e6-d9d3ff7b6f23');
INSERT INTO `template_config` VALUES ('c8228436-c781-4151-9878-661ad4853d80', 'f5651770-16d4-494b-aac7-62f8c750d945', '653e10f4-9aeb-4a01-806d-f8bafbff9c51', '66610320-d4b3-4b28-bfaa-288ddd9a13a9', '94e622e7-3d35-46ab-9ab1-de211f460ec9', 'realtime-1:7715', 0, '02208647-d32f-4921-b8bc-979a6a9e820d');
INSERT INTO `template_config` VALUES ('c8932bbd-fff2-4572-94d8-52468cf47f43', 'f5651770-16d4-494b-aac7-62f8c750d945', '653e10f4-9aeb-4a01-806d-f8bafbff9c51', '2a942149-d7a3-4555-a760-15d62c421a38', '17088830-ca34-4273-b709-31b69a9d963a', '3306', 0, 'ec7539e1-dbbc-47f9-94fa-7e02dd0d610f');
INSERT INTO `template_config` VALUES ('c94b714b-ac54-49a0-8aaa-5dfff122459d', 'f5651770-16d4-494b-aac7-62f8c750d945', '653e10f4-9aeb-4a01-806d-f8bafbff9c51', '66610320-d4b3-4b28-bfaa-288ddd9a13a9', '18a9944d-dd48-4d48-854a-1e535fdcad8b', 'realtime-1:7715', 0, '02208647-d32f-4921-b8bc-979a6a9e820d');
INSERT INTO `template_config` VALUES ('c9747b79-47a0-48d3-9445-f7755c182365', 'f5651770-16d4-494b-aac7-62f8c750d945', '653e10f4-9aeb-4a01-806d-f8bafbff9c51', 'f378536f-c37d-4b48-8231-ac118829b0ec', '85d5235c-4963-4176-bc55-fb53162b0586', 'realtime-1', 0, '9f6400a4-56c6-40d3-a498-8dd09ded125b');
INSERT INTO `template_config` VALUES ('ca3bd20b-97bd-4f73-b6ac-c43f79346e6c', 'f5651770-16d4-494b-aac7-62f8c750d945', '653e10f4-9aeb-4a01-806d-f8bafbff9c51', '66a69e61-d79d-43df-aaa3-4f53c4b4093b', '54fe9096-e1cc-4f86-8158-f6a34e2a1816', 'admin', 0, 'ee9616dc-725c-40f8-9a85-2435adf31b77');
INSERT INTO `template_config` VALUES ('ca87d105-de01-446b-9aa9-dad5e53a085f', 'f5651770-16d4-494b-aac7-62f8c750d945', '653e10f4-9aeb-4a01-806d-f8bafbff9c51', '66a69e61-d79d-43df-aaa3-4f53c4b4093b', 'd0cfc39a-70cc-4c27-b243-8bd58a301b8b', '8895', 0, NULL);
INSERT INTO `template_config` VALUES ('cb11263a-c32e-40bd-9e2e-1d0c2baae075', 'f5651770-16d4-494b-aac7-62f8c750d945', '653e10f4-9aeb-4a01-806d-f8bafbff9c51', '66defc4c-0903-4289-8dc2-3c3e27901ad9', '471ba7c4-cd0a-4615-9d24-c177da0af73e', 'zanalytics', 0, '55aac1c3-73fb-48d3-90ca-796161b37fb8');
INSERT INTO `template_config` VALUES ('cb3c5225-8f7c-4984-954f-d6a50538f435', 'f5651770-16d4-494b-aac7-62f8c750d945', '653e10f4-9aeb-4a01-806d-f8bafbff9c51', 'b55a185a-77ff-4b98-a2bb-927fd202ec85', 'dd14cc40-87ea-457e-90bf-7903ac76df4a', 'zanalytics', 0, '55aac1c3-73fb-48d3-90ca-796161b37fb8');
INSERT INTO `template_config` VALUES ('cd2ebc54-5b41-4a35-bae0-bb2d8c23b64f', 'f5651770-16d4-494b-aac7-62f8c750d945', '653e10f4-9aeb-4a01-806d-f8bafbff9c51', '66defc4c-0903-4289-8dc2-3c3e27901ad9', '79f035b6-e803-4f42-9210-363fd0bd3602', '9200', 0, 'e2d1b5eb-4018-480e-8fae-44c2b706adbd');
INSERT INTO `template_config` VALUES ('cd8306b2-be2b-4c3d-ad1b-e7adbfa77c05', 'f5651770-16d4-494b-aac7-62f8c750d945', '653e10f4-9aeb-4a01-806d-f8bafbff9c51', '66610320-d4b3-4b28-bfaa-288ddd9a13a9', 'f1a45287-d8e2-46d2-9057-a51e8e634e66', 'realtime-1:8081', 0, '03b7beb9-f80b-4d7c-9b0b-f829815fc774');
INSERT INTO `template_config` VALUES ('cdc69f06-fc59-4c07-9db6-ff14243fc406', 'f5651770-16d4-494b-aac7-62f8c750d945', '653e10f4-9aeb-4a01-806d-f8bafbff9c51', '48e69251-46b2-4982-94eb-0846b57d7a2c', '0e52eb62-d563-40e7-a7b9-ec3269d10804', 'zanalytics', 0, '55aac1c3-73fb-48d3-90ca-796161b37fb8');
INSERT INTO `template_config` VALUES ('ce94d5f6-155f-4e41-b754-9c4265ad14be', 'f5651770-16d4-494b-aac7-62f8c750d945', '653e10f4-9aeb-4a01-806d-f8bafbff9c51', '48e69251-46b2-4982-94eb-0846b57d7a2c', 'a1082dd2-74da-45c6-9801-7f2af00aebad', 'zanalytics', 0, '55aac1c3-73fb-48d3-90ca-796161b37fb8');
INSERT INTO `template_config` VALUES ('cec5cdc3-9ef3-4516-b225-5a5823637cb0', 'f5651770-16d4-494b-aac7-62f8c750d945', '653e10f4-9aeb-4a01-806d-f8bafbff9c51', 'fcdced84-8bf9-420a-abf8-84efbe1cb590', 'eb0fe071-954e-4fb5-8180-210886c749b4', 'https://uba.it.pkpm.cn', 0, '811937f4-6fb8-4430-b95e-cf874ff053ba');
INSERT INTO `template_config` VALUES ('cff29855-634f-4d0b-b5c4-a097709038ed', 'f5651770-16d4-494b-aac7-62f8c750d945', '653e10f4-9aeb-4a01-806d-f8bafbff9c51', '66a69e61-d79d-43df-aaa3-4f53c4b4093b', '6db2da92-2caf-4126-896c-7742f272e2e6', '21050', 0, '35f80d60-dc89-4252-9833-ccf0bdc647ed');
INSERT INTO `template_config` VALUES ('d0b338e8-f883-4713-a5b5-206a705fd731', 'f5651770-16d4-494b-aac7-62f8c750d945', '653e10f4-9aeb-4a01-806d-f8bafbff9c51', 'fa3bd1ff-0b0d-4dc3-81ea-d3c1e97136bc', '6cc66f62-0473-4b1a-8336-c2cd81e4e9c7', 'https://weixin.zhugeio.com', 0, '1e68cc08-f266-4019-98d0-70c5f43adf18');
INSERT INTO `template_config` VALUES ('d1a2a32e-00bb-440b-a6a8-55f7f6bd1b0e', 'fbe813ac-b0dc-4126-b48f-c71038b2554a', '83798ffa-99c5-4d27-9397-3d7e81985ca2', '9fd43ada-748a-4aec-9016-595e1abf8fd8', '86218bbf-e306-49ab-a388-5729ad0ee90f', '/webapp/', 0, NULL);
INSERT INTO `template_config` VALUES ('d39cc3fd-0577-41a4-b391-c7689825b8d8', 'f5651770-16d4-494b-aac7-62f8c750d945', '653e10f4-9aeb-4a01-806d-f8bafbff9c51', 'a2465b6a-9351-417f-98ba-0b9f5b991436', '820f2501-f549-40b0-b3de-37af37ab3913', 'false', 0, 'dbe55723-e716-4afb-a9e2-6617390a099e');
INSERT INTO `template_config` VALUES ('d3c0e48a-0f15-49f0-9aeb-55bbbb05987e', 'f5651770-16d4-494b-aac7-62f8c750d945', '653e10f4-9aeb-4a01-806d-f8bafbff9c51', '66610320-d4b3-4b28-bfaa-288ddd9a13a9', '20d0e727-ebed-46a3-86ff-8b8ec137fac0', 'realtime-1', 0, '9f6400a4-56c6-40d3-a498-8dd09ded125b');
INSERT INTO `template_config` VALUES ('d40976c6-defb-4de4-8b59-d225fd6d12f5', 'f5651770-16d4-494b-aac7-62f8c750d945', '653e10f4-9aeb-4a01-806d-f8bafbff9c51', 'f378536f-c37d-4b48-8231-ac118829b0ec', 'd419e890-3f48-469c-9632-6f9579651e19', '9200', 0, 'e2d1b5eb-4018-480e-8fae-44c2b706adbd');
INSERT INTO `template_config` VALUES ('d45f65ce-5aac-4f6f-b173-6f05f38b8773', 'f5651770-16d4-494b-aac7-62f8c750d945', '653e10f4-9aeb-4a01-806d-f8bafbff9c51', '80719569-e459-4b22-99d4-146335e78144', '64df776a-43ad-4377-8cd1-aaaeecf87a25', 'zanalytics', 0, '55aac1c3-73fb-48d3-90ca-796161b37fb8');
INSERT INTO `template_config` VALUES ('d511750f-293a-478f-8ea5-963ed38e3ad4', 'f5651770-16d4-494b-aac7-62f8c750d945', '653e10f4-9aeb-4a01-806d-f8bafbff9c51', 'fa3bd1ff-0b0d-4dc3-81ea-d3c1e97136bc', '37e21809-7d84-4fdf-8424-b32bc2ac247d', 'realtime-1:80', 0, '2019b066-5922-46bc-9b2d-fea6ea15bfbe');
INSERT INTO `template_config` VALUES ('d5ddf7ee-fc75-4a94-833c-8e4bee6095f5', 'f5651770-16d4-494b-aac7-62f8c750d945', '653e10f4-9aeb-4a01-806d-f8bafbff9c51', '66610320-d4b3-4b28-bfaa-288ddd9a13a9', '3fb89789-7e79-4f4b-805f-6c28c7dd2a53', '8888', 0, '3e5d0553-4712-4cfd-82f5-2b826e967acb');
INSERT INTO `template_config` VALUES ('d6a2add6-289b-4fc6-b640-4d44670d5ae9', 'f5651770-16d4-494b-aac7-62f8c750d945', '653e10f4-9aeb-4a01-806d-f8bafbff9c51', '66610320-d4b3-4b28-bfaa-288ddd9a13a9', '2feeb17f-7358-4b50-a80f-4bd4cebcc28a', 'realtime-1', 0, '9f6400a4-56c6-40d3-a498-8dd09ded125b');
INSERT INTO `template_config` VALUES ('d7da6360-502a-453a-9cd8-0230041dd5be', 'fbe813ac-b0dc-4126-b48f-c71038b2554a', '83798ffa-99c5-4d27-9397-3d7e81985ca2', '9fd43ada-748a-4aec-9016-595e1abf8fd8', 'b84b64a9-ceeb-4464-ae6d-8eebf43f7b4c', '数据分析', 0, NULL);
INSERT INTO `template_config` VALUES ('d7db78bd-287c-46ff-a039-d0879c2fe2d1', 'f5651770-16d4-494b-aac7-62f8c750d945', '653e10f4-9aeb-4a01-806d-f8bafbff9c51', '66610320-d4b3-4b28-bfaa-288ddd9a13a9', '9df8ce75-d2bc-4252-a446-e07a592c1a8e', 'realtime-1', 0, '9f6400a4-56c6-40d3-a498-8dd09ded125b');
INSERT INTO `template_config` VALUES ('d8e549ca-49ee-4fe5-8ca6-698588e5e636', 'f5651770-16d4-494b-aac7-62f8c750d945', '653e10f4-9aeb-4a01-806d-f8bafbff9c51', 'a2465b6a-9351-417f-98ba-0b9f5b991436', '92a84ef4-8035-48e7-828d-46a844ec910d', 'false', 0, 'dbe55723-e716-4afb-a9e2-6617390a099e');
INSERT INTO `template_config` VALUES ('da35884f-1a79-48d3-83f6-3a6581bbf70b', 'f5651770-16d4-494b-aac7-62f8c750d945', '653e10f4-9aeb-4a01-806d-f8bafbff9c51', 'fa3bd1ff-0b0d-4dc3-81ea-d3c1e97136bc', '028b2633-f7fe-4caa-81fe-c2dd6c5a29cf', '3306', 0, 'ec7539e1-dbbc-47f9-94fa-7e02dd0d610f');
INSERT INTO `template_config` VALUES ('da7641d9-b5a8-4df2-9285-4da885f78a91', 'f5651770-16d4-494b-aac7-62f8c750d945', '653e10f4-9aeb-4a01-806d-f8bafbff9c51', 'dc62e1ce-57a3-4325-82f5-0418e04189fe', '55a2341d-0f35-4d40-9705-98da5387e334', 'realtime-mkt:1922', 0, '6c21e392-30b3-4028-a366-bbbba29f8fdc');
INSERT INTO `template_config` VALUES ('db018075-c620-49f4-a25c-e50cb1022218', 'f5651770-16d4-494b-aac7-62f8c750d945', '653e10f4-9aeb-4a01-806d-f8bafbff9c51', '66610320-d4b3-4b28-bfaa-288ddd9a13a9', '5d425d4c-eebb-4f57-977e-f73b6b590b23', 'realtime-1:16688', 0, '5238f557-d1f5-4ce2-81ec-01065d7e2123');
INSERT INTO `template_config` VALUES ('db489e0d-dc9f-424a-aa71-82718aaf9a25', 'f5651770-16d4-494b-aac7-62f8c750d945', '653e10f4-9aeb-4a01-806d-f8bafbff9c51', '66610320-d4b3-4b28-bfaa-288ddd9a13a9', '934d5b8b-94dc-4098-81db-777ad484dec0', '21050', 0, '35f80d60-dc89-4252-9833-ccf0bdc647ed');
INSERT INTO `template_config` VALUES ('db615e62-4e7d-452f-9b37-4afcf5d223a6', 'f5651770-16d4-494b-aac7-62f8c750d945', '653e10f4-9aeb-4a01-806d-f8bafbff9c51', '66a69e61-d79d-43df-aaa3-4f53c4b4093b', 'e543e680-5dc1-4459-b7f0-c03a0590fbb0', 'web', 0, 'dc76824b-6ea1-45eb-b9da-0589e866aefa');
INSERT INTO `template_config` VALUES ('db8dc3b2-b267-421d-8c43-5d26e4a1b3b6', 'f5651770-16d4-494b-aac7-62f8c750d945', '653e10f4-9aeb-4a01-806d-f8bafbff9c51', 'a2465b6a-9351-417f-98ba-0b9f5b991436', '145e5304-69bf-4fdf-83a4-bd6dde7b1871', 'Zhuge', 0, NULL);
INSERT INTO `template_config` VALUES ('dbce8355-0334-4414-814f-35b3363df2f6', 'f5651770-16d4-494b-aac7-62f8c750d945', '653e10f4-9aeb-4a01-806d-f8bafbff9c51', '66610320-d4b3-4b28-bfaa-288ddd9a13a9', 'e809e896-745b-4a58-b5ef-f4737f2f7e42', 'realtime-3:9004', 0, 'f9c0138d-16f0-4ff1-a926-b8e29a38ed26');
INSERT INTO `template_config` VALUES ('dca3a118-c9f7-4375-b49e-4f2d5fc1d084', 'f5651770-16d4-494b-aac7-62f8c750d945', '653e10f4-9aeb-4a01-806d-f8bafbff9c51', 'b55a185a-77ff-4b98-a2bb-927fd202ec85', '319ec041-03a0-4fee-8775-1c161f43465a', 'zanalytics', 0, '55aac1c3-73fb-48d3-90ca-796161b37fb8');
INSERT INTO `template_config` VALUES ('dcc65a78-4e28-45e0-b1ae-75502b9539e0', 'f5651770-16d4-494b-aac7-62f8c750d945', '653e10f4-9aeb-4a01-806d-f8bafbff9c51', '66610320-d4b3-4b28-bfaa-288ddd9a13a9', 'd639b821-0a20-4fba-9876-7daf449a0ffe', 'realtime-2:7808', 0, '800923e7-f1ea-41ce-8fe5-e8733b9e9f3f');
INSERT INTO `template_config` VALUES ('dd0b7d9d-f59f-45a7-940b-237fc93c5afe', 'f5651770-16d4-494b-aac7-62f8c750d945', '653e10f4-9aeb-4a01-806d-f8bafbff9c51', '66610320-d4b3-4b28-bfaa-288ddd9a13a9', '78104d82-5ea6-4c3d-88d6-d676bf94f03c', '8888', 0, '3e5d0553-4712-4cfd-82f5-2b826e967acb');
INSERT INTO `template_config` VALUES ('ddd70be6-3375-488c-a151-6d33d222636c', 'fbe813ac-b0dc-4126-b48f-c71038b2554a', '83798ffa-99c5-4d27-9397-3d7e81985ca2', '9fd43ada-748a-4aec-9016-595e1abf8fd8', '71eec3a0-8c2b-470b-a2be-da11c395ef44', 'false', 0, NULL);
INSERT INTO `template_config` VALUES ('ddd96fe1-7292-4034-b6c1-899a2963f4f2', 'f5651770-16d4-494b-aac7-62f8c750d945', '653e10f4-9aeb-4a01-806d-f8bafbff9c51', '4106cadf-5026-44dd-814b-76df03001a1b', 'ad39a07a-fc05-451c-95e8-d5bfc824f3a9', 'web', 0, 'dc76824b-6ea1-45eb-b9da-0589e866aefa');
INSERT INTO `template_config` VALUES ('de703ad5-2a50-485a-b983-4f71c3b20529', 'f5651770-16d4-494b-aac7-62f8c750d945', '653e10f4-9aeb-4a01-806d-f8bafbff9c51', 'b55a185a-77ff-4b98-a2bb-927fd202ec85', 'e6d683b7-8c1b-43e7-bf28-b41349c5f240', '21050', 0, '35f80d60-dc89-4252-9833-ccf0bdc647ed');
INSERT INTO `template_config` VALUES ('dea0ec3b-6351-47ba-be79-6e1acc45d062', 'f5651770-16d4-494b-aac7-62f8c750d945', '653e10f4-9aeb-4a01-806d-f8bafbff9c51', 'fa3bd1ff-0b0d-4dc3-81ea-d3c1e97136bc', 'acdc5fd7-f8d0-4ce5-bf31-6a700d0515b8', '26480', 0, 'd6b2c5ff-7453-4833-a173-d311122fceb6');
INSERT INTO `template_config` VALUES ('df30b796-c21b-4748-b7db-bf5c577bdc69', 'f5651770-16d4-494b-aac7-62f8c750d945', '653e10f4-9aeb-4a01-806d-f8bafbff9c51', '66a69e61-d79d-43df-aaa3-4f53c4b4093b', '61d66b43-8033-4778-a0be-0289a396f674', 'realtime-1:7051,realtime-2:7051,realtime-3:7051', 0, '1b4fdb5d-c837-4722-a672-5b3e818f6243');
INSERT INTO `template_config` VALUES ('df8ef2c2-aa9a-42a5-bc03-d434bd4a203d', 'f5651770-16d4-494b-aac7-62f8c750d945', '653e10f4-9aeb-4a01-806d-f8bafbff9c51', '66a69e61-d79d-43df-aaa3-4f53c4b4093b', '7772408e-d88b-455e-9fec-bd0e034e11e2', 'zanalytics', 0, '55aac1c3-73fb-48d3-90ca-796161b37fb8');
INSERT INTO `template_config` VALUES ('dfcc66c6-3bb6-4107-b87b-bf62dd52c5e7', 'f5651770-16d4-494b-aac7-62f8c750d945', '653e10f4-9aeb-4a01-806d-f8bafbff9c51', 'b55a185a-77ff-4b98-a2bb-927fd202ec85', '35617c2d-4424-4358-b551-fd686d867a24', 'Sun_unix*1101', 0, 'a28bdb89-e67f-411f-9b09-b22292a3a5a8');
INSERT INTO `template_config` VALUES ('dfff4460-712e-42c3-99df-4640fd881ac6', 'f5651770-16d4-494b-aac7-62f8c750d945', '653e10f4-9aeb-4a01-806d-f8bafbff9c51', '02d4e660-8d31-4090-8506-d49f3399a7ed', 'f41255df-777c-4ab4-8fc2-66eb9467160c', 'realtime-1:80', 0, '2019b066-5922-46bc-9b2d-fea6ea15bfbe');
INSERT INTO `template_config` VALUES ('e036d6a5-091e-4edc-b5dd-560a34fc9a47', 'f5651770-16d4-494b-aac7-62f8c750d945', '653e10f4-9aeb-4a01-806d-f8bafbff9c51', '66610320-d4b3-4b28-bfaa-288ddd9a13a9', '4f8dee77-2505-4192-b5da-ac3dce125605', 'realtime-1:80', 0, '2019b066-5922-46bc-9b2d-fea6ea15bfbe');
INSERT INTO `template_config` VALUES ('e11b7c37-b724-4cbc-bec8-f79f19edb572', 'f5651770-16d4-494b-aac7-62f8c750d945', '653e10f4-9aeb-4a01-806d-f8bafbff9c51', '48e69251-46b2-4982-94eb-0846b57d7a2c', 'bf2769b2-dea6-4ecb-862d-a32bd9c59168', 'realtime-1', 0, '9f6400a4-56c6-40d3-a498-8dd09ded125b');
INSERT INTO `template_config` VALUES ('e21585d5-ce51-4570-a9e9-2ec1556fd3f9', 'f5651770-16d4-494b-aac7-62f8c750d945', '653e10f4-9aeb-4a01-806d-f8bafbff9c51', '02d4e660-8d31-4090-8506-d49f3399a7ed', '2dc6ee80-541a-4e36-91f5-01edc2cbc7f4', 'Sun_unix*1101', 0, 'a28bdb89-e67f-411f-9b09-b22292a3a5a8');
INSERT INTO `template_config` VALUES ('e265846d-4aa7-4630-85a0-5d8456e9c6ba', 'f5651770-16d4-494b-aac7-62f8c750d945', '653e10f4-9aeb-4a01-806d-f8bafbff9c51', 'fa3bd1ff-0b0d-4dc3-81ea-d3c1e97136bc', '153550dd-e5d0-481b-95d2-ce77bcff34ff', '26480', 0, 'd6b2c5ff-7453-4833-a173-d311122fceb6');
INSERT INTO `template_config` VALUES ('e2f7e024-83d3-4bb8-b768-debb8d8814fc', 'fbe813ac-b0dc-4126-b48f-c71038b2554a', '83798ffa-99c5-4d27-9397-3d7e81985ca2', '9fd43ada-748a-4aec-9016-595e1abf8fd8', '489b18f8-8da4-4db6-a7cb-7eb47a6bc702', '/analysis/socket', 0, NULL);
INSERT INTO `template_config` VALUES ('e3617910-b59b-47c9-9fe6-7fb84e6f6498', 'f5651770-16d4-494b-aac7-62f8c750d945', '653e10f4-9aeb-4a01-806d-f8bafbff9c51', '66a69e61-d79d-43df-aaa3-4f53c4b4093b', 'f422b695-ef3c-4fdc-8651-16fdea8e421a', '8894', 0, NULL);
INSERT INTO `template_config` VALUES ('e3949d77-ef3c-450e-aa93-b40d3a735e24', 'f5651770-16d4-494b-aac7-62f8c750d945', '653e10f4-9aeb-4a01-806d-f8bafbff9c51', '66610320-d4b3-4b28-bfaa-288ddd9a13a9', 'cfff7f1d-39a4-47b2-97bd-8fe85297f562', '3306', 0, 'ec7539e1-dbbc-47f9-94fa-7e02dd0d610f');
INSERT INTO `template_config` VALUES ('e39f72bd-0255-459c-abbb-8092118fb124', 'f5651770-16d4-494b-aac7-62f8c750d945', '653e10f4-9aeb-4a01-806d-f8bafbff9c51', '66a69e61-d79d-43df-aaa3-4f53c4b4093b', 'f020df61-b803-4358-a443-a7fe158b29e8', '8888', 0, '3e5d0553-4712-4cfd-82f5-2b826e967acb');
INSERT INTO `template_config` VALUES ('e415a0d1-138f-4c11-adf8-8f91aa746011', 'f5651770-16d4-494b-aac7-62f8c750d945', '653e10f4-9aeb-4a01-806d-f8bafbff9c51', 'b61315d4-f360-41e3-bf73-e0e8d4e737a3', 'e4739d11-5e15-4bf5-8b97-cb99535fe435', '5f8a935cd15a47419df0e07d0547551b', 0, NULL);
INSERT INTO `template_config` VALUES ('e4daf262-a162-46ed-bf25-e3845c44664f', 'f5651770-16d4-494b-aac7-62f8c750d945', '653e10f4-9aeb-4a01-806d-f8bafbff9c51', 'fa3bd1ff-0b0d-4dc3-81ea-d3c1e97136bc', '80bf1f80-5fa5-4aae-94e1-3c80c9371539', 'realtime-1', 0, '9f6400a4-56c6-40d3-a498-8dd09ded125b');
INSERT INTO `template_config` VALUES ('e537d0b1-e1f8-45cd-abc5-48d28cd2c298', 'f5651770-16d4-494b-aac7-62f8c750d945', '653e10f4-9aeb-4a01-806d-f8bafbff9c51', '66a69e61-d79d-43df-aaa3-4f53c4b4093b', 'fd7eb84e-0049-4bb2-b33b-a1550792975c', 'zanalytics', 0, '55aac1c3-73fb-48d3-90ca-796161b37fb8');
INSERT INTO `template_config` VALUES ('e7233cb3-2b3a-4fcd-a49b-e19b634e55ea', 'f5651770-16d4-494b-aac7-62f8c750d945', '653e10f4-9aeb-4a01-806d-f8bafbff9c51', '48e69251-46b2-4982-94eb-0846b57d7a2c', '4e0be535-bcbd-476d-bfb4-3fe811806ed1', '21050', 0, '35f80d60-dc89-4252-9833-ccf0bdc647ed');
INSERT INTO `template_config` VALUES ('e7a59c69-ad9a-4a0d-a1b6-3811ed3e7abf', 'f5651770-16d4-494b-aac7-62f8c750d945', '653e10f4-9aeb-4a01-806d-f8bafbff9c51', '66a69e61-d79d-43df-aaa3-4f53c4b4093b', '42c17907-00af-4edc-9428-b52787e09164', NULL, 0, NULL);
INSERT INTO `template_config` VALUES ('e81082c4-7f4c-4e28-9dde-1b89e75aea9c', 'f5651770-16d4-494b-aac7-62f8c750d945', '653e10f4-9aeb-4a01-806d-f8bafbff9c51', '66a69e61-d79d-43df-aaa3-4f53c4b4093b', '1759076b-eea5-4422-a0d8-961a5a0f8bc8', 'zhugeio', 0, NULL);
INSERT INTO `template_config` VALUES ('e817e4ec-565d-421b-83d4-1f36cce234cd', 'f5651770-16d4-494b-aac7-62f8c750d945', '653e10f4-9aeb-4a01-806d-f8bafbff9c51', '66a69e61-d79d-43df-aaa3-4f53c4b4093b', 'de8fbc43-ed98-4c79-9b84-09e1b371b8e0', 'zanalytics', 0, '55aac1c3-73fb-48d3-90ca-796161b37fb8');
INSERT INTO `template_config` VALUES ('e996bac8-039b-480e-bfd7-a0d57d03972f', 'f5651770-16d4-494b-aac7-62f8c750d945', '653e10f4-9aeb-4a01-806d-f8bafbff9c51', '66610320-d4b3-4b28-bfaa-288ddd9a13a9', 'a7120043-4fad-4331-81e1-4cc40fbff10d', 'realtime-1:7713', 0, NULL);
INSERT INTO `template_config` VALUES ('eae851ce-a6a2-4228-b1ed-7c9d0377378f', 'f5651770-16d4-494b-aac7-62f8c750d945', '653e10f4-9aeb-4a01-806d-f8bafbff9c51', '66a69e61-d79d-43df-aaa3-4f53c4b4093b', '778f7633-62f9-443a-a408-87794957b1e2', 'admin', 0, 'ee9616dc-725c-40f8-9a85-2435adf31b77');
INSERT INTO `template_config` VALUES ('eb126afe-cbc6-4f16-b53a-47a7fa20980e', 'f5651770-16d4-494b-aac7-62f8c750d945', '653e10f4-9aeb-4a01-806d-f8bafbff9c51', '66610320-d4b3-4b28-bfaa-288ddd9a13a9', '6bad28f5-dd16-4ab3-b7b3-f073c0506121', 'realtime-1:8081', 0, '03b7beb9-f80b-4d7c-9b0b-f829815fc774');
INSERT INTO `template_config` VALUES ('eb92c049-53d5-420c-8697-d0388e8a9b88', 'f5651770-16d4-494b-aac7-62f8c750d945', '653e10f4-9aeb-4a01-806d-f8bafbff9c51', '66610320-d4b3-4b28-bfaa-288ddd9a13a9', 'b4cb80de-9a70-4c43-8cd5-c60ac4b033a4', 'realtime-1', 0, '9f6400a4-56c6-40d3-a498-8dd09ded125b');
INSERT INTO `template_config` VALUES ('eb9b224c-aaa1-4dfb-bb3f-5a2d5d7ccc79', 'f5651770-16d4-494b-aac7-62f8c750d945', '653e10f4-9aeb-4a01-806d-f8bafbff9c51', 'a2465b6a-9351-417f-98ba-0b9f5b991436', '66a1d84d-b33d-4981-b884-02821e1a195f', 'false', 0, 'dbe55723-e716-4afb-a9e2-6617390a099e');
INSERT INTO `template_config` VALUES ('ec490f1b-8958-4360-95ee-d63ef2977ca4', 'f5651770-16d4-494b-aac7-62f8c750d945', '653e10f4-9aeb-4a01-806d-f8bafbff9c51', '66610320-d4b3-4b28-bfaa-288ddd9a13a9', 'a7c0a4f5-c1ff-4ed0-82d1-03264c9b1ff1', 'realtime-1:16688', 0, '5238f557-d1f5-4ce2-81ec-01065d7e2123');
INSERT INTO `template_config` VALUES ('ec4c24fc-ecc6-4412-96ac-8bfe1d378edc', 'f5651770-16d4-494b-aac7-62f8c750d945', '653e10f4-9aeb-4a01-806d-f8bafbff9c51', '66a69e61-d79d-43df-aaa3-4f53c4b4093b', '376365c0-52c2-4282-aa40-07f67d13c1a8', 'zanalytics', 0, '55aac1c3-73fb-48d3-90ca-796161b37fb8');
INSERT INTO `template_config` VALUES ('ed3aafe4-8401-498b-bd01-9e93f67826c8', 'f5651770-16d4-494b-aac7-62f8c750d945', '653e10f4-9aeb-4a01-806d-f8bafbff9c51', 'fa3bd1ff-0b0d-4dc3-81ea-d3c1e97136bc', '4fdc5dd9-0d08-4a91-bf66-b3015ba7e0a1', '3306', 0, 'ec7539e1-dbbc-47f9-94fa-7e02dd0d610f');
INSERT INTO `template_config` VALUES ('ed8b005f-3998-41f9-afac-161d8da87cff', 'f5651770-16d4-494b-aac7-62f8c750d945', '653e10f4-9aeb-4a01-806d-f8bafbff9c51', '66a69e61-d79d-43df-aaa3-4f53c4b4093b', '129bd6a4-4b89-43f8-969d-44d883036d59', 'realtime-2', 0, '64b2dcc2-120d-4b00-9f4a-5778eabab4bf');
INSERT INTO `template_config` VALUES ('edcd8704-5fe3-412c-8b97-23b4c7bb7854', 'f5651770-16d4-494b-aac7-62f8c750d945', '653e10f4-9aeb-4a01-806d-f8bafbff9c51', '66defc4c-0903-4289-8dc2-3c3e27901ad9', 'c52cd196-4b5f-4aba-a703-f9ed5e479da0', 'elasticsearch', 0, NULL);
INSERT INTO `template_config` VALUES ('ef25b1b4-6052-480c-bc98-a35344cef14d', 'fbe813ac-b0dc-4126-b48f-c71038b2554a', '83798ffa-99c5-4d27-9397-3d7e81985ca2', '9fd43ada-748a-4aec-9016-595e1abf8fd8', 'd6a818f0-1c70-4b5d-8455-8c3d1bcd231f', 'true', 0, NULL);
INSERT INTO `template_config` VALUES ('efb279d6-4f79-42d6-b246-d61fe37bc871', 'f5651770-16d4-494b-aac7-62f8c750d945', '653e10f4-9aeb-4a01-806d-f8bafbff9c51', '66a69e61-d79d-43df-aaa3-4f53c4b4093b', '5637fb72-adf6-4afa-a778-a0005dc13923', 'zanalytics', 0, '55aac1c3-73fb-48d3-90ca-796161b37fb8');
INSERT INTO `template_config` VALUES ('f0674f62-ccc6-4af6-bf52-06ed44a26941', 'f5651770-16d4-494b-aac7-62f8c750d945', '653e10f4-9aeb-4a01-806d-f8bafbff9c51', '66a69e61-d79d-43df-aaa3-4f53c4b4093b', 'b4820177-88c4-41cc-88d7-0a42352adfb3', 'realtime-2', 0, '64b2dcc2-120d-4b00-9f4a-5778eabab4bf');
INSERT INTO `template_config` VALUES ('f076a685-c69f-45ca-8f37-7fd6136795a6', 'f5651770-16d4-494b-aac7-62f8c750d945', '653e10f4-9aeb-4a01-806d-f8bafbff9c51', '66610320-d4b3-4b28-bfaa-288ddd9a13a9', 'b01246a8-51e4-4c35-b497-ab66cb1392b9', 'zanalytics', 0, '55aac1c3-73fb-48d3-90ca-796161b37fb8');
INSERT INTO `template_config` VALUES ('f09b5289-db0b-4ceb-bc0b-81d624cfdb64', 'f5651770-16d4-494b-aac7-62f8c750d945', '653e10f4-9aeb-4a01-806d-f8bafbff9c51', '66a69e61-d79d-43df-aaa3-4f53c4b4093b', '628c8cac-e042-4278-8f04-f6a20f298961', '8897', 0, 'd9543362-eeca-4ac3-b55b-7cab1d6b5c7c');
INSERT INTO `template_config` VALUES ('f0ba02f3-4eab-4830-9043-f481c1b47fae', 'f5651770-16d4-494b-aac7-62f8c750d945', '653e10f4-9aeb-4a01-806d-f8bafbff9c51', '66defc4c-0903-4289-8dc2-3c3e27901ad9', '4990ba5f-b523-4845-9266-c1e7d6ce8f03', 'realtime-1', 0, '9f6400a4-56c6-40d3-a498-8dd09ded125b');
INSERT INTO `template_config` VALUES ('f18989cd-41ff-4659-a578-1d20fa4527fb', 'f5651770-16d4-494b-aac7-62f8c750d945', '653e10f4-9aeb-4a01-806d-f8bafbff9c51', '66a69e61-d79d-43df-aaa3-4f53c4b4093b', '3eae3709-da40-4926-a087-1f669d39966a', 'realtime-1:9092,realtime-2:9092,realtime-3:9092', 0, 'e530a8d4-fcfb-4d57-968f-cf94b950ddc1');
INSERT INTO `template_config` VALUES ('f1a35c2a-612f-431d-aa94-f79545f08f83', 'f5651770-16d4-494b-aac7-62f8c750d945', '653e10f4-9aeb-4a01-806d-f8bafbff9c51', '9feb3c99-8ac7-4fc6-b108-3235a8079ea0', 'afdbb5ec-d5e7-4a49-b524-df70f3d914cc', 'true', 0, '8e46ac3c-9129-431f-a197-34e5b692b42a');
INSERT INTO `template_config` VALUES ('f29f893a-11d9-4d37-ac5e-4ea1f19c6fe2', 'f5651770-16d4-494b-aac7-62f8c750d945', '653e10f4-9aeb-4a01-806d-f8bafbff9c51', 'fcdced84-8bf9-420a-abf8-84efbe1cb590', '25414212-3d3a-4e07-b65e-2e9a3dd6680b', '/analysis/socket', 0, NULL);
INSERT INTO `template_config` VALUES ('f55175d0-cc11-4dc0-a82b-09d06f0bc8f1', 'f5651770-16d4-494b-aac7-62f8c750d945', '653e10f4-9aeb-4a01-806d-f8bafbff9c51', '66610320-d4b3-4b28-bfaa-288ddd9a13a9', '58296db3-0058-4b56-bf4a-816e741a0c11', '3306', 0, 'ec7539e1-dbbc-47f9-94fa-7e02dd0d610f');
INSERT INTO `template_config` VALUES ('f560c98b-61ed-43d5-9b62-e0f76940dac3', 'f5651770-16d4-494b-aac7-62f8c750d945', '653e10f4-9aeb-4a01-806d-f8bafbff9c51', 'fa3bd1ff-0b0d-4dc3-81ea-d3c1e97136bc', '332125e3-d7df-4f9e-8e63-9683c78f0daf', 'realtime-1:80', 0, '2019b066-5922-46bc-9b2d-fea6ea15bfbe');
INSERT INTO `template_config` VALUES ('f76adcbb-58f0-4680-9b0e-a296ae37a4f3', 'f5651770-16d4-494b-aac7-62f8c750d945', '653e10f4-9aeb-4a01-806d-f8bafbff9c51', '66a69e61-d79d-43df-aaa3-4f53c4b4093b', 'a7e1db35-ba2b-45d9-9b73-a793f32a6e57', 'admin', 0, 'ee9616dc-725c-40f8-9a85-2435adf31b77');
INSERT INTO `template_config` VALUES ('f7d7b34f-7bc6-407a-b20e-6a3cff90ca15', 'f5651770-16d4-494b-aac7-62f8c750d945', '653e10f4-9aeb-4a01-806d-f8bafbff9c51', 'f378536f-c37d-4b48-8231-ac118829b0ec', 'c5492d2a-756c-45d7-8236-6354437c11fb', 'http://realtime-1:8008', 0, NULL);
INSERT INTO `template_config` VALUES ('f846aaf8-6ec8-4841-840d-48cb15e288d1', 'f5651770-16d4-494b-aac7-62f8c750d945', '653e10f4-9aeb-4a01-806d-f8bafbff9c51', 'f378536f-c37d-4b48-8231-ac118829b0ec', '4e68098f-d839-4646-b322-24bc6ea874fa', '9200', 0, 'e2d1b5eb-4018-480e-8fae-44c2b706adbd');
INSERT INTO `template_config` VALUES ('f88b0106-47a4-42ae-b3ac-6e12a2a30d95', 'f5651770-16d4-494b-aac7-62f8c750d945', '653e10f4-9aeb-4a01-806d-f8bafbff9c51', '66a69e61-d79d-43df-aaa3-4f53c4b4093b', 'b3166306-4407-4ef9-ad05-bba5878a8dcc', '8888', 0, '3e5d0553-4712-4cfd-82f5-2b826e967acb');
INSERT INTO `template_config` VALUES ('f8ebeb11-2f08-47e4-b133-29b34cdc6d2c', 'f5651770-16d4-494b-aac7-62f8c750d945', '653e10f4-9aeb-4a01-806d-f8bafbff9c51', 'dc62e1ce-57a3-4325-82f5-0418e04189fe', 'a830b17c-86e9-441c-a94c-331487817d60', 'realtime-mkt:1926', 0, '059bf235-a04e-4308-b8b5-a1478ad45a2a');
INSERT INTO `template_config` VALUES ('f91fc1f1-c61e-4c47-9481-08a74c62e5f3', 'f5651770-16d4-494b-aac7-62f8c750d945', '653e10f4-9aeb-4a01-806d-f8bafbff9c51', '7803ac39-7d92-483c-be23-e0924ccb2394', '0f98e2ab-9935-48a7-bf57-f3b42ea3c7ee', 'realtime-1:2182,realtime-2:2182,realtime-3:2182', 0, NULL);
INSERT INTO `template_config` VALUES ('f9354a2a-6ee0-43b7-baaa-2e8588cec113', 'f5651770-16d4-494b-aac7-62f8c750d945', '653e10f4-9aeb-4a01-806d-f8bafbff9c51', '4106cadf-5026-44dd-814b-76df03001a1b', '53f34c10-162e-42a2-a29c-9fba8f953fca', 'realtime-1', 0, '9f6400a4-56c6-40d3-a498-8dd09ded125b');
INSERT INTO `template_config` VALUES ('f940bb1c-0783-4a76-ac9a-5fa123ca0146', 'f5651770-16d4-494b-aac7-62f8c750d945', '653e10f4-9aeb-4a01-806d-f8bafbff9c51', '66a69e61-d79d-43df-aaa3-4f53c4b4093b', '1ff309b7-b106-461f-a281-43e8a5c0400d', 'realtime-1:7051,realtime-2:7051,realtime-3:7051', 0, '1b4fdb5d-c837-4722-a672-5b3e818f6243');
INSERT INTO `template_config` VALUES ('fa987d45-d10d-45a7-8ebb-ea04f41118e1', 'f5651770-16d4-494b-aac7-62f8c750d945', '653e10f4-9aeb-4a01-806d-f8bafbff9c51', 'a2465b6a-9351-417f-98ba-0b9f5b991436', '8d079a8c-17e4-4764-9681-152b1b1574de', '5f8a935cd15a47419df0e07d0547551b', 0, NULL);
INSERT INTO `template_config` VALUES ('fbdbf766-4be3-4968-b2bf-e7ac1e492a9f', 'f5651770-16d4-494b-aac7-62f8c750d945', '653e10f4-9aeb-4a01-806d-f8bafbff9c51', '80719569-e459-4b22-99d4-146335e78144', 'aecd876a-4c12-4dc6-99b5-55126564b799', 'realtime-1:9092,realtime-2:9092,realtime-3:9092', 0, 'e530a8d4-fcfb-4d57-968f-cf94b950ddc1');
INSERT INTO `template_config` VALUES ('fc37fcbc-738c-4420-99ea-5cfb258d66f2', 'f5651770-16d4-494b-aac7-62f8c750d945', '653e10f4-9aeb-4a01-806d-f8bafbff9c51', '66610320-d4b3-4b28-bfaa-288ddd9a13a9', 'aeb7c106-3063-48d9-910c-fe2a90b7941b', 'web', 0, 'dc76824b-6ea1-45eb-b9da-0589e866aefa');
INSERT INTO `template_config` VALUES ('fc65bc9d-502a-41e5-af49-2efa133cfb68', 'f5651770-16d4-494b-aac7-62f8c750d945', '653e10f4-9aeb-4a01-806d-f8bafbff9c51', '4106cadf-5026-44dd-814b-76df03001a1b', '5f5918ba-bf38-4ae7-a13f-686abf1bf676', 'zanalytics', 0, '55aac1c3-73fb-48d3-90ca-796161b37fb8');
INSERT INTO `template_config` VALUES ('fcb2514c-f681-4bf2-9705-68e4c0f1375b', 'f5651770-16d4-494b-aac7-62f8c750d945', '653e10f4-9aeb-4a01-806d-f8bafbff9c51', '48e69251-46b2-4982-94eb-0846b57d7a2c', '34c0603d-e095-45ef-9c2a-c04e6a98dbf8', 'zg_see_pix', 0, NULL);
INSERT INTO `template_config` VALUES ('fd06d470-7850-46b9-8d8d-a36f34f70646', 'f5651770-16d4-494b-aac7-62f8c750d945', '653e10f4-9aeb-4a01-806d-f8bafbff9c51', '66a69e61-d79d-43df-aaa3-4f53c4b4093b', 'ae67b127-8163-4df5-87f4-e59002a8ade0', 'realtime-1', 0, '9f6400a4-56c6-40d3-a498-8dd09ded125b');
INSERT INTO `template_config` VALUES ('fd403a5b-552b-4e74-81e1-4aaf19b95a97', 'f5651770-16d4-494b-aac7-62f8c750d945', '653e10f4-9aeb-4a01-806d-f8bafbff9c51', '66610320-d4b3-4b28-bfaa-288ddd9a13a9', '6a8c2787-57b4-4d7a-b736-6261440f4454', 'realtime-1:7715', 0, '02208647-d32f-4921-b8bc-979a6a9e820d');
INSERT INTO `template_config` VALUES ('fd64ee82-ce93-4909-994d-f3bf2f38eb0c', 'f5651770-16d4-494b-aac7-62f8c750d945', '653e10f4-9aeb-4a01-806d-f8bafbff9c51', 'a2465b6a-9351-417f-98ba-0b9f5b991436', '44477c80-61b8-4e32-b8c2-f3ce186a9a52', 'true', 0, '8e46ac3c-9129-431f-a197-34e5b692b42a');
INSERT INTO `template_config` VALUES ('fe454ffa-c042-4ab0-aa79-687fe8cdc933', 'f5651770-16d4-494b-aac7-62f8c750d945', '653e10f4-9aeb-4a01-806d-f8bafbff9c51', '4106cadf-5026-44dd-814b-76df03001a1b', '14b64f14-c399-424f-84a5-aeefe9566d13', NULL, 0, NULL);
INSERT INTO `template_config` VALUES ('ffb54a19-ecfd-4bf8-9ba3-ad8c133073cb', 'f5651770-16d4-494b-aac7-62f8c750d945', '653e10f4-9aeb-4a01-806d-f8bafbff9c51', 'b55a185a-77ff-4b98-a2bb-927fd202ec85', '28d4ed19-e088-4e9b-b310-11695ac2a6a9', '6380', 0, NULL);
COMMIT;

-- ----------------------------
-- Table structure for template_global_config
-- ----------------------------
DROP TABLE IF EXISTS `template_global_config`;
CREATE TABLE `template_global_config` (
  `id` varchar(50) NOT NULL DEFAULT '',
  `name` varchar(50) DEFAULT NULL COMMENT '名称',
  `description` text CHARACTER SET utf8 COLLATE utf8_general_ci COMMENT '描述',
  `template_id` varchar(50) DEFAULT NULL COMMENT '模板id',
  `template_version_id` varchar(50) DEFAULT NULL COMMENT '模板版本id',
  `target_value` text CHARACTER SET utf8 COLLATE utf8_general_ci COMMENT '默认值',
  `is_hidden` tinyint(1) NOT NULL DEFAULT '0' COMMENT '是否隐藏配置项',
  `type` int DEFAULT NULL COMMENT '配置类型',
  PRIMARY KEY (`id`),
  KEY `template_version_id` (`template_version_id`),
  KEY `template_id` (`template_id`),
  CONSTRAINT `template_source_config_ibfk_1` FOREIGN KEY (`template_version_id`) REFERENCES `template_version` (`id`),
  CONSTRAINT `template_source_config_ibfk_2` FOREIGN KEY (`template_id`) REFERENCES `template` (`id`)
) ENGINE=InnoDB DEFAULT CHARSET=utf8mb3 COMMENT='模板中全局配置信息';

-- ----------------------------
-- Records of template_global_config
-- ----------------------------
BEGIN;
INSERT INTO `template_global_config` VALUES ('02208647-d32f-4921-b8bc-979a6a9e820d', '微信内网（www）服务部署地址（默认1个）【/data/wt/www/config】', '微信内网（www）服务部署地址（默认1个）【/data/wt/www/config】', 'f5651770-16d4-494b-aac7-62f8c750d945', '653e10f4-9aeb-4a01-806d-f8bafbff9c51', 'realtime-1:7715', 0, 0);
INSERT INTO `template_global_config` VALUES ('03b7beb9-f80b-4d7c-9b0b-f829815fc774', 'zabbix-web-api', 'zabbix-web-api', 'f5651770-16d4-494b-aac7-62f8c750d945', '653e10f4-9aeb-4a01-806d-f8bafbff9c51', 'realtime-1:8081', 0, 0);
INSERT INTO `template_global_config` VALUES ('059bf235-a04e-4308-b8b5-a1478ad45a2a', '触达2.0相关配置', '触达2.0相关配置', 'f5651770-16d4-494b-aac7-62f8c750d945', '653e10f4-9aeb-4a01-806d-f8bafbff9c51', 'realtime-mkt:1926', 0, 0);
INSERT INTO `template_global_config` VALUES ('1b4fdb5d-c837-4722-a672-5b3e818f6243', 'kudu集群', 'kudu集群', 'f5651770-16d4-494b-aac7-62f8c750d945', '653e10f4-9aeb-4a01-806d-f8bafbff9c51', 'realtime-1:7051,realtime-2:7051,realtime-3:7051', 0, 0);
INSERT INTO `template_global_config` VALUES ('1e68cc08-f266-4019-98d0-70c5f43adf18', '微信服务端www访问地址', '微信服务端www访问地址', 'f5651770-16d4-494b-aac7-62f8c750d945', '653e10f4-9aeb-4a01-806d-f8bafbff9c51', 'https://weixin.zhugeio.com', 0, 0);
INSERT INTO `template_global_config` VALUES ('2019b066-5922-46bc-9b2d-fea6ea15bfbe', '合并端口内网访问地址', '合并端口内网访问地址', 'f5651770-16d4-494b-aac7-62f8c750d945', '653e10f4-9aeb-4a01-806d-f8bafbff9c51', 'realtime-1:80', 0, 0);
INSERT INTO `template_global_config` VALUES ('2f93151f-1108-45dd-b3c8-9716b5f31d7d', '触达内网（www）服务部署地址（默认两个）【/data/marketing/www/config】', '触达内网（www）服务部署地址（默认两个）【/data/marketing/www/config】', 'f5651770-16d4-494b-aac7-62f8c750d945', '653e10f4-9aeb-4a01-806d-f8bafbff9c51', 'realtime-2:18001', 0, 0);
INSERT INTO `template_global_config` VALUES ('35f80d60-dc89-4252-9833-ccf0bdc647ed', 'impala连接配置（host,登录名,登录密码,端口,仓库名）', 'impala连接配置（host,登录名,登录密码,端口,仓库名）', 'f5651770-16d4-494b-aac7-62f8c750d945', '653e10f4-9aeb-4a01-806d-f8bafbff9c51', '21050', 0, 0);
INSERT INTO `template_global_config` VALUES ('3e5d0553-4712-4cfd-82f5-2b826e967acb', 'ssdb 8888端口', 'ssdb 8888端口', 'f5651770-16d4-494b-aac7-62f8c750d945', '653e10f4-9aeb-4a01-806d-f8bafbff9c51', '8888', 0, 0);
INSERT INTO `template_global_config` VALUES ('3f268da3-4e7d-4a02-968c-43e2d8f7536e', '老模块静态文件访问目录', '老模块静态文件访问目录', 'f5651770-16d4-494b-aac7-62f8c750d945', '653e10f4-9aeb-4a01-806d-f8bafbff9c51', '/webapp/', 0, 0);
INSERT INTO `template_global_config` VALUES ('46d7cd5f-4ddf-4da4-b1ee-b31335a73721', '分析sdkv内网服务部署地址（默认1个）', '分析sdkv内网服务部署地址（默认1个）', 'f5651770-16d4-494b-aac7-62f8c750d945', '653e10f4-9aeb-4a01-806d-f8bafbff9c51', 'realtime-1:8080', 0, 0);
INSERT INTO `template_global_config` VALUES ('5238f557-d1f5-4ce2-81ec-01065d7e2123', 'debug内网服务部署地址', 'debug内网服务部署地址', 'f5651770-16d4-494b-aac7-62f8c750d945', '653e10f4-9aeb-4a01-806d-f8bafbff9c51', 'realtime-1:16688', 0, 0);
INSERT INTO `template_global_config` VALUES ('55aac1c3-73fb-48d3-90ca-796161b37fb8', 'impala连接配置（host,登录名,登录密码,端口,仓库名）', 'impala连接配置（host,登录名,登录密码,端口,仓库名）\n 前端mysql库连接配置（host,登录名,登录密码,端口）', 'f5651770-16d4-494b-aac7-62f8c750d945', '653e10f4-9aeb-4a01-806d-f8bafbff9c51', 'zanalytics', 0, 0);
INSERT INTO `template_global_config` VALUES ('60ed50b8-cd83-40ad-b634-bff73d3fec04', 'redis 6379端口', 'redis 6379端口', 'f5651770-16d4-494b-aac7-62f8c750d945', '653e10f4-9aeb-4a01-806d-f8bafbff9c51', '6379', 0, 0);
INSERT INTO `template_global_config` VALUES ('64b2dcc2-120d-4b00-9f4a-5778eabab4bf', 'es集群1的ip', 'es集群1的ip\n redis 6371端口（触达）\n redis 8897端口\n redis 8898端口\n ssdb 1217端口\n redis 8892端口\n redis 8893端口\n redis 8894端口\n redis 8895端口', 'f5651770-16d4-494b-aac7-62f8c750d945', '653e10f4-9aeb-4a01-806d-f8bafbff9c51', 'realtime-2', 0, 0);
INSERT INTO `template_global_config` VALUES ('6c21e392-30b3-4028-a366-bbbba29f8fdc', '触达2.0相关配置', '触达2.0相关配置', 'f5651770-16d4-494b-aac7-62f8c750d945', '653e10f4-9aeb-4a01-806d-f8bafbff9c51', 'realtime-mkt:1922', 0, 0);
INSERT INTO `template_global_config` VALUES ('800923e7-f1ea-41ce-8fe5-e8733b9e9f3f', 'es查询服务', 'es查询服务', 'f5651770-16d4-494b-aac7-62f8c750d945', '653e10f4-9aeb-4a01-806d-f8bafbff9c51', 'realtime-2:7808', 0, 0);
INSERT INTO `template_global_config` VALUES ('8118b531-ba57-458d-943d-dbe3e0311708', '触达2.0相关配置', '触达2.0相关配置', 'f5651770-16d4-494b-aac7-62f8c750d945', '653e10f4-9aeb-4a01-806d-f8bafbff9c51', 'realtime-mkt:1924', 0, 0);
INSERT INTO `template_global_config` VALUES ('811937f4-6fb8-4430-b95e-cf874ff053ba', '合并端口外网访问地址(需要加协议http(s))(填网站的)', '合并端口外网访问地址(需要加协议http(s))(填网站的)\n 合并端口外网访问地址(需要加协议http(s))(填网关的)', 'f5651770-16d4-494b-aac7-62f8c750d945', '653e10f4-9aeb-4a01-806d-f8bafbff9c51', 'https://uba.it.pkpm.cn', 0, 0);
INSERT INTO `template_global_config` VALUES ('89783c82-a318-46d6-9c00-5b7a7c05f191', '微信客户端kafka-topic', '微信客户端kafka-topic', 'f5651770-16d4-494b-aac7-62f8c750d945', '653e10f4-9aeb-4a01-806d-f8bafbff9c51', 'wt-weixin-topic', 0, 0);
INSERT INTO `template_global_config` VALUES ('8e46ac3c-9129-431f-a197-34e5b692b42a', 'deepShare开关', 'deepShare开关\n 数据日报开关(有日报必须有微信菜单，有微信菜单可以不用日报)\n 显示logo\n 分析平台的可视化埋点\n 用户信息下载控制开关，true显示下载/false隐藏下载\n 是否在触达内部显示诸葛信息', 'f5651770-16d4-494b-aac7-62f8c750d945', '653e10f4-9aeb-4a01-806d-f8bafbff9c51', 'true', 0, 0);
INSERT INTO `template_global_config` VALUES ('96d88248-6af4-41a8-a1a9-7e711e08393f', 'zgsee内网服务部署地址', 'zgsee内网服务部署地址', 'f5651770-16d4-494b-aac7-62f8c750d945', '653e10f4-9aeb-4a01-806d-f8bafbff9c51', 'realtime-1:18080', 0, 0);
INSERT INTO `template_global_config` VALUES ('9ad87cb7-64c7-46b3-8077-10973c010c70', '触达内网（www）服务部署地址（默认两个）【/data/marketing/www/config】', '触达内网（www）服务部署地址（默认两个）【/data/marketing/www/config】', 'f5651770-16d4-494b-aac7-62f8c750d945', '653e10f4-9aeb-4a01-806d-f8bafbff9c51', 'realtime-3:18001', 0, 0);
INSERT INTO `template_global_config` VALUES ('9f6400a4-56c6-40d3-a498-8dd09ded125b', 'impala连接配置（host,登录名,登录密码,端口,仓库名）', 'impala连接配置（host,登录名,登录密码,端口,仓库名）\n ssdb 8888端口\n 前端mysql库连接配置（host,登录名,登录密码,端口）\n redis 6379端口\n redis 26480端口\n impala/hive元数据库连接配置（host,登录名,登录密码）', 'f5651770-16d4-494b-aac7-62f8c750d945', '653e10f4-9aeb-4a01-806d-f8bafbff9c51', 'realtime-1', 0, 0);
INSERT INTO `template_global_config` VALUES ('9fd9f6ff-1dbb-4b21-a204-b38f91ae552d', 'sql查询平台内网服务部署地址', 'sql查询平台内网服务部署地址', 'f5651770-16d4-494b-aac7-62f8c750d945', '653e10f4-9aeb-4a01-806d-f8bafbff9c51', 'realtime-1:9003', 0, 0);
INSERT INTO `template_global_config` VALUES ('a27fec3d-91cc-4813-8c0c-9408e57ab81b', 'redis 8892端口', 'redis 8892端口', 'f5651770-16d4-494b-aac7-62f8c750d945', '653e10f4-9aeb-4a01-806d-f8bafbff9c51', '8892', 0, 0);
INSERT INTO `template_global_config` VALUES ('a28bdb89-e67f-411f-9b09-b22292a3a5a8', 'redis 6379端口', 'redis 6379端口\n redis 26480端口\n redis 6371端口（触达）', 'f5651770-16d4-494b-aac7-62f8c750d945', '653e10f4-9aeb-4a01-806d-f8bafbff9c51', 'Sun_unix*1101', 0, 0);
INSERT INTO `template_global_config` VALUES ('a52b7ed4-59b1-4c1e-b72b-f4ebadd76043', 'redis 6372端口（触达）', 'redis 6372端口（触达）', 'f5651770-16d4-494b-aac7-62f8c750d945', '653e10f4-9aeb-4a01-806d-f8bafbff9c51', 'realtime-3', 0, 0);
INSERT INTO `template_global_config` VALUES ('af661156-e877-4b58-a0b9-ef0be108fca9', '分析api内网服务部署地址（默认1个）', '分析api内网服务部署地址（默认1个）', 'f5651770-16d4-494b-aac7-62f8c750d945', '653e10f4-9aeb-4a01-806d-f8bafbff9c51', 'realtime-1:8800', 0, 0);
INSERT INTO `template_global_config` VALUES ('b8c9c63b-0796-41c7-829d-fbee0ea8fef6', '触达2.0相关配置', '触达2.0相关配置', 'f5651770-16d4-494b-aac7-62f8c750d945', '653e10f4-9aeb-4a01-806d-f8bafbff9c51', 'realtime-mkt:18001', 0, 0);
INSERT INTO `template_global_config` VALUES ('ba1dbac1-8814-4ca7-81f7-00293ed4fd5c', '触达2.0相关配置', '触达2.0相关配置', 'f5651770-16d4-494b-aac7-62f8c750d945', '653e10f4-9aeb-4a01-806d-f8bafbff9c51', 'realtime-mkt:1927', 0, 0);
INSERT INTO `template_global_config` VALUES ('cfcbcc14-82df-463f-96e6-d9d3ff7b6f23', '触达2.0相关配置', '触达2.0相关配置', 'f5651770-16d4-494b-aac7-62f8c750d945', '653e10f4-9aeb-4a01-806d-f8bafbff9c51', 'realtime-mkt:1923', 0, 0);
INSERT INTO `template_global_config` VALUES ('d64740ec-69e3-4d65-8984-cfd238eaa6b9', '页面的title信息', '页面的title信息', 'f5651770-16d4-494b-aac7-62f8c750d945', '653e10f4-9aeb-4a01-806d-f8bafbff9c51', '数据分析', 0, 0);
INSERT INTO `template_global_config` VALUES ('d6b2c5ff-7453-4833-a173-d311122fceb6', 'redis 26480端口', 'redis 26480端口', 'f5651770-16d4-494b-aac7-62f8c750d945', '653e10f4-9aeb-4a01-806d-f8bafbff9c51', '26480', 0, 0);
INSERT INTO `template_global_config` VALUES ('d9543362-eeca-4ac3-b55b-7cab1d6b5c7c', 'redis 8897端口', 'redis 8897端口', 'f5651770-16d4-494b-aac7-62f8c750d945', '653e10f4-9aeb-4a01-806d-f8bafbff9c51', '8897', 0, 0);
INSERT INTO `template_global_config` VALUES ('da6dc669-4739-45cd-bc88-b5066d76a1d0', '触达2.0相关配置', '触达2.0相关配置', 'f5651770-16d4-494b-aac7-62f8c750d945', '653e10f4-9aeb-4a01-806d-f8bafbff9c51', 'realtime-mkt:1925', 0, 0);
INSERT INTO `template_global_config` VALUES ('dbe55723-e716-4afb-a9e2-6617390a099e', '登录图片验证码开关', '登录图片验证码开关\n 虚拟应用开关\n app扫码下载\n 是否开启应用备注功能\n webapp相关配置\n 是否启用分析平台的视屏功能', 'f5651770-16d4-494b-aac7-62f8c750d945', '653e10f4-9aeb-4a01-806d-f8bafbff9c51', 'false', 0, 0);
INSERT INTO `template_global_config` VALUES ('dc76824b-6ea1-45eb-b9da-0589e866aefa', '前端mysql库连接配置（host,登录名,登录密码,端口）', '前端mysql库连接配置（host,登录名,登录密码,端口）', 'f5651770-16d4-494b-aac7-62f8c750d945', '653e10f4-9aeb-4a01-806d-f8bafbff9c51', 'web', 0, 0);
INSERT INTO `template_global_config` VALUES ('ddaf2e76-9c9e-4314-9fe7-f3e35813a81a', '诸葛打点，0关闭，1上传至saas，2上传至私有部署', '诸葛打点，0关闭，1上传至saas，2上传至私有部署', 'f5651770-16d4-494b-aac7-62f8c750d945', '653e10f4-9aeb-4a01-806d-f8bafbff9c51', '0', 0, 0);
INSERT INTO `template_global_config` VALUES ('def7e996-19f5-4501-af85-fe5b0c5ce613', '触达2.0相关配置', '触达2.0相关配置', 'f5651770-16d4-494b-aac7-62f8c750d945', '653e10f4-9aeb-4a01-806d-f8bafbff9c51', 'realtime-mkt:1920', 0, 0);
INSERT INTO `template_global_config` VALUES ('e2d1b5eb-4018-480e-8fae-44c2b706adbd', 'es集群1的ip', 'es集群1的ip', 'f5651770-16d4-494b-aac7-62f8c750d945', '653e10f4-9aeb-4a01-806d-f8bafbff9c51', '9200', 0, 0);
INSERT INTO `template_global_config` VALUES ('e530a8d4-fcfb-4d57-968f-cf94b950ddc1', 'kafka服务集群', 'kafka服务集群', 'f5651770-16d4-494b-aac7-62f8c750d945', '653e10f4-9aeb-4a01-806d-f8bafbff9c51', 'realtime-1:9092,realtime-2:9092,realtime-3:9092', 0, 0);
INSERT INTO `template_global_config` VALUES ('ec7539e1-dbbc-47f9-94fa-7e02dd0d610f', '前端mysql库连接配置（host,登录名,登录密码,端口）', '前端mysql库连接配置（host,登录名,登录密码,端口）', 'f5651770-16d4-494b-aac7-62f8c750d945', '653e10f4-9aeb-4a01-806d-f8bafbff9c51', '3306', 0, 0);
INSERT INTO `template_global_config` VALUES ('ee9616dc-725c-40f8-9a85-2435adf31b77', 'impala连接配置（host,登录名,登录密码,端口,仓库名）', 'impala连接配置（host,登录名,登录密码,端口,仓库名）', 'f5651770-16d4-494b-aac7-62f8c750d945', '653e10f4-9aeb-4a01-806d-f8bafbff9c51', 'admin', 0, 0);
INSERT INTO `template_global_config` VALUES ('f9c0138d-16f0-4ff1-a926-b8e29a38ed26', 'node服务（来源映射、sdk、实时概览、数据接入等）', 'node服务（来源映射、sdk、实时概览、数据接入等）', 'f5651770-16d4-494b-aac7-62f8c750d945', '653e10f4-9aeb-4a01-806d-f8bafbff9c51', 'realtime-3:9004', 0, 0);
COMMIT;

-- ----------------------------
-- Table structure for template_version
-- ----------------------------
DROP TABLE IF EXISTS `template_version`;
CREATE TABLE `template_version` (
  `id` varchar(50) NOT NULL DEFAULT '' COMMENT '模板版本id',
  `template_id` varchar(50) DEFAULT NULL COMMENT '模板id',
  `description` varchar(200) DEFAULT NULL COMMENT '版本描述',
  `version` varchar(50) DEFAULT NULL COMMENT '模板版本号',
  `status` int NOT NULL DEFAULT '1' COMMENT '版本状态：0：废弃；1：正常；',
  `publish_time` timestamp NULL DEFAULT NULL COMMENT '版本发布时间',
  `readme_doc` text COMMENT '说明文档',
  `build_doc` text COMMENT '部署文档',
  `update_doc` text COMMENT '更新文档',
  `public_type` int DEFAULT NULL COMMENT '0 发布git 1 下载',
  PRIMARY KEY (`id`),
  KEY `template_id` (`template_id`),
  CONSTRAINT `template_version_ibfk_3` FOREIGN KEY (`template_id`) REFERENCES `template` (`id`)
) ENGINE=InnoDB DEFAULT CHARSET=utf8mb3 COMMENT='模板版本';

-- ----------------------------
-- Records of template_version
-- ----------------------------
BEGIN;
INSERT INTO `template_version` VALUES ('653e10f4-9aeb-4a01-806d-f8bafbff9c51', 'f5651770-16d4-494b-aac7-62f8c750d945', '请问请问请问', '1.0.0', 1, '2022-01-04 22:53:26', '\n# zhugesdkv\n\n# webapp\n\n# zgSee\n\n# zhugeio-api\n\n# etl-private\n\n# clockwork\n\n# smc-stable-svr\n\n# wt\n\n# js-sdk\n\n# m-webapp\n\n# dimension_expansion\n\n# webapp-server\n\n# api-extension\n\n# zgsee-init\n\n# zhugeio-tools\n\n# zhugeio-marketing-cloud\n\n# market-cloud-app\n\n# zhugeio-es\n\n# zgsee-pix\n\n# etl-virtual-app\n\n# playwell\n\n# zgsee-web\n', '\n# zhugesdkv\n\n# webapp\n\n# zgSee\n\n# zhugeio-api\n\n# etl-private\n\n# clockwork\n\n# smc-stable-svr\n\n# wt\n\n# js-sdk\n\n# m-webapp\n\n# dimension_expansion\n\n# webapp-server\n\n# api-extension\n\n# zgsee-init\n\n# zhugeio-tools\n\n# zhugeio-marketing-cloud\n\n# market-cloud-app\n\n# zhugeio-es\n\n# zgsee-pix\n\n# etl-virtual-app\n\n# playwell\n\n# zgsee-web\n', '\n# zhugesdkv\n\n# webapp\n\n# zgSee\n\n# zhugeio-api\n\n# etl-private\n\n# clockwork\n\n# smc-stable-svr\n\n# wt\n\n# js-sdk\n\n# m-webapp\n\n# dimension_expansion\n\n# webapp-server\n\n# api-extension\n\n# zgsee-init\n\n# zhugeio-tools\n\n# zhugeio-marketing-cloud\n\n# market-cloud-app\n\n# zhugeio-es\n\n# zgsee-pix\n\n# etl-virtual-app\n\n# playwell\n\n# zgsee-web\n', 0);
INSERT INTO `template_version` VALUES ('83798ffa-99c5-4d27-9397-3d7e81985ca2', 'fbe813ac-b0dc-4126-b48f-c71038b2554a', '请问恶趣味', '1.0.0', 2, '2022-01-04 23:11:15', '\n# webapp\n', '\n# webapp\nnull\n # <1.0.0>更新内容\n  null', '\n# webapp\n', 0);
COMMIT;

-- ----------------------------
-- Table structure for template_version_git
-- ----------------------------
DROP TABLE IF EXISTS `template_version_git`;
CREATE TABLE `template_version_git` (
  `id` varchar(50) NOT NULL DEFAULT '',
  `template_id` varchar(50) DEFAULT NULL COMMENT '模板id',
  `template_version_id` varchar(50) DEFAULT NULL COMMENT '模板版本id',
  `git_source_id` varchar(50) DEFAULT NULL COMMENT 'git源id',
  `git_source_version_id` varchar(50) DEFAULT NULL COMMENT 'git源版本id',
  `git_source_branch_id` varchar(50) CHARACTER SET utf8 COLLATE utf8_general_ci DEFAULT NULL COMMENT 'git源branchId',
  PRIMARY KEY (`id`),
  KEY `template_id` (`template_id`),
  KEY `template_version_id` (`template_version_id`),
  KEY `git_source_id` (`git_source_id`),
  KEY `git_source_version_id` (`git_source_version_id`),
  CONSTRAINT `template_config_ibfk_1` FOREIGN KEY (`template_id`) REFERENCES `template` (`id`),
  CONSTRAINT `template_config_ibfk_2` FOREIGN KEY (`template_version_id`) REFERENCES `template_version` (`id`),
  CONSTRAINT `template_config_ibfk_3` FOREIGN KEY (`git_source_id`) REFERENCES `git_source` (`id`),
  CONSTRAINT `template_config_ibfk_4` FOREIGN KEY (`git_source_version_id`) REFERENCES `source_version` (`id`)
) ENGINE=InnoDB DEFAULT CHARSET=utf8mb3 COMMENT='模板版本中git源';

-- ----------------------------
-- Records of template_version_git
-- ----------------------------
BEGIN;
INSERT INTO `template_version_git` VALUES ('02d4e660-8d31-4090-8506-d49f3399a7ed', 'f5651770-16d4-494b-aac7-62f8c750d945', '653e10f4-9aeb-4a01-806d-f8bafbff9c51', '7c6a4ef0-7af7-40b0-aa69-99bad2d6271d', '41f4d639-5aba-4888-838a-f25459698ddb', '40b595a4-d4d1-4cb7-9226-9776e7a56725');
INSERT INTO `template_version_git` VALUES ('2a942149-d7a3-4555-a760-15d62c421a38', 'f5651770-16d4-494b-aac7-62f8c750d945', '653e10f4-9aeb-4a01-806d-f8bafbff9c51', 'c901f2f3-ee26-4461-b830-7c47e4f4bd6a', '2da9b5de-74d0-4533-860f-8915766b270a', '487f444a-c8e0-4278-a17c-e9f8850b9312');
INSERT INTO `template_version_git` VALUES ('35684d2c-2e03-478f-9888-6654ef6ead18', 'f5651770-16d4-494b-aac7-62f8c750d945', '653e10f4-9aeb-4a01-806d-f8bafbff9c51', '2f46f470-e0ec-4119-bc84-c4d111475889', 'f099031a-7bcd-4d77-af00-8290675eb858', '062c1e84-d6f4-47a8-8b4e-07afdd265b1d');
INSERT INTO `template_version_git` VALUES ('4106cadf-5026-44dd-814b-76df03001a1b', 'f5651770-16d4-494b-aac7-62f8c750d945', '653e10f4-9aeb-4a01-806d-f8bafbff9c51', 'dae89e64-2932-4bec-b3ae-4ac5be585617', '7a5c3982-1c5c-43c5-b4fa-15d9bd89fcdb', 'b19955a6-a909-4b56-811f-f481d1f0a3ad');
INSERT INTO `template_version_git` VALUES ('48e69251-46b2-4982-94eb-0846b57d7a2c', 'f5651770-16d4-494b-aac7-62f8c750d945', '653e10f4-9aeb-4a01-806d-f8bafbff9c51', '85866bad-811d-44af-952e-bdf1c1f1cd1a', '4a826f66-9c1d-42f7-a328-b1d84ead507f', '1a7dbda6-64d8-4762-957e-3e0fc685b2bc');
INSERT INTO `template_version_git` VALUES ('54125aee-30b9-4a42-91a0-ac6b1c0a4c7f', 'f5651770-16d4-494b-aac7-62f8c750d945', '653e10f4-9aeb-4a01-806d-f8bafbff9c51', '1e4058bb-b8e6-4ca9-ae31-4065365d51f1', 'e7f7a127-f4c4-4338-8e84-9b7fc73dd4a7', 'a6effe1d-131f-4cd9-b766-e75f5f8dd09f');
INSERT INTO `template_version_git` VALUES ('66610320-d4b3-4b28-bfaa-288ddd9a13a9', 'f5651770-16d4-494b-aac7-62f8c750d945', '653e10f4-9aeb-4a01-806d-f8bafbff9c51', '45a9da44-30ae-4660-a2f8-7729b3036d2e', '44e0bfcc-edfd-4d5c-a84d-615d444cee77', 'f23ef329-8be8-4b90-9013-de0f93840496');
INSERT INTO `template_version_git` VALUES ('66a69e61-d79d-43df-aaa3-4f53c4b4093b', 'f5651770-16d4-494b-aac7-62f8c750d945', '653e10f4-9aeb-4a01-806d-f8bafbff9c51', '37363fe8-c813-456e-aa3a-63275a8973f9', '07fcd766-9451-4287-9e4b-f27de4e3df14', '2adb04c3-4559-4239-bddc-1910ec83039a');
INSERT INTO `template_version_git` VALUES ('66defc4c-0903-4289-8dc2-3c3e27901ad9', 'f5651770-16d4-494b-aac7-62f8c750d945', '653e10f4-9aeb-4a01-806d-f8bafbff9c51', 'b4779bc3-b64b-4556-8fbf-e1660abc77d7', 'fd6a925b-de4d-440a-84a5-9e6f42c63845', '57f13728-d1cd-4d6a-abd7-a3796c344491');
INSERT INTO `template_version_git` VALUES ('670b7839-d2b7-4f68-a4c2-839a2f9ab508', 'f5651770-16d4-494b-aac7-62f8c750d945', '653e10f4-9aeb-4a01-806d-f8bafbff9c51', '04d51d81-5439-4f4b-ad95-ab0610f933ae', '2129aeea-f59f-47e6-af4b-48ab8e3bc374', '0579e662-f44b-4177-b216-0654ac59d198');
INSERT INTO `template_version_git` VALUES ('7803ac39-7d92-483c-be23-e0924ccb2394', 'f5651770-16d4-494b-aac7-62f8c750d945', '653e10f4-9aeb-4a01-806d-f8bafbff9c51', 'c2c43a72-6413-43b6-8cc5-3707945b32f0', '2a259bdd-cbb7-4317-b1da-a1c27ffd583d', 'f856880f-e535-4c05-a929-82520752f49b');
INSERT INTO `template_version_git` VALUES ('80719569-e459-4b22-99d4-146335e78144', 'f5651770-16d4-494b-aac7-62f8c750d945', '653e10f4-9aeb-4a01-806d-f8bafbff9c51', '71671909-9834-44b3-b2eb-a0789696eeb6', '47bee3c6-4754-4bda-b3da-b6215fee96e1', '330d1d81-aa72-4724-8aa8-521b5c821f3a');
INSERT INTO `template_version_git` VALUES ('9fd43ada-748a-4aec-9016-595e1abf8fd8', 'fbe813ac-b0dc-4126-b48f-c71038b2554a', '83798ffa-99c5-4d27-9397-3d7e81985ca2', '0f0dfcad-40a0-4a99-9bc6-232b4efb22d4', '50fe744e-6396-4aef-93db-cb1c31fc22d3', '7b541f87-00c4-455c-bf7c-23168fa9eca4');
INSERT INTO `template_version_git` VALUES ('9feb3c99-8ac7-4fc6-b108-3235a8079ea0', 'f5651770-16d4-494b-aac7-62f8c750d945', '653e10f4-9aeb-4a01-806d-f8bafbff9c51', 'b365bc9c-2dfd-4fe1-afba-5b56d58e65a3', 'ef3e253f-ffe6-4196-8e1e-382f28f6c9d1', 'd9b48323-f1c5-4b0a-88b5-8a0f5f73ca64');
INSERT INTO `template_version_git` VALUES ('a2465b6a-9351-417f-98ba-0b9f5b991436', 'f5651770-16d4-494b-aac7-62f8c750d945', '653e10f4-9aeb-4a01-806d-f8bafbff9c51', '0f0dfcad-40a0-4a99-9bc6-232b4efb22d4', '8d1ab3f3-5a5c-4442-81a9-336cc455ef02', '7b541f87-00c4-455c-bf7c-23168fa9eca4');
INSERT INTO `template_version_git` VALUES ('b55a185a-77ff-4b98-a2bb-927fd202ec85', 'f5651770-16d4-494b-aac7-62f8c750d945', '653e10f4-9aeb-4a01-806d-f8bafbff9c51', '40e643c4-5254-4ae7-a3cb-bc7a31aeeefc', '43df9041-08b4-4179-a7d5-303f15485253', '6d14a0df-ace5-48c0-857b-11fb62964329');
INSERT INTO `template_version_git` VALUES ('b61315d4-f360-41e3-bf73-e0e8d4e737a3', 'f5651770-16d4-494b-aac7-62f8c750d945', '653e10f4-9aeb-4a01-806d-f8bafbff9c51', '68e078fb-eb3d-4659-9e38-272e35316e38', 'd2ec6358-ecfc-4afd-a19f-d82f67284927', '7afe8898-2700-47ae-94e2-3d1fbf805519');
INSERT INTO `template_version_git` VALUES ('c44d3ff0-42fa-42e5-b0ba-e68a2a917772', 'f5651770-16d4-494b-aac7-62f8c750d945', '653e10f4-9aeb-4a01-806d-f8bafbff9c51', '8d3c85d6-4bd3-4936-9e0f-ee44cfe312ca', '9d976e67-07e7-4463-8712-8a6de26e8a38', 'ca325f3d-8ffb-481b-a643-1ccf2560ed37');
INSERT INTO `template_version_git` VALUES ('dc62e1ce-57a3-4325-82f5-0418e04189fe', 'f5651770-16d4-494b-aac7-62f8c750d945', '653e10f4-9aeb-4a01-806d-f8bafbff9c51', 'cdac3b88-7578-4a0e-8151-f96627832942', '40ce7785-d4d6-41bf-9d58-ed7ec7e9767c', '50270704-f720-48a8-8777-737fdbd004ed');
INSERT INTO `template_version_git` VALUES ('f378536f-c37d-4b48-8231-ac118829b0ec', 'f5651770-16d4-494b-aac7-62f8c750d945', '653e10f4-9aeb-4a01-806d-f8bafbff9c51', '997e7123-62a2-438a-88cc-122c32965519', 'b27b0e60-a9a0-469e-a5a6-d59d3235a5ea', 'e3a73360-a439-4f08-bf12-201e1f3f5951');
INSERT INTO `template_version_git` VALUES ('fa3bd1ff-0b0d-4dc3-81ea-d3c1e97136bc', 'f5651770-16d4-494b-aac7-62f8c750d945', '653e10f4-9aeb-4a01-806d-f8bafbff9c51', '46c0879d-a25b-4f8b-bc66-610d6ed88ef4', 'd96de692-4e70-4d52-89f9-3d1deceeee78', 'dfb8370a-5903-4ede-bdaa-3069b274e5b9');
INSERT INTO `template_version_git` VALUES ('fb26dd07-e1d9-4e06-bb51-15c2762f0c7e', 'f5651770-16d4-494b-aac7-62f8c750d945', '653e10f4-9aeb-4a01-806d-f8bafbff9c51', '7d341f59-b0ce-4ed2-95b9-bbdfad64ab3c', 'ab8453b0-216d-4e01-80ce-0749a8fce3ed', '79431cd1-1f56-49e2-a3ba-4f337f2160d5');
INSERT INTO `template_version_git` VALUES ('fcdced84-8bf9-420a-abf8-84efbe1cb590', 'f5651770-16d4-494b-aac7-62f8c750d945', '653e10f4-9aeb-4a01-806d-f8bafbff9c51', '51993461-d59f-4f5b-86a6-742db1d3194a', '7ff4386b-7102-411c-931e-f7e371e33dfa', '16681dcb-9b1d-4a01-b7b4-49642a8c597d');
COMMIT;

-- ----------------------------
-- Table structure for user
-- ----------------------------
DROP TABLE IF EXISTS `user`;
CREATE TABLE `user` (
  `id` varchar(50) NOT NULL DEFAULT '',
  `name` varchar(50) DEFAULT NULL COMMENT '用户名',
  `password` varchar(50) DEFAULT NULL COMMENT '密码',
  `email` varchar(100) DEFAULT NULL COMMENT '邮箱',
  PRIMARY KEY (`id`)
) ENGINE=InnoDB DEFAULT CHARSET=utf8mb3;

-- ----------------------------
-- Records of user
-- ----------------------------
BEGIN;
INSERT INTO `user` VALUES ('f975eb7e-cea4-4a1d-b515-7e6da94b1899', 'admin', 'admin', 'admin');
COMMIT;

-- ----------------------------
-- Table structure for user_role
-- ----------------------------
DROP TABLE IF EXISTS `user_role`;
CREATE TABLE `user_role` (
  `id` varchar(50) NOT NULL DEFAULT '',
  `user_id` varchar(50) DEFAULT NULL,
  `role_id` int DEFAULT NULL,
  PRIMARY KEY (`id`),
  KEY `user_id` (`user_id`),
  KEY `role_id` (`role_id`),
  CONSTRAINT `user_role_ibfk_1` FOREIGN KEY (`user_id`) REFERENCES `user` (`id`),
  CONSTRAINT `user_role_ibfk_2` FOREIGN KEY (`role_id`) REFERENCES `role` (`id`)
) ENGINE=InnoDB DEFAULT CHARSET=utf8mb3;

-- ----------------------------
-- Records of user_role
-- ----------------------------
BEGIN;
COMMIT;

SET FOREIGN_KEY_CHECKS = 1;
